id,transaction_id,customer_id,timestamp,reason,status
cb_000000,txn_0000145,cust_002899,2024-03-29 00:41:18,unauthorized_transaction,LOST
cb_000001,txn_0000147,cust_002899,2024-02-13 00:42:11,product_not_received,PENDING
cb_000002,txn_0000148,cust_002899,2024-02-08 00:43:36,product_not_received,OPEN
cb_000003,txn_0000150,cust_002899,2024-02-04 00:48:49,product_not_received,LOST
cb_000004,txn_0000152,cust_001732,2024-03-03 02:12:20,product_not_received,OPEN
cb_000005,txn_0000153,cust_007037,2024-01-27 06:03:27,product_not_received,LOST
cb_000006,txn_0000301,cust_008063,2024-02-25 00:44:11,unauthorized_transaction,LOST
cb_000007,txn_0000302,cust_004947,2024-01-31 00:51:35,product_not_received,OPEN
cb_000008,txn_0000467,cust_002959,2024-03-28 08:13:30,unauthorized_transaction,LOST
cb_000009,txn_0000519,cust_000363,2024-03-13 14:09:41,unauthorized_transaction,PENDING
cb_000010,txn_0000597,cust_005323,2024-01-20 04:49:30,unauthorized_transaction,OPEN
cb_000011,txn_0000624,cust_002032,2024-04-01 10:49:43,duplicate_charge,LOST
cb_000012,txn_0000661,cust_000813,2024-02-23 14:34:37,unauthorized_transaction,PENDING
cb_000013,txn_0000676,cust_009910,2024-02-15 16:18:07,product_not_received,OPEN
cb_000014,txn_0000709,cust_007146,2024-02-26 20:06:03,unauthorized_transaction,LOST
cb_000015,txn_0000710,cust_009356,2024-02-11 20:08:41,unauthorized_transaction,PENDING
cb_000016,txn_0000711,cust_006312,2024-01-28 20:13:55,duplicate_charge,WON
cb_000017,txn_0000734,cust_002972,2024-03-14 01:52:59,product_not_received,OPEN
cb_000018,txn_0000738,cust_000857,2024-02-11 06:13:43,credit_not_processed,LOST
cb_000019,txn_0000763,cust_008159,2024-01-30 11:22:38,product_not_received,LOST
cb_000020,txn_0000770,cust_003754,2024-03-31 11:44:28,unauthorized_transaction,PENDING
cb_000021,txn_0000812,cust_003204,2024-02-16 16:12:07,unauthorized_transaction,LOST
cb_000022,txn_0000953,cust_005703,2024-03-04 17:07:03,merchandise_defective,WON
cb_000023,txn_0001005,cust_005744,2024-03-29 00:29:02,unauthorized_transaction,OPEN
cb_000024,txn_0001067,cust_007337,2024-04-03 14:27:52,unauthorized_transaction,LOST
cb_000025,txn_0001068,cust_001707,2024-02-28 14:28:31,product_not_received,LOST
cb_000026,txn_0001069,cust_007337,2024-03-17 14:28:53,product_not_received,OPEN
cb_000027,txn_0001103,cust_001634,2024-01-29 17:51:41,duplicate_charge,LOST
cb_000028,txn_0001152,cust_007132,2024-02-14 06:17:37,unauthorized_transaction,LOST
cb_000029,txn_0001162,cust_001634,2024-01-24 08:29:13,product_not_received,PENDING
cb_000030,txn_0001243,cust_004028,2024-03-03 19:24:43,product_not_received,PENDING
cb_000031,txn_0001251,cust_001500,2024-03-10 19:59:36,unauthorized_transaction,LOST
cb_000032,txn_0001262,cust_001984,2024-03-28 20:33:32,product_not_received,OPEN
cb_000033,txn_0001297,cust_009031,2024-03-09 08:29:13,unauthorized_transaction,LOST
cb_000034,txn_0001434,cust_008821,2024-03-11 01:29:13,unauthorized_transaction,PENDING
cb_000035,txn_0001440,cust_001995,2024-02-24 05:29:13,unauthorized_transaction,LOST
cb_000036,txn_0001446,cust_002661,2024-02-16 07:17:13,unauthorized_transaction,OPEN
cb_000037,txn_0001500,cust_008072,2024-03-20 12:29:13,unauthorized_transaction,LOST
cb_000038,txn_0001540,cust_005219,2024-03-09 17:30:52,product_not_received,PENDING
cb_000039,txn_0001573,cust_008680,2024-02-04 21:15:22,unauthorized_transaction,OPEN
cb_000040,txn_0001588,cust_000077,2024-04-01 00:40:02,product_not_received,LOST
cb_000041,txn_0001754,cust_009969,2024-03-16 23:02:24,duplicate_charge,LOST
cb_000042,txn_0001854,cust_001641,2024-02-10 16:19:34,unauthorized_transaction,OPEN
cb_000043,txn_0001921,cust_006545,2024-02-18 07:22:47,unauthorized_transaction,LOST
cb_000044,txn_0001975,cust_004987,2024-03-10 14:36:41,unauthorized_transaction,PENDING
cb_000045,txn_0001997,cust_007655,2024-02-21 18:03:45,product_not_received,LOST
cb_000046,txn_0001998,cust_004416,2024-02-05 18:14:44,product_not_received,LOST
cb_000047,txn_0001999,cust_006254,2024-02-01 18:23:37,product_not_received,LOST
cb_000048,txn_0002032,cust_008327,2024-03-14 21:53:09,unauthorized_transaction,OPEN
cb_000049,txn_0002200,cust_001634,2024-04-12 09:59:46,credit_not_processed,PENDING
cb_000050,txn_0002466,cust_009278,2024-03-28 00:21:04,unauthorized_transaction,LOST
cb_000051,txn_0002482,cust_002032,2024-03-18 09:32:16,duplicate_charge,WON
cb_000052,txn_0002503,cust_006494,2024-04-01 11:55:52,product_not_received,LOST
cb_000053,txn_0002538,cust_008333,2024-04-04 14:47:15,product_not_received,LOST
cb_000054,txn_0002619,cust_009708,2024-02-15 06:47:15,unauthorized_transaction,PENDING
cb_000055,txn_0002620,cust_008928,2024-03-27 07:00:23,product_not_as_described,WON
cb_000056,txn_0002694,cust_009230,2024-03-17 15:22:52,product_not_received,OPEN
cb_000057,txn_0002725,cust_000254,2024-02-17 20:47:15,product_not_received,LOST
cb_000058,txn_0002747,cust_007317,2024-03-06 03:34:17,unauthorized_transaction,OPEN
cb_000059,txn_0002761,cust_002032,2024-02-13 08:14:23,product_not_received,OPEN
cb_000060,txn_0002882,cust_003656,2024-02-25 20:24:43,product_not_received,OPEN
cb_000061,txn_0002904,cust_000176,2024-04-08 22:19:33,product_not_received,LOST
cb_000062,txn_0002913,cust_001634,2024-02-26 23:37:04,product_not_received,LOST
cb_000063,txn_0003024,cust_003594,2024-02-17 19:35:02,subscription_cancelled,WON
cb_000064,txn_0003050,cust_006373,2024-02-07 21:58:28,duplicate_charge,PENDING
cb_000065,txn_0003076,cust_007359,2024-02-23 09:41:57,unauthorized_transaction,OPEN
cb_000066,txn_0003120,cust_000956,2024-04-18 14:42:36,unauthorized_transaction,OPEN
cb_000067,txn_0003135,cust_006800,2024-04-17 16:53:47,product_not_received,LOST
cb_000068,txn_0003198,cust_007482,2024-02-21 06:06:53,unauthorized_transaction,LOST
cb_000069,txn_0003211,cust_009992,2024-04-14 08:09:28,unauthorized_transaction,OPEN
cb_000070,txn_0003312,cust_009579,2024-02-09 16:41:51,unauthorized_transaction,PENDING
cb_000071,txn_0003349,cust_001634,2024-04-19 21:20:11,credit_not_processed,LOST
cb_000072,txn_0003358,cust_003002,2024-03-24 22:52:51,subscription_cancelled,LOST
cb_000073,txn_0003385,cust_008018,2024-02-09 11:13:27,unauthorized_transaction,OPEN
cb_000074,txn_0003457,cust_001634,2024-03-17 18:09:20,product_not_received,WON
cb_000075,txn_0003490,cust_007349,2024-04-02 21:11:46,unauthorized_transaction,PENDING
cb_000076,txn_0003499,cust_007863,2024-04-17 21:41:12,unauthorized_transaction,OPEN
cb_000077,txn_0003659,cust_009520,2024-04-04 04:11:25,unauthorized_transaction,LOST
cb_000078,txn_0003667,cust_008714,2024-03-22 07:39:38,product_not_received,LOST
cb_000079,txn_0003718,cust_006983,2024-02-21 12:21:33,merchandise_defective,OPEN
cb_000080,txn_0003784,cust_007730,2024-02-26 19:22:09,product_not_received,OPEN
cb_000081,txn_0003785,cust_007730,2024-04-15 19:22:22,product_not_received,OPEN
cb_000082,txn_0003835,cust_004313,2024-03-31 03:00:21,product_not_received,LOST
cb_000083,txn_0003898,cust_002751,2024-02-21 14:42:28,product_not_received,OPEN
cb_000084,txn_0003955,cust_001921,2024-03-14 22:11:15,product_not_received,OPEN
cb_000085,txn_0004030,cust_001952,2024-02-17 13:02:16,product_not_received,OPEN
cb_000086,txn_0004035,cust_001952,2024-03-23 13:06:49,unauthorized_transaction,OPEN
cb_000087,txn_0004037,cust_001952,2024-02-17 13:07:47,unauthorized_transaction,OPEN
cb_000088,txn_0004045,cust_001602,2024-04-08 13:30:09,unauthorized_transaction,OPEN
cb_000089,txn_0004103,cust_008515,2024-02-21 19:48:47,product_not_received,OPEN
cb_000090,txn_0004134,cust_001634,2024-03-17 08:00:26,subscription_cancelled,PENDING
cb_000091,txn_0004142,cust_005956,2024-04-20 09:32:18,product_not_received,OPEN
cb_000092,txn_0004234,cust_004381,2024-04-04 18:51:52,duplicate_charge,WON
cb_000093,txn_0004276,cust_009169,2024-03-01 01:21:56,product_not_received,OPEN
cb_000094,txn_0004277,cust_009169,2024-03-30 01:24:36,unauthorized_transaction,LOST
cb_000095,txn_0004279,cust_009169,2024-02-21 01:26:14,product_not_received,OPEN
cb_000096,txn_0004281,cust_009169,2024-04-25 01:26:48,unauthorized_transaction,LOST
cb_000097,txn_0004283,cust_000601,2024-04-03 02:10:30,product_not_received,PENDING
cb_000098,txn_0004356,cust_007203,2024-03-20 15:57:17,subscription_cancelled,WON
cb_000099,txn_0004431,cust_005160,2024-03-13 00:34:30,unauthorized_transaction,LOST
cb_000100,txn_0004432,cust_002817,2024-03-26 01:20:53,unauthorized_transaction,LOST
cb_000101,txn_0004439,cust_001409,2024-02-16 06:42:49,duplicate_charge,OPEN
cb_000102,txn_0004443,cust_004140,2024-04-12 07:25:03,unauthorized_transaction,LOST
cb_000103,txn_0004463,cust_001138,2024-04-07 10:54:04,unauthorized_transaction,LOST
cb_000104,txn_0004564,cust_002118,2024-02-16 19:59:57,duplicate_charge,OPEN
cb_000105,txn_0004710,cust_004439,2024-04-06 22:33:00,unauthorized_transaction,OPEN
cb_000106,txn_0004784,cust_002744,2024-04-29 15:02:25,unauthorized_transaction,LOST
cb_000107,txn_0004941,cust_002032,2024-03-20 17:16:09,product_not_as_described,WON
cb_000108,txn_0004961,cust_005703,2024-02-19 20:02:23,duplicate_charge,WON
cb_000109,txn_0004964,cust_009460,2024-03-07 20:05:22,subscription_cancelled,OPEN
cb_000110,txn_0004966,cust_008373,2024-04-13 20:13:27,product_not_received,PENDING
cb_000111,txn_0005005,cust_001634,2024-03-17 08:13:58,product_not_received,WON
cb_000112,txn_0005035,cust_004875,2024-05-04 11:04:52,product_not_received,LOST
cb_000113,txn_0005123,cust_001840,2024-03-27 01:10:57,product_not_received,LOST
cb_000114,txn_0005253,cust_002032,2024-03-21 20:08:51,product_not_as_described,WON
cb_000115,txn_0005272,cust_009870,2024-03-27 01:33:30,product_not_received,PENDING
cb_000116,txn_0005273,cust_000606,2024-02-23 02:38:42,unauthorized_transaction,LOST
cb_000117,txn_0005305,cust_004349,2024-02-28 11:15:46,merchandise_defective,WON
cb_000118,txn_0005588,cust_005040,2024-03-31 10:45:23,unauthorized_transaction,LOST
cb_000119,txn_0005633,cust_005735,2024-04-06 14:00:50,unauthorized_transaction,OPEN
cb_000120,txn_0005640,cust_002393,2024-03-10 14:35:50,unauthorized_transaction,LOST
cb_000121,txn_0005708,cust_001401,2024-03-13 04:33:51,unauthorized_transaction,LOST
cb_000122,txn_0005719,cust_005722,2024-05-07 08:24:35,product_not_received,OPEN
cb_000123,txn_0005731,cust_006342,2024-04-27 09:47:42,unauthorized_transaction,LOST
cb_000124,txn_0005766,cust_001570,2024-04-18 12:47:42,unauthorized_transaction,OPEN
cb_000125,txn_0005803,cust_008005,2024-03-15 16:47:25,unauthorized_transaction,OPEN
cb_000126,txn_0005867,cust_006342,2024-03-13 00:47:42,unauthorized_transaction,LOST
cb_000127,txn_0005869,cust_008880,2024-05-10 04:47:42,unauthorized_transaction,LOST
cb_000128,txn_0005896,cust_003611,2024-05-06 10:19:23,unauthorized_transaction,LOST
cb_000129,txn_0005900,cust_000463,2024-03-18 10:47:42,product_not_received,LOST
cb_000130,txn_0005924,cust_006342,2024-03-02 12:47:42,product_not_received,LOST
cb_000131,txn_0005925,cust_001570,2024-04-18 12:47:42,product_not_received,LOST
cb_000132,txn_0005993,cust_000561,2024-05-07 19:47:42,unauthorized_transaction,OPEN
cb_000133,txn_0006032,cust_007630,2024-03-30 05:31:37,product_not_received,OPEN
cb_000134,txn_0006116,cust_009671,2024-03-11 18:19:22,product_not_received,OPEN
cb_000135,txn_0006132,cust_001634,2024-03-03 19:07:22,duplicate_charge,OPEN
cb_000136,txn_0006179,cust_006518,2024-05-07 10:03:16,unauthorized_transaction,OPEN
cb_000137,txn_0006201,cust_001408,2024-05-05 11:45:34,product_not_received,LOST
cb_000138,txn_0006309,cust_006824,2024-04-10 00:35:30,unauthorized_transaction,PENDING
cb_000139,txn_0006323,cust_007383,2024-05-13 08:13:33,unauthorized_transaction,OPEN
cb_000140,txn_0006329,cust_002041,2024-04-05 08:40:23,product_not_received,OPEN
cb_000141,txn_0006340,cust_003002,2024-02-29 09:54:40,product_not_as_described,OPEN
cb_000142,txn_0006476,cust_008877,2024-03-20 06:46:39,product_not_received,PENDING
cb_000143,txn_0006722,cust_009343,2024-04-13 16:49:34,duplicate_charge,OPEN
cb_000144,txn_0006742,cust_007391,2024-04-15 18:56:37,product_not_received,WON
cb_000145,txn_0006781,cust_003570,2024-04-17 04:31:17,unauthorized_transaction,LOST
cb_000146,txn_0006933,cust_005311,2024-04-27 00:47:16,unauthorized_transaction,LOST
cb_000147,txn_0006934,cust_001150,2024-05-01 03:03:06,product_not_received,LOST
cb_000148,txn_0006935,cust_001150,2024-04-30 04:03:06,unauthorized_transaction,LOST
cb_000149,txn_0006991,cust_002583,2024-03-17 12:49:49,unauthorized_transaction,OPEN
cb_000150,txn_0007014,cust_007472,2024-04-16 13:59:56,unauthorized_transaction,PENDING
cb_000151,txn_0007044,cust_008350,2024-04-27 19:03:06,unauthorized_transaction,OPEN
cb_000152,txn_0007075,cust_004347,2024-04-13 22:15:12,unauthorized_transaction,LOST
cb_000153,txn_0007081,cust_002060,2024-04-09 05:03:06,unauthorized_transaction,OPEN
cb_000154,txn_0007084,cust_004614,2024-03-21 07:03:06,product_not_received,PENDING
cb_000155,txn_0007086,cust_007070,2024-04-22 07:03:06,unauthorized_transaction,PENDING
cb_000156,txn_0007135,cust_002113,2024-04-18 12:33:13,unauthorized_transaction,LOST
cb_000157,txn_0007137,cust_002113,2024-03-24 12:34:06,unauthorized_transaction,LOST
cb_000158,txn_0007149,cust_008168,2024-04-24 13:47:44,product_not_received,OPEN
cb_000159,txn_0007152,cust_008774,2024-05-18 14:03:06,product_not_received,LOST
cb_000160,txn_0007166,cust_004614,2024-05-07 16:03:06,unauthorized_transaction,OPEN
cb_000161,txn_0007174,cust_003866,2024-04-27 16:49:39,product_not_received,LOST
cb_000162,txn_0007229,cust_008866,2024-04-22 00:33:48,product_not_received,PENDING
cb_000163,txn_0007230,cust_004607,2024-04-15 02:01:49,unauthorized_transaction,PENDING
cb_000164,txn_0007280,cust_003157,2024-05-03 12:34:23,product_not_received,LOST
cb_000165,txn_0007305,cust_001634,2024-04-27 14:55:58,duplicate_charge,PENDING
cb_000166,txn_0007339,cust_000844,2024-05-04 18:44:02,product_not_received,LOST
cb_000167,txn_0007372,cust_005291,2024-04-25 00:17:13,unauthorized_transaction,LOST
cb_000168,txn_0007377,cust_004473,2024-03-22 06:48:31,unauthorized_transaction,OPEN
cb_000169,txn_0007397,cust_009355,2024-04-17 10:05:34,product_not_received,LOST
cb_000170,txn_0007398,cust_009355,2024-03-08 10:07:13,unauthorized_transaction,LOST
cb_000171,txn_0007423,cust_001634,2024-05-08 12:03:25,credit_not_processed,WON
cb_000172,txn_0007426,cust_005914,2024-03-24 12:25:04,unauthorized_transaction,OPEN
cb_000173,txn_0007430,cust_005914,2024-04-07 12:31:02,product_not_received,OPEN
cb_000174,txn_0007499,cust_009606,2024-04-09 20:42:08,unauthorized_transaction,LOST
cb_000175,txn_0007512,cust_003386,2024-05-13 23:20:42,unauthorized_transaction,LOST
cb_000176,txn_0007518,cust_003104,2024-05-21 02:20:42,unauthorized_transaction,OPEN
cb_000177,txn_0007519,cust_003104,2024-04-11 02:20:42,product_not_received,OPEN
cb_000178,txn_0007528,cust_000096,2024-04-25 07:14:35,unauthorized_transaction,OPEN
cb_000179,txn_0007547,cust_007141,2024-04-04 10:32:28,product_not_received,PENDING
cb_000180,txn_0007568,cust_001634,2024-03-23 12:17:34,subscription_cancelled,WON
cb_000181,txn_0007570,cust_009483,2024-05-06 12:20:42,unauthorized_transaction,LOST
cb_000182,txn_0007581,cust_000345,2024-05-02 12:55:11,product_not_received,LOST
cb_000183,txn_0007637,cust_008115,2024-05-06 18:20:42,product_not_received,LOST
cb_000184,txn_0007646,cust_002116,2024-04-20 19:16:27,product_not_received,LOST
cb_000185,txn_0007664,cust_001054,2024-04-29 20:39:56,merchandise_defective,WON
cb_000186,txn_0007720,cust_009810,2024-05-13 11:45:59,product_not_received,OPEN
cb_000187,txn_0007795,cust_000756,2024-05-10 21:45:59,product_not_received,LOST
cb_000188,txn_0007798,cust_009252,2024-05-20 22:45:59,product_not_received,LOST
cb_000189,txn_0007801,cust_008554,2024-05-10 23:02:01,unauthorized_transaction,LOST
cb_000190,txn_0007812,cust_005362,2024-04-25 05:45:59,product_not_received,PENDING
cb_000191,txn_0007900,cust_000756,2024-03-17 16:45:59,product_not_received,OPEN
cb_000192,txn_0007901,cust_009810,2024-03-20 16:45:59,unauthorized_transaction,PENDING
cb_000193,txn_0007912,cust_007359,2024-03-17 17:33:42,product_not_as_described,LOST
cb_000194,txn_0008102,cust_001088,2024-04-21 03:33:49,product_not_received,LOST
cb_000195,txn_0008142,cust_008701,2024-05-23 12:01:19,product_not_received,LOST
cb_000196,txn_0008168,cust_004513,2024-04-13 14:04:45,unauthorized_transaction,PENDING
cb_000197,txn_0008189,cust_001634,2024-04-20 17:04:30,credit_not_processed,WON
cb_000198,txn_0008241,cust_007354,2024-03-11 21:51:25,product_not_received,OPEN
cb_000199,txn_0008242,cust_005837,2024-04-19 22:13:04,product_not_received,OPEN
cb_000200,txn_0008314,cust_001634,2024-05-03 13:34:01,unauthorized_transaction,OPEN
cb_000201,txn_0008338,cust_003302,2024-05-06 16:53:32,product_not_received,OPEN
cb_000202,txn_0008352,cust_000071,2024-04-18 18:51:49,unauthorized_transaction,LOST
cb_000203,txn_0008394,cust_001002,2024-05-24 01:58:11,unauthorized_transaction,OPEN
cb_000204,txn_0008521,cust_005190,2024-05-18 21:15:41,product_not_received,OPEN
cb_000205,txn_0008539,cust_002275,2024-03-31 03:26:25,unauthorized_transaction,LOST
cb_000206,txn_0008546,cust_000857,2024-05-01 08:24:07,subscription_cancelled,WON
cb_000207,txn_0008758,cust_001459,2024-04-04 17:17:20,unauthorized_transaction,PENDING
cb_000208,txn_0008818,cust_004505,2024-04-03 07:08:22,unauthorized_transaction,LOST
cb_000209,txn_0008822,cust_004505,2024-05-23 07:12:30,unauthorized_transaction,OPEN
cb_000210,txn_0008823,cust_004505,2024-05-28 07:12:36,unauthorized_transaction,LOST
cb_000211,txn_0008919,cust_002032,2024-04-29 18:32:14,credit_not_processed,WON
cb_000212,txn_0009088,cust_007530,2024-03-18 19:32:03,product_not_received,OPEN
cb_000213,txn_0009257,cust_006934,2024-05-03 00:18:12,unauthorized_transaction,OPEN
cb_000214,txn_0009260,cust_006934,2024-03-19 00:22:08,unauthorized_transaction,LOST
cb_000215,txn_0009261,cust_006934,2024-04-19 00:27:09,product_not_received,OPEN
cb_000216,txn_0009266,cust_000244,2024-04-11 07:01:42,unauthorized_transaction,OPEN
cb_000217,txn_0009280,cust_002032,2024-05-07 09:22:08,duplicate_charge,WON
cb_000218,txn_0009375,cust_002846,2024-05-09 21:07:18,product_not_received,OPEN
cb_000219,txn_0009377,cust_000390,2024-04-03 21:15:19,unauthorized_transaction,OPEN
cb_000220,txn_0009385,cust_002291,2024-05-22 22:24:28,product_not_received,LOST
cb_000221,txn_0009393,cust_001507,2024-05-03 04:09:56,unauthorized_transaction,LOST
cb_000222,txn_0009400,cust_009760,2024-05-02 07:21:49,product_not_received,PENDING
cb_000223,txn_0009420,cust_002118,2024-04-12 11:05:43,credit_not_processed,OPEN
cb_000224,txn_0009436,cust_000053,2024-05-04 12:26:55,product_not_received,LOST
cb_000225,txn_0009438,cust_005190,2024-03-21 12:28:47,product_not_received,LOST
cb_000226,txn_0009481,cust_005963,2024-04-07 17:21:19,product_not_received,OPEN
cb_000227,txn_0009491,cust_000530,2024-05-15 18:36:30,product_not_received,OPEN
cb_000228,txn_0009494,cust_005035,2024-05-02 19:02:48,merchandise_defective,PENDING
cb_000229,txn_0009592,cust_001634,2024-05-08 14:59:26,unauthorized_transaction,LOST
cb_000230,txn_0009609,cust_000799,2024-05-08 18:06:08,product_not_received,PENDING
cb_000231,txn_0009619,cust_000769,2024-05-09 18:44:31,unauthorized_transaction,PENDING
cb_000232,txn_0009655,cust_003151,2024-03-23 04:30:38,unauthorized_transaction,OPEN
cb_000233,txn_0009657,cust_001599,2024-04-19 06:17:16,unauthorized_transaction,LOST
cb_000234,txn_0009661,cust_001113,2024-05-29 07:17:16,product_not_received,OPEN
cb_000235,txn_0009724,cust_002032,2024-04-17 13:33:53,merchandise_defective,OPEN
cb_000236,txn_0009738,cust_002393,2024-04-28 16:17:16,unauthorized_transaction,OPEN
cb_000237,txn_0009743,cust_002032,2024-04-11 17:10:18,unauthorized_transaction,LOST
cb_000238,txn_0009765,cust_009984,2024-04-09 19:21:29,product_not_received,WON
cb_000239,txn_0009789,cust_005773,2024-04-30 22:17:16,product_not_received,OPEN
cb_000240,txn_0009804,cust_002393,2024-04-17 02:17:16,unauthorized_transaction,PENDING
cb_000241,txn_0009811,cust_002123,2024-05-24 07:17:16,unauthorized_transaction,LOST
cb_000242,txn_0009841,cust_009460,2024-05-16 10:49:51,product_not_received,OPEN
cb_000243,txn_0009903,cust_001599,2024-05-02 15:17:16,product_not_received,PENDING
cb_000244,txn_0009942,cust_005115,2024-05-24 19:35:12,subscription_cancelled,WON
cb_000245,txn_0009950,cust_009909,2024-05-03 20:17:16,unauthorized_transaction,PENDING
cb_000246,txn_0009970,cust_005281,2024-05-03 22:17:16,product_not_received,OPEN
cb_000247,txn_0009980,cust_009593,2024-05-31 00:17:16,unauthorized_transaction,LOST
cb_000248,txn_0010117,cust_001944,2024-05-02 01:13:15,product_not_received,LOST
cb_000249,txn_0010118,cust_001634,2024-04-07 01:23:57,product_not_received,PENDING
cb_000250,txn_0010126,cust_001723,2024-05-19 06:23:22,unauthorized_transaction,PENDING
cb_000251,txn_0010364,cust_000354,2024-04-02 18:16:54,unauthorized_transaction,LOST
cb_000252,txn_0010415,cust_001634,2024-04-14 08:44:12,duplicate_charge,LOST
cb_000253,txn_0010576,cust_006339,2024-05-15 11:33:50,product_not_received,LOST
cb_000254,txn_0010609,cust_001445,2024-03-31 13:29:45,unauthorized_transaction,LOST
cb_000255,txn_0010804,cust_007163,2024-06-07 20:44:23,unauthorized_transaction,LOST
cb_000256,txn_0010827,cust_001896,2024-05-05 01:30:02,product_not_received,OPEN
cb_000257,txn_0010828,cust_001896,2024-04-18 01:31:28,unauthorized_transaction,LOST
cb_000258,txn_0010837,cust_003180,2024-04-02 07:26:53,unauthorized_transaction,OPEN
cb_000259,txn_0010841,cust_004203,2024-06-04 07:36:59,product_not_received,LOST
cb_000260,txn_0010882,cust_005522,2024-04-21 14:41:09,unauthorized_transaction,LOST
cb_000261,txn_0010970,cust_009766,2024-06-13 07:43:01,unauthorized_transaction,LOST
cb_000262,txn_0010972,cust_004474,2024-05-05 08:02:32,product_not_received,LOST
cb_000263,txn_0010981,cust_001634,2024-06-07 09:19:49,merchandise_defective,WON
cb_000264,txn_0011081,cust_001634,2024-05-20 20:21:29,unauthorized_transaction,WON
cb_000265,txn_0011203,cust_002510,2024-04-18 18:53:09,product_not_received,PENDING
cb_000266,txn_0011244,cust_002032,2024-05-25 06:01:49,product_not_as_described,WON
cb_000267,txn_0011339,cust_000857,2024-05-18 17:58:08,duplicate_charge,WON
cb_000268,txn_0011361,cust_001907,2024-06-08 19:49:14,unauthorized_transaction,PENDING
cb_000269,txn_0011388,cust_004579,2024-05-06 22:54:56,product_not_received,LOST
cb_000270,txn_0011453,cust_004746,2024-04-15 14:07:35,unauthorized_transaction,PENDING
cb_000271,txn_0011491,cust_008238,2024-04-28 19:01:31,unauthorized_transaction,PENDING
cb_000272,txn_0011689,cust_003309,2024-04-27 23:47:36,product_not_received,PENDING
cb_000273,txn_0011691,cust_004900,2024-06-15 03:24:15,product_not_received,LOST
cb_000274,txn_0011693,cust_004939,2024-04-12 03:25:41,product_not_received,PENDING
cb_000275,txn_0011703,cust_005727,2024-04-21 07:27:25,unauthorized_transaction,PENDING
cb_000276,txn_0011705,cust_007863,2024-06-03 07:30:12,unauthorized_transaction,LOST
cb_000277,txn_0011719,cust_003449,2024-05-01 09:55:41,product_not_received,LOST
cb_000278,txn_0011801,cust_006206,2024-06-13 20:05:11,product_not_received,PENDING
cb_000279,txn_0011827,cust_008464,2024-05-03 00:34:10,unauthorized_transaction,LOST
cb_000280,txn_0011838,cust_009648,2024-05-30 07:52:05,product_not_received,LOST
cb_000281,txn_0011855,cust_008283,2024-06-12 09:45:18,subscription_cancelled,OPEN
cb_000282,txn_0011926,cust_003552,2024-06-19 19:15:57,product_not_received,WON
cb_000283,txn_0011944,cust_001634,2024-06-15 20:29:08,product_not_received,WON
cb_000284,txn_0012018,cust_005571,2024-05-08 13:43:34,unauthorized_transaction,LOST
cb_000285,txn_0012100,cust_002894,2024-05-17 06:12:32,product_not_received,OPEN
cb_000286,txn_0012221,cust_001634,2024-06-13 20:42:14,product_not_received,LOST
cb_000287,txn_0012240,cust_007141,2024-05-20 01:36:54,unauthorized_transaction,PENDING
cb_000288,txn_0012352,cust_004615,2024-05-25 20:23:45,product_not_received,LOST
cb_000289,txn_0012382,cust_004704,2024-06-18 02:36:15,product_not_received,LOST
cb_000290,txn_0012444,cust_006145,2024-05-31 13:39:54,unauthorized_transaction,LOST
cb_000291,txn_0012450,cust_004249,2024-06-19 14:26:52,unauthorized_transaction,OPEN
cb_000292,txn_0012481,cust_001634,2024-04-10 18:19:32,credit_not_processed,PENDING
cb_000293,txn_0012518,cust_005223,2024-05-18 21:03:33,product_not_received,PENDING
cb_000294,txn_0012549,cust_002296,2024-04-20 09:40:08,unauthorized_transaction,PENDING
cb_000295,txn_0012593,cust_005021,2024-04-19 14:44:11,product_not_received,OPEN
cb_000296,txn_0012609,cust_002032,2024-05-21 16:22:03,duplicate_charge,WON
cb_000297,txn_0012661,cust_005861,2024-05-07 22:13:20,unauthorized_transaction,LOST
cb_000298,txn_0012685,cust_001634,2024-05-16 08:55:15,merchandise_defective,WON
cb_000299,txn_0012778,cust_006919,2024-06-26 21:36:59,product_not_received,LOST
cb_000300,txn_0012960,cust_000215,2024-06-01 06:17:37,unauthorized_transaction,LOST
cb_000301,txn_0012969,cust_001199,2024-05-12 07:57:03,product_not_received,LOST
cb_000302,txn_0013005,cust_006268,2024-06-20 12:13:28,product_not_received,LOST
cb_000303,txn_0013083,cust_008868,2024-06-20 21:17:52,unauthorized_transaction,LOST
cb_000304,txn_0013184,cust_003571,2024-05-06 15:09:03,product_not_received,OPEN
cb_000305,txn_0013187,cust_001814,2024-06-02 15:24:34,unauthorized_transaction,LOST
cb_000306,txn_0013264,cust_002727,2024-06-27 06:53:38,unauthorized_transaction,LOST
cb_000307,txn_0013377,cust_009835,2024-04-17 21:46:19,duplicate_charge,WON
cb_000308,txn_0013388,cust_008674,2024-06-20 02:46:51,product_not_received,PENDING
cb_000309,txn_0013437,cust_007035,2024-07-01 11:46:32,product_not_received,LOST
cb_000310,txn_0013559,cust_004262,2024-04-24 07:28:15,unauthorized_transaction,PENDING
cb_000311,txn_0013626,cust_000051,2024-04-21 14:56:46,duplicate_charge,LOST
cb_000312,txn_0013632,cust_001634,2024-06-18 15:48:52,duplicate_charge,WON
cb_000313,txn_0013704,cust_000452,2024-04-23 00:18:23,product_not_received,OPEN
cb_000314,txn_0013705,cust_006103,2024-06-22 01:43:52,unauthorized_transaction,OPEN
cb_000315,txn_0013781,cust_001634,2024-04-19 14:06:38,unauthorized_transaction,LOST
cb_000316,txn_0013792,cust_005076,2024-06-18 15:07:38,unauthorized_transaction,OPEN
cb_000317,txn_0013860,cust_006440,2024-05-21 23:10:05,product_not_received,PENDING
cb_000318,txn_0013861,cust_006440,2024-05-27 23:10:42,unauthorized_transaction,PENDING
cb_000319,txn_0014033,cust_002940,2024-05-21 07:45:13,product_not_received,LOST
cb_000320,txn_0014227,cust_005529,2024-05-31 11:19:34,duplicate_charge,WON
cb_000321,txn_0014315,cust_009096,2024-05-28 22:42:42,product_not_received,OPEN
cb_000322,txn_0014356,cust_006141,2024-06-27 10:03:17,unauthorized_transaction,LOST
cb_000323,txn_0014400,cust_001645,2024-06-14 15:59:36,unauthorized_transaction,LOST
cb_000324,txn_0014472,cust_006940,2024-05-03 05:03:17,product_not_received,OPEN
cb_000325,txn_0014486,cust_006141,2024-06-15 08:03:17,unauthorized_transaction,LOST
cb_000326,txn_0014505,cust_006240,2024-05-12 10:46:47,product_not_received,OPEN
cb_000327,txn_0014511,cust_006126,2024-05-11 11:09:57,unauthorized_transaction,LOST
cb_000328,txn_0014536,cust_005245,2024-07-05 13:07:58,unauthorized_transaction,LOST
cb_000329,txn_0014560,cust_002032,2024-06-11 15:50:26,duplicate_charge,OPEN
cb_000330,txn_0014594,cust_009614,2024-05-08 19:03:17,unauthorized_transaction,LOST
cb_000331,txn_0014650,cust_005485,2024-05-26 09:55:32,product_not_received,LOST
cb_000332,txn_0014653,cust_005485,2024-06-23 09:56:51,unauthorized_transaction,OPEN
cb_000333,txn_0014656,cust_005485,2024-05-18 10:00:00,unauthorized_transaction,PENDING
cb_000334,txn_0014657,cust_005485,2024-07-09 10:02:56,unauthorized_transaction,OPEN
cb_000335,txn_0014662,cust_002032,2024-05-16 10:23:41,duplicate_charge,WON
cb_000336,txn_0014682,cust_000905,2024-06-24 11:45:58,unauthorized_transaction,OPEN
cb_000337,txn_0014695,cust_009749,2024-05-03 12:59:19,product_not_received,OPEN
cb_000338,txn_0014701,cust_003911,2024-05-12 13:30:27,unauthorized_transaction,PENDING
cb_000339,txn_0014785,cust_009222,2024-05-10 04:48:57,product_not_received,OPEN
cb_000340,txn_0014889,cust_001634,2024-06-15 18:33:27,product_not_received,PENDING
cb_000341,txn_0014909,cust_002032,2024-06-20 20:18:22,duplicate_charge,WON
cb_000342,txn_0014926,cust_005658,2024-06-14 21:51:24,unauthorized_transaction,LOST
cb_000343,txn_0014957,cust_001634,2024-06-02 09:15:50,credit_not_processed,OPEN
cb_000344,txn_0015002,cust_007698,2024-07-03 13:15:24,unauthorized_transaction,LOST
cb_000345,txn_0015019,cust_000857,2024-06-11 14:58:33,merchandise_defective,WON
cb_000346,txn_0015079,cust_001634,2024-07-04 22:26:34,subscription_cancelled,OPEN
cb_000347,txn_0015089,cust_008752,2024-05-10 03:51:55,unauthorized_transaction,OPEN
cb_000348,txn_0015102,cust_008168,2024-05-14 08:56:11,merchandise_defective,LOST
cb_000349,txn_0015207,cust_008390,2024-07-04 20:50:18,duplicate_charge,OPEN
cb_000350,txn_0015215,cust_003481,2024-05-22 22:03:21,product_not_received,OPEN
cb_000351,txn_0015218,cust_000206,2024-05-30 22:18:33,credit_not_processed,OPEN
cb_000352,txn_0015228,cust_002278,2024-07-03 00:02:00,product_not_received,LOST
cb_000353,txn_0015229,cust_002278,2024-05-06 00:02:31,product_not_received,LOST
cb_000354,txn_0015231,cust_002278,2024-06-22 00:03:58,unauthorized_transaction,LOST
cb_000355,txn_0015232,cust_002278,2024-06-24 00:04:05,product_not_received,OPEN
cb_000356,txn_0015233,cust_002278,2024-06-20 00:06:09,unauthorized_transaction,OPEN
cb_000357,txn_0015234,cust_002278,2024-05-31 00:07:36,product_not_received,LOST
cb_000358,txn_0015235,cust_002278,2024-06-20 00:08:03,product_not_received,OPEN
cb_000359,txn_0015298,cust_007975,2024-07-03 14:05:31,subscription_cancelled,LOST
cb_000360,txn_0015418,cust_006225,2024-05-23 12:56:51,product_not_received,LOST
cb_000361,txn_0015438,cust_001349,2024-05-02 14:23:22,unauthorized_transaction,LOST
cb_000362,txn_0015447,cust_005070,2024-06-12 15:23:22,unauthorized_transaction,OPEN
cb_000363,txn_0015483,cust_002032,2024-06-22 19:43:17,credit_not_processed,WON
cb_000364,txn_0015485,cust_002032,2024-06-07 19:48:59,subscription_cancelled,LOST
cb_000365,txn_0015505,cust_007598,2024-05-25 21:59:38,product_not_received,LOST
cb_000366,txn_0015516,cust_002098,2024-05-03 01:23:22,product_not_received,OPEN
cb_000367,txn_0015523,cust_005972,2024-06-09 07:23:22,product_not_received,PENDING
cb_000368,txn_0015674,cust_009824,2024-05-10 23:05:22,product_not_received,LOST
cb_000369,txn_0015818,cust_003892,2024-05-13 04:47:08,product_not_received,OPEN
cb_000370,txn_0015839,cust_007414,2024-05-28 10:21:52,product_not_received,PENDING
cb_000371,txn_0015940,cust_008396,2024-06-21 20:54:42,product_not_received,LOST
cb_000372,txn_0015957,cust_005235,2024-07-14 01:16:53,unauthorized_transaction,LOST
cb_000373,txn_0015968,cust_002840,2024-06-12 07:51:28,unauthorized_transaction,LOST
cb_000374,txn_0016034,cust_001634,2024-05-04 15:53:07,product_not_received,WON
cb_000375,txn_0016112,cust_005609,2024-06-23 00:09:42,unauthorized_transaction,PENDING
cb_000376,txn_0016138,cust_005015,2024-07-13 10:48:19,unauthorized_transaction,LOST
cb_000377,txn_0016164,cust_007576,2024-05-29 13:55:10,unauthorized_transaction,OPEN
cb_000378,txn_0016351,cust_000430,2024-07-10 22:10:35,duplicate_charge,WON
cb_000379,txn_0016359,cust_001146,2024-06-28 05:00:27,product_not_received,LOST
cb_000380,txn_0016364,cust_001817,2024-05-19 08:17:51,product_not_received,LOST
cb_000381,txn_0016366,cust_001817,2024-06-19 08:18:57,unauthorized_transaction,PENDING
cb_000382,txn_0016367,cust_001817,2024-07-11 08:20:19,product_not_received,OPEN
cb_000383,txn_0016397,cust_002736,2024-07-04 11:08:59,product_not_received,LOST
cb_000384,txn_0016498,cust_007040,2024-05-24 21:59:17,product_not_received,LOST
cb_000385,txn_0016507,cust_006861,2024-07-18 00:51:54,unauthorized_transaction,OPEN
cb_000386,txn_0016508,cust_009365,2024-06-08 01:53:54,product_not_received,PENDING
cb_000387,txn_0016517,cust_000580,2024-06-18 07:48:46,product_not_received,OPEN
cb_000388,txn_0016536,cust_006220,2024-07-15 10:39:20,product_not_received,LOST
cb_000389,txn_0016566,cust_002032,2024-07-13 13:37:57,product_not_received,LOST
cb_000390,txn_0016569,cust_009835,2024-06-13 14:09:29,product_not_received,WON
cb_000391,txn_0016614,cust_002828,2024-06-14 20:07:35,credit_not_processed,PENDING
cb_000392,txn_0016646,cust_002277,2024-07-03 01:07:52,unauthorized_transaction,OPEN
cb_000393,txn_0016727,cust_003682,2024-05-16 13:47:15,product_not_received,OPEN
cb_000394,txn_0016755,cust_002047,2024-05-25 16:40:07,product_not_received,OPEN
cb_000395,txn_0016768,cust_002527,2024-05-24 18:23:02,subscription_cancelled,OPEN
cb_000396,txn_0016880,cust_008600,2024-07-22 16:50:13,unauthorized_transaction,LOST
cb_000397,txn_0016881,cust_008600,2024-06-15 16:50:14,product_not_received,LOST
cb_000398,txn_0016957,cust_000490,2024-06-17 08:35:47,unauthorized_transaction,LOST
cb_000399,txn_0017010,cust_001627,2024-07-02 13:04:59,product_not_received,PENDING
cb_000400,txn_0017083,cust_000013,2024-07-01 21:01:20,product_not_as_described,WON
cb_000401,txn_0017124,cust_001240,2024-06-10 10:59:44,product_not_received,LOST
cb_000402,txn_0017128,cust_001240,2024-05-13 11:00:13,product_not_received,OPEN
cb_000403,txn_0017142,cust_009441,2024-07-06 12:01:57,product_not_received,PENDING
cb_000404,txn_0017182,cust_002032,2024-07-14 17:37:38,product_not_received,LOST
cb_000405,txn_0017212,cust_000643,2024-07-22 20:49:02,product_not_received,PENDING
cb_000406,txn_0017223,cust_002032,2024-06-04 21:52:37,duplicate_charge,LOST
cb_000407,txn_0017237,cust_006354,2024-05-31 07:12:45,product_not_received,OPEN
cb_000408,txn_0017238,cust_007837,2024-05-15 07:25:00,unauthorized_transaction,OPEN
cb_000409,txn_0017378,cust_009584,2024-06-17 08:12:44,unauthorized_transaction,PENDING
cb_000410,txn_0017406,cust_009631,2024-07-13 11:00:18,unauthorized_transaction,OPEN
cb_000411,txn_0017514,cust_005287,2024-05-24 01:00:24,product_not_received,PENDING
cb_000412,txn_0017516,cust_002397,2024-05-17 02:55:45,product_not_received,OPEN
cb_000413,txn_0017529,cust_006951,2024-06-15 08:12:52,unauthorized_transaction,WON
cb_000414,txn_0017585,cust_001124,2024-06-27 15:52:08,unauthorized_transaction,LOST
cb_000415,txn_0017651,cust_000205,2024-06-25 08:35:25,unauthorized_transaction,LOST
cb_000416,txn_0017688,cust_005984,2024-07-06 12:00:08,unauthorized_transaction,PENDING
cb_000417,txn_0017793,cust_004273,2024-06-08 22:35:36,unauthorized_transaction,PENDING
cb_000418,txn_0017805,cust_008775,2024-07-15 03:48:58,product_not_received,OPEN
cb_000419,txn_0017810,cust_003023,2024-05-19 07:19:23,unauthorized_transaction,LOST
cb_000420,txn_0017818,cust_006206,2024-06-03 08:19:23,product_not_received,LOST
cb_000421,txn_0017840,cust_008198,2024-05-23 10:19:23,product_not_received,PENDING
cb_000422,txn_0017841,cust_003429,2024-07-25 10:19:23,unauthorized_transaction,LOST
cb_000423,txn_0017889,cust_003434,2024-06-19 14:20:17,product_not_received,LOST
cb_000424,txn_0018036,cust_006154,2024-07-27 16:14:46,product_not_received,LOST
cb_000425,txn_0018101,cust_007182,2024-06-15 02:46:44,product_not_received,OPEN
cb_000426,txn_0018105,cust_007182,2024-06-30 02:51:16,product_not_received,LOST
cb_000427,txn_0018129,cust_003190,2024-06-08 11:22:15,product_not_received,LOST
cb_000428,txn_0018172,cust_007878,2024-07-01 15:56:14,product_not_received,LOST
cb_000429,txn_0018196,cust_002118,2024-07-22 19:28:31,duplicate_charge,WON
cb_000430,txn_0018215,cust_001634,2024-07-04 21:18:48,duplicate_charge,LOST
cb_000431,txn_0018230,cust_006467,2024-06-26 05:19:04,product_not_received,OPEN
cb_000432,txn_0018274,cust_005905,2024-07-21 12:01:29,product_not_received,LOST
cb_000433,txn_0018340,cust_002456,2024-06-13 19:01:56,credit_not_processed,WON
cb_000434,txn_0018387,cust_001634,2024-06-28 08:18:40,product_not_as_described,WON
cb_000435,txn_0018457,cust_005812,2024-06-06 16:50:31,unauthorized_transaction,PENDING
cb_000436,txn_0018516,cust_000627,2024-05-28 04:01:10,unauthorized_transaction,LOST
cb_000437,txn_0018750,cust_008928,2024-05-26 16:32:40,unauthorized_transaction,LOST
cb_000438,txn_0018773,cust_001634,2024-05-24 19:15:35,product_not_as_described,WON
cb_000439,txn_0018797,cust_005268,2024-07-14 21:17:04,product_not_received,LOST
cb_000440,txn_0018852,cust_000627,2024-06-28 11:30:50,product_not_received,LOST
cb_000441,txn_0018856,cust_000627,2024-06-15 11:34:24,unauthorized_transaction,LOST
cb_000442,txn_0018890,cust_000426,2024-06-29 14:37:16,unauthorized_transaction,LOST
cb_000443,txn_0018988,cust_000249,2024-06-14 09:25:14,product_not_received,PENDING
cb_000444,txn_0019079,cust_003002,2024-08-04 19:45:08,subscription_cancelled,WON
cb_000445,txn_0019172,cust_001634,2024-07-31 12:16:23,unauthorized_transaction,WON
cb_000446,txn_0019274,cust_001655,2024-07-02 23:35:55,unauthorized_transaction,LOST
cb_000447,txn_0019378,cust_009460,2024-06-15 18:50:18,product_not_received,LOST
cb_000448,txn_0019397,cust_004157,2024-07-19 20:36:39,unauthorized_transaction,OPEN
cb_000449,txn_0019511,cust_006039,2024-08-06 19:13:49,unauthorized_transaction,OPEN
cb_000450,txn_0019549,cust_003012,2024-06-16 23:20:57,product_not_received,LOST
cb_000451,txn_0019625,cust_007628,2024-07-06 14:49:09,product_not_as_described,PENDING
cb_000452,txn_0019698,cust_007890,2024-08-12 22:12:44,merchandise_defective,WON
cb_000453,txn_0019707,cust_004802,2024-07-08 06:20:56,unauthorized_transaction,OPEN
cb_000454,txn_0019722,cust_003228,2024-07-19 09:33:58,product_not_received,LOST
cb_000455,txn_0019753,cust_008352,2024-06-11 12:20:09,product_not_received,PENDING
cb_000456,txn_0019843,cust_009073,2024-07-21 07:08:36,product_not_received,LOST
cb_000457,txn_0019911,cust_007688,2024-07-30 14:04:48,product_not_received,PENDING
cb_000458,txn_0019994,cust_006641,2024-07-29 09:55:15,credit_not_processed,WON
cb_000459,txn_0020011,cust_004832,2024-07-01 11:20:06,product_not_received,PENDING
cb_000460,txn_0020281,cust_001634,2024-06-26 23:55:52,credit_not_processed,WON
cb_000461,txn_0020438,cust_000296,2024-08-10 08:44:42,product_not_received,LOST
cb_000462,txn_0020471,cust_006241,2024-08-07 12:45:01,unauthorized_transaction,LOST
cb_000463,txn_0020496,cust_006972,2024-06-05 15:45:01,product_not_received,LOST
cb_000464,txn_0020531,cust_002355,2024-08-01 19:17:47,unauthorized_transaction,PENDING
cb_000465,txn_0020565,cust_009528,2024-07-15 22:45:01,product_not_received,LOST
cb_000466,txn_0020572,cust_006972,2024-06-13 02:45:01,unauthorized_transaction,LOST
cb_000467,txn_0020604,cust_009390,2024-07-02 10:42:50,unauthorized_transaction,LOST
cb_000468,txn_0020627,cust_009390,2024-06-20 12:42:50,product_not_received,LOST
cb_000469,txn_0020657,cust_006097,2024-07-01 15:42:50,product_not_received,LOST
cb_000470,txn_0020689,cust_008268,2024-07-24 19:42:50,unauthorized_transaction,OPEN
cb_000471,txn_0020722,cust_006699,2024-07-28 23:32:33,unauthorized_transaction,LOST
cb_000472,txn_0020726,cust_001575,2024-06-09 00:45:01,unauthorized_transaction,OPEN
cb_000473,txn_0020727,cust_004189,2024-06-15 01:42:50,unauthorized_transaction,PENDING
cb_000474,txn_0020729,cust_001575,2024-07-18 01:45:01,unauthorized_transaction,LOST
cb_000475,txn_0020730,cust_008268,2024-06-25 03:42:50,product_not_received,LOST
cb_000476,txn_0020732,cust_009341,2024-06-17 04:42:50,product_not_received,LOST
cb_000477,txn_0020788,cust_000857,2024-07-17 12:40:43,credit_not_processed,WON
cb_000478,txn_0020820,cust_003043,2024-07-18 16:25:43,duplicate_charge,LOST
cb_000479,txn_0020848,cust_009341,2024-07-02 19:42:50,unauthorized_transaction,LOST
cb_000480,txn_0020849,cust_000051,2024-06-28 19:44:38,product_not_received,OPEN
cb_000481,txn_0020890,cust_008268,2024-07-20 03:42:50,unauthorized_transaction,OPEN
cb_000482,txn_0021023,cust_004946,2024-06-18 20:34:58,product_not_received,OPEN
cb_000483,txn_0021190,cust_002032,2024-08-20 21:31:53,product_not_received,OPEN
cb_000484,txn_0021205,cust_007241,2024-08-08 00:05:47,unauthorized_transaction,OPEN
cb_000485,txn_0021207,cust_007241,2024-08-20 00:08:31,unauthorized_transaction,LOST
cb_000486,txn_0021214,cust_001697,2024-06-21 07:18:48,unauthorized_transaction,OPEN
cb_000487,txn_0021220,cust_001634,2024-06-13 08:55:10,merchandise_defective,LOST
cb_000488,txn_0021476,cust_009200,2024-06-21 20:23:46,duplicate_charge,OPEN
cb_000489,txn_0021513,cust_008650,2024-08-02 07:06:35,product_not_received,LOST
cb_000490,txn_0021535,cust_002269,2024-06-21 10:37:34,product_not_received,LOST
cb_000491,txn_0021596,cust_003474,2024-06-25 18:29:55,credit_not_processed,OPEN
cb_000492,txn_0021641,cust_004341,2024-07-16 05:06:19,unauthorized_transaction,LOST
cb_000493,txn_0021751,cust_000457,2024-07-11 18:21:54,unauthorized_transaction,WON
cb_000494,txn_0021796,cust_000760,2024-08-05 22:35:35,product_not_received,LOST
cb_000495,txn_0021797,cust_004174,2024-06-25 23:01:18,product_not_received,LOST
cb_000496,txn_0021934,cust_003180,2024-07-13 23:53:24,product_not_received,LOST
cb_000497,txn_0021936,cust_007725,2024-08-23 01:53:24,product_not_received,LOST
cb_000498,txn_0021941,cust_007725,2024-08-21 05:53:24,product_not_received,OPEN
cb_000499,txn_0021942,cust_002032,2024-07-20 05:57:13,unauthorized_transaction,WON
cb_000500,txn_0021991,cust_008308,2024-07-23 12:53:24,product_not_received,OPEN
cb_000501,txn_0022023,cust_005355,2024-08-28 16:54:18,unauthorized_transaction,LOST
cb_000502,txn_0022064,cust_001836,2024-07-03 20:48:37,product_not_received,LOST
cb_000503,txn_0022087,cust_008308,2024-07-21 23:53:24,unauthorized_transaction,PENDING
cb_000504,txn_0022089,cust_001381,2024-06-23 02:38:23,product_not_received,LOST
cb_000505,txn_0022090,cust_002710,2024-07-06 04:56:50,product_not_received,LOST
cb_000506,txn_0022123,cust_009829,2024-06-24 10:53:24,product_not_received,OPEN
cb_000507,txn_0022154,cust_001390,2024-08-11 13:27:41,credit_not_processed,WON
cb_000508,txn_0022166,cust_009829,2024-07-19 14:53:24,product_not_received,LOST
cb_000509,txn_0022198,cust_006600,2024-07-03 18:53:24,product_not_received,PENDING
cb_000510,txn_0022209,cust_002438,2024-06-20 19:42:40,unauthorized_transaction,LOST
cb_000511,txn_0022243,cust_002869,2024-07-17 22:51:22,product_not_received,LOST
cb_000512,txn_0022251,cust_000268,2024-07-05 23:53:40,product_not_received,LOST
cb_000513,txn_0022253,cust_004569,2024-06-23 04:21:07,product_not_received,LOST
cb_000514,txn_0022259,cust_001386,2024-08-03 07:13:29,unauthorized_transaction,OPEN
cb_000515,txn_0022264,cust_005503,2024-07-11 08:53:40,product_not_received,LOST
cb_000516,txn_0022270,cust_008742,2024-07-27 10:42:40,unauthorized_transaction,OPEN
cb_000517,txn_0022285,cust_008965,2024-06-22 11:42:40,product_not_received,OPEN
cb_000518,txn_0022315,cust_005059,2024-06-20 13:14:36,unauthorized_transaction,OPEN
cb_000519,txn_0022344,cust_008742,2024-08-07 15:42:40,unauthorized_transaction,PENDING
cb_000520,txn_0022345,cust_004363,2024-07-30 15:42:40,product_not_received,LOST
cb_000521,txn_0022363,cust_009281,2024-08-13 18:53:40,product_not_received,LOST
cb_000522,txn_0022391,cust_009095,2024-06-20 22:42:40,unauthorized_transaction,LOST
cb_000523,txn_0022398,cust_003046,2024-08-13 23:42:40,unauthorized_transaction,LOST
cb_000524,txn_0022403,cust_006206,2024-08-16 04:53:40,unauthorized_transaction,LOST
cb_000525,txn_0022404,cust_007722,2024-07-02 04:56:21,unauthorized_transaction,LOST
cb_000526,txn_0022423,cust_004791,2024-08-05 09:55:55,unauthorized_transaction,OPEN
cb_000527,txn_0022461,cust_006460,2024-08-12 14:03:14,product_not_as_described,OPEN
cb_000528,txn_0022481,cust_002032,2024-08-23 15:58:45,merchandise_defective,LOST
cb_000529,txn_0022508,cust_001634,2024-07-19 19:18:41,duplicate_charge,OPEN
cb_000530,txn_0022524,cust_003594,2024-07-20 20:32:22,duplicate_charge,OPEN
cb_000531,txn_0022549,cust_007054,2024-07-01 01:32:50,product_not_received,PENDING
cb_000532,txn_0022552,cust_004155,2024-08-13 03:54:00,product_not_received,LOST
cb_000533,txn_0022698,cust_007933,2024-08-04 23:47:50,product_not_received,LOST
cb_000534,txn_0022706,cust_004765,2024-07-31 07:47:50,unauthorized_transaction,OPEN
cb_000535,txn_0022721,cust_001634,2024-07-29 09:24:46,duplicate_charge,OPEN
cb_000536,txn_0022722,cust_003179,2024-08-14 09:33:34,product_not_received,LOST
cb_000537,txn_0022765,cust_008750,2024-08-26 13:11:39,credit_not_processed,WON
cb_000538,txn_0022774,cust_001634,2024-08-19 13:47:37,duplicate_charge,WON
cb_000539,txn_0022804,cust_000842,2024-08-25 17:18:11,unauthorized_transaction,PENDING
cb_000540,txn_0022840,cust_000405,2024-08-04 20:47:50,product_not_received,LOST
cb_000541,txn_0022857,cust_000405,2024-07-09 23:47:50,product_not_received,PENDING
cb_000542,txn_0022858,cust_004765,2024-09-01 23:47:50,unauthorized_transaction,LOST
cb_000543,txn_0022862,cust_009281,2024-07-03 01:21:20,product_not_received,OPEN
cb_000544,txn_0022863,cust_002141,2024-07-26 05:47:50,unauthorized_transaction,PENDING
cb_000545,txn_0022865,cust_007933,2024-08-30 06:47:50,unauthorized_transaction,LOST
cb_000546,txn_0022883,cust_002141,2024-07-25 08:47:50,product_not_received,OPEN
cb_000547,txn_0022884,cust_002067,2024-07-18 08:47:50,product_not_received,OPEN
cb_000548,txn_0022925,cust_004159,2024-08-04 13:15:20,product_not_received,LOST
cb_000549,txn_0022926,cust_000988,2024-08-26 13:18:53,unauthorized_transaction,LOST
cb_000550,txn_0022943,cust_006141,2024-07-18 15:20:32,product_not_received,OPEN
cb_000551,txn_0023096,cust_005783,2024-08-17 14:55:54,unauthorized_transaction,PENDING
cb_000552,txn_0023114,cust_001634,2024-09-02 17:23:26,subscription_cancelled,OPEN
cb_000553,txn_0023173,cust_003781,2024-07-17 04:49:49,unauthorized_transaction,LOST
cb_000554,txn_0023183,cust_005315,2024-07-29 07:59:38,unauthorized_transaction,LOST
cb_000555,txn_0023261,cust_004004,2024-07-09 16:22:55,unauthorized_transaction,OPEN
cb_000556,txn_0023295,cust_001780,2024-07-14 19:39:56,product_not_received,PENDING
cb_000557,txn_0023308,cust_007887,2024-07-28 20:31:14,product_not_received,OPEN
cb_000558,txn_0023336,cust_006118,2024-08-13 03:10:31,unauthorized_transaction,LOST
cb_000559,txn_0023413,cust_006659,2024-07-14 14:38:19,unauthorized_transaction,PENDING
cb_000560,txn_0023445,cust_004065,2024-08-25 17:58:32,product_not_received,LOST
cb_000561,txn_0023446,cust_004065,2024-07-21 18:03:54,product_not_received,LOST
cb_000562,txn_0023447,cust_004065,2024-08-12 18:04:24,product_not_received,LOST
cb_000563,txn_0023483,cust_007499,2024-08-27 22:36:26,unauthorized_transaction,LOST
cb_000564,txn_0023494,cust_009589,2024-08-13 03:24:09,product_not_received,OPEN
cb_000565,txn_0023602,cust_003976,2024-09-03 20:02:03,product_not_received,LOST
cb_000566,txn_0023672,cust_001806,2024-08-19 14:01:43,merchandise_defective,WON
cb_000567,txn_0023777,cust_002735,2024-07-24 10:04:58,unauthorized_transaction,LOST
cb_000568,txn_0023807,cust_001349,2024-07-19 12:46:01,unauthorized_transaction,OPEN
cb_000569,txn_0023893,cust_004905,2024-06-26 23:53:53,product_not_received,LOST
cb_000570,txn_0023898,cust_001317,2024-08-28 06:26:49,unauthorized_transaction,OPEN
cb_000571,txn_0023908,cust_001516,2024-07-23 08:15:12,product_not_received,LOST
cb_000572,txn_0023909,cust_001516,2024-07-12 08:15:51,unauthorized_transaction,PENDING
cb_000573,txn_0023910,cust_001516,2024-07-23 08:17:10,product_not_received,OPEN
cb_000574,txn_0023911,cust_001516,2024-08-15 08:18:53,product_not_received,PENDING
cb_000575,txn_0023913,cust_001516,2024-09-02 08:21:32,product_not_received,LOST
cb_000576,txn_0024164,cust_008109,2024-09-03 20:05:59,unauthorized_transaction,PENDING
cb_000577,txn_0024310,cust_001634,2024-07-16 22:41:02,product_not_as_described,PENDING
cb_000578,txn_0024316,cust_004939,2024-08-04 07:24:09,unauthorized_transaction,PENDING
cb_000579,txn_0024335,cust_002434,2024-07-17 10:24:09,unauthorized_transaction,OPEN
cb_000580,txn_0024388,cust_002936,2024-07-20 15:24:09,product_not_received,OPEN
cb_000581,txn_0024406,cust_005968,2024-07-30 18:24:09,unauthorized_transaction,LOST
cb_000582,txn_0024422,cust_001634,2024-08-27 19:44:26,merchandise_defective,WON
cb_000583,txn_0024453,cust_004566,2024-07-10 23:24:09,unauthorized_transaction,LOST
cb_000584,txn_0024479,cust_004382,2024-07-10 09:32:26,product_not_received,LOST
cb_000585,txn_0024545,cust_008892,2024-07-22 15:24:09,unauthorized_transaction,LOST
cb_000586,txn_0024560,cust_004483,2024-08-05 17:15:31,unauthorized_transaction,OPEN
cb_000587,txn_0024565,cust_004483,2024-09-01 17:19:39,unauthorized_transaction,OPEN
cb_000588,txn_0024650,cust_001568,2024-07-22 11:47:40,product_not_received,PENDING
cb_000589,txn_0024757,cust_004362,2024-08-10 07:03:22,unauthorized_transaction,LOST
cb_000590,txn_0024769,cust_004029,2024-07-19 08:46:01,unauthorized_transaction,PENDING
cb_000591,txn_0024778,cust_002666,2024-07-28 09:47:23,product_not_received,PENDING
cb_000592,txn_0024851,cust_005939,2024-09-13 17:18:14,unauthorized_transaction,LOST
cb_000593,txn_0024955,cust_009460,2024-07-26 12:12:28,unauthorized_transaction,WON
cb_000594,txn_0025007,cust_003956,2024-09-13 18:50:05,product_not_received,OPEN
cb_000595,txn_0025035,cust_003295,2024-09-01 22:21:31,product_not_received,OPEN
cb_000596,txn_0025044,cust_008488,2024-08-24 00:26:36,product_not_received,LOST
cb_000597,txn_0025104,cust_005623,2024-07-21 12:49:40,unauthorized_transaction,LOST
cb_000598,txn_0025106,cust_002032,2024-07-22 12:59:45,subscription_cancelled,OPEN
cb_000599,txn_0025173,cust_005683,2024-08-17 21:33:19,subscription_cancelled,PENDING
cb_000600,txn_0025435,cust_009502,2024-07-11 18:59:55,product_not_received,PENDING
cb_000601,txn_0025464,cust_000330,2024-07-12 21:09:17,product_not_received,OPEN
cb_000602,txn_0025513,cust_002032,2024-07-31 10:45:41,merchandise_defective,PENDING
cb_000603,txn_0025536,cust_008993,2024-08-11 12:38:22,duplicate_charge,LOST
cb_000604,txn_0025564,cust_002762,2024-07-27 15:15:21,unauthorized_transaction,LOST
cb_000605,txn_0025583,cust_003514,2024-07-31 18:05:30,unauthorized_transaction,PENDING
cb_000606,txn_0025584,cust_001682,2024-09-17 18:11:52,unauthorized_transaction,OPEN
cb_000607,txn_0025588,cust_002032,2024-08-29 18:13:35,credit_not_processed,WON
cb_000608,txn_0025617,cust_000149,2024-07-25 21:09:26,unauthorized_transaction,OPEN
cb_000609,txn_0025660,cust_004010,2024-08-12 09:09:26,unauthorized_transaction,OPEN
cb_000610,txn_0025661,cust_005494,2024-08-03 09:15:21,product_not_received,LOST
cb_000611,txn_0025664,cust_005430,2024-08-18 09:38:59,product_not_received,LOST
cb_000612,txn_0025703,cust_001634,2024-08-05 12:36:55,merchandise_defective,PENDING
cb_000613,txn_0025708,cust_007353,2024-08-03 13:05:30,product_not_received,LOST
cb_000614,txn_0025739,cust_002505,2024-09-20 17:12:10,unauthorized_transaction,LOST
cb_000615,txn_0025768,cust_005652,2024-07-23 20:05:30,product_not_received,LOST
cb_000616,txn_0025770,cust_008659,2024-07-14 20:09:26,unauthorized_transaction,OPEN
cb_000617,txn_0025793,cust_002234,2024-07-27 22:15:21,product_not_received,LOST
cb_000618,txn_0025799,cust_004974,2024-07-13 23:15:21,product_not_received,LOST
cb_000619,txn_0025803,cust_004541,2024-08-13 01:05:30,unauthorized_transaction,LOST
cb_000620,txn_0025809,cust_008392,2024-07-16 06:05:30,product_not_received,LOST
cb_000621,txn_0025833,cust_003476,2024-07-31 10:05:30,product_not_received,LOST
cb_000622,txn_0025844,cust_000149,2024-08-10 11:09:26,product_not_received,LOST
cb_000623,txn_0026149,cust_003238,2024-08-01 11:53:28,product_not_received,LOST
cb_000624,txn_0026247,cust_000589,2024-09-15 01:26:50,unauthorized_transaction,LOST
cb_000625,txn_0026300,cust_001634,2024-08-29 12:37:57,product_not_as_described,WON
cb_000626,txn_0026305,cust_009421,2024-09-22 13:00:33,product_not_received,LOST
cb_000627,txn_0026323,cust_005872,2024-08-14 14:47:11,product_not_received,LOST
cb_000628,txn_0026368,cust_007124,2024-08-11 20:48:12,product_not_received,OPEN
cb_000629,txn_0026420,cust_004106,2024-07-18 11:05:45,unauthorized_transaction,OPEN
cb_000630,txn_0026511,cust_002817,2024-08-31 19:46:15,product_not_received,OPEN
cb_000631,txn_0026588,cust_005871,2024-09-14 11:28:15,product_not_received,LOST
cb_000632,txn_0026668,cust_008297,2024-09-17 19:51:27,unauthorized_transaction,LOST
cb_000633,txn_0026677,cust_001228,2024-07-16 20:21:33,unauthorized_transaction,PENDING
cb_000634,txn_0026784,cust_007895,2024-09-22 17:04:25,product_not_received,LOST
cb_000635,txn_0026803,cust_000626,2024-08-18 19:04:25,product_not_received,LOST
cb_000636,txn_0026833,cust_005514,2024-07-26 04:41:11,unauthorized_transaction,LOST
cb_000637,txn_0026838,cust_000626,2024-08-14 07:04:25,product_not_received,OPEN
cb_000638,txn_0026864,cust_002313,2024-09-15 11:04:25,unauthorized_transaction,LOST
cb_000639,txn_0026903,cust_005264,2024-09-29 14:04:25,unauthorized_transaction,PENDING
cb_000640,txn_0026979,cust_006583,2024-07-27 22:54:06,unauthorized_transaction,PENDING
cb_000641,txn_0026984,cust_001190,2024-09-21 02:04:25,unauthorized_transaction,OPEN
cb_000642,txn_0027007,cust_000608,2024-09-06 09:59:44,product_not_received,LOST
cb_000643,txn_0027022,cust_009188,2024-08-11 11:54:06,product_not_received,LOST
cb_000644,txn_0027068,cust_000072,2024-08-05 15:08:51,unauthorized_transaction,LOST
cb_000645,txn_0027099,cust_006583,2024-08-09 18:54:06,product_not_received,LOST
cb_000646,txn_0027133,cust_006553,2024-08-20 01:54:06,product_not_received,PENDING
cb_000647,txn_0027191,cust_000342,2024-08-02 12:54:06,unauthorized_transaction,LOST
cb_000648,txn_0027357,cust_002032,2024-08-31 14:35:14,credit_not_processed,OPEN
cb_000649,txn_0027434,cust_006695,2024-08-13 00:46:23,unauthorized_transaction,LOST
cb_000650,txn_0027435,cust_000264,2024-09-10 03:49:23,unauthorized_transaction,LOST
cb_000651,txn_0027595,cust_009387,2024-09-10 11:05:43,product_not_as_described,LOST
cb_000652,txn_0027617,cust_004332,2024-09-24 13:45:03,unauthorized_transaction,OPEN
cb_000653,txn_0027623,cust_004423,2024-09-05 14:40:25,unauthorized_transaction,PENDING
cb_000654,txn_0027628,cust_004423,2024-08-05 14:45:09,product_not_received,OPEN
cb_000655,txn_0027648,cust_009813,2024-09-10 17:26:16,duplicate_charge,WON
cb_000656,txn_0027706,cust_009748,2024-09-11 23:25:57,unauthorized_transaction,LOST
cb_000657,txn_0027710,cust_005463,2024-09-09 01:54:32,unauthorized_transaction,PENDING
cb_000658,txn_0027711,cust_007317,2024-08-23 06:12:49,unauthorized_transaction,LOST
cb_000659,txn_0027790,cust_008168,2024-08-06 16:26:32,product_not_received,PENDING
cb_000660,txn_0027803,cust_009847,2024-08-30 17:53:23,unauthorized_transaction,LOST
cb_000661,txn_0027851,cust_007037,2024-09-30 23:34:27,product_not_received,OPEN
cb_000662,txn_0027898,cust_008514,2024-09-18 12:12:27,product_not_received,LOST
cb_000663,txn_0027919,cust_006395,2024-08-30 13:52:50,product_not_received,LOST
cb_000664,txn_0027921,cust_006632,2024-08-01 14:04:53,unauthorized_transaction,LOST
cb_000665,txn_0027989,cust_004421,2024-07-26 01:49:47,product_not_received,PENDING
cb_000666,txn_0027990,cust_004421,2024-08-12 01:51:44,unauthorized_transaction,PENDING
cb_000667,txn_0027995,cust_006207,2024-08-09 06:38:51,unauthorized_transaction,LOST
cb_000668,txn_0028089,cust_005380,2024-09-27 18:41:49,product_not_received,PENDING
cb_000669,txn_0028103,cust_001463,2024-08-18 19:48:46,product_not_received,OPEN
cb_000670,txn_0028118,cust_008276,2024-08-12 21:00:33,unauthorized_transaction,PENDING
cb_000671,txn_0028156,cust_005268,2024-07-29 08:44:29,product_not_received,LOST
cb_000672,txn_0028211,cust_006556,2024-09-08 13:44:29,product_not_received,LOST
cb_000673,txn_0028226,cust_008424,2024-08-01 15:44:29,unauthorized_transaction,PENDING
cb_000674,txn_0028259,cust_001634,2024-08-03 19:49:37,credit_not_processed,OPEN
cb_000675,txn_0028271,cust_001634,2024-10-03 20:41:29,credit_not_processed,LOST
cb_000676,txn_0028286,cust_005268,2024-08-04 23:44:29,unauthorized_transaction,LOST
cb_000677,txn_0028288,cust_008424,2024-08-17 03:44:29,product_not_received,LOST
cb_000678,txn_0028324,cust_002484,2024-09-21 11:22:30,unauthorized_transaction,LOST
cb_000679,txn_0028325,cust_002484,2024-08-23 11:23:58,unauthorized_transaction,OPEN
cb_000680,txn_0028330,cust_002484,2024-08-15 11:28:20,unauthorized_transaction,OPEN
cb_000681,txn_0028331,cust_002032,2024-10-07 11:28:45,unauthorized_transaction,WON
cb_000682,txn_0028332,cust_002484,2024-08-27 11:30:55,product_not_received,LOST
cb_000683,txn_0028474,cust_007562,2024-08-03 10:23:17,product_not_received,PENDING
cb_000684,txn_0028499,cust_007555,2024-09-02 13:05:57,product_not_received,PENDING
cb_000685,txn_0028561,cust_002703,2024-08-21 19:33:41,credit_not_processed,LOST
cb_000686,txn_0028589,cust_003124,2024-10-01 23:18:01,unauthorized_transaction,OPEN
cb_000687,txn_0028691,cust_008168,2024-08-19 18:21:37,product_not_as_described,PENDING
cb_000688,txn_0028694,cust_004381,2024-09-06 18:35:25,unauthorized_transaction,OPEN
cb_000689,txn_0028737,cust_005529,2024-10-11 22:42:07,product_not_received,OPEN
cb_000690,txn_0028904,cust_006113,2024-09-06 23:44:42,unauthorized_transaction,OPEN
cb_000691,txn_0029064,cust_008235,2024-08-31 05:51:36,product_not_received,LOST
cb_000692,txn_0029136,cust_008989,2024-09-27 14:56:33,product_not_received,LOST
cb_000693,txn_0029172,cust_007839,2024-10-11 19:49:57,unauthorized_transaction,OPEN
cb_000694,txn_0029207,cust_009257,2024-10-14 01:27:27,unauthorized_transaction,OPEN
cb_000695,txn_0029210,cust_000163,2024-10-05 04:56:33,product_not_received,PENDING
cb_000696,txn_0029216,cust_009993,2024-09-14 06:56:33,unauthorized_transaction,LOST
cb_000697,txn_0029250,cust_002032,2024-09-26 10:57:24,merchandise_defective,PENDING
cb_000698,txn_0029277,cust_001081,2024-09-28 12:56:33,unauthorized_transaction,LOST
cb_000699,txn_0029286,cust_002671,2024-09-22 13:56:33,unauthorized_transaction,OPEN
cb_000700,txn_0029292,cust_007619,2024-10-07 14:56:33,unauthorized_transaction,OPEN
cb_000701,txn_0029331,cust_002671,2024-09-04 20:56:33,unauthorized_transaction,LOST
cb_000702,txn_0029335,cust_002997,2024-08-16 21:08:36,unauthorized_transaction,OPEN
cb_000703,txn_0029354,cust_005912,2024-10-15 05:23:38,product_not_received,OPEN
cb_000704,txn_0029357,cust_003161,2024-09-04 06:08:36,product_not_received,PENDING
cb_000705,txn_0029358,cust_009698,2024-08-07 06:08:36,unauthorized_transaction,OPEN
cb_000706,txn_0029425,cust_001000,2024-08-22 13:08:36,product_not_received,PENDING
cb_000707,txn_0029464,cust_008087,2024-08-25 17:05:45,unauthorized_transaction,LOST
cb_000708,txn_0029489,cust_002032,2024-08-15 19:59:48,product_not_received,WON
cb_000709,txn_0029491,cust_003402,2024-10-13 20:05:45,product_not_received,LOST
cb_000710,txn_0029516,cust_003234,2024-08-28 23:08:36,unauthorized_transaction,LOST
cb_000711,txn_0029521,cust_002937,2024-09-23 04:05:45,unauthorized_transaction,OPEN
cb_000712,txn_0029544,cust_004150,2024-10-18 10:05:45,unauthorized_transaction,LOST
cb_000713,txn_0029609,cust_008256,2024-08-06 16:08:36,unauthorized_transaction,OPEN
cb_000714,txn_0029614,cust_007676,2024-08-20 16:49:31,credit_not_processed,PENDING
cb_000715,txn_0029620,cust_003234,2024-09-05 17:08:36,product_not_received,PENDING
cb_000716,txn_0029640,cust_002493,2024-09-06 19:30:06,unauthorized_transaction,LOST
cb_000717,txn_0029673,cust_002937,2024-09-09 02:05:45,unauthorized_transaction,OPEN
cb_000718,txn_0029675,cust_004825,2024-08-21 03:12:05,product_not_received,LOST
cb_000719,txn_0029684,cust_008482,2024-10-11 07:24:52,product_not_received,LOST
cb_000720,txn_0029783,cust_006238,2024-09-25 19:23:11,unauthorized_transaction,LOST
cb_000721,txn_0029819,cust_005493,2024-09-12 05:30:50,unauthorized_transaction,OPEN
cb_000722,txn_0029822,cust_005493,2024-09-14 05:37:38,product_not_received,OPEN
cb_000723,txn_0029846,cust_001606,2024-10-01 10:24:53,unauthorized_transaction,LOST
cb_000724,txn_0029957,cust_006305,2024-09-04 22:42:55,unauthorized_transaction,OPEN
cb_000725,txn_0029965,cust_009579,2024-10-07 23:47:19,merchandise_defective,WON
cb_000726,txn_0030023,cust_004792,2024-09-03 13:35:23,unauthorized_transaction,LOST
cb_000727,txn_0030027,cust_004792,2024-09-28 13:36:46,product_not_received,LOST
cb_000728,txn_0030030,cust_004792,2024-09-01 13:38:45,unauthorized_transaction,LOST
cb_000729,txn_0030101,cust_002562,2024-09-01 02:19:30,unauthorized_transaction,PENDING
cb_000730,txn_0030111,cust_000131,2024-10-06 08:44:08,product_not_received,LOST
cb_000731,txn_0030118,cust_006659,2024-09-15 09:28:07,product_not_as_described,OPEN
cb_000732,txn_0030208,cust_001581,2024-09-06 18:21:01,product_not_received,LOST
cb_000733,txn_0030249,cust_001634,2024-09-08 22:48:20,subscription_cancelled,WON
cb_000734,txn_0030255,cust_005015,2024-10-04 02:02:10,product_not_received,LOST
cb_000735,txn_0030256,cust_008048,2024-09-29 03:51:21,product_not_received,OPEN
cb_000736,txn_0030262,cust_001634,2024-09-13 07:54:26,subscription_cancelled,WON
cb_000737,txn_0030511,cust_009497,2024-08-22 20:03:38,unauthorized_transaction,OPEN
cb_000738,txn_0030609,cust_005240,2024-10-13 13:55:06,unauthorized_transaction,LOST
cb_000739,txn_0030688,cust_007407,2024-10-25 02:51:48,unauthorized_transaction,LOST
cb_000740,txn_0030763,cust_001634,2024-10-23 14:03:31,subscription_cancelled,PENDING
cb_000741,txn_0030834,cust_005370,2024-09-24 04:37:18,unauthorized_transaction,PENDING
cb_000742,txn_0030860,cust_002032,2024-09-07 10:43:37,product_not_as_described,OPEN
cb_000743,txn_0030889,cust_001634,2024-09-24 13:01:52,credit_not_processed,WON
cb_000744,txn_0030937,cust_004047,2024-08-21 18:35:08,unauthorized_transaction,OPEN
cb_000745,txn_0030938,cust_004047,2024-09-01 18:36:02,product_not_received,LOST
cb_000746,txn_0030939,cust_004047,2024-09-19 18:36:42,product_not_received,LOST
cb_000747,txn_0030995,cust_007074,2024-10-11 06:40:09,product_not_received,OPEN
cb_000748,txn_0031092,cust_001634,2024-10-25 17:27:44,unauthorized_transaction,WON
cb_000749,txn_0031136,cust_002032,2024-09-20 22:31:58,product_not_as_described,PENDING
cb_000750,txn_0031138,cust_008843,2024-10-24 03:49:05,product_not_received,OPEN
cb_000751,txn_0031224,cust_003464,2024-08-18 16:54:29,unauthorized_transaction,LOST
cb_000752,txn_0031298,cust_001904,2024-10-02 00:06:26,product_not_received,LOST
cb_000753,txn_0031299,cust_003052,2024-10-28 01:06:01,product_not_received,LOST
cb_000754,txn_0031460,cust_005012,2024-09-07 08:42:01,product_not_received,PENDING
cb_000755,txn_0031468,cust_001634,2024-09-14 10:15:40,unauthorized_transaction,OPEN
cb_000756,txn_0031541,cust_005703,2024-10-06 18:16:54,credit_not_processed,OPEN
cb_000757,txn_0031544,cust_000857,2024-10-26 18:43:14,merchandise_defective,OPEN
cb_000758,txn_0031591,cust_002325,2024-10-30 22:23:34,product_not_received,OPEN
cb_000759,txn_0031660,cust_009578,2024-10-09 14:00:41,product_not_received,OPEN
cb_000760,txn_0031737,cust_004409,2024-09-17 21:44:10,unauthorized_transaction,LOST
cb_000761,txn_0031758,cust_009272,2024-10-07 07:54:14,unauthorized_transaction,LOST
cb_000762,txn_0031838,cust_007632,2024-08-20 18:17:17,unauthorized_transaction,LOST
cb_000763,txn_0031898,cust_002829,2024-09-16 23:47:54,product_not_received,OPEN
cb_000764,txn_0031901,cust_008741,2024-11-02 01:44:10,unauthorized_transaction,OPEN
cb_000765,txn_0031904,cust_009999,2024-10-25 03:44:10,product_not_received,PENDING
cb_000766,txn_0031905,cust_004314,2024-10-19 03:44:14,product_not_received,PENDING
cb_000767,txn_0031920,cust_002929,2024-10-31 08:44:10,product_not_received,OPEN
cb_000768,txn_0031926,cust_009250,2024-09-06 09:44:10,unauthorized_transaction,OPEN
cb_000769,txn_0031950,cust_009901,2024-09-03 12:44:10,product_not_received,OPEN
cb_000770,txn_0032021,cust_003594,2024-10-21 21:32:41,subscription_cancelled,WON
cb_000771,txn_0032034,cust_000194,2024-09-25 00:26:35,unauthorized_transaction,OPEN
cb_000772,txn_0032035,cust_000194,2024-10-27 00:27:09,product_not_received,OPEN
cb_000773,txn_0032037,cust_000194,2024-10-27 00:28:46,unauthorized_transaction,OPEN
cb_000774,txn_0032045,cust_004127,2024-09-01 07:24:21,product_not_received,LOST
cb_000775,txn_0032086,cust_000857,2024-09-29 11:44:43,product_not_as_described,OPEN
cb_000776,txn_0032112,cust_005567,2024-09-14 14:44:29,product_not_received,OPEN
cb_000777,txn_0032186,cust_001651,2024-08-23 23:57:24,unauthorized_transaction,WON
cb_000778,txn_0032188,cust_003949,2024-10-16 02:38:04,product_not_received,PENDING
cb_000779,txn_0032229,cust_006659,2024-09-13 10:43:44,product_not_as_described,LOST
cb_000780,txn_0032343,cust_001174,2024-10-08 00:07:52,unauthorized_transaction,LOST
cb_000781,txn_0032502,cust_004386,2024-10-22 09:24:12,unauthorized_transaction,LOST
cb_000782,txn_0032542,cust_004119,2024-10-17 13:08:49,unauthorized_transaction,WON
cb_000783,txn_0032559,cust_006870,2024-11-05 14:58:30,product_not_received,LOST
cb_000784,txn_0032604,cust_000857,2024-09-27 19:49:12,unauthorized_transaction,PENDING
cb_000785,txn_0032617,cust_008423,2024-10-26 21:16:06,product_not_received,LOST
cb_000786,txn_0032679,cust_005065,2024-10-29 13:00:43,unauthorized_transaction,OPEN
cb_000787,txn_0032725,cust_002915,2024-10-16 18:51:31,unauthorized_transaction,PENDING
cb_000788,txn_0032791,cust_003456,2024-10-29 08:55:18,product_not_received,LOST
cb_000789,txn_0032794,cust_003456,2024-10-08 08:58:48,product_not_received,LOST
cb_000790,txn_0032797,cust_003456,2024-09-22 09:01:09,unauthorized_transaction,OPEN
cb_000791,txn_0032798,cust_003456,2024-10-01 09:01:59,product_not_received,OPEN
cb_000792,txn_0032799,cust_003456,2024-10-20 09:02:53,product_not_received,PENDING
cb_000793,txn_0032869,cust_000754,2024-09-12 16:23:57,unauthorized_transaction,OPEN
cb_000794,txn_0032909,cust_001476,2024-10-10 21:45:07,unauthorized_transaction,OPEN
cb_000795,txn_0032919,cust_004679,2024-10-26 00:07:23,product_not_received,LOST
cb_000796,txn_0032920,cust_009843,2024-11-04 01:07:20,product_not_received,LOST
cb_000797,txn_0032921,cust_009843,2024-09-09 01:10:34,product_not_received,LOST
cb_000798,txn_0032923,cust_009843,2024-09-27 01:14:43,unauthorized_transaction,PENDING
cb_000799,txn_0032924,cust_008349,2024-10-28 03:47:52,product_not_received,LOST
cb_000800,txn_0032925,cust_004091,2024-08-31 04:10:50,product_not_received,PENDING
cb_000801,txn_0032929,cust_001300,2024-09-27 07:03:29,unauthorized_transaction,PENDING
cb_000802,txn_0032996,cust_005226,2024-11-03 14:20:47,product_not_received,OPEN
cb_000803,txn_0033007,cust_005655,2024-10-16 15:23:32,unauthorized_transaction,PENDING
cb_000804,txn_0033008,cust_005655,2024-09-14 15:24:10,unauthorized_transaction,OPEN
cb_000805,txn_0033009,cust_005655,2024-10-07 15:24:14,product_not_received,LOST
cb_000806,txn_0033073,cust_003273,2024-09-07 01:54:05,unauthorized_transaction,OPEN
cb_000807,txn_0033074,cust_005355,2024-09-11 03:05:07,product_not_received,LOST
cb_000808,txn_0033077,cust_000223,2024-09-03 06:59:23,unauthorized_transaction,LOST
cb_000809,txn_0033081,cust_000223,2024-10-12 07:05:09,product_not_received,PENDING
cb_000810,txn_0033082,cust_000223,2024-10-08 07:06:37,unauthorized_transaction,LOST
cb_000811,txn_0033084,cust_005523,2024-10-24 07:17:28,product_not_as_described,WON
cb_000812,txn_0033274,cust_007772,2024-10-29 09:44:33,unauthorized_transaction,LOST
cb_000813,txn_0033520,cust_005373,2024-11-04 22:43:33,subscription_cancelled,WON
cb_000814,txn_0033529,cust_004143,2024-09-16 03:40:52,product_not_received,PENDING
cb_000815,txn_0033538,cust_001634,2024-09-25 07:36:12,unauthorized_transaction,WON
cb_000816,txn_0033587,cust_002032,2024-09-13 12:27:00,subscription_cancelled,LOST
cb_000817,txn_0033619,cust_003951,2024-10-09 15:08:39,unauthorized_transaction,LOST
cb_000818,txn_0033661,cust_005733,2024-09-10 19:20:07,product_not_received,PENDING
cb_000819,txn_0033664,cust_005733,2024-10-21 19:22:08,unauthorized_transaction,OPEN
cb_000820,txn_0033666,cust_005733,2024-09-01 19:27:04,unauthorized_transaction,OPEN
cb_000821,txn_0033772,cust_009579,2024-09-24 14:21:37,product_not_as_described,OPEN
cb_000822,txn_0033779,cust_002549,2024-09-26 15:10:47,unauthorized_transaction,LOST
cb_000823,txn_0033828,cust_005958,2024-10-27 20:57:07,unauthorized_transaction,OPEN
cb_000824,txn_0033848,cust_002586,2024-11-03 02:48:37,product_not_received,LOST
cb_000825,txn_0033989,cust_005703,2024-09-12 23:55:26,merchandise_defective,PENDING
cb_000826,txn_0034051,cust_005772,2024-10-09 16:36:32,merchandise_defective,OPEN
cb_000827,txn_0034059,cust_003743,2024-10-15 17:36:30,unauthorized_transaction,OPEN
cb_000828,txn_0034259,cust_004447,2024-10-17 22:13:41,unauthorized_transaction,LOST
cb_000829,txn_0034288,cust_001634,2024-09-23 09:41:15,product_not_as_described,WON
cb_000830,txn_0034418,cust_006516,2024-10-21 06:32:11,product_not_received,PENDING
cb_000831,txn_0034521,cust_007194,2024-09-25 19:12:40,product_not_received,LOST
cb_000832,txn_0034558,cust_009010,2024-09-17 06:25:05,product_not_received,LOST
cb_000833,txn_0034617,cust_005838,2024-10-13 13:31:51,unauthorized_transaction,LOST
cb_000834,txn_0034659,cust_003919,2024-10-15 19:47:58,subscription_cancelled,WON
cb_000835,txn_0034735,cust_001634,2024-11-21 12:12:12,credit_not_processed,OPEN
cb_000836,txn_0034880,cust_004489,2024-11-01 11:57:44,product_not_received,LOST
cb_000837,txn_0034901,cust_009514,2024-11-07 14:47:15,unauthorized_transaction,OPEN
cb_000838,txn_0034904,cust_008330,2024-11-09 15:25:57,unauthorized_transaction,LOST
cb_000839,txn_0034907,cust_008307,2024-11-11 16:06:07,unauthorized_transaction,OPEN
cb_000840,txn_0034972,cust_008046,2024-09-09 22:50:13,unauthorized_transaction,LOST
cb_000841,txn_0034994,cust_009513,2024-11-20 07:11:53,unauthorized_transaction,LOST
cb_000842,txn_0035207,cust_008493,2024-10-27 16:09:58,unauthorized_transaction,OPEN
cb_000843,txn_0035359,cust_000070,2024-10-17 14:30:17,product_not_received,OPEN
cb_000844,txn_0035361,cust_001390,2024-10-10 14:41:26,duplicate_charge,WON
cb_000845,txn_0035366,cust_001634,2024-10-09 16:09:33,merchandise_defective,WON
cb_000846,txn_0035426,cust_009109,2024-10-13 05:31:52,product_not_received,PENDING
cb_000847,txn_0035444,cust_008393,2024-10-19 09:16:51,unauthorized_transaction,OPEN
cb_000848,txn_0035445,cust_000936,2024-09-21 09:21:28,merchandise_defective,WON
cb_000849,txn_0035564,cust_006977,2024-10-21 00:51:17,unauthorized_transaction,LOST
cb_000850,txn_0035566,cust_006977,2024-09-19 00:53:14,unauthorized_transaction,PENDING
cb_000851,txn_0035567,cust_006977,2024-11-11 00:54:30,unauthorized_transaction,LOST
cb_000852,txn_0035568,cust_003503,2024-11-28 03:34:19,product_not_received,OPEN
cb_000853,txn_0035593,cust_008238,2024-11-08 09:44:59,product_not_received,LOST
cb_000854,txn_0035627,cust_008719,2024-09-16 13:15:43,unauthorized_transaction,OPEN
cb_000855,txn_0035728,cust_006956,2024-10-08 09:02:49,unauthorized_transaction,LOST
cb_000856,txn_0035753,cust_003002,2024-11-03 11:46:52,subscription_cancelled,WON
cb_000857,txn_0035860,cust_006489,2024-11-05 10:13:13,product_not_received,PENDING
cb_000858,txn_0035944,cust_008390,2024-11-21 18:37:29,subscription_cancelled,WON
cb_000859,txn_0035947,cust_000994,2024-11-04 19:02:31,unauthorized_transaction,WON
cb_000860,txn_0035950,cust_002529,2024-11-17 19:11:11,product_not_received,LOST
cb_000861,txn_0036088,cust_000110,2024-11-09 18:07:26,product_not_received,LOST
cb_000862,txn_0036138,cust_006685,2024-10-13 00:15:25,unauthorized_transaction,LOST
cb_000863,txn_0036241,cust_003142,2024-11-04 17:39:41,unauthorized_transaction,OPEN
cb_000864,txn_0036250,cust_005336,2024-10-11 18:30:42,unauthorized_transaction,LOST
cb_000865,txn_0036293,cust_001634,2024-11-19 22:33:59,credit_not_processed,OPEN
cb_000866,txn_0036425,cust_004792,2024-10-23 23:10:31,product_not_received,LOST
cb_000867,txn_0036428,cust_004792,2024-10-31 23:12:57,product_not_received,LOST
cb_000868,txn_0036456,cust_007829,2024-10-29 09:31:14,product_not_received,LOST
cb_000869,txn_0036467,cust_005746,2024-12-01 10:07:11,unauthorized_transaction,OPEN
cb_000870,txn_0036468,cust_005746,2024-11-03 10:07:55,product_not_received,OPEN
cb_000871,txn_0036472,cust_005746,2024-12-01 10:11:38,unauthorized_transaction,LOST
cb_000872,txn_0036573,cust_004892,2024-10-14 19:33:05,unauthorized_transaction,PENDING
cb_000873,txn_0036605,cust_002032,2024-11-13 22:36:50,merchandise_defective,PENDING
cb_000874,txn_0036616,cust_002492,2024-09-30 04:13:26,product_not_received,PENDING
cb_000875,txn_0036618,cust_002492,2024-10-31 04:16:07,unauthorized_transaction,OPEN
cb_000876,txn_0036622,cust_007568,2024-10-27 06:33:05,product_not_received,LOST
cb_000877,txn_0036635,cust_009302,2024-12-05 08:33:05,product_not_received,LOST
cb_000878,txn_0036636,cust_008832,2024-11-26 08:33:05,unauthorized_transaction,OPEN
cb_000879,txn_0036654,cust_002766,2024-10-10 10:23:28,product_not_received,OPEN
cb_000880,txn_0036692,cust_000698,2024-11-29 13:23:28,product_not_received,OPEN
cb_000881,txn_0036693,cust_001192,2024-12-02 13:23:28,unauthorized_transaction,LOST
cb_000882,txn_0036701,cust_000957,2024-09-30 14:18:58,unauthorized_transaction,PENDING
cb_000883,txn_0036742,cust_001981,2024-11-22 19:30:12,product_not_received,PENDING
cb_000884,txn_0036790,cust_009302,2024-11-03 00:33:05,unauthorized_transaction,PENDING
cb_000885,txn_0036792,cust_000224,2024-10-06 02:33:05,product_not_received,OPEN
cb_000886,txn_0036794,cust_008832,2024-10-20 03:33:05,unauthorized_transaction,LOST
cb_000887,txn_0036807,cust_006176,2024-10-06 08:07:12,product_not_received,PENDING
cb_000888,txn_0036837,cust_000224,2024-10-29 10:33:05,product_not_received,PENDING
cb_000889,txn_0036874,cust_000029,2024-11-05 14:23:28,product_not_received,LOST
cb_000890,txn_0036898,cust_001070,2024-12-03 17:23:28,product_not_received,LOST
cb_000891,txn_0036954,cust_000029,2024-10-22 01:23:28,product_not_received,OPEN
cb_000892,txn_0036956,cust_001070,2024-12-07 04:23:28,unauthorized_transaction,PENDING
cb_000893,txn_0036957,cust_005071,2024-11-12 04:23:28,product_not_received,LOST
cb_000894,txn_0037037,cust_009460,2024-11-11 17:34:14,subscription_cancelled,WON
cb_000895,txn_0037100,cust_005487,2024-10-13 23:48:28,unauthorized_transaction,PENDING
cb_000896,txn_0037119,cust_008190,2024-12-08 10:01:57,product_not_received,PENDING
cb_000897,txn_0037126,cust_007191,2024-11-24 11:15:28,unauthorized_transaction,PENDING
cb_000898,txn_0037141,cust_002087,2024-11-04 12:50:23,unauthorized_transaction,PENDING
cb_000899,txn_0037146,cust_007849,2024-11-02 13:15:28,product_not_received,OPEN
cb_000900,txn_0037178,cust_002448,2024-11-13 16:15:28,product_not_received,LOST
cb_000901,txn_0037243,cust_007191,2024-09-26 02:15:28,product_not_received,LOST
cb_000902,txn_0037302,cust_008966,2024-11-15 12:15:28,unauthorized_transaction,LOST
cb_000903,txn_0037366,cust_003869,2024-11-29 17:15:28,product_not_received,LOST
cb_000904,txn_0037426,cust_007499,2024-10-24 23:02:51,unauthorized_transaction,LOST
cb_000905,txn_0037428,cust_002448,2024-12-02 23:15:28,product_not_received,LOST
cb_000906,txn_0037431,cust_004699,2024-12-01 04:14:54,product_not_received,LOST
cb_000907,txn_0037452,cust_005086,2024-11-30 10:00:42,product_not_received,LOST
cb_000908,txn_0037616,cust_001634,2024-10-19 12:04:58,duplicate_charge,WON
cb_000909,txn_0037621,cust_002032,2024-10-31 12:26:05,credit_not_processed,LOST
cb_000910,txn_0037681,cust_000516,2024-11-09 19:06:17,product_not_received,OPEN
cb_000911,txn_0037696,cust_004635,2024-12-09 20:07:07,product_not_received,LOST
cb_000912,txn_0037785,cust_005529,2024-10-22 12:30:42,merchandise_defective,WON
cb_000913,txn_0037861,cust_008571,2024-12-05 21:20:37,product_not_received,LOST
cb_000914,txn_0037871,cust_007295,2024-10-20 22:29:10,product_not_received,LOST
cb_000915,txn_0038082,cust_006921,2024-11-24 12:49:51,product_not_received,OPEN
cb_000916,txn_0038116,cust_007923,2024-11-16 17:48:27,unauthorized_transaction,LOST
cb_000917,txn_0038164,cust_000217,2024-10-02 05:06:31,product_not_received,OPEN
cb_000918,txn_0038189,cust_002675,2024-11-27 09:43:35,product_not_received,OPEN
cb_000919,txn_0038221,cust_009835,2024-10-05 11:23:06,duplicate_charge,PENDING
cb_000920,txn_0038288,cust_009286,2024-10-29 18:20:02,unauthorized_transaction,OPEN
cb_000921,txn_0038302,cust_001000,2024-12-07 19:21:21,product_not_received,WON
cb_000922,txn_0038325,cust_002250,2024-11-16 21:20:02,unauthorized_transaction,OPEN
cb_000923,txn_0038331,cust_007890,2024-10-05 21:45:03,product_not_received,LOST
cb_000924,txn_0038346,cust_009286,2024-10-22 02:20:02,unauthorized_transaction,OPEN
cb_000925,txn_0038383,cust_009372,2024-11-13 11:20:02,product_not_received,PENDING
cb_000926,txn_0038392,cust_005821,2024-10-24 12:20:02,product_not_received,LOST
cb_000927,txn_0038400,cust_003333,2024-10-12 13:20:02,product_not_received,LOST
cb_000928,txn_0038411,cust_002651,2024-12-15 14:18:34,product_not_received,PENDING
cb_000929,txn_0038412,cust_005821,2024-10-07 14:20:02,product_not_received,LOST
cb_000930,txn_0038447,cust_009286,2024-10-11 18:20:02,unauthorized_transaction,LOST
cb_000931,txn_0038489,cust_007976,2024-10-13 05:20:02,product_not_received,OPEN
cb_000932,txn_0038491,cust_002504,2024-11-20 06:14:36,unauthorized_transaction,OPEN
cb_000933,txn_0038538,cust_006410,2024-10-13 13:17:31,product_not_received,LOST
cb_000934,txn_0038541,cust_006410,2024-12-15 13:20:51,unauthorized_transaction,OPEN
cb_000935,txn_0038544,cust_006410,2024-12-02 13:22:16,unauthorized_transaction,OPEN
cb_000936,txn_0038573,cust_000857,2024-10-10 16:52:09,merchandise_defective,OPEN
cb_000937,txn_0038580,cust_009211,2024-11-24 17:36:04,unauthorized_transaction,LOST
cb_000938,txn_0038619,cust_001634,2024-10-13 20:44:23,subscription_cancelled,WON
cb_000939,txn_0038684,cust_002444,2024-10-18 11:55:15,duplicate_charge,WON
cb_000940,txn_0038794,cust_002312,2024-10-18 21:37:05,product_not_received,OPEN
cb_000941,txn_0038861,cust_003395,2024-10-13 15:36:33,unauthorized_transaction,LOST
cb_000942,txn_0038872,cust_000538,2024-10-31 16:56:14,product_not_received,LOST
cb_000943,txn_0038937,cust_009350,2024-12-10 05:51:28,product_not_as_described,LOST
cb_000944,txn_0038960,cust_008772,2024-11-16 10:46:10,product_not_received,LOST
cb_000945,txn_0039021,cust_006419,2024-11-27 18:09:38,product_not_received,OPEN
cb_000946,txn_0039064,cust_001403,2024-12-05 21:11:40,product_not_received,LOST
cb_000947,txn_0039110,cust_002032,2024-11-04 10:15:36,product_not_received,WON
cb_000948,txn_0039158,cust_001133,2024-10-11 15:20:46,unauthorized_transaction,PENDING
cb_000949,txn_0039184,cust_009102,2024-10-14 18:45:51,unauthorized_transaction,LOST
cb_000950,txn_0039186,cust_009904,2024-10-13 18:50:46,product_not_received,LOST
cb_000951,txn_0039219,cust_001609,2024-10-25 22:07:38,unauthorized_transaction,PENDING
cb_000952,txn_0039220,cust_001609,2024-12-08 22:08:24,unauthorized_transaction,OPEN
cb_000953,txn_0039222,cust_001609,2024-11-17 22:12:07,product_not_received,LOST
cb_000954,txn_0039228,cust_006018,2024-10-18 00:52:22,product_not_received,LOST
cb_000955,txn_0039234,cust_007054,2024-11-11 06:59:26,product_not_received,OPEN
cb_000956,txn_0039247,cust_009550,2024-10-30 09:02:29,unauthorized_transaction,LOST
cb_000957,txn_0039279,cust_000857,2024-12-02 11:57:39,subscription_cancelled,OPEN
cb_000958,txn_0039313,cust_005198,2024-11-06 14:21:39,product_not_received,OPEN
cb_000959,txn_0039318,cust_005531,2024-12-10 15:23:05,product_not_as_described,WON
cb_000960,txn_0039399,cust_009898,2024-12-13 01:31:24,unauthorized_transaction,LOST
cb_000961,txn_0039400,cust_007602,2024-12-22 02:29:04,product_not_received,LOST
cb_000962,txn_0039401,cust_006462,2024-11-28 02:42:02,unauthorized_transaction,OPEN
cb_000963,txn_0039411,cust_004690,2024-10-09 08:23:01,product_not_received,PENDING
cb_000964,txn_0039412,cust_004690,2024-12-15 08:23:55,product_not_received,LOST
cb_000965,txn_0039414,cust_004690,2024-11-27 08:27:46,unauthorized_transaction,LOST
cb_000966,txn_0039416,cust_004690,2024-10-10 08:29:52,product_not_received,LOST
cb_000967,txn_0039554,cust_008369,2024-10-20 23:57:15,product_not_received,OPEN
cb_000968,txn_0039717,cust_000414,2024-10-16 22:38:55,product_not_received,PENDING
cb_000969,txn_0039859,cust_005607,2024-10-26 01:35:23,unauthorized_transaction,LOST
cb_000970,txn_0039894,cust_005458,2024-12-21 10:43:00,subscription_cancelled,LOST
cb_000971,txn_0039952,cust_001763,2024-11-22 18:04:35,product_not_received,OPEN
cb_000972,txn_0040129,cust_005724,2024-12-25 22:31:38,unauthorized_transaction,OPEN
cb_000973,txn_0040130,cust_005724,2024-12-20 22:32:11,unauthorized_transaction,OPEN
cb_000974,txn_0040142,cust_007946,2024-12-18 05:22:51,unauthorized_transaction,LOST
cb_000975,txn_0040235,cust_005239,2024-10-21 18:36:28,unauthorized_transaction,LOST
cb_000976,txn_0040245,cust_002472,2024-12-09 19:14:54,unauthorized_transaction,PENDING
cb_000977,txn_0040426,cust_000438,2024-11-18 22:47:31,unauthorized_transaction,LOST
cb_000978,txn_0040435,cust_009156,2024-12-24 04:42:41,unauthorized_transaction,LOST
cb_000979,txn_0040437,cust_009156,2024-11-02 04:43:59,unauthorized_transaction,LOST
cb_000980,txn_0040500,cust_001634,2024-10-22 15:06:54,credit_not_processed,OPEN
cb_000981,txn_0040517,cust_006620,2024-11-25 18:21:13,product_not_received,LOST
cb_000982,txn_0040710,cust_004626,2024-11-11 08:11:40,unauthorized_transaction,LOST
cb_000983,txn_0040780,cust_001634,2024-12-08 15:04:25,merchandise_defective,WON
cb_000984,txn_0040849,cust_003916,2024-10-27 23:36:05,product_not_received,LOST
cb_000985,txn_0040854,cust_001471,2024-12-12 01:36:05,unauthorized_transaction,LOST
cb_000986,txn_0040856,cust_009026,2024-11-30 02:36:05,product_not_received,OPEN
cb_000987,txn_0040864,cust_001194,2024-11-18 07:36:39,unauthorized_transaction,PENDING
cb_000988,txn_0040887,cust_009576,2024-12-06 10:36:05,unauthorized_transaction,PENDING
cb_000989,txn_0040900,cust_006855,2024-12-03 11:36:05,product_not_received,OPEN
cb_000990,txn_0040928,cust_001220,2024-11-15 13:20:57,unauthorized_transaction,PENDING
cb_000991,txn_0040946,cust_003983,2024-11-27 16:36:05,product_not_received,LOST
cb_000992,txn_0040961,cust_004405,2024-12-02 18:02:30,product_not_received,LOST
cb_000993,txn_0040976,cust_007196,2024-10-20 19:27:07,product_not_received,PENDING
cb_000994,txn_0041170,cust_008661,2024-11-26 05:32:07,unauthorized_transaction,LOST
cb_000995,txn_0041238,cust_009326,2024-12-08 14:16:53,product_not_received,WON
cb_000996,txn_0041255,cust_004367,2024-11-10 16:14:50,product_not_as_described,WON
cb_000997,txn_0041306,cust_001634,2024-11-08 22:44:26,credit_not_processed,WON
cb_000998,txn_0041313,cust_005925,2024-11-13 00:38:12,unauthorized_transaction,LOST
cb_000999,txn_0041327,cust_003396,2024-12-14 07:33:11,product_not_received,PENDING
cb_001000,txn_0041328,cust_003396,2024-12-16 07:34:09,unauthorized_transaction,PENDING
cb_001001,txn_0041392,cust_001634,2024-10-25 14:18:03,duplicate_charge,PENDING
cb_001002,txn_0041418,cust_009384,2024-12-19 17:47:25,unauthorized_transaction,PENDING
cb_001003,txn_0041444,cust_006809,2024-11-25 20:01:26,product_not_received,LOST
cb_001004,txn_0041500,cust_002953,2024-12-15 10:36:33,unauthorized_transaction,LOST
cb_001005,txn_0041512,cust_001634,2024-11-16 12:07:47,merchandise_defective,LOST
cb_001006,txn_0041592,cust_008114,2024-11-29 21:14:13,unauthorized_transaction,PENDING
cb_001007,txn_0041601,cust_003442,2024-11-19 21:38:34,unauthorized_transaction,LOST
cb_001008,txn_0041612,cust_004929,2024-12-21 02:59:02,unauthorized_transaction,LOST
cb_001009,txn_0041641,cust_004471,2024-12-25 10:49:08,unauthorized_transaction,LOST
cb_001010,txn_0041651,cust_001634,2024-12-14 11:51:00,merchandise_defective,WON
cb_001011,txn_0041692,cust_007371,2024-11-20 15:56:59,product_not_received,LOST
cb_001012,txn_0041764,cust_002827,2024-11-23 03:18:06,unauthorized_transaction,OPEN
cb_001013,txn_0041765,cust_009152,2024-12-02 03:32:15,unauthorized_transaction,LOST
cb_001014,txn_0041823,cust_001634,2024-10-29 12:08:38,product_not_as_described,OPEN
cb_001015,txn_0041893,cust_001634,2024-12-13 20:40:56,merchandise_defective,OPEN
cb_001016,txn_0041924,cust_001971,2024-11-26 03:41:12,product_not_received,LOST
cb_001017,txn_0042074,cust_007491,2024-11-05 03:15:31,product_not_received,LOST
cb_001018,txn_0042080,cust_005264,2024-11-30 07:14:45,unauthorized_transaction,PENDING
cb_001019,txn_0042092,cust_002118,2025-01-01 08:40:24,credit_not_processed,WON
cb_001020,txn_0042236,cust_005178,2024-12-17 04:18:45,unauthorized_transaction,LOST
cb_001021,txn_0042382,cust_007779,2024-12-29 03:33:24,product_not_received,OPEN
cb_001022,txn_0042403,cust_004537,2025-01-06 10:18:55,duplicate_charge,WON
cb_001023,txn_0042618,cust_004446,2024-12-06 20:45:48,unauthorized_transaction,LOST
cb_001024,txn_0042635,cust_008333,2024-12-12 23:45:48,unauthorized_transaction,LOST
cb_001025,txn_0042637,cust_000774,2024-12-25 00:45:48,unauthorized_transaction,LOST
cb_001026,txn_0042643,cust_002928,2024-12-04 06:34:17,product_not_received,LOST
cb_001027,txn_0042724,cust_004237,2024-12-04 16:20:15,unauthorized_transaction,LOST
cb_001028,txn_0042833,cust_006916,2024-11-12 13:38:55,product_not_received,PENDING
cb_001029,txn_0042923,cust_005542,2024-12-17 23:46:24,unauthorized_transaction,PENDING
cb_001030,txn_0042926,cust_005542,2024-11-26 23:53:14,product_not_received,LOST
cb_001031,txn_0042929,cust_007204,2024-11-17 01:43:19,unauthorized_transaction,LOST
cb_001032,txn_0042931,cust_005472,2025-01-15 03:43:19,product_not_received,LOST
cb_001033,txn_0042937,cust_001595,2024-12-12 06:19:19,unauthorized_transaction,LOST
cb_001034,txn_0042967,cust_008504,2024-11-21 11:06:24,subscription_cancelled,PENDING
cb_001035,txn_0042972,cust_000035,2024-12-30 11:43:19,product_not_received,OPEN
cb_001036,txn_0043000,cust_009501,2024-12-30 14:48:23,product_not_received,OPEN
cb_001037,txn_0043040,cust_005399,2024-12-08 19:43:19,unauthorized_transaction,LOST
cb_001038,txn_0043041,cust_006783,2024-11-19 19:44:45,merchandise_defective,WON
cb_001039,txn_0043129,cust_009446,2024-11-17 12:41:50,unauthorized_transaction,PENDING
cb_001040,txn_0043182,cust_001869,2024-12-14 18:30:50,unauthorized_transaction,PENDING
cb_001041,txn_0043241,cust_007872,2025-01-01 09:46:25,product_not_received,LOST
cb_001042,txn_0043284,cust_001634,2024-12-02 14:11:20,product_not_as_described,OPEN
cb_001043,txn_0043308,cust_005673,2024-12-30 16:30:33,product_not_received,LOST
cb_001044,txn_0043309,cust_005673,2024-11-10 16:32:48,product_not_received,LOST
cb_001045,txn_0043334,cust_001634,2024-11-11 19:01:36,subscription_cancelled,WON
cb_001046,txn_0043523,cust_001757,2024-12-31 01:52:50,product_not_received,LOST
cb_001047,txn_0043655,cust_001654,2024-12-04 19:57:17,product_not_as_described,OPEN
cb_001048,txn_0043687,cust_005975,2024-11-14 01:05:34,product_not_received,LOST
cb_001049,txn_0043776,cust_003282,2024-11-28 17:52:14,unauthorized_transaction,LOST
cb_001050,txn_0043826,cust_001299,2024-11-24 23:12:13,unauthorized_transaction,PENDING
cb_001051,txn_0043828,cust_006811,2025-01-08 01:53:34,product_not_received,LOST
cb_001052,txn_0043853,cust_005839,2025-01-10 09:30:03,unauthorized_transaction,LOST
cb_001053,txn_0043942,cust_004387,2024-12-20 20:07:25,product_not_received,WON
cb_001054,txn_0043960,cust_004159,2025-01-05 21:35:44,product_not_received,OPEN
cb_001055,txn_0044125,cust_003857,2025-01-21 07:44:50,product_not_received,OPEN
cb_001056,txn_0044243,cust_008154,2024-11-10 21:37:57,unauthorized_transaction,WON
cb_001057,txn_0044302,cust_000867,2024-11-30 12:39:45,product_not_received,PENDING
cb_001058,txn_0044474,cust_003083,2024-11-25 17:33:46,unauthorized_transaction,LOST
cb_001059,txn_0044486,cust_002608,2024-12-03 19:25:34,product_not_received,LOST
cb_001060,txn_0044511,cust_006061,2024-11-16 00:42:12,product_not_received,PENDING
cb_001061,txn_0044512,cust_007389,2024-11-30 05:06:18,unauthorized_transaction,LOST
cb_001062,txn_0044660,cust_009597,2025-01-09 03:38:06,unauthorized_transaction,LOST
cb_001063,txn_0044694,cust_009755,2025-01-11 11:31:16,product_not_received,WON
cb_001064,txn_0044804,cust_000935,2024-11-17 22:56:31,product_not_received,LOST
cb_001065,txn_0044851,cust_001634,2024-12-15 12:29:38,duplicate_charge,OPEN
cb_001066,txn_0044932,cust_004740,2024-12-10 20:42:44,unauthorized_transaction,OPEN
cb_001067,txn_0044940,cust_007788,2024-12-03 21:40:30,unauthorized_transaction,OPEN
cb_001068,txn_0045070,cust_003054,2025-01-10 22:20:04,product_not_received,WON
cb_001069,txn_0045078,cust_001846,2024-12-16 03:04:59,unauthorized_transaction,OPEN
cb_001070,txn_0045124,cust_000601,2025-01-16 12:18:54,product_not_received,OPEN
cb_001071,txn_0045218,cust_008842,2024-12-27 06:21:43,unauthorized_transaction,LOST
cb_001072,txn_0045283,cust_000857,2024-12-10 14:12:56,product_not_received,WON
cb_001073,txn_0045293,cust_003406,2025-01-06 15:23:39,unauthorized_transaction,OPEN
cb_001074,txn_0045297,cust_003406,2024-12-01 15:26:59,unauthorized_transaction,LOST
cb_001075,txn_0045305,cust_001634,2024-12-07 16:37:13,unauthorized_transaction,OPEN
cb_001076,txn_0045379,cust_007259,2024-12-06 04:27:41,unauthorized_transaction,LOST
cb_001077,txn_0045425,cust_009460,2024-11-27 12:30:18,product_not_received,PENDING
cb_001078,txn_0045537,cust_008717,2024-11-25 23:47:43,product_not_received,LOST
cb_001079,txn_0045594,cust_003467,2025-01-18 12:45:18,subscription_cancelled,OPEN
cb_001080,txn_0045665,cust_003100,2024-11-28 19:54:31,unauthorized_transaction,LOST
cb_001081,txn_0045669,cust_003100,2025-01-11 19:55:41,unauthorized_transaction,PENDING
cb_001082,txn_0045671,cust_003100,2024-11-20 19:56:07,unauthorized_transaction,LOST
cb_001083,txn_0045672,cust_003100,2024-12-18 19:57:59,unauthorized_transaction,OPEN
cb_001084,txn_0045673,cust_003100,2024-11-28 19:58:12,unauthorized_transaction,OPEN
cb_001085,txn_0045707,cust_006373,2024-12-02 07:29:20,credit_not_processed,LOST
cb_001086,txn_0045718,cust_002354,2025-01-23 08:55:19,unauthorized_transaction,OPEN
cb_001087,txn_0045897,cust_003795,2025-01-27 16:41:42,unauthorized_transaction,LOST
cb_001088,txn_0045961,cust_008578,2025-01-26 02:37:01,product_not_received,OPEN
cb_001089,txn_0046103,cust_002634,2024-12-07 01:36:13,unauthorized_transaction,LOST
cb_001090,txn_0046129,cust_008572,2024-12-23 09:55:01,product_not_received,OPEN
cb_001091,txn_0046191,cust_007751,2025-01-18 18:00:07,product_not_received,LOST
cb_001092,txn_0046192,cust_007751,2025-02-05 18:00:36,unauthorized_transaction,OPEN
cb_001093,txn_0046239,cust_007277,2025-01-16 21:54:51,unauthorized_transaction,LOST
cb_001094,txn_0046397,cust_006762,2025-01-20 02:06:48,unauthorized_transaction,PENDING
cb_001095,txn_0046465,cust_005950,2024-12-13 17:03:31,merchandise_defective,LOST
cb_001096,txn_0046517,cust_000129,2025-01-25 00:43:26,unauthorized_transaction,OPEN
cb_001097,txn_0046577,cust_001634,2025-02-10 14:13:56,merchandise_defective,WON
cb_001098,txn_0046594,cust_006531,2025-02-04 15:51:14,product_not_as_described,LOST
cb_001099,txn_0046603,cust_001634,2025-01-11 17:33:37,duplicate_charge,LOST
cb_001100,txn_0046655,cust_002235,2025-01-12 22:18:13,product_not_received,LOST
cb_001101,txn_0046665,cust_007828,2024-12-27 00:34:59,product_not_received,OPEN
cb_001102,txn_0046697,cust_000936,2025-01-26 10:14:33,product_not_received,OPEN
cb_001103,txn_0046784,cust_000360,2024-12-30 19:10:34,unauthorized_transaction,OPEN
cb_001104,txn_0046832,cust_001634,2025-01-07 07:46:43,subscription_cancelled,OPEN
cb_001105,txn_0046898,cust_001542,2025-01-10 14:44:56,unauthorized_transaction,LOST
cb_001106,txn_0046924,cust_006039,2025-01-20 18:05:04,unauthorized_transaction,LOST
cb_001107,txn_0046955,cust_000857,2025-01-13 21:07:57,credit_not_processed,PENDING
cb_001108,txn_0046974,cust_005662,2025-01-30 23:46:42,unauthorized_transaction,LOST
cb_001109,txn_0046990,cust_003917,2024-12-28 08:38:46,unauthorized_transaction,OPEN
cb_001110,txn_0046993,cust_003917,2025-01-17 08:44:22,unauthorized_transaction,PENDING
cb_001111,txn_0047137,cust_001738,2025-01-30 00:00:07,product_not_received,LOST
cb_001112,txn_0047186,cust_002474,2024-12-26 11:46:36,unauthorized_transaction,LOST
cb_001113,txn_0047277,cust_005551,2025-01-20 02:33:23,unauthorized_transaction,LOST
cb_001114,txn_0047335,cust_006315,2024-12-24 13:04:01,product_not_received,PENDING
cb_001115,txn_0047480,cust_001634,2024-12-13 14:17:57,credit_not_processed,OPEN
cb_001116,txn_0047675,cust_000794,2025-02-08 23:33:00,product_not_received,LOST
cb_001117,txn_0047682,cust_007288,2025-02-08 00:38:46,unauthorized_transaction,PENDING
cb_001118,txn_0047683,cust_007288,2024-12-28 00:38:55,unauthorized_transaction,LOST
cb_001119,txn_0047685,cust_005857,2025-01-12 00:48:49,product_not_received,LOST
cb_001120,txn_0047693,cust_001013,2025-01-05 08:37:04,unauthorized_transaction,PENDING
cb_001121,txn_0047710,cust_003323,2025-02-02 10:42:53,product_not_received,OPEN
cb_001122,txn_0047719,cust_000487,2024-12-23 11:12:08,unauthorized_transaction,WON
cb_001123,txn_0047748,cust_005124,2025-01-16 13:47:25,product_not_received,LOST
cb_001124,txn_0047764,cust_007349,2025-01-07 15:36:16,unauthorized_transaction,LOST
cb_001125,txn_0047775,cust_001634,2025-01-03 16:59:12,product_not_received,PENDING
cb_001126,txn_0047855,cust_009364,2025-02-08 04:27:37,product_not_received,PENDING
cb_001127,txn_0047995,cust_004763,2025-02-19 00:58:29,product_not_received,LOST
cb_001128,txn_0048012,cust_007803,2025-01-05 09:00:40,product_not_received,LOST
cb_001129,txn_0048261,cust_001634,2024-12-10 21:14:17,credit_not_processed,OPEN
cb_001130,txn_0048307,cust_003853,2024-12-31 10:03:58,subscription_cancelled,OPEN
cb_001131,txn_0048383,cust_001634,2025-02-12 18:07:17,duplicate_charge,LOST
cb_001132,txn_0048429,cust_008358,2025-01-10 04:24:23,unauthorized_transaction,PENDING
cb_001133,txn_0048432,cust_008358,2024-12-28 04:32:30,unauthorized_transaction,LOST
cb_001134,txn_0048548,cust_001634,2025-02-17 19:01:15,duplicate_charge,PENDING
cb_001135,txn_0048590,cust_001183,2025-01-23 03:43:44,product_not_received,LOST
cb_001136,txn_0048698,cust_002118,2024-12-28 18:50:35,unauthorized_transaction,WON
cb_001137,txn_0048710,cust_001731,2025-01-08 19:46:44,product_not_received,PENDING
cb_001138,txn_0048728,cust_002258,2025-02-18 21:10:32,product_not_received,LOST
cb_001139,txn_0048747,cust_005436,2025-01-26 01:46:44,unauthorized_transaction,PENDING
cb_001140,txn_0048755,cust_006529,2025-01-12 07:46:44,unauthorized_transaction,LOST
cb_001141,txn_0048804,cust_001731,2025-01-26 12:46:44,unauthorized_transaction,LOST
cb_001142,txn_0048861,cust_008165,2025-02-18 18:48:49,unauthorized_transaction,PENDING
cb_001143,txn_0048934,cust_001634,2025-02-03 11:39:23,merchandise_defective,WON
cb_001144,txn_0048936,cust_003689,2025-02-22 11:43:55,unauthorized_transaction,LOST
cb_001145,txn_0049000,cust_006529,2025-01-14 17:46:44,unauthorized_transaction,LOST
cb_001146,txn_0049019,cust_005614,2025-01-14 19:11:49,unauthorized_transaction,LOST
cb_001147,txn_0049051,cust_009518,2024-12-19 01:19:46,product_not_received,LOST
cb_001148,txn_0049072,cust_001634,2025-02-16 09:06:50,credit_not_processed,WON
cb_001149,txn_0049212,cust_001734,2025-01-28 08:40:03,unauthorized_transaction,PENDING
cb_001150,txn_0049246,cust_007274,2025-02-19 12:00:24,product_not_received,LOST
cb_001151,txn_0049296,cust_008168,2025-02-08 17:14:53,product_not_as_described,LOST
cb_001152,txn_0049348,cust_001064,2025-02-10 00:43:17,unauthorized_transaction,OPEN
cb_001153,txn_0049355,cust_008682,2025-02-04 07:45:56,product_not_received,LOST
cb_001154,txn_0049398,cust_003594,2025-02-13 12:59:48,merchandise_defective,OPEN
cb_001155,txn_0049516,cust_001413,2025-01-05 06:28:55,unauthorized_transaction,LOST
cb_001156,txn_0049729,cust_007744,2024-12-25 14:43:06,product_not_received,LOST
cb_001157,txn_0049794,cust_004044,2024-12-19 02:49:49,product_not_received,LOST
cb_001158,txn_0049803,cust_009416,2025-01-25 08:01:35,unauthorized_transaction,OPEN
cb_001159,txn_0049809,cust_006448,2025-02-09 08:43:43,unauthorized_transaction,OPEN
cb_001160,txn_0050059,cust_005740,2025-01-16 00:50:18,unauthorized_transaction,PENDING
cb_001161,txn_0050382,cust_004515,2025-03-01 13:10:26,product_not_received,LOST
cb_001162,txn_0050404,cust_009495,2025-02-04 14:59:19,unauthorized_transaction,LOST
cb_001163,txn_0050414,cust_002613,2025-01-03 16:03:24,product_not_received,OPEN
cb_001164,txn_0050454,cust_004997,2025-01-15 20:53:26,unauthorized_transaction,LOST
cb_001165,txn_0050477,cust_001656,2025-02-19 04:57:25,unauthorized_transaction,OPEN
cb_001166,txn_0050479,cust_001656,2025-03-02 04:58:12,unauthorized_transaction,PENDING
cb_001167,txn_0050480,cust_001656,2025-01-09 05:01:00,unauthorized_transaction,PENDING
cb_001168,txn_0050483,cust_001656,2025-01-19 05:03:37,unauthorized_transaction,LOST
cb_001169,txn_0050491,cust_003875,2025-01-13 07:56:31,unauthorized_transaction,PENDING
cb_001170,txn_0050496,cust_003875,2024-12-27 08:00:44,product_not_received,LOST
cb_001171,txn_0050520,cust_001634,2025-02-09 11:07:36,subscription_cancelled,OPEN
cb_001172,txn_0050580,cust_003880,2025-01-23 18:42:32,product_not_received,OPEN
cb_001173,txn_0050628,cust_001634,2024-12-27 09:43:20,credit_not_processed,WON
cb_001174,txn_0050697,cust_001243,2025-01-05 18:09:55,product_not_received,LOST
cb_001175,txn_0050716,cust_001361,2025-02-03 19:57:15,product_not_received,LOST
cb_001176,txn_0050961,cust_001634,2025-03-04 15:37:16,product_not_received,LOST
cb_001177,txn_0051032,cust_009986,2025-02-19 22:16:47,product_not_received,OPEN
cb_001178,txn_0051041,cust_005966,2025-01-20 05:18:16,unauthorized_transaction,LOST
cb_001179,txn_0051049,cust_002683,2025-03-07 07:36:01,product_not_received,OPEN
cb_001180,txn_0051086,cust_005688,2025-02-06 11:18:05,unauthorized_transaction,LOST
cb_001181,txn_0051107,cust_004910,2025-02-04 13:15:41,unauthorized_transaction,LOST
cb_001182,txn_0051111,cust_008587,2025-01-24 13:23:15,unauthorized_transaction,LOST
cb_001183,txn_0051112,cust_008587,2025-02-20 13:23:16,unauthorized_transaction,OPEN
cb_001184,txn_0051114,cust_000020,2025-01-24 13:23:53,unauthorized_transaction,LOST
cb_001185,txn_0051115,cust_008587,2025-01-21 13:26:20,unauthorized_transaction,PENDING
cb_001186,txn_0051118,cust_008587,2025-01-04 13:27:53,unauthorized_transaction,OPEN
cb_001187,txn_0051232,cust_008672,2025-02-27 11:17:21,unauthorized_transaction,PENDING
cb_001188,txn_0051288,cust_003050,2025-02-28 15:53:17,product_not_received,PENDING
cb_001189,txn_0051334,cust_008390,2024-12-30 20:12:18,product_not_received,PENDING
cb_001190,txn_0051343,cust_003589,2025-01-20 20:53:17,unauthorized_transaction,LOST
cb_001191,txn_0051344,cust_001825,2025-01-17 20:53:17,unauthorized_transaction,OPEN
cb_001192,txn_0051348,cust_005327,2025-03-01 21:16:34,unauthorized_transaction,LOST
cb_001193,txn_0051389,cust_001634,2025-02-19 08:54:28,product_not_as_described,WON
cb_001194,txn_0051403,cust_006217,2025-03-03 10:26:41,merchandise_defective,OPEN
cb_001195,txn_0051487,cust_000739,2025-02-04 19:53:17,unauthorized_transaction,OPEN
cb_001196,txn_0051510,cust_004124,2025-02-22 01:32:01,product_not_received,OPEN
cb_001197,txn_0051524,cust_009580,2025-03-07 07:53:17,product_not_received,LOST
cb_001198,txn_0051527,cust_000807,2025-02-28 07:57:43,unauthorized_transaction,OPEN
cb_001199,txn_0051528,cust_000136,2025-01-23 08:15:58,product_not_received,OPEN
cb_001200,txn_0051530,cust_002032,2024-12-31 08:36:15,product_not_as_described,PENDING
cb_001201,txn_0051533,cust_007659,2025-02-07 08:53:17,product_not_received,OPEN
cb_001202,txn_0051595,cust_002449,2025-01-05 14:13:36,unauthorized_transaction,LOST
cb_001203,txn_0051602,cust_004663,2025-02-22 15:11:48,unauthorized_transaction,OPEN
cb_001204,txn_0051719,cust_000747,2025-01-24 10:59:11,product_not_received,OPEN
cb_001205,txn_0051822,cust_007564,2025-02-20 03:34:40,product_not_received,LOST
cb_001206,txn_0051848,cust_001634,2025-03-11 10:40:03,product_not_as_described,WON
cb_001207,txn_0051948,cust_004858,2025-01-22 21:23:02,product_not_received,LOST
cb_001208,txn_0051952,cust_004858,2025-01-24 21:28:09,product_not_received,LOST
cb_001209,txn_0051961,cust_008993,2025-03-04 02:28:50,product_not_received,LOST
cb_001210,txn_0051962,cust_002043,2025-03-06 03:48:46,unauthorized_transaction,OPEN
cb_001211,txn_0051963,cust_002043,2025-03-13 03:50:25,product_not_received,OPEN
cb_001212,txn_0052014,cust_006798,2025-01-25 13:22:44,product_not_received,OPEN
cb_001213,txn_0052052,cust_001599,2025-02-25 18:28:50,product_not_received,OPEN
cb_001214,txn_0052055,cust_004605,2025-03-17 19:05:48,merchandise_defective,OPEN
cb_001215,txn_0052081,cust_008352,2025-02-09 20:28:50,product_not_received,LOST
cb_001216,txn_0052084,cust_002099,2025-03-08 20:38:02,unauthorized_transaction,LOST
cb_001217,txn_0052121,cust_009646,2025-02-03 09:28:50,product_not_received,LOST
cb_001218,txn_0052174,cust_003927,2025-01-28 13:28:50,product_not_received,LOST
cb_001219,txn_0052210,cust_009646,2025-02-07 17:28:50,product_not_received,LOST
cb_001220,txn_0052280,cust_002023,2025-01-21 00:28:50,unauthorized_transaction,LOST
cb_001221,txn_0052281,cust_008789,2025-02-06 01:16:23,product_not_received,PENDING
cb_001222,txn_0052296,cust_008652,2025-02-10 09:14:08,duplicate_charge,WON
cb_001223,txn_0052298,cust_001489,2025-01-31 09:18:24,unauthorized_transaction,LOST
cb_001224,txn_0052299,cust_001789,2025-03-12 09:23:35,unauthorized_transaction,OPEN
cb_001225,txn_0052300,cust_001789,2025-02-24 09:23:49,product_not_received,LOST
cb_001226,txn_0052302,cust_001789,2025-03-02 09:25:15,unauthorized_transaction,LOST
cb_001227,txn_0052303,cust_001789,2025-03-19 09:26:06,product_not_received,LOST
cb_001228,txn_0052305,cust_001789,2025-01-28 09:29:47,unauthorized_transaction,LOST
cb_001229,txn_0052306,cust_001789,2025-01-06 09:31:28,unauthorized_transaction,LOST
cb_001230,txn_0052308,cust_001789,2025-02-11 09:32:08,unauthorized_transaction,LOST
cb_001231,txn_0052412,cust_005680,2025-03-13 20:21:56,unauthorized_transaction,LOST
cb_001232,txn_0052448,cust_000207,2025-03-04 08:19:55,unauthorized_transaction,OPEN
cb_001233,txn_0052451,cust_000207,2025-02-02 08:24:31,product_not_received,LOST
cb_001234,txn_0052519,cust_000073,2025-02-13 14:48:36,product_not_received,PENDING
cb_001235,txn_0052520,cust_000073,2025-03-13 14:51:48,unauthorized_transaction,LOST
cb_001236,txn_0052582,cust_001634,2025-03-11 22:17:36,subscription_cancelled,WON
cb_001237,txn_0052612,cust_002288,2025-01-13 08:29:53,unauthorized_transaction,LOST
cb_001238,txn_0052663,cust_001806,2025-03-09 12:57:13,merchandise_defective,OPEN
cb_001239,txn_0052679,cust_005528,2025-01-21 14:45:41,product_not_received,OPEN
cb_001240,txn_0052681,cust_004376,2025-01-07 15:25:30,unauthorized_transaction,LOST
cb_001241,txn_0052718,cust_001634,2025-01-25 19:37:50,unauthorized_transaction,WON
cb_001242,txn_0052772,cust_003060,2025-01-29 09:10:45,product_not_received,OPEN
cb_001243,txn_0052848,cust_002970,2025-03-05 18:53:35,unauthorized_transaction,LOST
cb_001244,txn_0052883,cust_001634,2025-01-29 23:46:42,product_not_as_described,WON
cb_001245,txn_0052946,cust_001982,2025-02-18 12:50:07,product_not_received,OPEN
cb_001246,txn_0052971,cust_004242,2025-03-12 15:50:07,unauthorized_transaction,PENDING
cb_001247,txn_0053000,cust_005703,2025-02-07 18:42:45,merchandise_defective,OPEN
cb_001248,txn_0053058,cust_009785,2025-02-25 03:30:08,product_not_received,PENDING
cb_001249,txn_0053074,cust_008537,2025-02-08 08:50:07,product_not_received,OPEN
cb_001250,txn_0053080,cust_002622,2025-01-25 09:50:07,product_not_received,LOST
cb_001251,txn_0053087,cust_000285,2025-03-25 10:50:07,product_not_received,LOST
cb_001252,txn_0053130,cust_007300,2025-01-19 16:00:16,product_not_received,OPEN
cb_001253,txn_0053176,cust_004136,2025-01-30 05:20:53,product_not_received,OPEN
cb_001254,txn_0053179,cust_004136,2025-02-05 05:25:26,product_not_received,PENDING
cb_001255,txn_0053182,cust_005984,2025-02-10 06:44:22,product_not_received,OPEN
cb_001256,txn_0053184,cust_007153,2025-03-02 06:50:05,product_not_received,LOST
cb_001257,txn_0053271,cust_002118,2025-03-18 18:38:35,subscription_cancelled,PENDING
cb_001258,txn_0053273,cust_001634,2025-02-08 19:02:17,merchandise_defective,OPEN
cb_001259,txn_0053322,cust_004246,2025-02-10 08:52:17,product_not_received,PENDING
cb_001260,txn_0053367,cust_001805,2025-03-27 13:59:20,unauthorized_transaction,OPEN
cb_001261,txn_0053382,cust_005037,2025-02-16 15:27:36,merchandise_defective,WON
cb_001262,txn_0053407,cust_002343,2025-01-29 18:29:43,unauthorized_transaction,LOST
cb_001263,txn_0053408,cust_002343,2025-01-25 18:34:27,product_not_received,OPEN
cb_001264,txn_0053409,cust_002343,2025-03-24 18:35:31,product_not_received,LOST
cb_001265,txn_0053464,cust_006455,2025-03-05 08:55:26,unauthorized_transaction,LOST
cb_001266,txn_0053611,cust_003002,2025-03-23 09:35:06,credit_not_processed,OPEN
cb_001267,txn_0053735,cust_001062,2025-03-07 22:05:17,unauthorized_transaction,OPEN
