id,created_at,country,transaction_count,lifetime_value,average_transaction,return_count,return_rate,chargeback_count,chargeback_rate
cust_000000,2024-03-30,KR,1,118.42,118.42,0,0.0,0,0.0
cust_000001,2024-04-13,US,35,3118.75,89.11,1,0.0286,0,0.0
cust_000002,2024-05-22,RU,1,178.38,178.38,0,0.0,0,0.0
cust_000003,2024-04-19,US,0,0.0,0.0,0,0.0,0,0.0
cust_000004,2024-06-01,MX,2,2147.48,1073.74,0,0.0,0,0.0
cust_000005,2024-07-01,UK,19,1315.35,69.23,2,0.1053,0,0.0
cust_000006,2024-04-20,NG,0,0.0,0.0,0,0.0,0,0.0
cust_000007,2024-02-25,IN,2,16510.58,8255.29,0,0.0,0,0.0
cust_000008,2024-04-30,US,1,101.59,101.59,0,0.0,0,0.0
cust_000009,2024-07-10,US,1,102.24,102.24,0,0.0,0,0.0
cust_000010,2024-02-28,AU,1,237.28,237.28,0,0.0,0,0.0
cust_000011,2024-04-29,DE,9,892.69,99.19,0,0.0,0,0.0
cust_000012,2024-06-26,UK,1,236.71,236.71,0,0.0,0,0.0
cust_000013,2024-03-19,US,1,809.52,809.52,0,0.0,1,1.0
cust_000014,2024-04-16,BR,1,386.55,386.55,0,0.0,0,0.0
cust_000015,2024-03-24,IN,1,117.95,117.95,0,0.0,0,0.0
cust_000016,2024-02-27,DE,1,84.17,84.17,0,0.0,0,0.0
cust_000017,2024-02-23,CA,0,0.0,0.0,0,0.0,0,0.0
cust_000018,2024-04-29,UK,1,491.64,491.64,0,0.0,0,0.0
cust_000019,2024-04-24,UK,1,103.89,103.89,0,0.0,0,0.0
cust_000020,2024-04-30,US,2,12883.49,6441.74,0,0.0,1,0.5
cust_000021,2024-02-29,MX,1,73.3,73.3,0,0.0,0,0.0
cust_000022,2024-05-30,UK,1,206.68,206.68,0,0.0,0,0.0
cust_000023,2024-02-11,CA,1,130.98,130.98,0,0.0,0,0.0
cust_000024,2024-05-13,UK,1,227.14,227.14,0,0.0,0,0.0
cust_000025,2024-04-19,UK,1,475.18,475.18,0,0.0,0,0.0
cust_000026,2024-02-05,DE,1,237.12,237.12,0,0.0,0,0.0
cust_000027,2024-05-24,DE,10,1369.49,136.95,0,0.0,0,0.0
cust_000028,2024-04-02,BR,1,338.72,338.72,0,0.0,0,0.0
cust_000029,2024-08-17,US,6,34098.53,5683.09,1,0.1667,2,0.3333
cust_000030,2024-03-23,NG,2,15744.94,7872.47,0,0.0,0,0.0
cust_000031,2024-07-23,MX,1,61.05,61.05,0,0.0,0,0.0
cust_000032,2024-02-29,ZA,1,199.68,199.68,0,0.0,0,0.0
cust_000033,2024-01-26,US,1,28.49,28.49,0,0.0,0,0.0
cust_000034,2024-07-04,CA,1,98.89,98.89,0,0.0,0,0.0
cust_000035,2024-01-17,CN,3,6615.46,2205.15,0,0.0,1,0.3333
cust_000036,2024-02-13,FR,1,406.3,406.3,1,1.0,0,0.0
cust_000037,2024-06-08,US,1,185.15,185.15,0,0.0,0,0.0
cust_000038,2024-03-30,NG,1,114.3,114.3,0,0.0,0,0.0
cust_000039,2024-04-11,BR,1,39.57,39.57,0,0.0,0,0.0
cust_000040,2024-06-24,AU,1,40.76,40.76,0,0.0,0,0.0
cust_000041,2024-06-03,UK,1,81.43,81.43,0,0.0,0,0.0
cust_000042,2024-03-15,IN,1,47.37,47.37,0,0.0,0,0.0
cust_000043,2024-01-20,FR,1,157.81,157.81,0,0.0,0,0.0
cust_000044,2024-02-27,UK,1,86.62,86.62,0,0.0,0,0.0
cust_000045,2024-03-04,AU,1,85.91,85.91,0,0.0,0,0.0
cust_000046,2024-06-15,US,1,40.52,40.52,0,0.0,0,0.0
cust_000047,2024-07-24,US,1,484.59,484.59,0,0.0,0,0.0
cust_000048,2024-02-02,JP,1,34.13,34.13,0,0.0,0,0.0
cust_000049,2024-03-26,US,1,836.63,836.63,0,0.0,0,0.0
cust_000050,2024-07-17,US,1,39.63,39.63,0,0.0,0,0.0
cust_000051,2024-03-17,BR,10,3160.62,316.06,0,0.0,2,0.2
cust_000052,2024-05-25,AU,1,169.5,169.5,1,1.0,0,0.0
cust_000053,2024-05-16,BR,2,12873.76,6436.88,0,0.0,1,0.5
cust_000054,2024-05-12,US,1,98.64,98.64,0,0.0,0,0.0
cust_000055,2024-03-19,IN,1,59.88,59.88,0,0.0,0,0.0
cust_000056,2024-02-15,US,1,192.11,192.11,0,0.0,0,0.0
cust_000057,2024-04-07,US,2,3549.78,1774.89,1,0.5,0,0.0
cust_000058,2024-05-23,US,1,204.64,204.64,0,0.0,0,0.0
cust_000059,2024-01-19,CA,0,0.0,0.0,0,0.0,0,0.0
cust_000060,2024-09-05,IN,1,81.72,81.72,0,0.0,0,0.0
cust_000061,2024-01-09,US,1,19.71,19.71,1,1.0,0,0.0
cust_000062,2024-01-16,JP,1,30.72,30.72,0,0.0,0,0.0
cust_000063,2024-02-12,MX,1,68.05,68.05,0,0.0,0,0.0
cust_000064,2024-03-12,US,1,8109.76,8109.76,0,0.0,0,0.0
cust_000065,2024-04-06,BR,1,73.63,73.63,0,0.0,0,0.0
cust_000066,2024-04-03,IN,1,100.88,100.88,0,0.0,0,0.0
cust_000067,2024-04-12,CA,0,0.0,0.0,0,0.0,0,0.0
cust_000068,2024-03-02,CA,1,18.55,18.55,0,0.0,0,0.0
cust_000069,2024-08-03,FR,2,8225.96,4112.98,0,0.0,0,0.0
cust_000070,2024-03-16,US,2,5549.03,2774.52,1,0.5,1,0.5
cust_000071,2024-04-02,IN,2,24624.43,12312.22,1,0.5,1,0.5
cust_000072,2024-02-07,US,1,111.68,111.68,1,1.0,1,1.0
cust_000073,2024-03-29,US,5,24.02,4.8,0,0.0,2,0.4
cust_000074,2024-07-05,CA,1,49.25,49.25,0,0.0,0,0.0
cust_000075,2024-07-14,US,1,85.73,85.73,0,0.0,0,0.0
cust_000076,2024-06-04,FR,1,114.1,114.1,0,0.0,0,0.0
cust_000077,2024-04-14,DE,3,12836.98,4278.99,1,0.3333,1,0.3333
cust_000078,2024-03-31,US,1,140.2,140.2,0,0.0,0,0.0
cust_000079,2024-06-06,JP,1,46.74,46.74,0,0.0,0,0.0
cust_000080,2024-03-12,US,1,630.81,630.81,0,0.0,0,0.0
cust_000081,2024-05-16,DE,0,0.0,0.0,0,0.0,0,0.0
cust_000082,2024-04-21,US,1,265.76,265.76,0,0.0,0,0.0
cust_000083,2024-04-20,US,1,48.86,48.86,0,0.0,0,0.0
cust_000084,2024-06-25,JP,3,11719.0,3906.33,0,0.0,0,0.0
cust_000085,2024-02-03,RU,1,65.24,65.24,0,0.0,0,0.0
cust_000086,2024-04-28,UK,3,380.32,126.77,0,0.0,0,0.0
cust_000087,2024-08-08,US,3,6435.99,2145.33,1,0.3333,0,0.0
cust_000088,2024-03-24,DE,1,41.41,41.41,0,0.0,0,0.0
cust_000089,2024-04-23,US,1,125.02,125.02,0,0.0,0,0.0
cust_000090,2024-04-09,JP,1,290.3,290.3,0,0.0,0,0.0
cust_000091,2024-03-18,US,1,59.16,59.16,0,0.0,0,0.0
cust_000092,2024-01-26,US,1,152.4,152.4,1,1.0,0,0.0
cust_000093,2024-02-09,US,1,338.81,338.81,0,0.0,0,0.0
cust_000094,2024-05-16,US,2,1849.3,924.65,0,0.0,0,0.0
cust_000095,2024-10-24,JP,1,115.87,115.87,0,0.0,0,0.0
cust_000096,2024-02-15,IN,1,13742.64,13742.64,0,0.0,1,1.0
cust_000097,2024-02-21,US,1,116.6,116.6,0,0.0,0,0.0
cust_000098,2024-05-03,US,1,87.41,87.41,0,0.0,0,0.0
cust_000099,2024-04-26,US,1,43.89,43.89,0,0.0,0,0.0
cust_000100,2024-05-16,IN,1,27.76,27.76,0,0.0,0,0.0
cust_000101,2024-05-01,IN,1,76.3,76.3,0,0.0,0,0.0
cust_000102,2024-03-02,US,1,59.5,59.5,0,0.0,0,0.0
cust_000103,2024-04-14,AU,5,363.02,72.6,1,0.2,0,0.0
cust_000104,2024-05-10,IN,1,12.86,12.86,0,0.0,0,0.0
cust_000105,2024-07-22,ZA,1,491.97,491.97,0,0.0,0,0.0
cust_000106,2024-03-28,CA,1,38.3,38.3,0,0.0,0,0.0
cust_000107,2024-04-02,US,1,169.53,169.53,0,0.0,0,0.0
cust_000108,2024-07-24,US,1,18.26,18.26,0,0.0,0,0.0
cust_000109,2024-02-17,RU,1,76.98,76.98,0,0.0,0,0.0
cust_000110,2024-06-19,US,2,4859.61,2429.81,0,0.0,1,0.5
cust_000111,2024-03-07,US,1,226.22,226.22,0,0.0,0,0.0
cust_000112,2024-05-09,CA,1,125.29,125.29,0,0.0,0,0.0
cust_000113,2024-04-25,CA,1,28.42,28.42,0,0.0,0,0.0
cust_000114,2024-02-16,IN,1,59.23,59.23,0,0.0,0,0.0
cust_000115,2024-03-11,FR,0,0.0,0.0,0,0.0,0,0.0
cust_000116,2024-04-13,US,1,22.63,22.63,0,0.0,0,0.0
cust_000117,2024-02-11,FR,3,57.63,19.21,0,0.0,0,0.0
cust_000118,2024-02-24,NG,1,42.76,42.76,0,0.0,0,0.0
cust_000119,2024-05-06,US,2,9398.39,4699.2,0,0.0,0,0.0
cust_000120,2024-04-05,US,1,304.05,304.05,0,0.0,0,0.0
cust_000121,2024-03-30,ZA,1,69.39,69.39,0,0.0,0,0.0
cust_000122,2024-04-13,US,1,314.25,314.25,0,0.0,0,0.0
cust_000123,2024-03-20,UK,1,242.63,242.63,0,0.0,0,0.0
cust_000124,2024-04-04,US,1,152.1,152.1,0,0.0,0,0.0
cust_000125,2024-03-31,CA,1,52.09,52.09,0,0.0,0,0.0
cust_000126,2024-02-19,FR,19,1236.25,65.07,1,0.0526,0,0.0
cust_000127,2024-07-22,FR,1,56.29,56.29,0,0.0,0,0.0
cust_000128,2024-08-31,UK,1,2320.01,2320.01,0,0.0,0,0.0
cust_000129,2024-01-25,US,2,15577.82,7788.91,0,0.0,1,0.5
cust_000130,2024-04-25,CA,5,328.74,65.75,0,0.0,0,0.0
cust_000131,2024-07-09,UK,2,10611.22,5305.61,1,0.5,1,0.5
cust_000132,2024-04-28,IN,1,124.77,124.77,0,0.0,0,0.0
cust_000133,2024-06-14,IN,1,52.28,52.28,0,0.0,0,0.0
cust_000134,2024-03-31,NG,1,65.43,65.43,0,0.0,0,0.0
cust_000135,2024-02-02,US,1,120.3,120.3,0,0.0,0,0.0
cust_000136,2024-01-18,US,2,7350.81,3675.4,0,0.0,1,0.5
cust_000137,2024-04-29,AU,0,0.0,0.0,0,0.0,0,0.0
cust_000138,2024-03-26,IN,1,236.58,236.58,0,0.0,0,0.0
cust_000139,2024-04-17,US,1,202.66,202.66,1,1.0,0,0.0
cust_000140,2024-04-28,MX,1,541.13,541.13,0,0.0,0,0.0
cust_000141,2024-02-15,DE,1,26.9,26.9,0,0.0,0,0.0
cust_000142,2024-03-31,CA,1,25.9,25.9,0,0.0,0,0.0
cust_000143,2024-06-01,AU,1,340.98,340.98,0,0.0,0,0.0
cust_000144,2024-07-13,IN,7,493.5,70.5,2,0.2857,0,0.0
cust_000145,2024-04-14,UK,1,1160.47,1160.47,0,0.0,0,0.0
cust_000146,2024-06-29,US,1,117.96,117.96,0,0.0,0,0.0
cust_000147,2024-03-03,UK,1,1389.03,1389.03,0,0.0,0,0.0
cust_000148,2024-02-05,CA,1,60.47,60.47,0,0.0,0,0.0
cust_000149,2024-01-19,FR,4,9768.41,2442.1,0,0.0,2,0.5
cust_000150,2024-04-29,CA,0,0.0,0.0,0,0.0,0,0.0
cust_000151,2024-03-03,US,0,0.0,0.0,0,0.0,0,0.0
cust_000152,2024-03-25,DE,1,36.19,36.19,0,0.0,0,0.0
cust_000153,2024-02-17,US,1,30.01,30.01,0,0.0,0,0.0
cust_000154,2024-02-05,JP,1,483.37,483.37,0,0.0,0,0.0
cust_000155,2024-02-13,DE,1,51.69,51.69,0,0.0,0,0.0
cust_000156,2024-06-11,IN,1,155.88,155.88,0,0.0,0,0.0
cust_000157,2024-03-06,UK,1,32.43,32.43,0,0.0,0,0.0
cust_000158,2024-05-18,US,1,215.76,215.76,0,0.0,0,0.0
cust_000159,2024-01-25,DE,1,70.3,70.3,0,0.0,0,0.0
cust_000160,2024-03-24,US,1,82.47,82.47,0,0.0,0,0.0
cust_000161,2024-03-11,IN,0,0.0,0.0,0,0.0,0,0.0
cust_000162,2024-01-13,US,1,97.77,97.77,0,0.0,0,0.0
cust_000163,2024-03-03,IN,3,3379.77,1126.59,0,0.0,1,0.3333
cust_000164,2024-02-03,US,1,38.9,38.9,0,0.0,0,0.0
cust_000165,2024-05-13,US,1,317.15,317.15,0,0.0,0,0.0
cust_000166,2024-06-15,CA,1,35.97,35.97,0,0.0,0,0.0
cust_000167,2024-08-31,DE,1,403.46,403.46,0,0.0,0,0.0
cust_000168,2024-02-22,US,1,40.81,40.81,0,0.0,0,0.0
cust_000169,2024-01-31,CA,1,127.2,127.2,1,1.0,0,0.0
cust_000170,2024-06-20,AU,1,188.56,188.56,0,0.0,0,0.0
cust_000171,2024-03-14,CA,1,237.32,237.32,0,0.0,0,0.0
cust_000172,2024-04-01,IN,1,111.8,111.8,0,0.0,0,0.0
cust_000173,2024-07-03,US,1,271.47,271.47,0,0.0,0,0.0
cust_000174,2024-06-08,US,18,2377.07,132.06,4,0.2222,0,0.0
cust_000175,2024-03-25,US,2,5501.15,2750.58,0,0.0,0,0.0
cust_000176,2024-05-24,KR,2,11087.73,5543.87,0,0.0,1,0.5
cust_000177,2024-02-02,US,1,152.22,152.22,0,0.0,0,0.0
cust_000178,2024-01-31,US,1,193.62,193.62,0,0.0,0,0.0
cust_000179,2024-02-24,US,1,60.84,60.84,0,0.0,0,0.0
cust_000180,2024-05-16,AU,1,25.79,25.79,0,0.0,0,0.0
cust_000181,2024-05-29,UK,1,101.54,101.54,0,0.0,0,0.0
cust_000182,2024-03-21,AU,9,144.5,16.06,0,0.0,0,0.0
cust_000183,2024-01-14,UK,2,898.46,449.23,0,0.0,0,0.0
cust_000184,2024-06-09,AU,1,55.68,55.68,0,0.0,0,0.0
cust_000185,2024-04-12,NG,1,267.64,267.64,0,0.0,0,0.0
cust_000186,2024-03-28,UK,0,0.0,0.0,0,0.0,0,0.0
cust_000187,2024-01-16,ZA,2,8067.9,4033.95,0,0.0,0,0.0
cust_000188,2024-02-13,CN,1,255.49,255.49,1,1.0,0,0.0
cust_000189,2024-07-27,US,1,236.06,236.06,0,0.0,0,0.0
cust_000190,2024-05-16,CA,1,158.78,158.78,0,0.0,0,0.0
cust_000191,2024-08-20,DE,1,263.79,263.79,0,0.0,0,0.0
cust_000192,2024-04-01,JP,1,32.48,32.48,0,0.0,0,0.0
cust_000193,2024-05-04,DE,1,70.17,70.17,0,0.0,0,0.0
cust_000194,2024-06-03,DE,7,232.77,33.25,1,0.1429,3,0.4286
cust_000195,2024-06-28,US,1,171.15,171.15,0,0.0,0,0.0
cust_000196,2024-05-20,BR,1,57.7,57.7,0,0.0,0,0.0
cust_000197,2024-04-11,US,1,361.35,361.35,0,0.0,0,0.0
cust_000198,2024-07-11,DE,1,236.09,236.09,0,0.0,0,0.0
cust_000199,2024-05-22,US,0,0.0,0.0,0,0.0,0,0.0
cust_000200,2024-02-17,AU,1,121.64,121.64,0,0.0,0,0.0
cust_000201,2024-01-13,AU,0,0.0,0.0,0,0.0,0,0.0
cust_000202,2024-07-10,US,1,33.05,33.05,0,0.0,0,0.0
cust_000203,2024-03-18,AU,1,296.91,296.91,0,0.0,0,0.0
cust_000204,2024-04-09,BR,1,26.89,26.89,0,0.0,0,0.0
cust_000205,2024-03-18,US,2,750.77,375.38,0,0.0,1,0.5
cust_000206,2024-03-15,UK,15,1373.52,91.57,1,0.0667,1,0.0667
cust_000207,2024-05-09,US,6,96.36,16.06,2,0.3333,2,0.3333
cust_000208,2024-04-02,US,2,1676.48,838.24,0,0.0,0,0.0
cust_000209,2024-03-06,BR,1,11318.94,11318.94,0,0.0,0,0.0
cust_000210,2024-06-16,US,1,390.86,390.86,0,0.0,0,0.0
cust_000211,2024-03-06,IN,1,458.1,458.1,0,0.0,0,0.0
cust_000212,2024-05-06,US,1,81.84,81.84,0,0.0,0,0.0
cust_000213,2024-07-04,US,1,120.86,120.86,0,0.0,0,0.0
cust_000214,2024-10-01,IN,1,63.53,63.53,0,0.0,0,0.0
cust_000215,2024-02-25,UK,2,2855.16,1427.58,0,0.0,1,0.5
cust_000216,2024-04-10,NG,1,75.18,75.18,0,0.0,0,0.0
cust_000217,2024-02-18,US,2,14444.44,7222.22,0,0.0,1,0.5
cust_000218,2024-04-13,IN,1,174.73,174.73,0,0.0,0,0.0
cust_000219,2024-02-28,DE,1,41.52,41.52,0,0.0,0,0.0
cust_000220,2024-08-16,IN,2,12444.24,6222.12,0,0.0,0,0.0
cust_000221,2024-04-08,DE,1,35.05,35.05,0,0.0,0,0.0
cust_000222,2024-06-04,US,1,70.67,70.67,0,0.0,0,0.0
cust_000223,2024-01-27,AU,6,18.56,3.09,1,0.1667,3,0.5
cust_000224,2024-03-04,CA,3,8077.62,2692.54,0,0.0,2,0.6667
cust_000225,2024-04-11,AU,1,153.75,153.75,0,0.0,0,0.0
cust_000226,2024-04-18,US,1,163.79,163.79,1,1.0,0,0.0
cust_000227,2024-04-19,US,1,106.5,106.5,0,0.0,0,0.0
cust_000228,2024-03-22,UK,1,171.84,171.84,0,0.0,0,0.0
cust_000229,2024-02-16,UK,1,165.97,165.97,0,0.0,0,0.0
cust_000230,2024-04-11,US,1,146.14,146.14,0,0.0,0,0.0
cust_000231,2024-07-03,US,1,443.77,443.77,0,0.0,0,0.0
cust_000232,2024-04-18,US,1,133.65,133.65,0,0.0,0,0.0
cust_000233,2024-04-04,US,1,15.23,15.23,0,0.0,0,0.0
cust_000234,2024-03-06,US,1,361.49,361.49,0,0.0,0,0.0
cust_000235,2024-06-12,BR,1,1619.12,1619.12,0,0.0,0,0.0
cust_000236,2024-05-20,CN,1,211.62,211.62,0,0.0,0,0.0
cust_000237,2024-04-22,UK,1,180.16,180.16,0,0.0,0,0.0
cust_000238,2024-04-11,US,1,46.03,46.03,0,0.0,0,0.0
cust_000239,2024-01-18,US,91,9102.88,100.03,6,0.0659,0,0.0
cust_000240,2024-03-12,BR,1,34.5,34.5,1,1.0,0,0.0
cust_000241,2024-02-26,CN,1,89.6,89.6,1,1.0,0,0.0
cust_000242,2024-02-17,US,4,229.93,57.48,0,0.0,0,0.0
cust_000243,2024-02-29,US,1,49.2,49.2,0,0.0,0,0.0
cust_000244,2024-03-15,US,2,14658.87,7329.44,0,0.0,1,0.5
cust_000245,2024-01-31,UK,1,82.62,82.62,0,0.0,0,0.0
cust_000246,2024-01-26,US,1,6111.75,6111.75,0,0.0,0,0.0
cust_000247,2024-04-06,DE,7,915.76,130.82,0,0.0,0,0.0
cust_000248,2024-02-05,US,1,176.37,176.37,0,0.0,0,0.0
cust_000249,2024-03-28,US,2,16209.02,8104.51,0,0.0,1,0.5
cust_000250,2024-03-10,FR,0,0.0,0.0,0,0.0,0,0.0
cust_000251,2024-04-15,AU,1,53.3,53.3,0,0.0,0,0.0
cust_000252,2024-03-14,US,1,176.99,176.99,0,0.0,0,0.0
cust_000253,2024-04-16,AU,1,118.23,118.23,1,1.0,0,0.0
cust_000254,2024-02-15,US,2,4055.32,2027.66,0,0.0,1,0.5
cust_000255,2024-02-13,US,1,65.45,65.45,0,0.0,0,0.0
cust_000256,2024-03-10,US,1,336.1,336.1,0,0.0,0,0.0
cust_000257,2024-08-15,US,1,1383.9,1383.9,0,0.0,0,0.0
cust_000258,2024-03-05,US,1,496.93,496.93,0,0.0,0,0.0
cust_000259,2024-03-26,DE,1,91.12,91.12,0,0.0,0,0.0
cust_000260,2024-05-01,JP,1,69.11,69.11,0,0.0,0,0.0
cust_000261,2024-02-06,US,1,91.92,91.92,1,1.0,0,0.0
cust_000262,2024-03-11,US,1,75.34,75.34,0,0.0,0,0.0
cust_000263,2024-03-22,US,1,77.17,77.17,0,0.0,0,0.0
cust_000264,2024-06-10,UK,2,20638.17,10319.08,0,0.0,1,0.5
cust_000265,2024-04-10,BR,1,48.37,48.37,0,0.0,0,0.0
cust_000266,2024-04-13,US,2,125.25,62.62,1,0.5,0,0.0
cust_000267,2024-04-05,IN,1,267.29,267.29,1,1.0,0,0.0
cust_000268,2024-07-02,CA,3,7937.71,2645.9,0,0.0,1,0.3333
cust_000269,2024-04-26,BR,1,647.11,647.11,0,0.0,0,0.0
cust_000270,2024-07-13,US,1,56.6,56.6,0,0.0,0,0.0
cust_000271,2024-04-05,US,1,108.26,108.26,0,0.0,0,0.0
cust_000272,2024-06-11,US,2,14578.35,7289.18,0,0.0,0,0.0
cust_000273,2024-06-06,IN,1,55.04,55.04,0,0.0,0,0.0
cust_000274,2024-06-17,CA,1,173.59,173.59,0,0.0,0,0.0
cust_000275,2024-03-19,IN,1,146.24,146.24,1,1.0,0,0.0
cust_000276,2024-05-20,US,1,407.24,407.24,0,0.0,0,0.0
cust_000277,2024-04-11,US,1,40.84,40.84,0,0.0,0,0.0
cust_000278,2024-02-10,CA,1,329.96,329.96,0,0.0,0,0.0
cust_000279,2024-03-29,US,1,167.58,167.58,0,0.0,0,0.0
cust_000280,2024-04-23,CN,0,0.0,0.0,0,0.0,0,0.0
cust_000281,2024-02-16,BR,1,76.48,76.48,0,0.0,0,0.0
cust_000282,2024-04-01,US,1,222.46,222.46,0,0.0,0,0.0
cust_000283,2024-07-07,IN,1,23.61,23.61,0,0.0,0,0.0
cust_000284,2024-02-20,US,1,64.94,64.94,0,0.0,0,0.0
cust_000285,2024-06-14,CN,2,5317.28,2658.64,1,0.5,1,0.5
cust_000286,2024-07-28,IN,1,119.46,119.46,0,0.0,0,0.0
cust_000287,2024-02-22,US,1,36.94,36.94,0,0.0,0,0.0
cust_000288,2024-02-22,DE,1,5.82,5.82,0,0.0,0,0.0
cust_000289,2024-06-23,US,1,95.1,95.1,0,0.0,0,0.0
cust_000290,2024-03-04,US,2,701.55,350.78,0,0.0,0,0.0
cust_000291,2024-02-05,US,1,335.25,335.25,0,0.0,0,0.0
cust_000292,2024-02-10,US,1,47.72,47.72,0,0.0,0,0.0
cust_000293,2024-07-27,US,2,6986.13,3493.06,0,0.0,0,0.0
cust_000294,2024-01-27,KR,1,337.04,337.04,0,0.0,0,0.0
cust_000295,2024-01-24,UK,1,218.88,218.88,0,0.0,0,0.0
cust_000296,2024-04-01,JP,2,3589.09,1794.54,0,0.0,1,0.5
cust_000297,2024-07-14,US,3,319.04,106.35,0,0.0,0,0.0
cust_000298,2024-05-01,JP,1,58.85,58.85,0,0.0,0,0.0
cust_000299,2024-05-03,DE,1,159.6,159.6,0,0.0,0,0.0
cust_000300,2024-08-28,DE,1,396.61,396.61,0,0.0,0,0.0
cust_000301,2024-02-23,BR,1,175.96,175.96,0,0.0,0,0.0
cust_000302,2024-04-24,CA,1,88.94,88.94,0,0.0,0,0.0
cust_000303,2024-02-15,IN,1,22.16,22.16,0,0.0,0,0.0
cust_000304,2024-04-02,NG,1,120.24,120.24,0,0.0,0,0.0
cust_000305,2024-04-03,US,1,175.34,175.34,0,0.0,0,0.0
cust_000306,2024-05-01,US,1,670.07,670.07,1,1.0,0,0.0
cust_000307,2024-04-30,ZA,1,897.59,897.59,0,0.0,0,0.0
cust_000308,2024-02-23,NG,1,62.26,62.26,0,0.0,0,0.0
cust_000309,2024-02-09,CA,1,77.63,77.63,0,0.0,0,0.0
cust_000310,2024-02-14,AU,1,123.14,123.14,0,0.0,0,0.0
cust_000311,2024-08-13,NG,2,7859.93,3929.96,0,0.0,0,0.0
cust_000312,2024-03-07,UK,0,0.0,0.0,0,0.0,0,0.0
cust_000313,2024-02-10,US,2,13215.35,6607.68,0,0.0,0,0.0
cust_000314,2024-06-15,CA,1,92.22,92.22,0,0.0,0,0.0
cust_000315,2024-03-05,UK,1,139.99,139.99,1,1.0,0,0.0
cust_000316,2024-03-09,US,1,1685.89,1685.89,0,0.0,0,0.0
cust_000317,2024-03-16,MX,1,410.63,410.63,0,0.0,0,0.0
cust_000318,2024-04-21,FR,1,86.62,86.62,0,0.0,0,0.0
cust_000319,2024-06-09,AU,1,80.33,80.33,0,0.0,0,0.0
cust_000320,2024-02-27,IN,1,22.93,22.93,0,0.0,0,0.0
cust_000321,2024-07-03,US,1,311.96,311.96,0,0.0,0,0.0
cust_000322,2024-05-10,IN,1,269.01,269.01,0,0.0,0,0.0
cust_000323,2024-03-12,DE,2,736.32,368.16,0,0.0,0,0.0
cust_000324,2024-06-13,IN,13,1205.92,92.76,0,0.0,0,0.0
cust_000325,2024-06-21,US,1,607.17,607.17,0,0.0,0,0.0
cust_000326,2024-04-29,BR,23,3019.16,131.27,3,0.1304,0,0.0
cust_000327,2024-09-20,US,0,0.0,0.0,0,0.0,0,0.0
cust_000328,2024-06-28,UK,1,40.39,40.39,0,0.0,0,0.0
cust_000329,2024-05-05,CA,1,62.0,62.0,1,1.0,0,0.0
cust_000330,2024-06-28,KR,2,7327.46,3663.73,0,0.0,1,0.5
cust_000331,2024-07-05,US,1,95.73,95.73,0,0.0,0,0.0
cust_000332,2024-01-18,US,1,67.04,67.04,0,0.0,0,0.0
cust_000333,2024-01-19,KR,2,1389.08,694.54,0,0.0,0,0.0
cust_000334,2024-02-08,MX,1,65.15,65.15,0,0.0,0,0.0
cust_000335,2024-06-18,US,1,68.12,68.12,0,0.0,0,0.0
cust_000336,2024-03-13,BR,1,40.64,40.64,0,0.0,0,0.0
cust_000337,2024-01-31,RU,1,121.1,121.1,0,0.0,0,0.0
cust_000338,2024-03-01,US,1,364.81,364.81,0,0.0,0,0.0
cust_000339,2024-04-24,FR,1,140.18,140.18,0,0.0,0,0.0
cust_000340,2024-05-22,US,0,0.0,0.0,0,0.0,0,0.0
cust_000341,2024-02-29,BR,0,0.0,0.0,0,0.0,0,0.0
cust_000342,2024-05-09,US,3,4472.19,1490.73,0,0.0,1,0.3333
cust_000343,2024-05-12,DE,1,49.84,49.84,0,0.0,0,0.0
cust_000344,2024-08-07,BR,1,95.38,95.38,0,0.0,0,0.0
cust_000345,2024-04-20,US,2,1975.24,987.62,1,0.5,1,0.5
cust_000346,2024-11-04,FR,1,173.69,173.69,0,0.0,0,0.0
cust_000347,2024-03-25,US,1,147.42,147.42,1,1.0,0,0.0
cust_000348,2024-03-04,US,1,181.92,181.92,0,0.0,0,0.0
cust_000349,2024-06-07,CN,0,0.0,0.0,0,0.0,0,0.0
cust_000350,2024-07-22,CN,1,76.17,76.17,0,0.0,0,0.0
cust_000351,2024-02-05,FR,5,532.02,106.4,0,0.0,0,0.0
cust_000352,2024-02-24,NG,2,24086.68,12043.34,0,0.0,0,0.0
cust_000353,2024-04-23,US,1,199.66,199.66,0,0.0,0,0.0
cust_000354,2024-06-13,CA,3,27414.76,9138.25,1,0.3333,1,0.3333
cust_000355,2024-02-06,NG,1,41.35,41.35,0,0.0,0,0.0
cust_000356,2024-04-14,NG,1,61.14,61.14,0,0.0,0,0.0
cust_000357,2024-08-02,UK,1,205.58,205.58,0,0.0,0,0.0
cust_000358,2024-04-29,US,2,153.54,76.77,0,0.0,0,0.0
cust_000359,2024-04-09,DE,1,1007.67,1007.67,1,1.0,0,0.0
cust_000360,2024-09-03,US,2,13766.26,6883.13,0,0.0,1,0.5
cust_000361,2024-05-23,AU,1,34.0,34.0,0,0.0,0,0.0
cust_000362,2024-06-12,US,1,81.57,81.57,0,0.0,0,0.0
cust_000363,2024-07-24,CA,2,13919.91,6959.96,0,0.0,1,0.5
cust_000364,2024-05-20,US,1,339.34,339.34,0,0.0,0,0.0
cust_000365,2024-03-28,FR,1,171.65,171.65,0,0.0,0,0.0
cust_000366,2024-05-25,MX,2,105.63,52.82,0,0.0,0,0.0
cust_000367,2024-04-30,CA,1,456.47,456.47,0,0.0,0,0.0
cust_000368,2024-03-14,MX,1,141.96,141.96,0,0.0,0,0.0
cust_000369,2024-09-25,UK,1,75.87,75.87,1,1.0,0,0.0
cust_000370,2024-05-26,US,0,0.0,0.0,0,0.0,0,0.0
cust_000371,2024-06-14,BR,1,228.59,228.59,0,0.0,0,0.0
cust_000372,2024-05-27,US,1,45.79,45.79,0,0.0,0,0.0
cust_000373,2024-01-30,US,1,303.38,303.38,0,0.0,0,0.0
cust_000374,2024-05-17,DE,1,224.92,224.92,0,0.0,0,0.0
cust_000375,2024-03-10,US,22,2208.19,100.37,1,0.0455,0,0.0
cust_000376,2024-02-21,NG,1,43.23,43.23,0,0.0,0,0.0
cust_000377,2024-04-07,CA,1,233.76,233.76,0,0.0,0,0.0
cust_000378,2024-03-30,US,3,224.56,74.85,0,0.0,0,0.0
cust_000379,2024-08-12,UK,1,86.78,86.78,0,0.0,0,0.0
cust_000380,2024-03-11,US,1,53.06,53.06,0,0.0,0,0.0
cust_000381,2024-02-29,DE,1,211.34,211.34,0,0.0,0,0.0
cust_000382,2024-03-11,US,1,50.15,50.15,0,0.0,0,0.0
cust_000383,2024-06-12,JP,0,0.0,0.0,0,0.0,0,0.0
cust_000384,2024-01-28,US,1,191.27,191.27,1,1.0,0,0.0
cust_000385,2024-05-27,US,1,239.75,239.75,0,0.0,0,0.0
cust_000386,2024-04-21,IN,1,243.15,243.15,0,0.0,0,0.0
cust_000387,2024-05-28,UK,1,59.85,59.85,0,0.0,0,0.0
cust_000388,2024-04-06,CA,1,237.64,237.64,0,0.0,0,0.0
cust_000389,2024-05-25,CA,1,119.06,119.06,0,0.0,0,0.0
cust_000390,2024-05-31,US,2,2900.41,1450.2,0,0.0,1,0.5
cust_000391,2024-02-29,CA,1,60.42,60.42,0,0.0,0,0.0
cust_000392,2024-01-28,CN,1,71.11,71.11,0,0.0,0,0.0
cust_000393,2024-05-27,US,1,2680.73,2680.73,0,0.0,0,0.0
cust_000394,2024-05-19,IN,1,70.37,70.37,0,0.0,0,0.0
cust_000395,2024-04-22,US,1,135.85,135.85,0,0.0,0,0.0
cust_000396,2024-01-17,JP,1,191.16,191.16,0,0.0,0,0.0
cust_000397,2024-05-03,US,1,40.75,40.75,0,0.0,0,0.0
cust_000398,2024-02-19,US,1,59.7,59.7,1,1.0,0,0.0
cust_000399,2024-06-03,UK,1,35.74,35.74,0,0.0,0,0.0
cust_000400,2024-08-13,DE,3,3890.55,1296.85,1,0.3333,0,0.0
cust_000401,2024-06-11,US,0,0.0,0.0,0,0.0,0,0.0
cust_000402,2024-03-23,BR,1,223.65,223.65,0,0.0,0,0.0
cust_000403,2024-03-25,US,1,342.66,342.66,0,0.0,0,0.0
cust_000404,2024-01-28,CN,1,43.04,43.04,0,0.0,0,0.0
cust_000405,2024-03-07,RU,4,10017.0,2504.25,0,0.0,2,0.5
cust_000406,2024-04-14,AU,1,53.19,53.19,0,0.0,0,0.0
cust_000407,2024-07-12,FR,1,191.35,191.35,1,1.0,0,0.0
cust_000408,2024-03-07,IN,2,9203.87,4601.93,0,0.0,0,0.0
cust_000409,2024-06-07,AU,1,64.44,64.44,0,0.0,0,0.0
cust_000410,2024-05-22,US,1,1236.38,1236.38,0,0.0,0,0.0
cust_000411,2024-01-30,BR,1,47.79,47.79,0,0.0,0,0.0
cust_000412,2024-04-13,CA,1,105.83,105.83,0,0.0,0,0.0
cust_000413,2024-05-15,AU,2,14223.26,7111.63,0,0.0,0,0.0
cust_000414,2024-04-03,CA,2,520.72,260.36,0,0.0,1,0.5
cust_000415,2024-08-11,IN,1,293.29,293.29,0,0.0,0,0.0
cust_000416,2024-06-01,US,1,45.78,45.78,0,0.0,0,0.0
cust_000417,2024-04-24,UK,1,141.15,141.15,0,0.0,0,0.0
cust_000418,2024-04-21,UK,1,47.11,47.11,0,0.0,0,0.0
cust_000419,2024-07-02,FR,1,151.21,151.21,0,0.0,0,0.0
cust_000420,2024-02-05,US,1,54.12,54.12,0,0.0,0,0.0
cust_000421,2024-03-18,CN,0,0.0,0.0,0,0.0,0,0.0
cust_000422,2024-04-16,BR,1,86.22,86.22,0,0.0,0,0.0
cust_000423,2024-04-15,JP,1,24.65,24.65,0,0.0,0,0.0
cust_000424,2024-02-28,RU,1,235.85,235.85,0,0.0,0,0.0
cust_000425,2024-05-06,UK,1,275.31,275.31,0,0.0,0,0.0
cust_000426,2024-01-04,NG,2,14950.92,7475.46,0,0.0,1,0.5
cust_000427,2024-04-26,UK,3,4657.11,1552.37,0,0.0,0,0.0
cust_000428,2024-01-10,US,1,194.44,194.44,0,0.0,0,0.0
cust_000429,2024-05-02,US,1,249.87,249.87,1,1.0,0,0.0
cust_000430,2024-03-03,US,1,70.35,70.35,0,0.0,1,1.0
cust_000431,2024-07-13,US,1,54.28,54.28,1,1.0,0,0.0
cust_000432,2024-03-08,UK,2,12477.72,6238.86,0,0.0,0,0.0
cust_000433,2024-06-04,KR,0,0.0,0.0,0,0.0,0,0.0
cust_000434,2024-06-03,US,2,1918.57,959.29,1,0.5,0,0.0
cust_000435,2024-03-04,RU,0,0.0,0.0,0,0.0,0,0.0
cust_000436,2024-02-17,BR,1,86.76,86.76,0,0.0,0,0.0
cust_000437,2024-03-26,JP,2,6109.1,3054.55,0,0.0,0,0.0
cust_000438,2024-03-20,AU,2,13285.24,6642.62,0,0.0,1,0.5
cust_000439,2024-03-08,KR,1,64.85,64.85,1,1.0,0,0.0
cust_000440,2024-05-09,US,1,40.39,40.39,0,0.0,0,0.0
cust_000441,2024-02-16,CA,1,22.47,22.47,0,0.0,0,0.0
cust_000442,2024-03-06,US,2,2696.14,1348.07,0,0.0,0,0.0
cust_000443,2024-03-18,US,1,50.9,50.9,0,0.0,0,0.0
cust_000444,2024-06-25,UK,1,46.78,46.78,0,0.0,0,0.0
cust_000445,2024-03-08,CA,1,404.63,404.63,0,0.0,0,0.0
cust_000446,2024-05-21,ZA,1,48.99,48.99,0,0.0,0,0.0
cust_000447,2024-08-26,US,1,182.08,182.08,0,0.0,0,0.0
cust_000448,2024-06-01,RU,1,439.16,439.16,0,0.0,0,0.0
cust_000449,2024-03-30,US,1,43.96,43.96,0,0.0,0,0.0
cust_000450,2024-04-12,DE,90,8724.14,96.93,7,0.0778,0,0.0
cust_000451,2024-05-17,US,1,18.43,18.43,0,0.0,0,0.0
cust_000452,2024-07-06,KR,2,2745.48,1372.74,1,0.5,1,0.5
cust_000453,2024-04-22,IN,1,86.08,86.08,0,0.0,0,0.0
cust_000454,2024-06-07,US,1,53.35,53.35,0,0.0,0,0.0
cust_000455,2024-04-25,CN,3,7170.83,2390.28,0,0.0,0,0.0
cust_000456,2024-03-25,US,1,49.59,49.59,0,0.0,0,0.0
cust_000457,2024-03-23,CN,9,1133.12,125.9,1,0.1111,1,0.1111
cust_000458,2024-04-25,US,1,94.52,94.52,0,0.0,0,0.0
cust_000459,2024-04-24,US,1,82.02,82.02,0,0.0,0,0.0
cust_000460,2024-06-10,US,1,311.63,311.63,0,0.0,0,0.0
cust_000461,2024-01-23,DE,1,327.79,327.79,0,0.0,0,0.0
cust_000462,2024-05-04,AU,0,0.0,0.0,0,0.0,0,0.0
cust_000463,2024-06-12,IN,3,20435.96,6811.99,0,0.0,1,0.3333
cust_000464,2024-08-07,US,0,0.0,0.0,0,0.0,0,0.0
cust_000465,2024-01-29,UK,2,514.59,257.29,0,0.0,0,0.0
cust_000466,2024-03-24,CA,1,85.92,85.92,0,0.0,0,0.0
cust_000467,2024-05-10,UK,1,317.96,317.96,0,0.0,0,0.0
cust_000468,2024-03-29,UK,1,434.88,434.88,0,0.0,0,0.0
cust_000469,2024-09-22,CA,1,69.85,69.85,0,0.0,0,0.0
cust_000470,2024-06-18,CA,1,60.31,60.31,0,0.0,0,0.0
cust_000471,2024-04-13,IN,1,79.33,79.33,0,0.0,0,0.0
cust_000472,2024-06-08,US,1,266.91,266.91,0,0.0,0,0.0
cust_000473,2024-01-15,RU,1,2404.58,2404.58,0,0.0,0,0.0
cust_000474,2024-06-17,BR,1,743.47,743.47,0,0.0,0,0.0
cust_000475,2024-06-10,AU,1,264.57,264.57,0,0.0,0,0.0
cust_000476,2024-02-07,BR,1,58.46,58.46,0,0.0,0,0.0
cust_000477,2024-04-12,CA,1,92.86,92.86,0,0.0,0,0.0
cust_000478,2024-08-10,MX,1,21.6,21.6,0,0.0,0,0.0
cust_000479,2024-04-22,UK,1,90.92,90.92,0,0.0,0,0.0
cust_000480,2024-03-01,UK,2,4308.87,2154.44,0,0.0,0,0.0
cust_000481,2024-06-02,BR,1,259.98,259.98,0,0.0,0,0.0
cust_000482,2024-04-20,JP,1,36.58,36.58,0,0.0,0,0.0
cust_000483,2024-02-26,UK,1,94.79,94.79,0,0.0,0,0.0
cust_000484,2024-07-26,JP,1,281.48,281.48,0,0.0,0,0.0
cust_000485,2024-01-29,IN,1,131.07,131.07,0,0.0,0,0.0
cust_000486,2024-07-11,UK,1,34.93,34.93,0,0.0,0,0.0
cust_000487,2024-04-03,RU,1,535.44,535.44,0,0.0,1,1.0
cust_000488,2024-02-19,CA,1,66.5,66.5,1,1.0,0,0.0
cust_000489,2024-03-09,JP,1,266.49,266.49,0,0.0,0,0.0
cust_000490,2024-05-06,BR,2,12383.88,6191.94,0,0.0,1,0.5
cust_000491,2024-06-02,US,1,177.99,177.99,0,0.0,0,0.0
cust_000492,2024-06-06,NG,3,5154.56,1718.19,0,0.0,0,0.0
cust_000493,2024-04-02,US,1,46.17,46.17,0,0.0,0,0.0
cust_000494,2024-03-14,BR,1,59.71,59.71,0,0.0,0,0.0
cust_000495,2024-04-16,FR,13,1138.79,87.6,1,0.0769,0,0.0
cust_000496,2024-01-26,FR,1,36.49,36.49,0,0.0,0,0.0
cust_000497,2024-05-14,CN,1,350.23,350.23,0,0.0,0,0.0
cust_000498,2024-02-14,IN,1,85.91,85.91,0,0.0,0,0.0
cust_000499,2024-02-25,US,1,415.03,415.03,0,0.0,0,0.0
cust_000500,2024-07-28,IN,1,78.62,78.62,1,1.0,0,0.0
cust_000501,2024-03-18,DE,2,697.26,348.63,0,0.0,0,0.0
cust_000502,2024-03-31,UK,0,0.0,0.0,0,0.0,0,0.0
cust_000503,2024-02-21,US,11,584.47,53.13,0,0.0,0,0.0
cust_000504,2024-02-27,CA,1,215.54,215.54,0,0.0,0,0.0
cust_000505,2024-04-13,NG,1,5512.79,5512.79,0,0.0,0,0.0
cust_000506,2024-03-26,IN,2,1121.79,560.9,1,0.5,0,0.0
cust_000507,2024-02-27,NG,1,28.92,28.92,0,0.0,0,0.0
cust_000508,2024-05-19,CA,1,71.77,71.77,0,0.0,0,0.0
cust_000509,2024-06-14,MX,1,10.62,10.62,0,0.0,0,0.0
cust_000510,2024-02-08,AU,1,457.65,457.65,0,0.0,0,0.0
cust_000511,2024-03-11,UK,1,31.54,31.54,0,0.0,0,0.0
cust_000512,2024-08-23,UK,1,51.92,51.92,0,0.0,0,0.0
cust_000513,2024-03-29,ZA,1,100.79,100.79,0,0.0,0,0.0
cust_000514,2024-01-27,MX,0,0.0,0.0,0,0.0,0,0.0
cust_000515,2024-02-26,UK,1,120.21,120.21,1,1.0,0,0.0
cust_000516,2024-05-19,BR,4,13044.34,3261.08,0,0.0,1,0.25
cust_000517,2024-01-15,RU,1,51.08,51.08,0,0.0,0,0.0
cust_000518,2024-07-15,US,2,8852.38,4426.19,0,0.0,0,0.0
cust_000519,2024-06-18,CA,1,130.89,130.89,0,0.0,0,0.0
cust_000520,2024-06-05,FR,1,254.34,254.34,0,0.0,0,0.0
cust_000521,2024-02-28,US,1,45.2,45.2,0,0.0,0,0.0
cust_000522,2024-04-10,BR,1,91.67,91.67,0,0.0,0,0.0
cust_000523,2024-05-14,US,1,85.72,85.72,1,1.0,0,0.0
cust_000524,2024-03-07,CA,0,0.0,0.0,0,0.0,0,0.0
cust_000525,2024-07-27,UK,1,57.71,57.71,0,0.0,0,0.0
cust_000526,2024-03-29,FR,1,10.6,10.6,0,0.0,0,0.0
cust_000527,2024-04-30,US,2,132.61,66.31,1,0.5,0,0.0
cust_000528,2024-03-31,UK,1,88.75,88.75,0,0.0,0,0.0
cust_000529,2024-02-25,US,19,2271.3,119.54,1,0.0526,0,0.0
cust_000530,2024-07-13,US,2,30790.76,15395.38,0,0.0,1,0.5
cust_000531,2024-04-25,JP,56,5203.03,92.91,6,0.1071,0,0.0
cust_000532,2024-02-20,US,12,1146.25,95.52,0,0.0,0,0.0
cust_000533,2024-04-27,US,1,393.39,393.39,0,0.0,0,0.0
cust_000534,2024-09-17,US,1,38.8,38.8,0,0.0,0,0.0
cust_000535,2024-02-26,CA,1,102.53,102.53,0,0.0,0,0.0
cust_000536,2024-05-04,US,2,659.62,329.81,1,0.5,0,0.0
cust_000537,2024-04-07,CA,0,0.0,0.0,0,0.0,0,0.0
cust_000538,2024-06-04,FR,2,10276.07,5138.04,0,0.0,1,0.5
cust_000539,2024-05-23,US,1,161.91,161.91,0,0.0,0,0.0
cust_000540,2024-03-22,US,0,0.0,0.0,0,0.0,0,0.0
cust_000541,2024-03-11,UK,1,151.58,151.58,1,1.0,0,0.0
cust_000542,2024-04-12,NG,1,55.42,55.42,0,0.0,0,0.0
cust_000543,2024-10-13,US,1,180.81,180.81,0,0.0,0,0.0
cust_000544,2024-01-22,FR,19,22134.27,1164.96,4,0.2105,0,0.0
cust_000545,2024-06-22,MX,1,98.48,98.48,0,0.0,0,0.0
cust_000546,2024-02-13,US,1,24.66,24.66,0,0.0,0,0.0
cust_000547,2024-04-03,US,1,33.9,33.9,0,0.0,0,0.0
cust_000548,2024-03-06,AU,1,281.23,281.23,0,0.0,0,0.0
cust_000549,2024-06-24,CN,2,812.14,406.07,0,0.0,0,0.0
cust_000550,2024-04-12,US,1,49.63,49.63,0,0.0,0,0.0
cust_000551,2024-07-25,IN,1,79.75,79.75,0,0.0,0,0.0
cust_000552,2024-04-30,FR,1,110.97,110.97,0,0.0,0,0.0
cust_000553,2024-04-08,UK,1,136.97,136.97,0,0.0,0,0.0
cust_000554,2024-02-09,DE,1,29.66,29.66,0,0.0,0,0.0
cust_000555,2024-07-10,CA,2,13646.76,6823.38,0,0.0,0,0.0
cust_000556,2024-02-22,CN,1,217.25,217.25,0,0.0,0,0.0
cust_000557,2024-05-08,CA,1,92.25,92.25,0,0.0,0,0.0
cust_000558,2024-08-17,CA,1,142.03,142.03,1,1.0,0,0.0
cust_000559,2024-07-16,DE,2,650.92,325.46,0,0.0,0,0.0
cust_000560,2024-05-13,US,1,227.37,227.37,0,0.0,0,0.0
cust_000561,2024-04-08,CA,2,4072.02,2036.01,0,0.0,1,0.5
cust_000562,2024-03-22,US,1,99.73,99.73,0,0.0,0,0.0
cust_000563,2024-01-07,IN,1,47.55,47.55,0,0.0,0,0.0
cust_000564,2024-04-11,CA,1,22.54,22.54,0,0.0,0,0.0
cust_000565,2024-04-08,BR,1,402.56,402.56,0,0.0,0,0.0
cust_000566,2024-06-06,AU,1,149.12,149.12,0,0.0,0,0.0
cust_000567,2024-02-13,UK,0,0.0,0.0,0,0.0,0,0.0
cust_000568,2024-05-19,DE,0,0.0,0.0,0,0.0,0,0.0
cust_000569,2024-04-11,US,1,201.69,201.69,0,0.0,0,0.0
cust_000570,2024-03-24,UK,1,159.28,159.28,0,0.0,0,0.0
cust_000571,2024-03-22,US,1,93.88,93.88,0,0.0,0,0.0
cust_000572,2024-03-24,US,2,18278.86,9139.43,1,0.5,0,0.0
cust_000573,2024-03-05,BR,1,493.03,493.03,0,0.0,0,0.0
cust_000574,2024-05-15,KR,5,12636.34,2527.27,1,0.2,0,0.0
cust_000575,2024-05-31,CA,1,413.64,413.64,0,0.0,0,0.0
cust_000576,2024-02-08,US,1,15.85,15.85,0,0.0,0,0.0
cust_000577,2024-03-25,US,1,72.13,72.13,0,0.0,0,0.0
cust_000578,2024-01-25,US,16,1234.1,77.13,1,0.0625,0,0.0
cust_000579,2024-05-21,NG,1,87.89,87.89,0,0.0,0,0.0
cust_000580,2024-05-09,UK,2,6694.39,3347.2,2,1.0,1,0.5
cust_000581,2024-07-14,NG,0,0.0,0.0,0,0.0,0,0.0
cust_000582,2024-09-29,UK,1,29.3,29.3,0,0.0,0,0.0
cust_000583,2024-05-28,IN,1,497.83,497.83,0,0.0,0,0.0
cust_000584,2024-06-01,DE,1,121.22,121.22,0,0.0,0,0.0
cust_000585,2024-05-21,US,2,6125.62,3062.81,0,0.0,0,0.0
cust_000586,2024-03-11,DE,1,314.65,314.65,0,0.0,0,0.0
cust_000587,2024-07-15,AU,1,56.62,56.62,0,0.0,0,0.0
cust_000588,2024-07-01,US,1,268.03,268.03,0,0.0,0,0.0
cust_000589,2024-03-22,US,2,1896.74,948.37,0,0.0,1,0.5
cust_000590,2024-04-11,CA,1,136.47,136.47,0,0.0,0,0.0
cust_000591,2024-05-02,KR,1,33.96,33.96,0,0.0,0,0.0
cust_000592,2024-05-22,KR,1,107.25,107.25,0,0.0,0,0.0
cust_000593,2024-07-29,US,1,302.03,302.03,1,1.0,0,0.0
cust_000594,2024-09-10,AU,1,148.63,148.63,0,0.0,0,0.0
cust_000595,2024-02-04,AU,1,463.65,463.65,0,0.0,0,0.0
cust_000596,2024-04-02,NG,1,85.79,85.79,0,0.0,0,0.0
cust_000597,2024-03-06,US,5,380.61,76.12,0,0.0,0,0.0
cust_000598,2024-02-16,KR,1,474.47,474.47,0,0.0,0,0.0
cust_000599,2024-01-12,BR,1,26.13,26.13,0,0.0,0,0.0
cust_000600,2024-01-14,IN,1,148.62,148.62,0,0.0,0,0.0
cust_000601,2024-02-15,US,3,13244.54,4414.85,0,0.0,2,0.6667
cust_000602,2024-01-10,US,1,41.88,41.88,0,0.0,0,0.0
cust_000603,2024-02-21,US,1,310.83,310.83,0,0.0,0,0.0
cust_000604,2024-06-09,JP,1,59.95,59.95,0,0.0,0,0.0
cust_000605,2024-02-20,AU,1,84.76,84.76,0,0.0,0,0.0
cust_000606,2024-02-02,MX,1,1910.49,1910.49,0,0.0,1,1.0
cust_000607,2024-05-18,UK,1,268.81,268.81,0,0.0,0,0.0
cust_000608,2024-06-06,RU,2,1547.65,773.82,0,0.0,1,0.5
cust_000609,2024-06-10,NG,1,161.27,161.27,0,0.0,0,0.0
cust_000610,2024-05-22,US,1,18.31,18.31,0,0.0,0,0.0
cust_000611,2024-08-28,US,1,73.21,73.21,0,0.0,0,0.0
cust_000612,2024-02-08,AU,0,0.0,0.0,0,0.0,0,0.0
cust_000613,2024-03-12,DE,1,141.53,141.53,0,0.0,0,0.0
cust_000614,2024-06-01,US,1,137.58,137.58,0,0.0,0,0.0
cust_000615,2024-06-01,AU,1,15.4,15.4,0,0.0,0,0.0
cust_000616,2024-01-10,US,7,812.9,116.13,0,0.0,0,0.0
cust_000617,2024-07-03,IN,1,27.36,27.36,0,0.0,0,0.0
cust_000618,2024-03-28,CN,11,862.47,78.41,1,0.0909,0,0.0
cust_000619,2024-06-11,US,2,23148.27,11574.14,0,0.0,0,0.0
cust_000620,2024-04-23,US,1,87.72,87.72,0,0.0,0,0.0
cust_000621,2024-06-10,DE,5,321.69,64.34,0,0.0,0,0.0
cust_000622,2024-02-24,FR,1,405.88,405.88,0,0.0,0,0.0
cust_000623,2024-04-19,US,2,3927.4,1963.7,0,0.0,0,0.0
cust_000624,2024-05-24,UK,1,113.19,113.19,0,0.0,0,0.0
cust_000625,2024-02-29,CA,1,88.14,88.14,0,0.0,0,0.0
cust_000626,2024-04-12,BR,3,5170.39,1723.46,0,0.0,2,0.6667
cust_000627,2024-05-15,DE,8,13204.85,1650.61,6,0.75,3,0.375
cust_000628,2024-02-14,US,1,66.91,66.91,0,0.0,0,0.0
cust_000629,2024-03-05,US,1,89.19,89.19,0,0.0,0,0.0
cust_000630,2024-05-29,US,1,58.1,58.1,1,1.0,0,0.0
cust_000631,2024-04-28,US,1,58.35,58.35,0,0.0,0,0.0
cust_000632,2024-01-19,US,1,34.22,34.22,0,0.0,0,0.0
cust_000633,2024-04-02,BR,14,17102.01,1221.57,1,0.0714,0,0.0
cust_000634,2024-02-04,BR,0,0.0,0.0,0,0.0,0,0.0
cust_000635,2024-05-08,US,1,43.15,43.15,0,0.0,0,0.0
cust_000636,2024-01-15,JP,1,104.43,104.43,0,0.0,0,0.0
cust_000637,2024-04-03,IN,1,26.22,26.22,0,0.0,0,0.0
cust_000638,2024-02-27,FR,1,31.16,31.16,0,0.0,0,0.0
cust_000639,2024-02-11,NG,15,2483.44,165.56,2,0.1333,0,0.0
cust_000640,2024-04-10,US,1,13773.26,13773.26,0,0.0,0,0.0
cust_000641,2024-04-03,DE,1,55.52,55.52,0,0.0,0,0.0
cust_000642,2024-01-29,US,1,573.07,573.07,0,0.0,0,0.0
cust_000643,2024-05-16,RU,2,2885.92,1442.96,0,0.0,1,0.5
cust_000644,2024-04-12,US,1,156.76,156.76,0,0.0,0,0.0
cust_000645,2024-03-10,IN,1,84.59,84.59,0,0.0,0,0.0
cust_000646,2024-06-20,US,1,148.18,148.18,1,1.0,0,0.0
cust_000647,2024-03-21,UK,1,94.7,94.7,0,0.0,0,0.0
cust_000648,2024-06-14,UK,1,404.38,404.38,0,0.0,0,0.0
cust_000649,2024-02-25,FR,1,38.97,38.97,0,0.0,0,0.0
cust_000650,2024-01-25,US,1,68.1,68.1,0,0.0,0,0.0
cust_000651,2024-04-06,US,1,36.19,36.19,0,0.0,0,0.0
cust_000652,2024-04-03,US,0,0.0,0.0,0,0.0,0,0.0
cust_000653,2024-02-25,US,1,276.5,276.5,0,0.0,0,0.0
cust_000654,2024-02-23,US,1,390.61,390.61,0,0.0,0,0.0
cust_000655,2024-05-12,CA,1,479.02,479.02,0,0.0,0,0.0
cust_000656,2024-03-05,UK,2,345.76,172.88,1,0.5,0,0.0
cust_000657,2024-04-14,ZA,1,138.85,138.85,0,0.0,0,0.0
cust_000658,2024-05-07,CA,0,0.0,0.0,0,0.0,0,0.0
cust_000659,2024-04-15,US,1,2962.1,2962.1,0,0.0,0,0.0
cust_000660,2024-10-22,BR,2,368.9,184.45,0,0.0,0,0.0
cust_000661,2024-03-09,US,2,3319.32,1659.66,0,0.0,0,0.0
cust_000662,2024-02-10,BR,1,38.54,38.54,0,0.0,0,0.0
cust_000663,2024-04-16,UK,1,57.4,57.4,0,0.0,0,0.0
cust_000664,2024-04-22,US,1,6171.36,6171.36,0,0.0,0,0.0
cust_000665,2024-02-06,KR,1,42.75,42.75,0,0.0,0,0.0
cust_000666,2024-04-20,CA,1,212.23,212.23,0,0.0,0,0.0
cust_000667,2024-04-18,JP,1,215.02,215.02,0,0.0,0,0.0
cust_000668,2024-04-17,UK,1,113.67,113.67,1,1.0,0,0.0
cust_000669,2024-04-22,UK,1,85.28,85.28,0,0.0,0,0.0
cust_000670,2024-01-27,UK,1,49.09,49.09,0,0.0,0,0.0
cust_000671,2024-02-24,UK,0,0.0,0.0,0,0.0,0,0.0
cust_000672,2024-05-18,AU,1,190.68,190.68,0,0.0,0,0.0
cust_000673,2024-01-27,US,1,128.88,128.88,0,0.0,0,0.0
cust_000674,2024-08-21,CA,1,26.74,26.74,0,0.0,0,0.0
cust_000675,2024-03-11,US,2,115.08,57.54,1,0.5,0,0.0
cust_000676,2024-02-09,CA,2,477.18,238.59,0,0.0,0,0.0
cust_000677,2024-05-30,US,1,229.91,229.91,0,0.0,0,0.0
cust_000678,2024-06-08,US,1,50.42,50.42,0,0.0,0,0.0
cust_000679,2024-03-22,CA,1,58.17,58.17,0,0.0,0,0.0
cust_000680,2024-03-05,FR,1,364.14,364.14,0,0.0,0,0.0
cust_000681,2024-03-24,MX,1,857.54,857.54,0,0.0,0,0.0
cust_000682,2024-02-21,US,1,89.94,89.94,0,0.0,0,0.0
cust_000683,2024-08-06,CA,1,77.58,77.58,0,0.0,0,0.0
cust_000684,2024-06-29,US,1,134.24,134.24,0,0.0,0,0.0
cust_000685,2024-06-03,IN,1,49.42,49.42,0,0.0,0,0.0
cust_000686,2024-06-01,UK,1,33.36,33.36,0,0.0,0,0.0
cust_000687,2024-03-27,US,1,138.54,138.54,0,0.0,0,0.0
cust_000688,2024-01-17,IN,1,1198.5,1198.5,0,0.0,0,0.0
cust_000689,2024-02-02,US,1,174.32,174.32,0,0.0,0,0.0
cust_000690,2024-04-27,US,1,26.23,26.23,0,0.0,0,0.0
cust_000691,2024-02-06,NG,1,62.72,62.72,0,0.0,0,0.0
cust_000692,2024-04-15,NG,1,223.86,223.86,0,0.0,0,0.0
cust_000693,2024-02-11,CA,2,310.39,155.2,0,0.0,0,0.0
cust_000694,2024-04-13,US,1,27.29,27.29,0,0.0,0,0.0
cust_000695,2024-03-16,US,1,68.59,68.59,0,0.0,0,0.0
cust_000696,2024-02-23,US,0,0.0,0.0,0,0.0,0,0.0
cust_000697,2024-04-13,FR,4,280.84,70.21,0,0.0,0,0.0
cust_000698,2024-07-13,BR,4,9136.85,2284.21,1,0.25,1,0.25
cust_000699,2024-07-11,UK,1,48.48,48.48,0,0.0,0,0.0
cust_000700,2024-02-07,UK,1,154.11,154.11,0,0.0,0,0.0
cust_000701,2024-03-24,US,1,89.41,89.41,0,0.0,0,0.0
cust_000702,2024-04-19,FR,77,6987.46,90.75,6,0.0779,0,0.0
cust_000703,2024-06-05,US,1,210.4,210.4,0,0.0,0,0.0
cust_000704,2024-02-17,DE,1,39.29,39.29,0,0.0,0,0.0
cust_000705,2024-07-05,DE,1,109.47,109.47,0,0.0,0,0.0
cust_000706,2024-02-18,US,1,87.91,87.91,0,0.0,0,0.0
cust_000707,2024-04-16,NG,1,266.66,266.66,0,0.0,0,0.0
cust_000708,2024-05-09,BR,1,289.45,289.45,0,0.0,0,0.0
cust_000709,2024-02-27,IN,1,119.78,119.78,0,0.0,0,0.0
cust_000710,2024-04-11,US,1,254.91,254.91,0,0.0,0,0.0
cust_000711,2024-03-07,US,1,124.36,124.36,0,0.0,0,0.0
cust_000712,2024-05-18,US,1,87.19,87.19,0,0.0,0,0.0
cust_000713,2024-02-24,UK,1,53.23,53.23,0,0.0,0,0.0
cust_000714,2024-01-21,US,1,271.66,271.66,0,0.0,0,0.0
cust_000715,2024-06-05,BR,1,82.56,82.56,0,0.0,0,0.0
cust_000716,2024-02-23,UK,0,0.0,0.0,0,0.0,0,0.0
cust_000717,2024-02-28,UK,2,3914.51,1957.26,0,0.0,0,0.0
cust_000718,2024-04-16,CN,2,603.75,301.88,0,0.0,0,0.0
cust_000719,2024-04-17,IN,1,132.64,132.64,0,0.0,0,0.0
cust_000720,2024-03-08,UK,1,31.96,31.96,0,0.0,0,0.0
cust_000721,2024-04-10,ZA,2,11037.88,5518.94,0,0.0,0,0.0
cust_000722,2024-03-17,UK,1,144.61,144.61,0,0.0,0,0.0
cust_000723,2024-02-08,IN,16,1031.26,64.45,2,0.125,0,0.0
cust_000724,2024-04-07,UK,1,29.62,29.62,0,0.0,0,0.0
cust_000725,2024-03-13,DE,0,0.0,0.0,0,0.0,0,0.0
cust_000726,2024-01-05,AU,1,1978.22,1978.22,0,0.0,0,0.0
cust_000727,2024-06-07,IN,1,1172.57,1172.57,1,1.0,0,0.0
cust_000728,2024-05-13,US,1,39.86,39.86,0,0.0,0,0.0
cust_000729,2024-05-15,MX,1,84.31,84.31,0,0.0,0,0.0
cust_000730,2024-02-28,CA,1,57.66,57.66,0,0.0,0,0.0
cust_000731,2024-10-16,BR,1,469.98,469.98,0,0.0,0,0.0
cust_000732,2024-07-26,US,1,49.03,49.03,0,0.0,0,0.0
cust_000733,2024-06-27,CA,1,52.37,52.37,0,0.0,0,0.0
cust_000734,2024-04-04,CN,2,1224.24,612.12,1,0.5,0,0.0
cust_000735,2024-05-11,DE,1,133.72,133.72,0,0.0,0,0.0
cust_000736,2024-06-22,US,1,151.82,151.82,0,0.0,0,0.0
cust_000737,2024-04-28,DE,1,24.07,24.07,0,0.0,0,0.0
cust_000738,2024-02-01,US,1,79.99,79.99,0,0.0,0,0.0
cust_000739,2024-03-02,UK,3,8564.65,2854.88,1,0.3333,1,0.3333
cust_000740,2024-06-12,US,1,49.8,49.8,0,0.0,0,0.0
cust_000741,2024-03-31,US,0,0.0,0.0,0,0.0,0,0.0
cust_000742,2024-03-12,US,1,1023.83,1023.83,0,0.0,0,0.0
cust_000743,2024-04-07,IN,1,106.95,106.95,0,0.0,0,0.0
cust_000744,2024-01-20,FR,1,73.45,73.45,0,0.0,0,0.0
cust_000745,2024-05-10,US,1,53.57,53.57,0,0.0,0,0.0
cust_000746,2024-04-14,IN,2,2324.48,1162.24,0,0.0,0,0.0
cust_000747,2024-01-25,CA,1,137.91,137.91,0,0.0,1,1.0
cust_000748,2024-03-02,ZA,1,55.91,55.91,0,0.0,0,0.0
cust_000749,2024-02-02,BR,1,445.38,445.38,0,0.0,0,0.0
cust_000750,2024-05-07,MX,1,140.65,140.65,0,0.0,0,0.0
cust_000751,2024-03-14,BR,1,219.53,219.53,0,0.0,0,0.0
cust_000752,2024-02-15,DE,1,141.49,141.49,0,0.0,0,0.0
cust_000753,2024-07-31,US,1,9380.37,9380.37,1,1.0,0,0.0
cust_000754,2024-06-03,JP,2,1877.54,938.77,1,0.5,1,0.5
cust_000755,2024-04-02,AU,0,0.0,0.0,0,0.0,0,0.0
cust_000756,2024-04-09,US,3,7852.22,2617.41,0,0.0,2,0.6667
cust_000757,2024-04-03,US,1,231.52,231.52,0,0.0,0,0.0
cust_000758,2024-04-16,CA,1,121.35,121.35,0,0.0,0,0.0
cust_000759,2024-03-04,US,1,158.33,158.33,0,0.0,0,0.0
cust_000760,2024-08-04,KR,3,22394.1,7464.7,1,0.3333,1,0.3333
cust_000761,2024-05-16,US,0,0.0,0.0,0,0.0,0,0.0
cust_000762,2024-03-20,US,4,283.01,70.75,0,0.0,0,0.0
cust_000763,2024-04-11,US,1,58.18,58.18,0,0.0,0,0.0
cust_000764,2024-03-24,CA,1,322.93,322.93,0,0.0,0,0.0
cust_000765,2024-02-19,FR,1,363.19,363.19,0,0.0,0,0.0
cust_000766,2024-06-26,IN,1,101.77,101.77,0,0.0,0,0.0
cust_000767,2024-01-14,US,1,61.66,61.66,0,0.0,0,0.0
cust_000768,2024-02-22,CN,1,40.55,40.55,0,0.0,0,0.0
cust_000769,2024-06-26,UK,2,1122.96,561.48,0,0.0,1,0.5
cust_000770,2024-06-28,US,0,0.0,0.0,0,0.0,0,0.0
cust_000771,2024-03-30,US,1,63.42,63.42,0,0.0,0,0.0
cust_000772,2024-02-19,UK,1,274.48,274.48,0,0.0,0,0.0
cust_000773,2024-02-16,CA,1,617.17,617.17,0,0.0,0,0.0
cust_000774,2024-04-04,IN,1,3869.21,3869.21,0,0.0,1,1.0
cust_000775,2024-02-04,US,1,72.93,72.93,0,0.0,0,0.0
cust_000776,2024-04-22,JP,1,61.19,61.19,0,0.0,0,0.0
cust_000777,2024-05-17,US,0,0.0,0.0,0,0.0,0,0.0
cust_000778,2024-03-29,US,1,536.71,536.71,0,0.0,0,0.0
cust_000779,2024-04-22,DE,1,159.56,159.56,0,0.0,0,0.0
cust_000780,2024-05-23,IN,1,54.53,54.53,0,0.0,0,0.0
cust_000781,2024-04-09,ZA,1,76.92,76.92,0,0.0,0,0.0
cust_000782,2024-04-01,UK,1,315.93,315.93,0,0.0,0,0.0
cust_000783,2024-08-22,US,1,169.12,169.12,0,0.0,0,0.0
cust_000784,2024-05-01,KR,1,102.73,102.73,0,0.0,0,0.0
cust_000785,2024-05-26,CA,1,109.54,109.54,0,0.0,0,0.0
cust_000786,2024-04-26,DE,2,15410.95,7705.48,1,0.5,0,0.0
cust_000787,2024-04-15,US,1,53.22,53.22,0,0.0,0,0.0
cust_000788,2024-04-13,US,1,89.29,89.29,0,0.0,0,0.0
cust_000789,2024-05-19,ZA,0,0.0,0.0,0,0.0,0,0.0
cust_000790,2024-01-30,KR,1,139.47,139.47,0,0.0,0,0.0
cust_000791,2024-06-27,ZA,1,148.49,148.49,0,0.0,0,0.0
cust_000792,2024-04-03,BR,1,142.34,142.34,0,0.0,0,0.0
cust_000793,2024-01-22,CA,7,593.15,84.74,0,0.0,0,0.0
cust_000794,2024-02-14,IN,2,11324.02,5662.01,0,0.0,1,0.5
cust_000795,2024-02-16,US,1,38.69,38.69,1,1.0,0,0.0
cust_000796,2024-01-26,AU,1,167.5,167.5,0,0.0,0,0.0
cust_000797,2024-04-08,FR,1,135.85,135.85,0,0.0,0,0.0
cust_000798,2024-04-30,DE,1,252.47,252.47,0,0.0,0,0.0
cust_000799,2024-03-10,UK,8,14172.66,1771.58,0,0.0,1,0.125
cust_000800,2024-03-09,US,1,694.83,694.83,0,0.0,0,0.0
cust_000801,2024-02-07,BR,1,99.96,99.96,0,0.0,0,0.0
cust_000802,2024-05-05,KR,1,99.95,99.95,0,0.0,0,0.0
cust_000803,2024-07-05,UK,1,55.21,55.21,0,0.0,0,0.0
cust_000804,2024-03-07,US,1,90.43,90.43,1,1.0,0,0.0
cust_000805,2024-03-07,RU,1,79.77,79.77,0,0.0,0,0.0
cust_000806,2024-05-24,DE,1,87.84,87.84,0,0.0,0,0.0
cust_000807,2024-04-11,DE,3,10915.41,3638.47,1,0.3333,1,0.3333
cust_000808,2024-02-28,MX,1,42.47,42.47,0,0.0,0,0.0
cust_000809,2024-04-09,DE,1,88.55,88.55,0,0.0,0,0.0
cust_000810,2024-01-31,IN,1,344.19,344.19,0,0.0,0,0.0
cust_000811,2024-03-08,FR,1,305.05,305.05,0,0.0,0,0.0
cust_000812,2024-03-10,CA,1,46.33,46.33,0,0.0,0,0.0
cust_000813,2024-04-27,US,2,12934.65,6467.32,0,0.0,1,0.5
cust_000814,2024-06-16,US,1,88.31,88.31,0,0.0,0,0.0
cust_000815,2024-05-04,FR,0,0.0,0.0,0,0.0,0,0.0
cust_000816,2024-03-31,US,1,70.24,70.24,0,0.0,0,0.0
cust_000817,2024-04-16,CN,1,321.58,321.58,0,0.0,0,0.0
cust_000818,2024-02-26,UK,1,1207.2,1207.2,0,0.0,0,0.0
cust_000819,2024-05-09,IN,1,457.37,457.37,0,0.0,0,0.0
cust_000820,2024-07-21,US,2,261.15,130.57,1,0.5,0,0.0
cust_000821,2024-04-03,UK,2,96.54,48.27,1,0.5,0,0.0
cust_000822,2024-05-13,UK,1,61.59,61.59,0,0.0,0,0.0
cust_000823,2024-02-24,FR,1,289.96,289.96,0,0.0,0,0.0
cust_000824,2024-05-10,US,1,34.21,34.21,0,0.0,0,0.0
cust_000825,2024-06-02,UK,1,90.34,90.34,0,0.0,0,0.0
cust_000826,2024-05-06,JP,1,117.85,117.85,0,0.0,0,0.0
cust_000827,2024-06-22,DE,1,196.87,196.87,0,0.0,0,0.0
cust_000828,2024-06-01,AU,2,5411.36,2705.68,0,0.0,0,0.0
cust_000829,2024-05-08,AU,1,165.92,165.92,0,0.0,0,0.0
cust_000830,2024-04-18,DE,1,249.64,249.64,0,0.0,0,0.0
cust_000831,2024-04-18,UK,1,36.12,36.12,0,0.0,0,0.0
cust_000832,2024-03-09,UK,1,265.18,265.18,1,1.0,0,0.0
cust_000833,2024-01-18,US,1,359.25,359.25,0,0.0,0,0.0
cust_000834,2024-05-29,US,0,0.0,0.0,0,0.0,0,0.0
cust_000835,2024-05-23,CA,2,561.56,280.78,0,0.0,0,0.0
cust_000836,2024-06-02,NG,1,926.08,926.08,0,0.0,0,0.0
cust_000837,2024-01-03,IN,2,5048.96,2524.48,0,0.0,0,0.0
cust_000838,2024-02-16,UK,1,158.96,158.96,0,0.0,0,0.0
cust_000839,2024-04-02,BR,2,15082.06,7541.03,0,0.0,0,0.0
cust_000840,2024-03-29,UK,1,122.12,122.12,0,0.0,0,0.0
cust_000841,2024-05-21,US,1,988.98,988.98,0,0.0,0,0.0
cust_000842,2024-03-18,US,2,18483.54,9241.77,2,1.0,1,0.5
cust_000843,2024-02-13,BR,0,0.0,0.0,0,0.0,0,0.0
cust_000844,2024-07-18,IN,2,11164.88,5582.44,0,0.0,1,0.5
cust_000845,2024-06-10,IN,1,84.41,84.41,0,0.0,0,0.0
cust_000846,2024-03-01,FR,1,341.67,341.67,0,0.0,0,0.0
cust_000847,2024-06-17,IN,1,133.61,133.61,0,0.0,0,0.0
cust_000848,2024-05-27,UK,1,162.64,162.64,0,0.0,0,0.0
cust_000849,2024-01-21,IN,1,34.13,34.13,0,0.0,0,0.0
cust_000850,2024-03-05,US,1,127.42,127.42,0,0.0,0,0.0
cust_000851,2024-03-18,US,1,11.88,11.88,0,0.0,0,0.0
cust_000852,2024-05-29,CA,2,2936.04,1468.02,1,0.5,0,0.0
cust_000853,2024-04-07,US,1,163.76,163.76,0,0.0,0,0.0
cust_000854,2024-03-08,BR,1,70.73,70.73,0,0.0,0,0.0
cust_000855,2024-03-06,US,1,16.97,16.97,0,0.0,0,0.0
cust_000856,2024-05-05,UK,1,115.16,115.16,0,0.0,0,0.0
cust_000857,2024-03-10,UK,1491,145126.85,97.34,133,0.0892,12,0.008
cust_000858,2024-07-17,DE,1,49.48,49.48,0,0.0,0,0.0
cust_000859,2024-06-24,US,4,2374.79,593.7,1,0.25,0,0.0
cust_000860,2024-05-06,BR,2,7308.94,3654.47,0,0.0,0,0.0
cust_000861,2024-05-24,UK,1,191.49,191.49,0,0.0,0,0.0
cust_000862,2024-04-27,US,2,11877.17,5938.58,0,0.0,0,0.0
cust_000863,2024-06-06,US,1,64.62,64.62,0,0.0,0,0.0
cust_000864,2024-03-22,CN,1,61.67,61.67,0,0.0,0,0.0
cust_000865,2024-09-02,UK,1,35.03,35.03,0,0.0,0,0.0
cust_000866,2024-08-06,UK,1,90.38,90.38,0,0.0,0,0.0
cust_000867,2024-01-08,US,2,5184.25,2592.12,0,0.0,1,0.5
cust_000868,2024-02-19,CA,1,41.9,41.9,0,0.0,0,0.0
cust_000869,2024-04-27,US,1,78.05,78.05,0,0.0,0,0.0
cust_000870,2024-05-31,US,1,118.23,118.23,0,0.0,0,0.0
cust_000871,2024-02-19,FR,4,387.95,96.99,0,0.0,0,0.0
cust_000872,2024-06-10,NG,82,6946.69,84.72,6,0.0732,0,0.0
cust_000873,2024-03-07,UK,1,22.74,22.74,0,0.0,0,0.0
cust_000874,2024-04-21,US,0,0.0,0.0,0,0.0,0,0.0
cust_000875,2024-04-18,UK,1,160.65,160.65,0,0.0,0,0.0
cust_000876,2024-02-25,CN,1,600.95,600.95,1,1.0,0,0.0
cust_000877,2024-04-30,IN,1,44.65,44.65,0,0.0,0,0.0
cust_000878,2024-03-07,US,1,241.58,241.58,0,0.0,0,0.0
cust_000879,2024-02-12,IN,1,186.98,186.98,0,0.0,0,0.0
cust_000880,2024-01-15,UK,1,246.69,246.69,1,1.0,0,0.0
cust_000881,2024-05-29,US,1,93.45,93.45,0,0.0,0,0.0
cust_000882,2024-04-26,KR,1,66.03,66.03,0,0.0,0,0.0
cust_000883,2024-04-21,US,1,167.7,167.7,0,0.0,0,0.0
cust_000884,2024-02-17,UK,2,6476.56,3238.28,0,0.0,0,0.0
cust_000885,2024-03-17,DE,12,1073.24,89.44,2,0.1667,0,0.0
cust_000886,2024-04-29,IN,2,13759.2,6879.6,0,0.0,0,0.0
cust_000887,2024-03-10,US,1,110.82,110.82,0,0.0,0,0.0
cust_000888,2024-07-13,IN,1,62.52,62.52,0,0.0,0,0.0
cust_000889,2024-05-23,FR,1,69.62,69.62,0,0.0,0,0.0
cust_000890,2024-04-08,JP,1,203.32,203.32,0,0.0,0,0.0
cust_000891,2024-04-27,US,1,64.87,64.87,0,0.0,0,0.0
cust_000892,2024-06-13,US,1,207.75,207.75,1,1.0,0,0.0
cust_000893,2024-07-26,MX,1,194.43,194.43,0,0.0,0,0.0
cust_000894,2024-07-14,DE,0,0.0,0.0,0,0.0,0,0.0
cust_000895,2024-02-11,UK,3,7823.55,2607.85,1,0.3333,0,0.0
cust_000896,2024-02-27,FR,1,1037.28,1037.28,0,0.0,0,0.0
cust_000897,2024-02-10,US,5,796.0,159.2,2,0.4,0,0.0
cust_000898,2024-05-24,MX,1,82.03,82.03,0,0.0,0,0.0
cust_000899,2024-06-27,DE,1,51.54,51.54,1,1.0,0,0.0
cust_000900,2024-03-09,NG,4,218.89,54.72,0,0.0,0,0.0
cust_000901,2024-03-18,CA,1,102.1,102.1,0,0.0,0,0.0
cust_000902,2024-03-07,BR,1,127.95,127.95,0,0.0,0,0.0
cust_000903,2024-02-13,US,1,48.26,48.26,0,0.0,0,0.0
cust_000904,2024-08-31,US,2,858.85,429.42,0,0.0,0,0.0
cust_000905,2024-04-02,UK,1,16357.92,16357.92,1,1.0,1,1.0
cust_000906,2024-05-20,NG,1,245.64,245.64,0,0.0,0,0.0
cust_000907,2024-08-20,DE,1,76.93,76.93,0,0.0,0,0.0
cust_000908,2024-08-02,UK,1,54.85,54.85,0,0.0,0,0.0
cust_000909,2024-02-03,US,1,215.29,215.29,0,0.0,0,0.0
cust_000910,2024-03-31,IN,1,724.73,724.73,0,0.0,0,0.0
cust_000911,2024-05-03,IN,2,12612.6,6306.3,0,0.0,0,0.0
cust_000912,2024-07-17,CA,1,65.15,65.15,0,0.0,0,0.0
cust_000913,2024-04-17,FR,1,75.27,75.27,0,0.0,0,0.0
cust_000914,2024-02-11,US,0,0.0,0.0,0,0.0,0,0.0
cust_000915,2024-03-28,CA,0,0.0,0.0,0,0.0,0,0.0
cust_000916,2024-01-08,US,1,170.14,170.14,0,0.0,0,0.0
cust_000917,2024-05-07,US,1,69.67,69.67,0,0.0,0,0.0
cust_000918,2024-05-25,US,1,1007.25,1007.25,0,0.0,0,0.0
cust_000919,2024-04-06,BR,0,0.0,0.0,0,0.0,0,0.0
cust_000920,2024-06-23,US,2,7520.21,3760.1,1,0.5,0,0.0
cust_000921,2024-02-17,US,2,142.75,71.38,0,0.0,0,0.0
cust_000922,2024-05-15,CA,2,11931.09,5965.54,0,0.0,0,0.0
cust_000923,2024-03-11,UK,1,46.79,46.79,0,0.0,0,0.0
cust_000924,2024-03-08,BR,1,184.03,184.03,0,0.0,0,0.0
cust_000925,2024-03-05,AU,3,10971.01,3657.0,0,0.0,0,0.0
cust_000926,2024-05-14,DE,2,22071.7,11035.85,0,0.0,0,0.0
cust_000927,2024-04-20,US,1,84.15,84.15,0,0.0,0,0.0
cust_000928,2024-04-13,US,1,80.17,80.17,0,0.0,0,0.0
cust_000929,2024-05-27,US,1,138.69,138.69,0,0.0,0,0.0
cust_000930,2024-03-28,IN,2,5031.28,2515.64,0,0.0,0,0.0
cust_000931,2024-03-30,US,3,182.1,60.7,0,0.0,0,0.0
cust_000932,2024-07-20,BR,2,1859.39,929.7,0,0.0,0,0.0
cust_000933,2024-02-14,ZA,1,97.0,97.0,1,1.0,0,0.0
cust_000934,2024-02-25,FR,1,71.49,71.49,0,0.0,0,0.0
cust_000935,2024-07-14,UK,13,1568.76,120.67,1,0.0769,1,0.0769
cust_000936,2024-06-08,AU,151,14375.1,95.2,14,0.0927,2,0.0132
cust_000937,2024-03-17,US,1,92.95,92.95,0,0.0,0,0.0
cust_000938,2024-03-05,MX,1,79.2,79.2,0,0.0,0,0.0
cust_000939,2024-03-08,UK,1,21.27,21.27,0,0.0,0,0.0
cust_000940,2024-06-15,DE,1,395.18,395.18,1,1.0,0,0.0
cust_000941,2024-03-26,US,2,1977.89,988.94,1,0.5,0,0.0
cust_000942,2024-02-21,IN,11,1650.09,150.01,1,0.0909,0,0.0
cust_000943,2024-06-06,US,1,231.65,231.65,0,0.0,0,0.0
cust_000944,2024-02-12,US,1,183.05,183.05,1,1.0,0,0.0
cust_000945,2024-03-22,UK,1,211.45,211.45,0,0.0,0,0.0
cust_000946,2024-06-26,US,1,73.6,73.6,0,0.0,0,0.0
cust_000947,2024-05-01,US,1,405.97,405.97,1,1.0,0,0.0
cust_000948,2024-09-05,NG,2,2256.81,1128.4,0,0.0,0,0.0
cust_000949,2024-04-01,US,1,279.9,279.9,0,0.0,0,0.0
cust_000950,2024-03-28,IN,1,95.75,95.75,0,0.0,0,0.0
cust_000951,2024-03-16,US,1,68.57,68.57,0,0.0,0,0.0
cust_000952,2024-05-24,FR,1,29.44,29.44,0,0.0,0,0.0
cust_000953,2024-04-13,KR,1,384.21,384.21,1,1.0,0,0.0
cust_000954,2024-05-14,UK,3,544.25,181.42,0,0.0,0,0.0
cust_000955,2024-02-21,KR,1,413.9,413.9,0,0.0,0,0.0
cust_000956,2024-05-31,IN,3,1686.73,562.24,0,0.0,1,0.3333
cust_000957,2024-05-12,IN,2,917.02,458.51,1,0.5,1,0.5
cust_000958,2024-04-19,US,0,0.0,0.0,0,0.0,0,0.0
cust_000959,2024-03-08,MX,1,94.91,94.91,0,0.0,0,0.0
cust_000960,2024-07-10,JP,1,86.66,86.66,0,0.0,0,0.0
cust_000961,2024-05-28,US,1,76.96,76.96,1,1.0,0,0.0
cust_000962,2024-04-27,US,1,440.21,440.21,0,0.0,0,0.0
cust_000963,2024-02-02,UK,1,311.46,311.46,1,1.0,0,0.0
cust_000964,2024-04-22,US,1,166.65,166.65,0,0.0,0,0.0
cust_000965,2024-04-25,US,1,123.2,123.2,0,0.0,0,0.0
cust_000966,2024-03-07,MX,1,255.12,255.12,0,0.0,0,0.0
cust_000967,2024-03-13,JP,1,126.09,126.09,0,0.0,0,0.0
cust_000968,2024-06-11,UK,1,456.41,456.41,0,0.0,0,0.0
cust_000969,2024-04-07,US,1,143.16,143.16,0,0.0,0,0.0
cust_000970,2024-02-19,IN,2,2907.76,1453.88,0,0.0,0,0.0
cust_000971,2024-04-02,CN,1,92.6,92.6,0,0.0,0,0.0
cust_000972,2024-02-07,AU,1,223.77,223.77,0,0.0,0,0.0
cust_000973,2024-03-26,JP,1,755.46,755.46,0,0.0,0,0.0
cust_000974,2024-10-01,AU,1,44.54,44.54,0,0.0,0,0.0
cust_000975,2024-04-14,CA,1,54.3,54.3,0,0.0,0,0.0
cust_000976,2024-05-10,US,1,287.89,287.89,0,0.0,0,0.0
cust_000977,2024-04-12,BR,1,90.61,90.61,1,1.0,0,0.0
cust_000978,2024-02-12,DE,1,256.5,256.5,0,0.0,0,0.0
cust_000979,2024-04-10,AU,1,78.08,78.08,0,0.0,0,0.0
cust_000980,2024-04-02,FR,1,39.67,39.67,0,0.0,0,0.0
cust_000981,2024-07-09,US,1,145.32,145.32,0,0.0,0,0.0
cust_000982,2024-03-12,US,2,8645.31,4322.66,0,0.0,0,0.0
cust_000983,2024-06-19,JP,1,367.64,367.64,0,0.0,0,0.0
cust_000984,2024-03-01,UK,1,206.22,206.22,0,0.0,0,0.0
cust_000985,2024-05-06,US,1,390.29,390.29,0,0.0,0,0.0
cust_000986,2024-02-09,IN,1,544.11,544.11,0,0.0,0,0.0
cust_000987,2024-05-14,US,1,133.88,133.88,0,0.0,0,0.0
cust_000988,2024-03-01,IN,2,8155.76,4077.88,0,0.0,1,0.5
cust_000989,2024-01-24,IN,1,285.29,285.29,0,0.0,0,0.0
cust_000990,2024-02-24,DE,1,107.31,107.31,0,0.0,0,0.0
cust_000991,2024-05-05,ZA,1,75.77,75.77,0,0.0,0,0.0
cust_000992,2024-04-13,US,0,0.0,0.0,0,0.0,0,0.0
cust_000993,2024-01-27,KR,1,39.69,39.69,0,0.0,0,0.0
cust_000994,2024-05-03,AU,1,1137.53,1137.53,0,0.0,1,1.0
cust_000995,2024-04-05,JP,1,105.8,105.8,0,0.0,0,0.0
cust_000996,2024-02-26,BR,2,253.94,126.97,0,0.0,0,0.0
cust_000997,2024-03-11,US,1,10793.93,10793.93,1,1.0,0,0.0
cust_000998,2024-04-17,CA,1,79.51,79.51,0,0.0,0,0.0
cust_000999,2024-04-03,US,1,134.01,134.01,0,0.0,0,0.0
cust_001000,2024-03-06,DE,4,8246.39,2061.6,0,0.0,2,0.5
cust_001001,2024-03-14,US,4,612.54,153.14,1,0.25,0,0.0
cust_001002,2024-02-18,US,2,3030.17,1515.08,0,0.0,1,0.5
cust_001003,2024-03-07,RU,1,209.2,209.2,0,0.0,0,0.0
cust_001004,2024-01-30,RU,1,128.95,128.95,0,0.0,0,0.0
cust_001005,2024-01-27,IN,1,240.59,240.59,0,0.0,0,0.0
cust_001006,2024-02-28,UK,1,85.08,85.08,1,1.0,0,0.0
cust_001007,2024-05-11,BR,1,148.21,148.21,0,0.0,0,0.0
cust_001008,2024-04-02,KR,0,0.0,0.0,0,0.0,0,0.0
cust_001009,2024-05-10,US,1,220.21,220.21,0,0.0,0,0.0
cust_001010,2024-04-08,US,1,108.52,108.52,0,0.0,0,0.0
cust_001011,2024-04-29,RU,1,211.29,211.29,0,0.0,0,0.0
cust_001012,2024-02-28,US,1,64.28,64.28,0,0.0,0,0.0
cust_001013,2024-02-26,FR,2,11547.75,5773.88,0,0.0,1,0.5
cust_001014,2024-03-30,CA,2,6543.5,3271.75,0,0.0,0,0.0
cust_001015,2024-05-08,CA,1,116.7,116.7,0,0.0,0,0.0
cust_001016,2024-02-20,US,1,36.73,36.73,0,0.0,0,0.0
cust_001017,2024-03-12,FR,1,60.46,60.46,0,0.0,0,0.0
cust_001018,2024-03-05,IN,1,31.51,31.51,0,0.0,0,0.0
cust_001019,2024-09-03,CN,1,721.93,721.93,0,0.0,0,0.0
cust_001020,2024-04-17,CA,1,152.4,152.4,0,0.0,0,0.0
cust_001021,2024-04-11,RU,1,72.36,72.36,0,0.0,0,0.0
cust_001022,2024-03-05,US,0,0.0,0.0,0,0.0,0,0.0
cust_001023,2024-01-04,US,1,36.7,36.7,0,0.0,0,0.0
cust_001024,2024-06-03,MX,1,24.67,24.67,0,0.0,0,0.0
cust_001025,2024-02-05,US,0,0.0,0.0,0,0.0,0,0.0
cust_001026,2024-03-18,US,1,430.23,430.23,0,0.0,0,0.0
cust_001027,2024-02-04,US,1,141.25,141.25,0,0.0,0,0.0
cust_001028,2024-06-10,DE,1,90.52,90.52,1,1.0,0,0.0
cust_001029,2024-05-18,AU,1,37.35,37.35,0,0.0,0,0.0
cust_001030,2024-01-27,RU,1,370.9,370.9,1,1.0,0,0.0
cust_001031,2024-02-18,US,1,64.81,64.81,0,0.0,0,0.0
cust_001032,2024-04-07,US,1,537.74,537.74,0,0.0,0,0.0
cust_001033,2024-01-09,US,1,110.13,110.13,0,0.0,0,0.0
cust_001034,2024-01-12,KR,0,0.0,0.0,0,0.0,0,0.0
cust_001035,2024-03-08,IN,1,32.33,32.33,0,0.0,0,0.0
cust_001036,2024-05-31,US,1,314.12,314.12,0,0.0,0,0.0
cust_001037,2024-03-02,US,1,53.53,53.53,0,0.0,0,0.0
cust_001038,2024-06-05,US,1,67.74,67.74,0,0.0,0,0.0
cust_001039,2024-04-13,FR,1,162.23,162.23,0,0.0,0,0.0
cust_001040,2024-03-11,CA,1,266.09,266.09,0,0.0,0,0.0
cust_001041,2024-05-27,IN,1,19.48,19.48,0,0.0,0,0.0
cust_001042,2024-02-17,CA,1,4357.45,4357.45,0,0.0,0,0.0
cust_001043,2024-05-11,US,2,95.85,47.92,0,0.0,0,0.0
cust_001044,2024-06-24,DE,1,230.06,230.06,0,0.0,0,0.0
cust_001045,2024-03-06,FR,2,13306.06,6653.03,0,0.0,0,0.0
cust_001046,2024-01-21,US,1,326.91,326.91,0,0.0,0,0.0
cust_001047,2024-01-07,IN,5,466.87,93.37,0,0.0,0,0.0
cust_001048,2024-03-01,NG,1,50.16,50.16,0,0.0,0,0.0
cust_001049,2024-03-10,IN,1,144.72,144.72,0,0.0,0,0.0
cust_001050,2024-03-28,DE,0,0.0,0.0,0,0.0,0,0.0
cust_001051,2024-04-14,DE,1,1634.49,1634.49,0,0.0,0,0.0
cust_001052,2024-03-25,US,2,14526.92,7263.46,0,0.0,0,0.0
cust_001053,2024-02-21,US,0,0.0,0.0,0,0.0,0,0.0
cust_001054,2024-02-10,CA,1,48.09,48.09,0,0.0,1,1.0
cust_001055,2024-01-31,US,1,49.32,49.32,0,0.0,0,0.0
cust_001056,2024-04-20,DE,2,2006.06,1003.03,1,0.5,0,0.0
cust_001057,2024-05-23,FR,0,0.0,0.0,0,0.0,0,0.0
cust_001058,2024-02-10,US,1,610.81,610.81,1,1.0,0,0.0
cust_001059,2024-05-12,MX,1,34.9,34.9,0,0.0,0,0.0
cust_001060,2024-03-09,CN,1,158.53,158.53,0,0.0,0,0.0
cust_001061,2024-04-24,US,1,389.98,389.98,1,1.0,0,0.0
cust_001062,2024-06-15,CA,2,10159.86,5079.93,0,0.0,1,0.5
cust_001063,2024-04-02,US,1,226.38,226.38,0,0.0,0,0.0
cust_001064,2024-02-05,KR,2,11028.32,5514.16,0,0.0,1,0.5
cust_001065,2024-01-31,CA,1,84.9,84.9,0,0.0,0,0.0
cust_001066,2024-04-02,DE,2,1529.62,764.81,0,0.0,0,0.0
cust_001067,2024-02-16,KR,1,55.42,55.42,1,1.0,0,0.0
cust_001068,2024-06-06,DE,1,410.75,410.75,0,0.0,0,0.0
cust_001069,2024-03-03,NG,0,0.0,0.0,0,0.0,0,0.0
cust_001070,2024-04-10,US,4,4440.02,1110.01,0,0.0,2,0.5
cust_001071,2024-04-19,US,1,37.98,37.98,0,0.0,0,0.0
cust_001072,2024-07-25,UK,1,100.53,100.53,0,0.0,0,0.0
cust_001073,2024-02-28,NG,1,84.8,84.8,0,0.0,0,0.0
cust_001074,2024-04-09,US,1,124.54,124.54,0,0.0,0,0.0
cust_001075,2024-04-22,UK,1,200.41,200.41,0,0.0,0,0.0
cust_001076,2024-03-17,BR,2,13067.98,6533.99,0,0.0,0,0.0
cust_001077,2024-03-06,US,1,218.85,218.85,0,0.0,0,0.0
cust_001078,2024-02-12,IN,1,237.46,237.46,0,0.0,0,0.0
cust_001079,2024-05-12,US,1,51.04,51.04,0,0.0,0,0.0
cust_001080,2024-05-17,US,1,216.27,216.27,0,0.0,0,0.0
cust_001081,2024-05-02,US,2,974.52,487.26,0,0.0,1,0.5
cust_001082,2024-07-12,BR,13,1451.95,111.69,1,0.0769,0,0.0
cust_001083,2024-04-21,US,1,15.45,15.45,0,0.0,0,0.0
cust_001084,2024-02-13,UK,2,119.5,59.75,1,0.5,0,0.0
cust_001085,2024-03-23,FR,1,81.31,81.31,0,0.0,0,0.0
cust_001086,2024-02-02,UK,1,30.52,30.52,0,0.0,0,0.0
cust_001087,2024-03-04,CA,1,50.12,50.12,0,0.0,0,0.0
cust_001088,2024-06-22,CA,2,3977.28,1988.64,1,0.5,1,0.5
cust_001089,2024-05-06,RU,0,0.0,0.0,0,0.0,0,0.0
cust_001090,2024-02-13,NG,1,349.32,349.32,0,0.0,0,0.0
cust_001091,2024-08-04,US,1,2007.7,2007.7,0,0.0,0,0.0
cust_001092,2024-02-06,DE,1,52.74,52.74,0,0.0,0,0.0
cust_001093,2024-04-08,CA,1,98.95,98.95,0,0.0,0,0.0
cust_001094,2024-05-27,UK,2,20826.53,10413.26,0,0.0,0,0.0
cust_001095,2024-05-31,CA,0,0.0,0.0,0,0.0,0,0.0
cust_001096,2024-02-08,NG,1,144.64,144.64,0,0.0,0,0.0
cust_001097,2024-02-16,AU,1,262.85,262.85,0,0.0,0,0.0
cust_001098,2024-03-03,CA,1,96.26,96.26,0,0.0,0,0.0
cust_001099,2024-03-10,US,1,60.36,60.36,0,0.0,0,0.0
cust_001100,2024-05-25,IN,1,27.89,27.89,0,0.0,0,0.0
cust_001101,2024-02-27,CA,4,1195.95,298.99,0,0.0,0,0.0
cust_001102,2024-03-22,UK,1,112.35,112.35,0,0.0,0,0.0
cust_001103,2024-02-17,MX,1,46.41,46.41,0,0.0,0,0.0
cust_001104,2024-04-22,ZA,1,28.59,28.59,1,1.0,0,0.0
cust_001105,2024-03-18,MX,0,0.0,0.0,0,0.0,0,0.0
cust_001106,2024-03-21,FR,1,578.86,578.86,0,0.0,0,0.0
cust_001107,2024-07-04,IN,1,49.14,49.14,0,0.0,0,0.0
cust_001108,2024-01-18,US,1,16263.61,16263.61,0,0.0,0,0.0
cust_001109,2024-02-12,MX,1,39.56,39.56,0,0.0,0,0.0
cust_001110,2024-04-14,UK,1,340.09,340.09,1,1.0,0,0.0
cust_001111,2024-02-26,US,1,110.73,110.73,0,0.0,0,0.0
cust_001112,2024-03-16,US,1,254.13,254.13,0,0.0,0,0.0
cust_001113,2024-04-25,BR,4,9338.3,2334.57,0,0.0,1,0.25
cust_001114,2024-05-18,US,1,128.65,128.65,0,0.0,0,0.0
cust_001115,2024-03-14,AU,1,33.64,33.64,0,0.0,0,0.0
cust_001116,2024-05-06,IN,1,72.57,72.57,0,0.0,0,0.0
cust_001117,2024-02-29,US,1,272.27,272.27,0,0.0,0,0.0
cust_001118,2024-03-27,JP,1,68.66,68.66,0,0.0,0,0.0
cust_001119,2024-04-05,JP,1,67.79,67.79,0,0.0,0,0.0
cust_001120,2024-04-20,US,1,326.8,326.8,1,1.0,0,0.0
cust_001121,2024-03-26,US,1,694.38,694.38,0,0.0,0,0.0
cust_001122,2024-01-14,IN,6,1229.03,204.84,0,0.0,0,0.0
cust_001123,2024-05-06,US,1,42.42,42.42,0,0.0,0,0.0
cust_001124,2024-08-16,US,6,33705.03,5617.5,2,0.3333,1,0.1667
cust_001125,2024-05-16,CN,1,69.98,69.98,1,1.0,0,0.0
cust_001126,2024-02-10,US,1,26.71,26.71,0,0.0,0,0.0
cust_001127,2024-06-11,CA,0,0.0,0.0,0,0.0,0,0.0
cust_001128,2024-05-07,US,0,0.0,0.0,0,0.0,0,0.0
cust_001129,2024-05-29,US,1,343.27,343.27,0,0.0,0,0.0
cust_001130,2024-03-08,UK,2,1545.8,772.9,0,0.0,0,0.0
cust_001131,2024-06-29,US,1,42.63,42.63,0,0.0,0,0.0
cust_001132,2024-04-15,AU,1,146.79,146.79,0,0.0,0,0.0
cust_001133,2024-05-04,BR,2,4823.55,2411.78,0,0.0,1,0.5
cust_001134,2024-02-17,CA,1,60.33,60.33,0,0.0,0,0.0
cust_001135,2024-03-16,NG,1,43.27,43.27,0,0.0,0,0.0
cust_001136,2024-06-30,US,1,212.81,212.81,0,0.0,0,0.0
cust_001137,2024-06-26,CA,2,24958.51,12479.26,0,0.0,0,0.0
cust_001138,2024-04-26,BR,2,15068.19,7534.1,0,0.0,1,0.5
cust_001139,2024-04-07,IN,0,0.0,0.0,0,0.0,0,0.0
cust_001140,2024-01-01,ZA,2,19301.34,9650.67,0,0.0,0,0.0
cust_001141,2024-02-22,IN,0,0.0,0.0,0,0.0,0,0.0
cust_001142,2024-03-22,KR,1,455.42,455.42,0,0.0,0,0.0
cust_001143,2024-03-02,US,1,327.63,327.63,0,0.0,0,0.0
cust_001144,2024-03-14,US,1,781.98,781.98,0,0.0,0,0.0
cust_001145,2024-03-07,UK,1,57.34,57.34,0,0.0,0,0.0
cust_001146,2024-01-24,JP,2,12611.88,6305.94,0,0.0,1,0.5
cust_001147,2024-07-12,US,0,0.0,0.0,0,0.0,0,0.0
cust_001148,2024-03-29,US,1,110.85,110.85,0,0.0,0,0.0
cust_001149,2024-03-04,ZA,2,8330.39,4165.2,0,0.0,0,0.0
cust_001150,2024-03-22,IN,2,8164.13,4082.06,0,0.0,2,1.0
cust_001151,2024-03-11,UK,1,36.69,36.69,0,0.0,0,0.0
cust_001152,2024-02-06,US,2,4716.52,2358.26,0,0.0,0,0.0
cust_001153,2024-02-03,FR,3,126.01,42.0,0,0.0,0,0.0
cust_001154,2024-02-06,CN,1,150.4,150.4,0,0.0,0,0.0
cust_001155,2024-03-11,FR,1,89.11,89.11,0,0.0,0,0.0
cust_001156,2024-04-02,US,0,0.0,0.0,0,0.0,0,0.0
cust_001157,2024-03-30,CA,1,61.32,61.32,0,0.0,0,0.0
cust_001158,2024-03-07,UK,1,169.53,169.53,0,0.0,0,0.0
cust_001159,2024-02-27,RU,1,48.6,48.6,0,0.0,0,0.0
cust_001160,2024-03-05,AU,1,71.54,71.54,0,0.0,0,0.0
cust_001161,2024-03-14,BR,1,74.03,74.03,0,0.0,0,0.0
cust_001162,2024-02-29,UK,1,87.23,87.23,0,0.0,0,0.0
cust_001163,2024-03-15,US,1,58.23,58.23,0,0.0,0,0.0
cust_001164,2024-05-17,FR,1,36.74,36.74,0,0.0,0,0.0
cust_001165,2024-04-09,IN,1,863.88,863.88,0,0.0,0,0.0
cust_001166,2024-04-26,US,2,216.4,108.2,0,0.0,0,0.0
cust_001167,2024-02-28,FR,1,171.17,171.17,0,0.0,0,0.0
cust_001168,2024-04-27,US,1,81.46,81.46,0,0.0,0,0.0
cust_001169,2024-06-06,FR,1,87.16,87.16,0,0.0,0,0.0
cust_001170,2024-07-30,FR,1,31.88,31.88,0,0.0,0,0.0
cust_001171,2024-04-14,US,1,67.83,67.83,0,0.0,0,0.0
cust_001172,2024-02-28,AU,1,405.88,405.88,0,0.0,0,0.0
cust_001173,2024-04-25,UK,1,337.59,337.59,0,0.0,0,0.0
cust_001174,2024-04-09,CA,2,11691.94,5845.97,0,0.0,1,0.5
cust_001175,2024-08-16,KR,1,91.41,91.41,0,0.0,0,0.0
cust_001176,2024-04-30,RU,1,107.31,107.31,0,0.0,0,0.0
cust_001177,2024-02-16,UK,0,0.0,0.0,0,0.0,0,0.0
cust_001178,2024-07-02,DE,1,267.38,267.38,0,0.0,0,0.0
cust_001179,2024-05-13,CA,1,251.43,251.43,1,1.0,0,0.0
cust_001180,2024-01-04,BR,1,819.93,819.93,0,0.0,0,0.0
cust_001181,2024-05-01,US,1,88.23,88.23,0,0.0,0,0.0
cust_001182,2024-04-29,CA,1,107.42,107.42,0,0.0,0,0.0
cust_001183,2024-08-17,US,2,18176.49,9088.25,0,0.0,1,0.5
cust_001184,2024-02-11,CN,2,20505.35,10252.68,2,1.0,0,0.0
cust_001185,2024-03-25,RU,1,86.04,86.04,0,0.0,0,0.0
cust_001186,2024-03-07,US,1,146.0,146.0,0,0.0,0,0.0
cust_001187,2024-02-01,IN,1,124.92,124.92,0,0.0,0,0.0
cust_001188,2024-03-13,UK,1,82.86,82.86,0,0.0,0,0.0
cust_001189,2024-05-25,US,1,58.36,58.36,0,0.0,0,0.0
cust_001190,2024-04-06,US,4,887.01,221.75,1,0.25,1,0.25
cust_001191,2024-07-26,BR,1,37.35,37.35,0,0.0,0,0.0
cust_001192,2024-01-26,US,4,8282.4,2070.6,1,0.25,1,0.25
cust_001193,2024-06-17,CA,1,71.2,71.2,0,0.0,0,0.0
cust_001194,2024-07-15,RU,2,10679.6,5339.8,0,0.0,1,0.5
cust_001195,2024-03-06,US,1,133.55,133.55,0,0.0,0,0.0
cust_001196,2024-07-04,CA,1,380.51,380.51,0,0.0,0,0.0
cust_001197,2024-03-20,MX,1,677.65,677.65,0,0.0,0,0.0
cust_001198,2024-05-03,BR,1,49.35,49.35,0,0.0,0,0.0
cust_001199,2024-06-10,US,2,2737.19,1368.6,0,0.0,1,0.5
cust_001200,2024-04-29,US,1,511.61,511.61,0,0.0,0,0.0
cust_001201,2024-02-06,AU,1,284.65,284.65,0,0.0,0,0.0
cust_001202,2024-03-05,US,1,41.95,41.95,0,0.0,0,0.0
cust_001203,2024-03-30,IN,1,151.74,151.74,0,0.0,0,0.0
cust_001204,2024-06-22,US,2,2137.83,1068.92,0,0.0,0,0.0
cust_001205,2024-02-12,BR,1,81.2,81.2,0,0.0,0,0.0
cust_001206,2024-06-06,UK,1,15.58,15.58,0,0.0,0,0.0
cust_001207,2024-08-16,UK,3,420.32,140.11,0,0.0,0,0.0
cust_001208,2024-03-28,AU,1,93.32,93.32,0,0.0,0,0.0
cust_001209,2024-01-09,US,1,47.72,47.72,0,0.0,0,0.0
cust_001210,2024-06-24,IN,1,99.95,99.95,1,1.0,0,0.0
cust_001211,2024-03-10,KR,1,134.28,134.28,0,0.0,0,0.0
cust_001212,2024-03-06,DE,1,57.64,57.64,0,0.0,0,0.0
cust_001213,2024-08-02,US,1,31.54,31.54,0,0.0,0,0.0
cust_001214,2024-02-06,RU,1,39.16,39.16,0,0.0,0,0.0
cust_001215,2024-01-19,US,2,3610.2,1805.1,0,0.0,0,0.0
cust_001216,2024-03-16,UK,1,116.51,116.51,0,0.0,0,0.0
cust_001217,2024-09-16,US,1,813.89,813.89,0,0.0,0,0.0
cust_001218,2024-02-22,FR,21,1823.8,86.85,4,0.1905,0,0.0
cust_001219,2024-05-08,US,1,452.81,452.81,0,0.0,0,0.0
cust_001220,2024-03-27,US,5,260.31,52.06,0,0.0,1,0.2
cust_001221,2024-04-22,UK,1,141.37,141.37,0,0.0,0,0.0
cust_001222,2024-03-12,US,1,83.05,83.05,0,0.0,0,0.0
cust_001223,2024-03-01,AU,1,98.7,98.7,0,0.0,0,0.0
cust_001224,2024-04-28,CA,1,81.71,81.71,0,0.0,0,0.0
cust_001225,2024-02-19,CA,2,8387.86,4193.93,0,0.0,0,0.0
cust_001226,2024-06-10,US,1,755.54,755.54,0,0.0,0,0.0
cust_001227,2024-02-19,RU,1,153.29,153.29,0,0.0,0,0.0
cust_001228,2024-09-01,US,2,14061.37,7030.68,0,0.0,1,0.5
cust_001229,2024-05-04,UK,1,78.36,78.36,0,0.0,0,0.0
cust_001230,2024-06-17,US,1,140.92,140.92,0,0.0,0,0.0
cust_001231,2024-04-19,KR,1,80.12,80.12,1,1.0,0,0.0
cust_001232,2024-03-22,IN,1,85.19,85.19,0,0.0,0,0.0
cust_001233,2024-03-09,US,2,19928.6,9964.3,0,0.0,0,0.0
cust_001234,2024-05-01,US,1,50.14,50.14,0,0.0,0,0.0
cust_001235,2024-03-27,CA,1,64.92,64.92,0,0.0,0,0.0
cust_001236,2024-06-22,US,1,903.52,903.52,0,0.0,0,0.0
cust_001237,2024-06-11,IN,1,211.7,211.7,1,1.0,0,0.0
cust_001238,2024-06-04,US,0,0.0,0.0,0,0.0,0,0.0
cust_001239,2024-06-07,US,1,97.2,97.2,0,0.0,0,0.0
cust_001240,2024-05-15,AU,9,222.19,24.69,0,0.0,2,0.2222
cust_001241,2024-03-25,CA,1,146.95,146.95,0,0.0,0,0.0
cust_001242,2024-03-02,US,36,3778.58,104.96,1,0.0278,0,0.0
cust_001243,2024-03-09,UK,2,13384.35,6692.18,0,0.0,1,0.5
cust_001244,2024-05-15,NG,1,32.91,32.91,0,0.0,0,0.0
cust_001245,2024-02-12,JP,1,85.53,85.53,0,0.0,0,0.0
cust_001246,2024-05-17,FR,1,72.3,72.3,0,0.0,0,0.0
cust_001247,2024-02-03,JP,1,183.77,183.77,0,0.0,0,0.0
cust_001248,2024-05-13,US,1,835.38,835.38,0,0.0,0,0.0
cust_001249,2024-04-17,US,1,799.92,799.92,0,0.0,0,0.0
cust_001250,2024-02-24,US,1,27.45,27.45,0,0.0,0,0.0
cust_001251,2024-02-03,US,1,95.15,95.15,0,0.0,0,0.0
cust_001252,2024-07-24,BR,1,86.42,86.42,0,0.0,0,0.0
cust_001253,2024-04-20,US,1,30.22,30.22,0,0.0,0,0.0
cust_001254,2024-02-20,UK,1,170.65,170.65,0,0.0,0,0.0
cust_001255,2024-07-23,US,2,2750.68,1375.34,1,0.5,0,0.0
cust_001256,2024-06-19,BR,1,37.25,37.25,0,0.0,0,0.0
cust_001257,2024-05-23,BR,1,59.84,59.84,1,1.0,0,0.0
cust_001258,2024-02-10,AU,1,226.86,226.86,0,0.0,0,0.0
cust_001259,2024-02-28,UK,8,1210.38,151.3,0,0.0,0,0.0
cust_001260,2024-01-11,CN,1,5.11,5.11,0,0.0,0,0.0
cust_001261,2024-02-16,NG,1,33.32,33.32,0,0.0,0,0.0
cust_001262,2024-03-26,DE,1,111.42,111.42,0,0.0,0,0.0
cust_001263,2024-04-17,IN,1,40.09,40.09,0,0.0,0,0.0
cust_001264,2024-05-22,US,1,354.2,354.2,0,0.0,0,0.0
cust_001265,2024-02-23,FR,1,980.4,980.4,0,0.0,0,0.0
cust_001266,2024-01-17,CN,1,629.72,629.72,0,0.0,0,0.0
cust_001267,2024-02-06,US,4,9264.46,2316.11,1,0.25,0,0.0
cust_001268,2024-05-27,US,1,27.46,27.46,0,0.0,0,0.0
cust_001269,2024-07-06,US,1,179.4,179.4,0,0.0,0,0.0
cust_001270,2024-03-21,ZA,1,265.56,265.56,0,0.0,0,0.0
cust_001271,2024-03-28,CA,1,67.06,67.06,0,0.0,0,0.0
cust_001272,2024-06-21,KR,1,60.02,60.02,0,0.0,0,0.0
cust_001273,2024-03-30,IN,1,657.09,657.09,0,0.0,0,0.0
cust_001274,2024-03-11,US,1,324.94,324.94,0,0.0,0,0.0
cust_001275,2024-06-01,IN,1,98.76,98.76,0,0.0,0,0.0
cust_001276,2024-06-05,US,1,35.19,35.19,0,0.0,0,0.0
cust_001277,2024-03-26,UK,3,14491.83,4830.61,1,0.3333,0,0.0
cust_001278,2024-06-02,UK,1,139.81,139.81,0,0.0,0,0.0
cust_001279,2024-02-25,IN,1,108.68,108.68,0,0.0,0,0.0
cust_001280,2024-04-04,UK,1,31.54,31.54,0,0.0,0,0.0
cust_001281,2024-04-23,UK,1,124.29,124.29,0,0.0,0,0.0
cust_001282,2024-02-18,NG,1,161.9,161.9,1,1.0,0,0.0
cust_001283,2024-02-28,US,1,289.76,289.76,0,0.0,0,0.0
cust_001284,2024-03-11,CN,2,11135.89,5567.94,0,0.0,0,0.0
cust_001285,2024-05-15,CA,1,33.07,33.07,0,0.0,0,0.0
cust_001286,2024-07-01,IN,2,14761.43,7380.72,0,0.0,0,0.0
cust_001287,2024-07-01,US,1,122.71,122.71,0,0.0,0,0.0
cust_001288,2024-06-09,US,1,71.68,71.68,0,0.0,0,0.0
cust_001289,2024-03-05,FR,0,0.0,0.0,0,0.0,0,0.0
cust_001290,2024-08-12,RU,0,0.0,0.0,0,0.0,0,0.0
cust_001291,2024-01-11,CA,2,2329.39,1164.7,0,0.0,0,0.0
cust_001292,2024-06-03,US,1,283.93,283.93,0,0.0,0,0.0
cust_001293,2024-05-09,AU,2,7196.65,3598.32,0,0.0,0,0.0
cust_001294,2024-01-28,RU,1,38.92,38.92,0,0.0,0,0.0
cust_001295,2024-03-22,DE,1,34.61,34.61,1,1.0,0,0.0
cust_001296,2024-04-18,US,1,43.97,43.97,0,0.0,0,0.0
cust_001297,2024-02-06,UK,1,29.26,29.26,0,0.0,0,0.0
cust_001298,2024-04-06,CN,1,298.82,298.82,0,0.0,0,0.0
cust_001299,2024-02-13,US,2,7972.44,3986.22,0,0.0,1,0.5
cust_001300,2024-04-21,US,2,1487.38,743.69,0,0.0,1,0.5
cust_001301,2024-04-29,DE,1,24.32,24.32,0,0.0,0,0.0
cust_001302,2024-01-25,CA,1,305.89,305.89,0,0.0,0,0.0
cust_001303,2024-04-05,US,1,23.41,23.41,0,0.0,0,0.0
cust_001304,2024-05-18,IN,1,1150.02,1150.02,0,0.0,0,0.0
cust_001305,2024-01-13,CN,1,56.05,56.05,0,0.0,0,0.0
cust_001306,2024-05-08,JP,1,102.92,102.92,0,0.0,0,0.0
cust_001307,2024-05-23,US,1,71.41,71.41,0,0.0,0,0.0
cust_001308,2024-08-02,NG,1,92.39,92.39,0,0.0,0,0.0
cust_001309,2024-05-01,IN,2,17587.72,8793.86,0,0.0,0,0.0
cust_001310,2024-02-14,US,1,62.39,62.39,0,0.0,0,0.0
cust_001311,2024-04-22,US,1,27.04,27.04,0,0.0,0,0.0
cust_001312,2024-04-27,KR,1,77.75,77.75,0,0.0,0,0.0
cust_001313,2024-06-06,US,1,55.91,55.91,0,0.0,0,0.0
cust_001314,2024-07-11,US,0,0.0,0.0,0,0.0,0,0.0
cust_001315,2024-04-17,DE,1,64.14,64.14,0,0.0,0,0.0
cust_001316,2024-03-31,FR,1,74.87,74.87,0,0.0,0,0.0
cust_001317,2024-04-16,US,2,6956.25,3478.12,0,0.0,1,0.5
cust_001318,2024-03-23,FR,1,269.57,269.57,0,0.0,0,0.0
cust_001319,2024-04-29,AU,1,59.29,59.29,0,0.0,0,0.0
cust_001320,2024-02-12,BR,1,25.77,25.77,0,0.0,0,0.0
cust_001321,2024-06-01,FR,1,85.71,85.71,0,0.0,0,0.0
cust_001322,2024-05-09,US,1,629.85,629.85,0,0.0,0,0.0
cust_001323,2024-04-21,NG,1,59.22,59.22,0,0.0,0,0.0
cust_001324,2024-02-15,CA,1,110.2,110.2,0,0.0,0,0.0
cust_001325,2024-02-09,UK,2,7061.65,3530.82,0,0.0,0,0.0
cust_001326,2024-06-22,US,1,69.35,69.35,0,0.0,0,0.0
cust_001327,2024-08-03,IN,1,182.61,182.61,0,0.0,0,0.0
cust_001328,2024-05-04,US,1,4464.73,4464.73,0,0.0,0,0.0
cust_001329,2024-08-21,CA,1,88.95,88.95,0,0.0,0,0.0
cust_001330,2024-06-11,US,1,1644.9,1644.9,0,0.0,0,0.0
cust_001331,2024-02-20,DE,1,164.69,164.69,0,0.0,0,0.0
cust_001332,2024-04-21,US,1,170.45,170.45,0,0.0,0,0.0
cust_001333,2024-03-20,IN,1,92.82,92.82,0,0.0,0,0.0
cust_001334,2024-05-08,IN,1,65.21,65.21,1,1.0,0,0.0
cust_001335,2024-04-12,UK,1,2537.46,2537.46,0,0.0,0,0.0
cust_001336,2024-05-19,RU,1,228.38,228.38,0,0.0,0,0.0
cust_001337,2024-05-27,CA,1,83.21,83.21,0,0.0,0,0.0
cust_001338,2024-03-04,FR,1,34.15,34.15,0,0.0,0,0.0
cust_001339,2024-04-07,UK,1,72.02,72.02,1,1.0,0,0.0
cust_001340,2024-04-25,AU,1,63.9,63.9,0,0.0,0,0.0
cust_001341,2024-05-15,NG,1,91.99,91.99,1,1.0,0,0.0
cust_001342,2024-06-28,UK,1,411.47,411.47,0,0.0,0,0.0
cust_001343,2024-02-15,KR,1,659.76,659.76,0,0.0,0,0.0
cust_001344,2024-02-25,US,1,11958.53,11958.53,0,0.0,0,0.0
cust_001345,2024-02-23,JP,1,361.06,361.06,0,0.0,0,0.0
cust_001346,2024-06-19,CA,1,378.91,378.91,0,0.0,0,0.0
cust_001347,2024-05-17,US,1,261.38,261.38,1,1.0,0,0.0
cust_001348,2024-02-26,IN,1,43.04,43.04,0,0.0,0,0.0
cust_001349,2024-04-10,US,4,18010.53,4502.63,0,0.0,2,0.5
cust_001350,2024-01-23,NG,0,0.0,0.0,0,0.0,0,0.0
cust_001351,2024-01-31,BR,1,89.79,89.79,1,1.0,0,0.0
cust_001352,2024-02-11,DE,1,79.91,79.91,0,0.0,0,0.0
cust_001353,2024-06-11,US,1,200.91,200.91,0,0.0,0,0.0
cust_001354,2024-05-26,KR,1,217.98,217.98,0,0.0,0,0.0
cust_001355,2024-02-29,JP,1,394.76,394.76,0,0.0,0,0.0
cust_001356,2024-03-08,FR,1,67.55,67.55,0,0.0,0,0.0
cust_001357,2024-02-11,UK,1,89.41,89.41,0,0.0,0,0.0
cust_001358,2024-02-15,CA,1,150.87,150.87,0,0.0,0,0.0
cust_001359,2024-03-03,US,2,14630.97,7315.48,1,0.5,0,0.0
cust_001360,2024-04-24,JP,4,211.02,52.76,0,0.0,0,0.0
cust_001361,2024-04-07,US,2,1524.46,762.23,0,0.0,1,0.5
cust_001362,2024-01-15,US,1,24.49,24.49,0,0.0,0,0.0
cust_001363,2024-02-17,US,1,465.33,465.33,0,0.0,0,0.0
cust_001364,2024-05-06,UK,2,1913.84,956.92,0,0.0,0,0.0
cust_001365,2024-04-20,IN,1,336.86,336.86,0,0.0,0,0.0
cust_001366,2024-03-07,BR,1,272.96,272.96,0,0.0,0,0.0
cust_001367,2024-05-06,CN,1,307.7,307.7,0,0.0,0,0.0
cust_001368,2024-03-08,US,1,68.0,68.0,0,0.0,0,0.0
cust_001369,2024-05-27,US,0,0.0,0.0,0,0.0,0,0.0
cust_001370,2024-04-30,UK,1,87.26,87.26,0,0.0,0,0.0
cust_001371,2024-03-15,BR,1,104.92,104.92,0,0.0,0,0.0
cust_001372,2024-08-29,RU,2,3827.67,1913.84,0,0.0,0,0.0
cust_001373,2024-03-29,US,1,289.35,289.35,0,0.0,0,0.0
cust_001374,2024-06-14,US,1,141.93,141.93,0,0.0,0,0.0
cust_001375,2024-06-06,RU,19,1557.05,81.95,1,0.0526,0,0.0
cust_001376,2024-02-11,IN,1,24.86,24.86,0,0.0,0,0.0
cust_001377,2024-03-05,UK,1,31.92,31.92,0,0.0,0,0.0
cust_001378,2024-07-08,US,1,20.31,20.31,0,0.0,0,0.0
cust_001379,2024-03-13,US,1,23.83,23.83,1,1.0,0,0.0
cust_001380,2024-04-26,US,1,584.19,584.19,0,0.0,0,0.0
cust_001381,2024-02-28,DE,2,8823.63,4411.82,0,0.0,1,0.5
cust_001382,2024-05-10,FR,1,50.63,50.63,0,0.0,0,0.0
cust_001383,2024-03-01,UK,1,59.83,59.83,1,1.0,0,0.0
cust_001384,2024-06-02,IN,1,38.92,38.92,0,0.0,0,0.0
cust_001385,2024-05-02,US,1,35.39,35.39,0,0.0,0,0.0
cust_001386,2024-05-12,US,2,611.66,305.83,1,0.5,1,0.5
cust_001387,2024-06-23,US,1,61.79,61.79,1,1.0,0,0.0
cust_001388,2024-04-25,US,1,158.46,158.46,0,0.0,0,0.0
cust_001389,2024-03-20,ZA,1,1058.46,1058.46,0,0.0,0,0.0
cust_001390,2024-02-06,US,31,2516.0,81.16,2,0.0645,2,0.0645
cust_001391,2024-06-02,US,1,20.55,20.55,0,0.0,0,0.0
cust_001392,2024-06-24,AU,1,273.03,273.03,0,0.0,0,0.0
cust_001393,2024-08-06,UK,2,4076.81,2038.4,0,0.0,0,0.0
cust_001394,2024-05-22,US,1,48.97,48.97,0,0.0,0,0.0
cust_001395,2024-02-15,US,2,1482.66,741.33,0,0.0,0,0.0
cust_001396,2024-07-21,US,1,434.7,434.7,0,0.0,0,0.0
cust_001397,2024-03-12,US,1,79.98,79.98,0,0.0,0,0.0
cust_001398,2024-03-14,DE,3,296.61,98.87,0,0.0,0,0.0
cust_001399,2024-05-09,UK,1,36.01,36.01,0,0.0,0,0.0
cust_001400,2024-03-07,US,1,102.12,102.12,0,0.0,0,0.0
cust_001401,2024-05-14,AU,2,17895.57,8947.78,1,0.5,1,0.5
cust_001402,2024-03-18,US,1,120.26,120.26,1,1.0,0,0.0
cust_001403,2024-06-26,UK,3,6819.77,2273.26,0,0.0,1,0.3333
cust_001404,2024-05-23,US,1,116.38,116.38,0,0.0,0,0.0
cust_001405,2024-02-13,US,1,48.5,48.5,0,0.0,0,0.0
cust_001406,2024-06-02,CA,1,544.92,544.92,0,0.0,0,0.0
cust_001407,2024-03-28,US,1,144.93,144.93,0,0.0,0,0.0
cust_001408,2024-08-19,US,2,8488.48,4244.24,0,0.0,1,0.5
cust_001409,2024-03-23,CA,9,3199.9,355.54,1,0.1111,1,0.1111
cust_001410,2024-05-12,JP,1,85.79,85.79,0,0.0,0,0.0
cust_001411,2024-04-06,CA,1,357.61,357.61,0,0.0,0,0.0
cust_001412,2024-02-27,US,1,461.66,461.66,0,0.0,0,0.0
cust_001413,2024-04-02,US,2,1647.39,823.7,0,0.0,1,0.5
cust_001414,2024-05-25,UK,0,0.0,0.0,0,0.0,0,0.0
cust_001415,2024-03-25,US,1,468.89,468.89,0,0.0,0,0.0
cust_001416,2024-02-27,US,117,10065.1,86.03,8,0.0684,0,0.0
cust_001417,2024-05-19,CA,1,320.56,320.56,0,0.0,0,0.0
cust_001418,2024-03-07,MX,1,74.32,74.32,0,0.0,0,0.0
cust_001419,2024-05-25,BR,1,175.45,175.45,0,0.0,0,0.0
cust_001420,2024-05-09,US,1,81.73,81.73,0,0.0,0,0.0
cust_001421,2024-04-20,AU,1,49.76,49.76,0,0.0,0,0.0
cust_001422,2024-06-04,UK,1,81.45,81.45,0,0.0,0,0.0
cust_001423,2024-07-24,BR,1,25.71,25.71,0,0.0,0,0.0
cust_001424,2024-05-03,IN,1,254.54,254.54,0,0.0,0,0.0
cust_001425,2024-03-12,DE,1,79.28,79.28,0,0.0,0,0.0
cust_001426,2024-06-22,UK,2,5225.68,2612.84,0,0.0,0,0.0
cust_001427,2024-05-25,FR,1,806.35,806.35,0,0.0,0,0.0
cust_001428,2024-05-09,CA,1,65.38,65.38,0,0.0,0,0.0
cust_001429,2024-01-28,IN,3,458.31,152.77,0,0.0,0,0.0
cust_001430,2024-05-27,CA,1,124.97,124.97,0,0.0,0,0.0
cust_001431,2024-04-02,US,1,110.69,110.69,0,0.0,0,0.0
cust_001432,2024-01-14,CA,1,223.55,223.55,0,0.0,0,0.0
cust_001433,2024-01-07,US,1,23.14,23.14,0,0.0,0,0.0
cust_001434,2024-03-07,US,1,48.06,48.06,0,0.0,0,0.0
cust_001435,2024-01-15,CA,1,7.01,7.01,0,0.0,0,0.0
cust_001436,2024-04-20,UK,1,320.43,320.43,0,0.0,0,0.0
cust_001437,2024-01-26,US,1,73.39,73.39,0,0.0,0,0.0
cust_001438,2024-03-24,US,1,327.4,327.4,0,0.0,0,0.0
cust_001439,2024-03-14,UK,1,71.64,71.64,0,0.0,0,0.0
cust_001440,2024-02-24,KR,1,56.87,56.87,0,0.0,0,0.0
cust_001441,2024-03-15,CA,1,167.55,167.55,0,0.0,0,0.0
cust_001442,2024-03-14,AU,3,288.02,96.01,1,0.3333,0,0.0
cust_001443,2024-06-13,UK,1,30.72,30.72,0,0.0,0,0.0
cust_001444,2024-08-09,US,1,113.95,113.95,0,0.0,0,0.0
cust_001445,2024-06-29,US,2,2400.15,1200.08,0,0.0,1,0.5
cust_001446,2024-02-09,UK,1,28.19,28.19,0,0.0,0,0.0
cust_001447,2024-06-05,RU,1,417.68,417.68,0,0.0,0,0.0
cust_001448,2024-06-26,US,1,6219.18,6219.18,0,0.0,0,0.0
cust_001449,2024-01-21,UK,1,174.42,174.42,0,0.0,0,0.0
cust_001450,2024-03-09,DE,1,264.3,264.3,0,0.0,0,0.0
cust_001451,2024-05-27,FR,1,172.78,172.78,0,0.0,0,0.0
cust_001452,2024-03-01,IN,1,139.38,139.38,0,0.0,0,0.0
cust_001453,2024-06-23,US,1,54.99,54.99,0,0.0,0,0.0
cust_001454,2024-05-08,MX,1,316.42,316.42,0,0.0,0,0.0
cust_001455,2024-05-15,UK,1,1258.92,1258.92,0,0.0,0,0.0
cust_001456,2024-07-12,US,2,7006.87,3503.44,0,0.0,0,0.0
cust_001457,2024-06-15,JP,2,11997.12,5998.56,0,0.0,0,0.0
cust_001458,2024-02-08,CN,2,8958.76,4479.38,1,0.5,0,0.0
cust_001459,2024-03-03,MX,2,14750.77,7375.38,0,0.0,1,0.5
cust_001460,2024-04-25,CA,1,146.72,146.72,0,0.0,0,0.0
cust_001461,2024-02-29,JP,1,147.66,147.66,0,0.0,0,0.0
cust_001462,2024-05-07,US,1,630.15,630.15,0,0.0,0,0.0
cust_001463,2024-05-07,NG,2,6539.18,3269.59,0,0.0,1,0.5
cust_001464,2024-02-09,FR,1,148.01,148.01,0,0.0,0,0.0
cust_001465,2024-04-25,UK,0,0.0,0.0,0,0.0,0,0.0
cust_001466,2024-02-24,US,1,54.01,54.01,0,0.0,0,0.0
cust_001467,2024-03-12,FR,1,496.02,496.02,1,1.0,0,0.0
cust_001468,2024-04-25,UK,1,174.58,174.58,0,0.0,0,0.0
cust_001469,2024-06-10,KR,1,216.32,216.32,0,0.0,0,0.0
cust_001470,2024-02-13,JP,3,254.37,84.79,0,0.0,0,0.0
cust_001471,2024-06-10,AU,3,6227.09,2075.7,0,0.0,1,0.3333
cust_001472,2024-05-05,US,1,73.75,73.75,0,0.0,0,0.0
cust_001473,2024-04-25,FR,0,0.0,0.0,0,0.0,0,0.0
cust_001474,2024-03-21,FR,2,19443.05,9721.53,0,0.0,0,0.0
cust_001475,2024-04-28,UK,5,902.35,180.47,0,0.0,0,0.0
cust_001476,2024-02-19,US,2,13860.73,6930.36,0,0.0,1,0.5
cust_001477,2024-03-18,FR,1,69.45,69.45,0,0.0,0,0.0
cust_001478,2024-06-10,US,1,173.99,173.99,0,0.0,0,0.0
cust_001479,2024-05-03,US,5,363.64,72.73,1,0.2,0,0.0
cust_001480,2024-05-10,US,1,43.93,43.93,0,0.0,0,0.0
cust_001481,2024-10-08,US,1,43.23,43.23,0,0.0,0,0.0
cust_001482,2024-03-14,CA,1,179.18,179.18,0,0.0,0,0.0
cust_001483,2024-05-15,US,1,161.27,161.27,0,0.0,0,0.0
cust_001484,2024-02-12,CA,1,65.03,65.03,0,0.0,0,0.0
cust_001485,2024-07-15,NG,1,22.63,22.63,0,0.0,0,0.0
cust_001486,2024-04-02,IN,5,471.09,94.22,0,0.0,0,0.0
cust_001487,2024-04-16,CA,1,49.98,49.98,0,0.0,0,0.0
cust_001488,2024-01-21,US,1,396.71,396.71,0,0.0,0,0.0
cust_001489,2024-04-02,UK,2,13164.3,6582.15,0,0.0,1,0.5
cust_001490,2024-02-12,IN,1,319.66,319.66,0,0.0,0,0.0
cust_001491,2024-08-20,JP,1,343.36,343.36,0,0.0,0,0.0
cust_001492,2024-03-29,NG,1,481.12,481.12,0,0.0,0,0.0
cust_001493,2024-02-24,UK,1,29.48,29.48,0,0.0,0,0.0
cust_001494,2024-04-02,US,4,145.47,36.37,0,0.0,0,0.0
cust_001495,2024-03-03,DE,1,118.44,118.44,0,0.0,0,0.0
cust_001496,2024-01-07,MX,0,0.0,0.0,0,0.0,0,0.0
cust_001497,2024-04-07,MX,1,58.82,58.82,0,0.0,0,0.0
cust_001498,2024-02-13,ZA,2,6786.97,3393.48,0,0.0,0,0.0
cust_001499,2024-04-09,US,1,18991.46,18991.46,0,0.0,0,0.0
cust_001500,2024-07-08,BR,1,28.86,28.86,0,0.0,1,1.0
cust_001501,2024-06-04,US,1,54.33,54.33,0,0.0,0,0.0
cust_001502,2024-06-26,US,1,74.1,74.1,0,0.0,0,0.0
cust_001503,2024-04-24,DE,7,1154.19,164.88,1,0.1429,0,0.0
cust_001504,2024-04-05,US,1,106.14,106.14,1,1.0,0,0.0
cust_001505,2024-02-02,UK,0,0.0,0.0,0,0.0,0,0.0
cust_001506,2024-05-10,US,1,31.71,31.71,1,1.0,0,0.0
cust_001507,2024-07-07,US,6,174.47,29.08,1,0.1667,1,0.1667
cust_001508,2024-04-17,US,1,27.32,27.32,0,0.0,0,0.0
cust_001509,2024-09-22,CA,0,0.0,0.0,0,0.0,0,0.0
cust_001510,2024-04-18,US,1,87.18,87.18,0,0.0,0,0.0
cust_001511,2024-06-23,CA,1,208.54,208.54,0,0.0,0,0.0
cust_001512,2024-03-14,IN,1,52.33,52.33,0,0.0,0,0.0
cust_001513,2024-03-15,US,1,16.44,16.44,0,0.0,0,0.0
cust_001514,2024-03-05,JP,1,131.94,131.94,1,1.0,0,0.0
cust_001515,2024-02-29,US,1,116.23,116.23,0,0.0,0,0.0
cust_001516,2024-07-03,NG,8,186.25,23.28,1,0.125,5,0.625
cust_001517,2024-02-01,KR,1,801.99,801.99,0,0.0,0,0.0
cust_001518,2024-02-21,RU,1,105.11,105.11,0,0.0,0,0.0
cust_001519,2024-08-27,CA,1,42.05,42.05,0,0.0,0,0.0
cust_001520,2024-06-11,AU,1,71.99,71.99,1,1.0,0,0.0
cust_001521,2024-03-24,US,2,8584.5,4292.25,0,0.0,0,0.0
cust_001522,2024-04-30,CN,1,330.43,330.43,0,0.0,0,0.0
cust_001523,2024-03-31,US,2,13991.58,6995.79,0,0.0,0,0.0
cust_001524,2024-06-14,CA,0,0.0,0.0,0,0.0,0,0.0
cust_001525,2024-02-29,UK,1,132.69,132.69,0,0.0,0,0.0
cust_001526,2024-02-22,AU,6,462.81,77.14,1,0.1667,0,0.0
cust_001527,2024-03-18,FR,1,595.95,595.95,1,1.0,0,0.0
cust_001528,2024-06-28,US,1,176.26,176.26,0,0.0,0,0.0
cust_001529,2024-02-05,US,1,76.47,76.47,0,0.0,0,0.0
cust_001530,2024-06-09,AU,1,122.61,122.61,0,0.0,0,0.0
cust_001531,2024-04-06,KR,1,946.5,946.5,0,0.0,0,0.0
cust_001532,2024-03-06,US,1,53.19,53.19,0,0.0,0,0.0
cust_001533,2024-07-04,FR,0,0.0,0.0,0,0.0,0,0.0
cust_001534,2024-02-20,CA,11,1135.74,103.25,0,0.0,0,0.0
cust_001535,2024-06-12,US,1,33.64,33.64,0,0.0,0,0.0
cust_001536,2024-06-03,US,1,143.31,143.31,0,0.0,0,0.0
cust_001537,2024-04-10,FR,1,1615.59,1615.59,0,0.0,0,0.0
cust_001538,2024-09-22,US,1,61.17,61.17,0,0.0,0,0.0
cust_001539,2024-02-10,JP,1,147.37,147.37,0,0.0,0,0.0
cust_001540,2024-02-29,US,0,0.0,0.0,0,0.0,0,0.0
cust_001541,2024-05-16,IN,1,136.8,136.8,0,0.0,0,0.0
cust_001542,2024-07-01,US,2,14698.1,7349.05,0,0.0,1,0.5
cust_001543,2024-08-10,DE,1,37.98,37.98,0,0.0,0,0.0
cust_001544,2024-07-07,US,0,0.0,0.0,0,0.0,0,0.0
cust_001545,2024-05-23,US,3,32198.72,10732.91,0,0.0,0,0.0
cust_001546,2024-07-15,CA,1,35.8,35.8,1,1.0,0,0.0
cust_001547,2024-01-28,IN,8,723.92,90.49,1,0.125,0,0.0
cust_001548,2024-02-22,IN,0,0.0,0.0,0,0.0,0,0.0
cust_001549,2024-02-03,US,1,46.22,46.22,1,1.0,0,0.0
cust_001550,2024-04-16,US,1,73.39,73.39,0,0.0,0,0.0
cust_001551,2024-05-14,US,1,61.32,61.32,0,0.0,0,0.0
cust_001552,2024-02-14,US,1,432.09,432.09,0,0.0,0,0.0
cust_001553,2024-05-18,US,4,196.66,49.16,0,0.0,0,0.0
cust_001554,2024-04-06,US,1,95.26,95.26,0,0.0,0,0.0
cust_001555,2024-04-06,CA,1,331.7,331.7,0,0.0,0,0.0
cust_001556,2024-04-28,US,1,30.18,30.18,0,0.0,0,0.0
cust_001557,2024-04-09,UK,2,14041.84,7020.92,0,0.0,0,0.0
cust_001558,2024-04-03,AU,1,82.35,82.35,0,0.0,0,0.0
cust_001559,2024-01-30,AU,1,107.58,107.58,0,0.0,0,0.0
cust_001560,2024-02-10,CA,1,300.09,300.09,0,0.0,0,0.0
cust_001561,2024-01-28,US,1,22.83,22.83,0,0.0,0,0.0
cust_001562,2024-02-27,CA,1,43.73,43.73,0,0.0,0,0.0
cust_001563,2024-06-06,US,1,123.73,123.73,0,0.0,0,0.0
cust_001564,2024-02-22,CA,1,21.45,21.45,0,0.0,0,0.0
cust_001565,2024-03-18,RU,1,227.79,227.79,0,0.0,0,0.0
cust_001566,2024-05-02,IN,1,166.2,166.2,0,0.0,0,0.0
cust_001567,2024-04-08,MX,2,2698.77,1349.38,0,0.0,0,0.0
cust_001568,2024-03-10,US,2,1080.92,540.46,0,0.0,1,0.5
cust_001569,2024-05-08,US,1,140.47,140.47,0,0.0,0,0.0
cust_001570,2024-04-30,US,5,5747.87,1149.57,0,0.0,2,0.4
cust_001571,2024-06-10,US,1,98.73,98.73,0,0.0,0,0.0
cust_001572,2024-03-05,US,1,126.19,126.19,1,1.0,0,0.0
cust_001573,2024-03-11,CN,1,80.58,80.58,0,0.0,0,0.0
cust_001574,2024-04-07,UK,1,211.38,211.38,0,0.0,0,0.0
cust_001575,2024-02-28,CN,4,7880.03,1970.01,0,0.0,2,0.5
cust_001576,2024-01-12,JP,1,291.68,291.68,0,0.0,0,0.0
cust_001577,2024-05-04,FR,1,90.59,90.59,0,0.0,0,0.0
cust_001578,2024-07-12,RU,1,287.24,287.24,0,0.0,0,0.0
cust_001579,2024-03-30,US,1,500.44,500.44,1,1.0,0,0.0
cust_001580,2024-04-02,JP,5,462.81,92.56,0,0.0,0,0.0
cust_001581,2024-03-04,DE,2,2331.79,1165.9,0,0.0,1,0.5
cust_001582,2024-07-04,IN,1,82.32,82.32,0,0.0,0,0.0
cust_001583,2024-01-21,IN,5,431.52,86.3,1,0.2,0,0.0
cust_001584,2024-06-24,RU,1,174.84,174.84,0,0.0,0,0.0
cust_001585,2024-06-23,CN,1,22.53,22.53,0,0.0,0,0.0
cust_001586,2024-04-04,US,1,57.75,57.75,0,0.0,0,0.0
cust_001587,2024-03-03,US,1,80.72,80.72,0,0.0,0,0.0
cust_001588,2024-05-29,US,4,372.02,93.0,3,0.75,0,0.0
cust_001589,2024-05-25,BR,1,121.87,121.87,0,0.0,0,0.0
cust_001590,2024-04-20,US,1,11.51,11.51,0,0.0,0,0.0
cust_001591,2024-01-26,DE,2,13734.73,6867.36,0,0.0,0,0.0
cust_001592,2024-07-21,UK,1,131.84,131.84,0,0.0,0,0.0
cust_001593,2024-03-24,RU,1,33.57,33.57,0,0.0,0,0.0
cust_001594,2024-05-06,BR,1,114.0,114.0,0,0.0,0,0.0
cust_001595,2024-01-19,CA,2,7205.21,3602.6,0,0.0,1,0.5
cust_001596,2024-01-24,UK,2,1554.86,777.43,0,0.0,0,0.0
cust_001597,2024-02-01,BR,0,0.0,0.0,0,0.0,0,0.0
cust_001598,2024-05-11,US,1,2996.69,2996.69,0,0.0,0,0.0
cust_001599,2024-06-28,CA,7,14695.67,2099.38,0,0.0,3,0.4286
cust_001600,2024-01-23,CN,1,74.82,74.82,0,0.0,0,0.0
cust_001601,2024-04-14,IN,1,54.32,54.32,1,1.0,0,0.0
cust_001602,2024-07-10,CN,2,4805.79,2402.9,0,0.0,1,0.5
cust_001603,2024-01-15,UK,1,29.27,29.27,0,0.0,0,0.0
cust_001604,2024-07-17,IN,1,65.91,65.91,0,0.0,0,0.0
cust_001605,2024-03-08,MX,1,33.0,33.0,0,0.0,0,0.0
cust_001606,2024-07-24,FR,2,24704.49,12352.24,0,0.0,1,0.5
cust_001607,2024-03-16,RU,1,49.22,49.22,0,0.0,0,0.0
cust_001608,2024-04-27,BR,1,67.84,67.84,0,0.0,0,0.0
cust_001609,2024-03-31,US,7,681.27,97.32,4,0.5714,3,0.4286
cust_001610,2024-02-27,US,1,319.66,319.66,0,0.0,0,0.0
cust_001611,2024-02-23,FR,2,11379.85,5689.92,0,0.0,0,0.0
cust_001612,2024-03-20,NG,1,39.84,39.84,0,0.0,0,0.0
cust_001613,2024-04-26,BR,1,539.34,539.34,0,0.0,0,0.0
cust_001614,2024-06-28,US,1,93.84,93.84,0,0.0,0,0.0
cust_001615,2024-03-21,IN,1,123.95,123.95,0,0.0,0,0.0
cust_001616,2024-07-19,DE,1,55.53,55.53,0,0.0,0,0.0
cust_001617,2024-07-04,UK,1,40.59,40.59,0,0.0,0,0.0
cust_001618,2024-04-22,IN,1,88.54,88.54,0,0.0,0,0.0
cust_001619,2024-04-05,ZA,1,321.39,321.39,0,0.0,0,0.0
cust_001620,2024-05-15,CA,1,151.25,151.25,0,0.0,0,0.0
cust_001621,2024-02-08,US,1,86.59,86.59,0,0.0,0,0.0
cust_001622,2024-02-10,CA,1,242.15,242.15,1,1.0,0,0.0
cust_001623,2024-03-21,US,1,1381.06,1381.06,1,1.0,0,0.0
cust_001624,2024-03-21,DE,1,166.96,166.96,0,0.0,0,0.0
cust_001625,2024-05-06,RU,1,210.05,210.05,0,0.0,0,0.0
cust_001626,2024-03-21,DE,1,227.07,227.07,1,1.0,0,0.0
cust_001627,2024-07-31,NG,6,4003.95,667.32,0,0.0,1,0.1667
cust_001628,2024-02-04,FR,1,83.22,83.22,0,0.0,0,0.0
cust_001629,2024-04-26,UK,1,74.72,74.72,0,0.0,0,0.0
cust_001630,2024-03-21,CA,1,86.08,86.08,0,0.0,0,0.0
cust_001631,2024-06-27,CA,0,0.0,0.0,0,0.0,0,0.0
cust_001632,2024-08-16,UK,0,0.0,0.0,0,0.0,0,0.0
cust_001633,2024-02-13,US,1,114.13,114.13,0,0.0,0,0.0
cust_001634,2024-01-20,DE,20976,2011852.07,95.91,1646,0.0785,89,0.0042
cust_001635,2024-03-14,US,2,4791.81,2395.9,0,0.0,0,0.0
cust_001636,2024-04-15,US,2,1602.87,801.44,0,0.0,0,0.0
cust_001637,2024-02-18,UK,1,178.64,178.64,0,0.0,0,0.0
cust_001638,2024-03-13,ZA,1,80.57,80.57,0,0.0,0,0.0
cust_001639,2024-03-23,US,1,224.54,224.54,0,0.0,0,0.0
cust_001640,2024-06-25,AU,1,109.56,109.56,0,0.0,0,0.0
cust_001641,2024-02-04,UK,1,10015.33,10015.33,0,0.0,1,1.0
cust_001642,2024-02-27,US,1,204.79,204.79,0,0.0,0,0.0
cust_001643,2024-03-04,US,1,6.96,6.96,0,0.0,0,0.0
cust_001644,2024-04-20,US,1,411.92,411.92,0,0.0,0,0.0
cust_001645,2024-06-20,UK,2,3670.61,1835.3,0,0.0,1,0.5
cust_001646,2024-04-01,UK,1,389.68,389.68,0,0.0,0,0.0
cust_001647,2024-03-11,IN,1,174.45,174.45,0,0.0,0,0.0
cust_001648,2024-02-02,US,22,1889.82,85.9,3,0.1364,0,0.0
cust_001649,2024-04-16,US,1,165.24,165.24,0,0.0,0,0.0
cust_001650,2024-03-12,US,1,51.68,51.68,0,0.0,0,0.0
cust_001651,2024-02-23,NG,1,21.28,21.28,0,0.0,1,1.0
cust_001652,2024-03-10,UK,1,61.23,61.23,0,0.0,0,0.0
cust_001653,2024-02-24,IN,1,58.0,58.0,0,0.0,0,0.0
cust_001654,2024-02-19,FR,14,1561.21,111.52,1,0.0714,1,0.0714
cust_001655,2024-02-29,US,6,244.03,40.67,1,0.1667,1,0.1667
cust_001656,2024-03-10,US,8,406.04,50.76,1,0.125,4,0.5
cust_001657,2024-03-01,IN,1,983.03,983.03,0,0.0,0,0.0
cust_001658,2024-05-30,RU,1,420.65,420.65,0,0.0,0,0.0
cust_001659,2024-03-29,NG,13,1587.11,122.09,7,0.5385,0,0.0
cust_001660,2024-02-04,US,1,115.02,115.02,0,0.0,0,0.0
cust_001661,2024-02-15,US,1,120.47,120.47,0,0.0,0,0.0
cust_001662,2024-02-20,UK,1,32.63,32.63,0,0.0,0,0.0
cust_001663,2024-11-10,US,1,654.23,654.23,0,0.0,0,0.0
cust_001664,2024-03-10,KR,1,215.69,215.69,0,0.0,0,0.0
cust_001665,2024-04-05,US,1,53.99,53.99,0,0.0,0,0.0
cust_001666,2024-01-19,US,1,768.79,768.79,0,0.0,0,0.0
cust_001667,2024-03-14,US,2,2038.37,1019.18,0,0.0,0,0.0
cust_001668,2024-07-11,JP,1,406.24,406.24,0,0.0,0,0.0
cust_001669,2024-03-02,CA,1,554.83,554.83,0,0.0,0,0.0
cust_001670,2024-07-07,US,4,286.28,71.57,0,0.0,0,0.0
cust_001671,2024-02-15,UK,1,14.59,14.59,1,1.0,0,0.0
cust_001672,2024-03-31,US,1,255.67,255.67,1,1.0,0,0.0
cust_001673,2024-04-06,US,1,61.58,61.58,0,0.0,0,0.0
cust_001674,2024-02-26,MX,0,0.0,0.0,0,0.0,0,0.0
cust_001675,2024-04-10,DE,1,406.28,406.28,0,0.0,0,0.0
cust_001676,2024-05-27,IN,1,38.7,38.7,0,0.0,0,0.0
cust_001677,2024-05-31,CA,1,25.54,25.54,0,0.0,0,0.0
cust_001678,2024-07-23,CA,1,102.18,102.18,0,0.0,0,0.0
cust_001679,2024-03-27,AU,1,389.99,389.99,1,1.0,0,0.0
cust_001680,2024-06-07,US,1,46.57,46.57,0,0.0,0,0.0
cust_001681,2024-03-04,DE,1,86.87,86.87,0,0.0,0,0.0
cust_001682,2024-08-06,CA,7,221.37,31.62,0,0.0,1,0.1429
cust_001683,2024-02-15,US,1,196.57,196.57,0,0.0,0,0.0
cust_001684,2024-05-17,US,0,0.0,0.0,0,0.0,0,0.0
cust_001685,2024-03-16,JP,1,191.61,191.61,0,0.0,0,0.0
cust_001686,2024-02-26,CN,1,97.32,97.32,0,0.0,0,0.0
cust_001687,2024-02-09,US,1,74.08,74.08,0,0.0,0,0.0
cust_001688,2024-06-06,US,0,0.0,0.0,0,0.0,0,0.0
cust_001689,2024-02-10,DE,1,756.2,756.2,0,0.0,0,0.0
cust_001690,2024-06-19,AU,1,29.35,29.35,0,0.0,0,0.0
cust_001691,2024-05-25,CA,1,52.45,52.45,0,0.0,0,0.0
cust_001692,2024-04-03,CN,1,540.47,540.47,0,0.0,0,0.0
cust_001693,2024-08-01,NG,15,2106.7,140.45,2,0.1333,0,0.0
cust_001694,2024-05-28,US,1,38.26,38.26,0,0.0,0,0.0
cust_001695,2024-01-22,US,1,85.56,85.56,1,1.0,0,0.0
cust_001696,2024-04-23,US,1,206.72,206.72,0,0.0,0,0.0
cust_001697,2024-05-19,NG,2,18827.83,9413.92,1,0.5,1,0.5
cust_001698,2024-03-15,CA,1,1343.44,1343.44,0,0.0,0,0.0
cust_001699,2024-04-06,MX,1,6184.87,6184.87,0,0.0,0,0.0
cust_001700,2024-05-06,FR,1,435.78,435.78,0,0.0,0,0.0
cust_001701,2024-03-31,FR,1,123.86,123.86,0,0.0,0,0.0
cust_001702,2024-03-05,US,1,20.76,20.76,0,0.0,0,0.0
cust_001703,2024-02-11,US,1,587.76,587.76,0,0.0,0,0.0
cust_001704,2024-07-25,CN,1,29.85,29.85,0,0.0,0,0.0
cust_001705,2024-03-22,CA,1,40.55,40.55,0,0.0,0,0.0
cust_001706,2024-05-11,ZA,1,61.14,61.14,0,0.0,0,0.0
cust_001707,2024-03-16,US,2,7225.89,3612.94,1,0.5,1,0.5
cust_001708,2024-06-11,IN,1,62.19,62.19,0,0.0,0,0.0
cust_001709,2024-03-28,IN,1,26.21,26.21,0,0.0,0,0.0
cust_001710,2024-06-26,US,1,360.92,360.92,0,0.0,0,0.0
cust_001711,2024-04-19,CA,1,169.64,169.64,0,0.0,0,0.0
cust_001712,2024-01-21,CN,1,85.81,85.81,0,0.0,0,0.0
cust_001713,2024-02-27,UK,1,33.52,33.52,0,0.0,0,0.0
cust_001714,2024-04-09,CA,1,24.04,24.04,0,0.0,0,0.0
cust_001715,2024-04-06,DE,1,102.49,102.49,1,1.0,0,0.0
cust_001716,2024-06-15,AU,1,29.85,29.85,0,0.0,0,0.0
cust_001717,2024-06-08,BR,2,11084.1,5542.05,0,0.0,0,0.0
cust_001718,2024-04-20,UK,1,75.76,75.76,1,1.0,0,0.0
cust_001719,2024-03-12,UK,1,67.92,67.92,0,0.0,0,0.0
cust_001720,2024-01-31,CA,1,430.1,430.1,0,0.0,0,0.0
cust_001721,2024-02-24,KR,1,64.97,64.97,0,0.0,0,0.0
cust_001722,2024-03-02,CN,1,57.39,57.39,0,0.0,0,0.0
cust_001723,2024-03-11,IN,7,600.53,85.79,0,0.0,1,0.1429
cust_001724,2024-03-22,US,4,11042.64,2760.66,0,0.0,0,0.0
cust_001725,2024-02-14,RU,1,144.8,144.8,1,1.0,0,0.0
cust_001726,2024-04-17,US,1,144.54,144.54,0,0.0,0,0.0
cust_001727,2024-01-27,US,1,147.74,147.74,0,0.0,0,0.0
cust_001728,2024-02-18,UK,1,221.1,221.1,0,0.0,0,0.0
cust_001729,2024-03-27,DE,2,9629.53,4814.77,0,0.0,0,0.0
cust_001730,2024-02-15,US,1,604.93,604.93,0,0.0,0,0.0
cust_001731,2024-01-30,US,4,12710.71,3177.68,0,0.0,2,0.5
cust_001732,2024-07-26,AU,2,2686.17,1343.08,0,0.0,1,0.5
cust_001733,2024-04-25,DE,1,107.69,107.69,0,0.0,0,0.0
cust_001734,2024-03-04,US,19,2740.78,144.25,2,0.1053,1,0.0526
cust_001735,2024-05-27,US,1,34.93,34.93,0,0.0,0,0.0
cust_001736,2024-05-31,FR,1,131.61,131.61,0,0.0,0,0.0
cust_001737,2024-04-05,US,1,20.15,20.15,0,0.0,0,0.0
cust_001738,2024-06-05,US,2,3634.57,1817.28,1,0.5,1,0.5
cust_001739,2024-02-21,ZA,1,67.03,67.03,0,0.0,0,0.0
cust_001740,2024-04-06,IN,1,31.49,31.49,0,0.0,0,0.0
cust_001741,2024-06-06,UK,1,69.39,69.39,0,0.0,0,0.0
cust_001742,2024-03-12,IN,1,33.39,33.39,1,1.0,0,0.0
cust_001743,2024-07-22,DE,1,408.43,408.43,0,0.0,0,0.0
cust_001744,2024-03-10,CA,1,113.94,113.94,1,1.0,0,0.0
cust_001745,2024-03-16,DE,1,184.57,184.57,0,0.0,0,0.0
cust_001746,2024-03-04,DE,1,37.81,37.81,0,0.0,0,0.0
cust_001747,2024-03-18,US,1,288.77,288.77,0,0.0,0,0.0
cust_001748,2024-02-09,UK,25,3205.72,128.23,3,0.12,0,0.0
cust_001749,2024-04-20,US,1,166.0,166.0,0,0.0,0,0.0
cust_001750,2024-05-14,AU,1,41.31,41.31,0,0.0,0,0.0
cust_001751,2024-03-11,AU,1,108.74,108.74,0,0.0,0,0.0
cust_001752,2024-08-01,BR,2,6367.63,3183.82,0,0.0,0,0.0
cust_001753,2024-05-05,UK,1,125.06,125.06,0,0.0,0,0.0
cust_001754,2024-01-16,IN,1,68.61,68.61,0,0.0,0,0.0
cust_001755,2024-03-31,DE,1,110.16,110.16,0,0.0,0,0.0
cust_001756,2024-07-23,US,1,103.17,103.17,1,1.0,0,0.0
cust_001757,2024-02-23,KR,2,20130.97,10065.48,0,0.0,1,0.5
cust_001758,2024-01-23,UK,2,14020.97,7010.48,0,0.0,0,0.0
cust_001759,2024-07-16,CA,1,184.43,184.43,0,0.0,0,0.0
cust_001760,2024-04-12,BR,2,814.72,407.36,0,0.0,0,0.0
cust_001761,2024-05-01,FR,0,0.0,0.0,0,0.0,0,0.0
cust_001762,2024-01-25,CA,1,141.83,141.83,0,0.0,0,0.0
cust_001763,2024-05-03,UK,2,508.0,254.0,1,0.5,1,0.5
cust_001764,2024-03-11,IN,1,215.24,215.24,0,0.0,0,0.0
cust_001765,2024-03-29,UK,1,106.61,106.61,0,0.0,0,0.0
cust_001766,2024-07-29,IN,1,103.47,103.47,0,0.0,0,0.0
cust_001767,2024-03-10,AU,1,49.74,49.74,0,0.0,0,0.0
cust_001768,2024-05-01,US,1,85.88,85.88,0,0.0,0,0.0
cust_001769,2024-04-24,DE,1,161.95,161.95,0,0.0,0,0.0
cust_001770,2024-06-17,US,1,476.21,476.21,0,0.0,0,0.0
cust_001771,2024-02-13,FR,1,172.36,172.36,0,0.0,0,0.0
cust_001772,2024-03-23,US,1,399.49,399.49,0,0.0,0,0.0
cust_001773,2024-01-23,CA,1,32.26,32.26,0,0.0,0,0.0
cust_001774,2024-03-19,US,1,118.52,118.52,0,0.0,0,0.0
cust_001775,2024-04-04,US,1,58.43,58.43,0,0.0,0,0.0
cust_001776,2024-04-20,IN,1,51.39,51.39,0,0.0,0,0.0
cust_001777,2024-03-16,UK,0,0.0,0.0,0,0.0,0,0.0
cust_001778,2024-04-03,CA,2,17880.14,8940.07,0,0.0,0,0.0
cust_001779,2024-06-08,ZA,2,30.33,15.16,0,0.0,0,0.0
cust_001780,2024-03-05,US,4,2760.97,690.24,0,0.0,1,0.25
cust_001781,2024-02-01,UK,1,44.1,44.1,0,0.0,0,0.0
cust_001782,2024-02-27,CA,1,354.45,354.45,0,0.0,0,0.0
cust_001783,2024-04-20,BR,1,186.74,186.74,0,0.0,0,0.0
cust_001784,2024-02-29,US,1,282.72,282.72,0,0.0,0,0.0
cust_001785,2024-04-09,UK,0,0.0,0.0,0,0.0,0,0.0
cust_001786,2024-03-19,BR,1,169.85,169.85,0,0.0,0,0.0
cust_001787,2024-06-13,CA,1,48.11,48.11,1,1.0,0,0.0
cust_001788,2024-04-07,JP,2,13568.21,6784.1,0,0.0,0,0.0
cust_001789,2024-05-12,US,9,422.97,47.0,1,0.1111,7,0.7778
cust_001790,2024-07-15,US,1,52.62,52.62,0,0.0,0,0.0
cust_001791,2024-02-12,CA,2,7691.18,3845.59,0,0.0,0,0.0
cust_001792,2024-03-28,US,1,42.98,42.98,0,0.0,0,0.0
cust_001793,2024-04-16,CA,1,1376.05,1376.05,1,1.0,0,0.0
cust_001794,2024-04-14,US,2,23419.09,11709.54,1,0.5,0,0.0
cust_001795,2024-04-10,CA,1,48.39,48.39,0,0.0,0,0.0
cust_001796,2024-01-30,CN,0,0.0,0.0,0,0.0,0,0.0
cust_001797,2024-03-05,MX,1,3370.61,3370.61,0,0.0,0,0.0
cust_001798,2024-05-14,US,1,907.98,907.98,0,0.0,0,0.0
cust_001799,2024-02-10,US,1,40.67,40.67,1,1.0,0,0.0
cust_001800,2024-05-24,RU,1,56.62,56.62,0,0.0,0,0.0
cust_001801,2024-05-09,CA,2,19029.38,9514.69,1,0.5,0,0.0
cust_001802,2024-03-13,IN,1,27.02,27.02,1,1.0,0,0.0
cust_001803,2024-04-08,BR,1,715.37,715.37,0,0.0,0,0.0
cust_001804,2024-03-26,UK,1,34.7,34.7,0,0.0,0,0.0
cust_001805,2024-04-19,UK,2,4083.16,2041.58,1,0.5,1,0.5
cust_001806,2024-02-09,JP,89,8222.47,92.39,6,0.0674,2,0.0225
cust_001807,2024-04-18,CA,0,0.0,0.0,0,0.0,0,0.0
cust_001808,2024-05-16,FR,1,56.56,56.56,0,0.0,0,0.0
cust_001809,2024-04-17,RU,1,55.41,55.41,0,0.0,0,0.0
cust_001810,2024-03-24,UK,1,103.98,103.98,0,0.0,0,0.0
cust_001811,2024-04-10,NG,15,1163.19,77.55,2,0.1333,0,0.0
cust_001812,2024-03-30,US,0,0.0,0.0,0,0.0,0,0.0
cust_001813,2024-06-28,CN,1,112.7,112.7,0,0.0,0,0.0
cust_001814,2024-04-08,US,1,14776.81,14776.81,1,1.0,1,1.0
cust_001815,2024-04-09,US,0,0.0,0.0,0,0.0,0,0.0
cust_001816,2024-05-25,FR,1,102.77,102.77,0,0.0,0,0.0
cust_001817,2024-02-25,CN,5,80.1,16.02,0,0.0,3,0.6
cust_001818,2024-03-12,AU,1,36.2,36.2,0,0.0,0,0.0
cust_001819,2024-03-20,FR,1,67.76,67.76,0,0.0,0,0.0
cust_001820,2024-07-11,KR,1,226.76,226.76,0,0.0,0,0.0
cust_001821,2024-04-18,CA,2,71.63,35.82,0,0.0,0,0.0
cust_001822,2024-03-21,NG,0,0.0,0.0,0,0.0,0,0.0
cust_001823,2024-03-08,US,1,76.2,76.2,0,0.0,0,0.0
cust_001824,2024-03-09,US,1,175.38,175.38,0,0.0,0,0.0
cust_001825,2024-02-16,US,3,6277.09,2092.36,0,0.0,1,0.3333
cust_001826,2024-04-16,MX,1,223.49,223.49,0,0.0,0,0.0
cust_001827,2024-04-05,US,1,98.81,98.81,1,1.0,0,0.0
cust_001828,2024-01-30,UK,4,189.13,47.28,0,0.0,0,0.0
cust_001829,2024-07-11,US,1,81.95,81.95,0,0.0,0,0.0
cust_001830,2024-03-23,US,1,50.33,50.33,0,0.0,0,0.0
cust_001831,2024-05-30,IN,1,17.01,17.01,0,0.0,0,0.0
cust_001832,2024-03-11,US,1,97.44,97.44,0,0.0,0,0.0
cust_001833,2024-05-11,NG,1,110.58,110.58,0,0.0,0,0.0
cust_001834,2024-01-21,NG,1,420.95,420.95,1,1.0,0,0.0
cust_001835,2024-05-14,IN,1,37.83,37.83,0,0.0,0,0.0
cust_001836,2024-05-20,UK,7,6424.63,917.8,1,0.1429,1,0.1429
cust_001837,2024-03-01,NG,1,120.89,120.89,0,0.0,0,0.0
cust_001838,2024-02-18,CA,0,0.0,0.0,0,0.0,0,0.0
cust_001839,2024-03-27,US,1,49.52,49.52,0,0.0,0,0.0
cust_001840,2024-04-20,US,2,1055.22,527.61,0,0.0,1,0.5
cust_001841,2024-03-10,UK,1,1322.29,1322.29,0,0.0,0,0.0
cust_001842,2024-01-20,IN,1,115.53,115.53,0,0.0,0,0.0
cust_001843,2024-03-07,UK,1,110.06,110.06,0,0.0,0,0.0
cust_001844,2024-03-22,BR,1,32.0,32.0,0,0.0,0,0.0
cust_001845,2024-04-04,IN,0,0.0,0.0,0,0.0,0,0.0
cust_001846,2024-04-26,US,2,2186.3,1093.15,0,0.0,1,0.5
cust_001847,2024-05-25,UK,2,7083.22,3541.61,0,0.0,0,0.0
cust_001848,2024-08-09,FR,1,90.37,90.37,0,0.0,0,0.0
cust_001849,2024-04-10,US,1,131.04,131.04,0,0.0,0,0.0
cust_001850,2024-05-27,US,1,29.59,29.59,1,1.0,0,0.0
cust_001851,2024-02-17,FR,1,151.31,151.31,0,0.0,0,0.0
cust_001852,2024-02-08,UK,1,88.33,88.33,0,0.0,0,0.0
cust_001853,2024-06-20,US,1,75.86,75.86,0,0.0,0,0.0
cust_001854,2024-02-24,CA,4,283.82,70.96,0,0.0,0,0.0
cust_001855,2024-05-21,CA,2,7889.05,3944.52,1,0.5,0,0.0
cust_001856,2024-01-10,US,1,177.05,177.05,0,0.0,0,0.0
cust_001857,2024-06-28,AU,1,158.74,158.74,0,0.0,0,0.0
cust_001858,2024-01-28,CA,3,724.91,241.64,0,0.0,0,0.0
cust_001859,2024-06-13,US,1,71.59,71.59,0,0.0,0,0.0
cust_001860,2024-03-24,JP,1,121.66,121.66,0,0.0,0,0.0
cust_001861,2024-05-17,IN,1,222.06,222.06,0,0.0,0,0.0
cust_001862,2024-04-08,KR,1,143.74,143.74,0,0.0,0,0.0
cust_001863,2024-04-17,US,1,157.99,157.99,0,0.0,0,0.0
cust_001864,2024-03-11,UK,0,0.0,0.0,0,0.0,0,0.0
cust_001865,2024-05-11,DE,1,108.98,108.98,0,0.0,0,0.0
cust_001866,2024-07-29,RU,1,164.58,164.58,0,0.0,0,0.0
cust_001867,2024-05-24,AU,1,283.75,283.75,0,0.0,0,0.0
cust_001868,2024-03-04,IN,1,568.38,568.38,0,0.0,0,0.0
cust_001869,2024-05-17,AU,2,4835.57,2417.79,0,0.0,1,0.5
cust_001870,2024-02-17,US,1,165.84,165.84,1,1.0,0,0.0
cust_001871,2024-02-19,FR,2,9131.1,4565.55,0,0.0,0,0.0
cust_001872,2024-03-25,IN,1,600.85,600.85,0,0.0,0,0.0
cust_001873,2024-03-21,US,1,124.19,124.19,0,0.0,0,0.0
cust_001874,2024-04-02,US,1,85.23,85.23,0,0.0,0,0.0
cust_001875,2024-04-19,US,1,56.57,56.57,1,1.0,0,0.0
cust_001876,2024-05-28,US,1,54.29,54.29,0,0.0,0,0.0
cust_001877,2024-04-10,US,1,82.26,82.26,0,0.0,0,0.0
cust_001878,2024-06-09,US,2,798.17,399.08,0,0.0,0,0.0
cust_001879,2024-08-05,DE,1,155.29,155.29,0,0.0,0,0.0
cust_001880,2024-06-11,CA,1,171.48,171.48,0,0.0,0,0.0
cust_001881,2024-05-01,US,1,33.38,33.38,0,0.0,0,0.0
cust_001882,2024-04-03,DE,1,72.92,72.92,0,0.0,0,0.0
cust_001883,2024-07-11,US,1,114.43,114.43,0,0.0,0,0.0
cust_001884,2024-04-09,CA,1,857.47,857.47,0,0.0,0,0.0
cust_001885,2024-05-07,CN,1,127.05,127.05,0,0.0,0,0.0
cust_001886,2024-06-12,AU,1,102.56,102.56,0,0.0,0,0.0
cust_001887,2024-03-14,IN,20,2555.9,127.8,2,0.1,0,0.0
cust_001888,2024-01-27,IN,1,206.73,206.73,0,0.0,0,0.0
cust_001889,2024-04-14,US,1,332.36,332.36,0,0.0,0,0.0
cust_001890,2024-05-08,UK,1,175.65,175.65,0,0.0,0,0.0
cust_001891,2024-04-05,US,1,107.99,107.99,0,0.0,0,0.0
cust_001892,2024-08-22,CA,2,10988.38,5494.19,0,0.0,0,0.0
cust_001893,2024-04-14,MX,2,2520.03,1260.01,1,0.5,0,0.0
cust_001894,2024-06-06,AU,1,330.05,330.05,0,0.0,0,0.0
cust_001895,2024-04-30,IN,1,153.67,153.67,0,0.0,0,0.0
cust_001896,2024-01-30,DE,6,9497.7,1582.95,0,0.0,2,0.3333
cust_001897,2024-01-29,FR,1,25.35,25.35,0,0.0,0,0.0
cust_001898,2024-07-10,UK,1,48.15,48.15,0,0.0,0,0.0
cust_001899,2024-04-19,JP,0,0.0,0.0,0,0.0,0,0.0
cust_001900,2024-03-29,IN,1,30.9,30.9,1,1.0,0,0.0
cust_001901,2024-04-06,FR,1,70.53,70.53,0,0.0,0,0.0
cust_001902,2024-03-13,US,1,148.32,148.32,0,0.0,0,0.0
cust_001903,2024-06-20,CA,1,55.24,55.24,0,0.0,0,0.0
cust_001904,2024-06-07,UK,2,21201.84,10600.92,0,0.0,1,0.5
cust_001905,2024-03-12,US,2,3695.75,1847.88,0,0.0,0,0.0
cust_001906,2024-05-03,IN,1,68.81,68.81,0,0.0,0,0.0
cust_001907,2024-06-29,CN,2,1310.94,655.47,0,0.0,1,0.5
cust_001908,2024-04-24,FR,1,111.65,111.65,0,0.0,0,0.0
cust_001909,2024-02-05,US,1,55.22,55.22,0,0.0,0,0.0
cust_001910,2024-04-21,US,26,3096.87,119.11,2,0.0769,0,0.0
cust_001911,2024-03-09,US,1,128.65,128.65,0,0.0,0,0.0
cust_001912,2024-07-04,US,2,15262.51,7631.26,0,0.0,0,0.0
cust_001913,2024-07-05,US,1,36.26,36.26,0,0.0,0,0.0
cust_001914,2024-06-10,US,1,963.68,963.68,0,0.0,0,0.0
cust_001915,2024-04-17,US,1,98.58,98.58,0,0.0,0,0.0
cust_001916,2024-03-26,US,1,2079.74,2079.74,0,0.0,0,0.0
cust_001917,2024-08-04,US,1,38.87,38.87,1,1.0,0,0.0
cust_001918,2024-01-22,JP,1,339.14,339.14,0,0.0,0,0.0
cust_001919,2024-03-08,ZA,1,63.92,63.92,0,0.0,0,0.0
cust_001920,2024-04-14,BR,1,107.18,107.18,1,1.0,0,0.0
cust_001921,2024-05-16,US,2,12967.41,6483.7,0,0.0,1,0.5
cust_001922,2024-04-03,US,1,158.14,158.14,1,1.0,0,0.0
cust_001923,2024-04-25,IN,1,125.21,125.21,0,0.0,0,0.0
cust_001924,2024-02-04,AU,1,247.96,247.96,0,0.0,0,0.0
cust_001925,2024-04-05,DE,33,2612.11,79.15,0,0.0,0,0.0
cust_001926,2024-08-11,BR,1,141.23,141.23,0,0.0,0,0.0
cust_001927,2024-07-24,CA,1,83.55,83.55,0,0.0,0,0.0
cust_001928,2024-05-09,ZA,1,20.68,20.68,0,0.0,0,0.0
cust_001929,2024-02-15,AU,1,97.49,97.49,0,0.0,0,0.0
cust_001930,2024-03-12,US,1,133.37,133.37,0,0.0,0,0.0
cust_001931,2024-02-29,UK,1,79.18,79.18,1,1.0,0,0.0
cust_001932,2024-04-21,CA,1,382.35,382.35,0,0.0,0,0.0
cust_001933,2024-03-08,US,1,29.39,29.39,0,0.0,0,0.0
cust_001934,2024-02-06,UK,2,10844.91,5422.46,0,0.0,0,0.0
cust_001935,2024-04-15,IN,1,69.1,69.1,0,0.0,0,0.0
cust_001936,2024-07-20,CA,26,2924.26,112.47,2,0.0769,0,0.0
cust_001937,2024-02-10,JP,1,37.85,37.85,0,0.0,0,0.0
cust_001938,2024-06-04,US,1,63.6,63.6,0,0.0,0,0.0
cust_001939,2024-04-21,CN,1,55.76,55.76,0,0.0,0,0.0
cust_001940,2024-07-24,US,1,43.49,43.49,0,0.0,0,0.0
cust_001941,2024-02-07,CN,1,148.42,148.42,0,0.0,0,0.0
cust_001942,2024-04-03,US,1,85.95,85.95,0,0.0,0,0.0
cust_001943,2024-07-04,CA,1,127.0,127.0,0,0.0,0,0.0
cust_001944,2024-05-17,CN,2,2380.33,1190.17,0,0.0,1,0.5
cust_001945,2024-04-27,US,1,176.03,176.03,0,0.0,0,0.0
cust_001946,2024-03-13,JP,1,49.17,49.17,0,0.0,0,0.0
cust_001947,2024-08-02,CA,1,49.42,49.42,0,0.0,0,0.0
cust_001948,2024-05-08,UK,1,396.19,396.19,0,0.0,0,0.0
cust_001949,2024-06-05,DE,1,1061.5,1061.5,0,0.0,0,0.0
cust_001950,2024-07-01,US,1,317.16,317.16,0,0.0,0,0.0
cust_001951,2024-05-14,DE,1,144.02,144.02,0,0.0,0,0.0
cust_001952,2024-07-01,US,7,511.8,73.11,0,0.0,3,0.4286
cust_001953,2024-04-10,FR,1,301.92,301.92,0,0.0,0,0.0
cust_001954,2024-07-04,IN,1,23.88,23.88,0,0.0,0,0.0
cust_001955,2024-01-24,US,1,74.02,74.02,0,0.0,0,0.0
cust_001956,2024-07-16,US,1,155.72,155.72,0,0.0,0,0.0
cust_001957,2024-02-09,IN,2,21420.6,10710.3,0,0.0,0,0.0
cust_001958,2024-04-08,US,1,239.63,239.63,0,0.0,0,0.0
cust_001959,2024-09-02,IN,2,14345.29,7172.64,0,0.0,0,0.0
cust_001960,2024-02-27,ZA,0,0.0,0.0,0,0.0,0,0.0
cust_001961,2024-07-19,US,1,7.78,7.78,0,0.0,0,0.0
cust_001962,2024-03-19,CA,1,75.1,75.1,0,0.0,0,0.0
cust_001963,2024-02-27,CN,1,297.76,297.76,0,0.0,0,0.0
cust_001964,2024-04-14,CN,1,226.57,226.57,1,1.0,0,0.0
cust_001965,2024-04-26,US,1,71.14,71.14,0,0.0,0,0.0
cust_001966,2024-04-18,BR,1,14.92,14.92,0,0.0,0,0.0
cust_001967,2024-02-24,US,1,146.65,146.65,0,0.0,0,0.0
cust_001968,2024-05-30,FR,1,68.9,68.9,0,0.0,0,0.0
cust_001969,2024-03-27,UK,7,3263.96,466.28,0,0.0,0,0.0
cust_001970,2024-03-19,US,1,74.19,74.19,0,0.0,0,0.0
cust_001971,2024-06-14,CA,2,12493.84,6246.92,0,0.0,1,0.5
cust_001972,2024-07-22,US,1,39.63,39.63,0,0.0,0,0.0
cust_001973,2024-06-01,UK,1,238.82,238.82,0,0.0,0,0.0
cust_001974,2024-03-08,UK,1,154.28,154.28,0,0.0,0,0.0
cust_001975,2024-06-20,KR,1,205.21,205.21,0,0.0,0,0.0
cust_001976,2024-02-18,CA,6,536.36,89.39,5,0.8333,0,0.0
cust_001977,2024-01-30,DE,1,49.05,49.05,0,0.0,0,0.0
cust_001978,2024-02-02,US,1,38.7,38.7,1,1.0,0,0.0
cust_001979,2024-02-21,ZA,1,136.6,136.6,1,1.0,0,0.0
cust_001980,2024-04-29,CA,2,1998.0,999.0,0,0.0,0,0.0
cust_001981,2024-06-20,US,2,6057.37,3028.68,0,0.0,1,0.5
cust_001982,2024-03-05,IN,3,6438.79,2146.26,0,0.0,1,0.3333
cust_001983,2024-06-21,US,1,86.1,86.1,0,0.0,0,0.0
cust_001984,2024-01-20,US,2,1036.43,518.21,0,0.0,1,0.5
cust_001985,2024-05-28,US,1,948.01,948.01,0,0.0,0,0.0
cust_001986,2024-03-04,UK,1,163.76,163.76,0,0.0,0,0.0
cust_001987,2024-03-22,US,1,135.4,135.4,0,0.0,0,0.0
cust_001988,2024-04-09,AU,1,182.15,182.15,0,0.0,0,0.0
cust_001989,2024-04-20,US,5,297.21,59.44,0,0.0,0,0.0
cust_001990,2024-04-25,US,1,26.63,26.63,0,0.0,0,0.0
cust_001991,2024-02-19,US,1,43.34,43.34,0,0.0,0,0.0
cust_001992,2024-04-14,UK,1,69.72,69.72,0,0.0,0,0.0
cust_001993,2024-02-25,US,1,101.0,101.0,0,0.0,0,0.0
cust_001994,2024-02-02,US,1,592.47,592.47,0,0.0,0,0.0
cust_001995,2024-04-17,US,3,8585.82,2861.94,0,0.0,1,0.3333
cust_001996,2024-04-08,ZA,1,368.64,368.64,0,0.0,0,0.0
cust_001997,2024-01-26,US,1,284.78,284.78,0,0.0,0,0.0
cust_001998,2024-02-20,US,1,167.59,167.59,0,0.0,0,0.0
cust_001999,2024-01-24,IN,1,75.74,75.74,0,0.0,0,0.0
cust_002000,2024-07-13,CA,0,0.0,0.0,0,0.0,0,0.0
cust_002001,2024-02-05,US,1,364.65,364.65,0,0.0,0,0.0
cust_002002,2024-04-09,NG,1,214.89,214.89,0,0.0,0,0.0
cust_002003,2024-04-03,DE,1,26.72,26.72,0,0.0,0,0.0
cust_002004,2024-06-30,CA,1,351.08,351.08,0,0.0,0,0.0
cust_002005,2024-01-17,CA,0,0.0,0.0,0,0.0,0,0.0
cust_002006,2024-07-21,AU,1,81.95,81.95,0,0.0,0,0.0
cust_002007,2024-06-07,US,1,40.86,40.86,0,0.0,0,0.0
cust_002008,2024-04-29,CN,1,76.76,76.76,0,0.0,0,0.0
cust_002009,2024-05-02,US,1,44.09,44.09,0,0.0,0,0.0
cust_002010,2024-04-26,UK,1,160.47,160.47,1,1.0,0,0.0
cust_002011,2024-02-09,US,2,24118.8,12059.4,0,0.0,0,0.0
cust_002012,2024-04-07,DE,1,105.59,105.59,0,0.0,0,0.0
cust_002013,2024-05-24,BR,1,116.08,116.08,0,0.0,0,0.0
cust_002014,2024-05-22,IN,1,52.88,52.88,0,0.0,0,0.0
cust_002015,2024-04-03,US,1,31.34,31.34,0,0.0,0,0.0
cust_002016,2024-03-18,AU,1,68.3,68.3,1,1.0,0,0.0
cust_002017,2024-03-15,MX,1,254.07,254.07,0,0.0,0,0.0
cust_002018,2024-01-21,US,3,6315.32,2105.11,0,0.0,0,0.0
cust_002019,2024-05-05,US,1,33.36,33.36,0,0.0,0,0.0
cust_002020,2024-02-06,CA,1,36.17,36.17,0,0.0,0,0.0
cust_002021,2024-02-25,FR,0,0.0,0.0,0,0.0,0,0.0
cust_002022,2024-01-14,US,1,116.47,116.47,0,0.0,0,0.0
cust_002023,2024-02-10,US,3,4637.82,1545.94,0,0.0,1,0.3333
cust_002024,2024-03-05,CA,0,0.0,0.0,0,0.0,0,0.0
cust_002025,2024-02-01,AU,1,296.32,296.32,0,0.0,0,0.0
cust_002026,2024-07-01,US,1,331.97,331.97,0,0.0,0,0.0
cust_002027,2024-01-16,IN,0,0.0,0.0,0,0.0,0,0.0
cust_002028,2024-03-06,BR,1,523.04,523.04,0,0.0,0,0.0
cust_002029,2024-02-07,US,63,6054.25,96.1,7,0.1111,0,0.0
cust_002030,2024-03-27,US,1,304.14,304.14,0,0.0,0,0.0
cust_002031,2024-04-28,US,1,259.28,259.28,0,0.0,0,0.0
cust_002032,2024-04-07,FR,5359,521069.94,97.23,458,0.0855,36,0.0067
cust_002033,2024-05-18,DE,1,139.34,139.34,0,0.0,0,0.0
cust_002034,2024-07-22,BR,2,19042.45,9521.22,0,0.0,0,0.0
cust_002035,2024-01-17,CA,1,149.67,149.67,0,0.0,0,0.0
cust_002036,2024-04-13,US,1,39.5,39.5,0,0.0,0,0.0
cust_002037,2024-07-31,UK,1,170.12,170.12,0,0.0,0,0.0
cust_002038,2024-02-13,UK,1,34.83,34.83,0,0.0,0,0.0
cust_002039,2024-03-07,DE,1,284.35,284.35,0,0.0,0,0.0
cust_002040,2024-03-06,MX,1,87.79,87.79,0,0.0,0,0.0
cust_002041,2024-04-05,UK,2,9374.71,4687.36,0,0.0,1,0.5
cust_002042,2024-02-19,IN,0,0.0,0.0,0,0.0,0,0.0
cust_002043,2024-04-21,US,6,223.23,37.2,0,0.0,2,0.3333
cust_002044,2024-04-01,IN,2,5909.15,2954.58,0,0.0,0,0.0
cust_002045,2024-05-27,FR,1,184.1,184.1,0,0.0,0,0.0
cust_002046,2024-04-09,AU,0,0.0,0.0,0,0.0,0,0.0
cust_002047,2024-08-06,KR,2,2854.11,1427.06,1,0.5,1,0.5
cust_002048,2024-02-20,ZA,1,39.39,39.39,0,0.0,0,0.0
cust_002049,2024-07-07,CA,4,24522.94,6130.74,0,0.0,0,0.0
cust_002050,2024-01-31,JP,1,80.3,80.3,0,0.0,0,0.0
cust_002051,2024-02-23,FR,1,195.93,195.93,0,0.0,0,0.0
cust_002052,2024-05-04,CA,1,1394.87,1394.87,0,0.0,0,0.0
cust_002053,2024-02-21,US,1,63.42,63.42,0,0.0,0,0.0
cust_002054,2024-04-25,KR,1,84.38,84.38,0,0.0,0,0.0
cust_002055,2024-03-04,KR,2,12412.06,6206.03,0,0.0,0,0.0
cust_002056,2024-02-03,CA,1,120.69,120.69,0,0.0,0,0.0
cust_002057,2024-04-07,US,0,0.0,0.0,0,0.0,0,0.0
cust_002058,2024-01-30,US,1,86.5,86.5,1,1.0,0,0.0
cust_002059,2024-03-16,US,2,3006.67,1503.34,0,0.0,0,0.0
cust_002060,2024-03-10,BR,2,4192.3,2096.15,0,0.0,1,0.5
cust_002061,2024-06-25,UK,1,63.43,63.43,1,1.0,0,0.0
cust_002062,2024-04-02,CA,1,62.99,62.99,0,0.0,0,0.0
cust_002063,2024-07-03,US,2,24399.94,12199.97,0,0.0,0,0.0
cust_002064,2024-02-24,IN,1,26.56,26.56,0,0.0,0,0.0
cust_002065,2024-07-23,FR,1,176.78,176.78,0,0.0,0,0.0
cust_002066,2024-04-30,NG,1,44.66,44.66,0,0.0,0,0.0
cust_002067,2024-02-28,CA,2,3530.98,1765.49,0,0.0,1,0.5
cust_002068,2024-03-01,US,1,12.15,12.15,0,0.0,0,0.0
cust_002069,2024-04-09,US,1,38.32,38.32,0,0.0,0,0.0
cust_002070,2024-05-12,JP,1,45.59,45.59,0,0.0,0,0.0
cust_002071,2024-02-16,JP,1,421.7,421.7,0,0.0,0,0.0
cust_002072,2024-07-11,UK,1,657.13,657.13,1,1.0,0,0.0
cust_002073,2024-02-08,US,7,1390.87,198.7,0,0.0,0,0.0
cust_002074,2024-01-25,DE,1,86.24,86.24,0,0.0,0,0.0
cust_002075,2024-02-23,FR,1,35.14,35.14,0,0.0,0,0.0
cust_002076,2024-08-13,FR,1,141.51,141.51,0,0.0,0,0.0
cust_002077,2024-03-13,US,1,88.9,88.9,0,0.0,0,0.0
cust_002078,2024-03-23,ZA,1,20.0,20.0,0,0.0,0,0.0
cust_002079,2024-06-01,CA,0,0.0,0.0,0,0.0,0,0.0
cust_002080,2024-04-04,IN,1,1744.34,1744.34,0,0.0,0,0.0
cust_002081,2024-06-28,US,2,995.01,497.5,0,0.0,0,0.0
cust_002082,2024-02-16,US,1,78.37,78.37,0,0.0,0,0.0
cust_002083,2024-06-25,US,1,105.09,105.09,0,0.0,0,0.0
cust_002084,2024-05-05,UK,2,12190.15,6095.08,0,0.0,0,0.0
cust_002085,2024-01-04,MX,1,62.01,62.01,0,0.0,0,0.0
cust_002086,2024-04-21,FR,1,440.47,440.47,0,0.0,0,0.0
cust_002087,2024-03-10,ZA,1,18907.33,18907.33,0,0.0,1,1.0
cust_002088,2024-04-09,DE,1,24.7,24.7,0,0.0,0,0.0
cust_002089,2024-02-13,US,1,336.04,336.04,0,0.0,0,0.0
cust_002090,2024-06-16,DE,1,43.18,43.18,0,0.0,0,0.0
cust_002091,2024-07-21,IN,1,19.37,19.37,0,0.0,0,0.0
cust_002092,2024-02-19,NG,1,55.33,55.33,0,0.0,0,0.0
cust_002093,2024-05-11,CA,1,653.12,653.12,0,0.0,0,0.0
cust_002094,2024-04-02,US,4,172.2,43.05,0,0.0,0,0.0
cust_002095,2024-03-04,FR,2,4990.51,2495.25,0,0.0,0,0.0
cust_002096,2024-04-09,FR,1,64.56,64.56,0,0.0,0,0.0
cust_002097,2024-04-08,CA,1,72.69,72.69,0,0.0,0,0.0
cust_002098,2024-03-14,US,3,5505.45,1835.15,0,0.0,1,0.3333
cust_002099,2024-06-23,UK,2,2881.99,1441.0,0,0.0,1,0.5
cust_002100,2024-04-10,BR,1,74.38,74.38,0,0.0,0,0.0
cust_002101,2024-05-21,US,1,284.33,284.33,0,0.0,0,0.0
cust_002102,2024-04-20,FR,1,1645.5,1645.5,0,0.0,0,0.0
cust_002103,2024-02-26,US,1,113.5,113.5,1,1.0,0,0.0
cust_002104,2024-05-07,US,1,88.0,88.0,1,1.0,0,0.0
cust_002105,2024-03-30,US,1,56.03,56.03,0,0.0,0,0.0
cust_002106,2024-07-14,US,0,0.0,0.0,0,0.0,0,0.0
cust_002107,2024-05-28,UK,1,218.4,218.4,0,0.0,0,0.0
cust_002108,2024-08-22,FR,1,63.17,63.17,0,0.0,0,0.0
cust_002109,2024-07-21,UK,1,392.09,392.09,1,1.0,0,0.0
cust_002110,2024-03-03,US,1,57.81,57.81,0,0.0,0,0.0
cust_002111,2024-02-22,DE,1,119.34,119.34,0,0.0,0,0.0
cust_002112,2024-01-25,CA,1,96.73,96.73,0,0.0,0,0.0
cust_002113,2024-02-25,UK,5,136.82,27.36,1,0.2,2,0.4
cust_002114,2024-04-18,AU,1,63.36,63.36,0,0.0,0,0.0
cust_002115,2024-04-10,UK,1,9.7,9.7,0,0.0,0,0.0
cust_002116,2024-02-08,CA,1,21.21,21.21,0,0.0,1,1.0
cust_002117,2024-04-13,US,1,166.46,166.46,0,0.0,0,0.0
cust_002118,2024-04-23,US,497,46505.26,93.57,46,0.0926,6,0.0121
cust_002119,2024-04-06,US,1,226.91,226.91,0,0.0,0,0.0
cust_002120,2024-02-22,NG,1,2296.85,2296.85,0,0.0,0,0.0
cust_002121,2024-06-25,US,1,135.53,135.53,1,1.0,0,0.0
cust_002122,2024-03-31,DE,1,9.66,9.66,0,0.0,0,0.0
cust_002123,2024-03-22,FR,3,5105.18,1701.73,0,0.0,1,0.3333
cust_002124,2024-02-15,US,1,83.62,83.62,0,0.0,0,0.0
cust_002125,2024-09-01,US,1,1370.61,1370.61,0,0.0,0,0.0
cust_002126,2024-05-01,US,0,0.0,0.0,0,0.0,0,0.0
cust_002127,2024-02-27,US,1,80.7,80.7,0,0.0,0,0.0
cust_002128,2024-04-09,RU,1,23.77,23.77,0,0.0,0,0.0
cust_002129,2024-05-01,US,1,247.52,247.52,0,0.0,0,0.0
cust_002130,2024-04-01,UK,1,129.95,129.95,0,0.0,0,0.0
cust_002131,2024-05-10,US,17,2371.63,139.51,3,0.1765,0,0.0
cust_002132,2024-02-19,DE,1,41.08,41.08,0,0.0,0,0.0
cust_002133,2024-03-09,US,1,102.22,102.22,0,0.0,0,0.0
cust_002134,2024-04-28,US,1,140.58,140.58,0,0.0,0,0.0
cust_002135,2024-07-05,US,1,85.16,85.16,0,0.0,0,0.0
cust_002136,2024-03-04,RU,1,184.29,184.29,0,0.0,0,0.0
cust_002137,2024-04-24,CA,1,134.39,134.39,0,0.0,0,0.0
cust_002138,2024-05-22,US,1,39.68,39.68,0,0.0,0,0.0
cust_002139,2024-04-14,FR,2,5195.86,2597.93,0,0.0,0,0.0
cust_002140,2024-02-12,AU,1,23.0,23.0,0,0.0,0,0.0
cust_002141,2024-09-24,UK,3,3646.26,1215.42,0,0.0,2,0.6667
cust_002142,2024-02-19,KR,1,204.93,204.93,0,0.0,0,0.0
cust_002143,2024-04-14,US,1,26.56,26.56,0,0.0,0,0.0
cust_002144,2024-02-25,JP,1,132.28,132.28,0,0.0,0,0.0
cust_002145,2024-03-28,JP,1,30.64,30.64,0,0.0,0,0.0
cust_002146,2024-04-01,CA,2,1284.95,642.48,0,0.0,0,0.0
cust_002147,2024-02-13,CA,2,13717.22,6858.61,0,0.0,0,0.0
cust_002148,2024-02-06,US,1,144.6,144.6,0,0.0,0,0.0
cust_002149,2024-03-08,US,1,1244.54,1244.54,0,0.0,0,0.0
cust_002150,2024-03-28,UK,1,494.9,494.9,0,0.0,0,0.0
cust_002151,2024-06-10,RU,1,83.99,83.99,0,0.0,0,0.0
cust_002152,2024-02-23,US,1,223.21,223.21,0,0.0,0,0.0
cust_002153,2024-03-21,CA,1,45.61,45.61,0,0.0,0,0.0
cust_002154,2024-03-15,US,1,64.66,64.66,0,0.0,0,0.0
cust_002155,2024-04-09,US,1,450.42,450.42,1,1.0,0,0.0
cust_002156,2024-06-19,UK,1,119.62,119.62,0,0.0,0,0.0
cust_002157,2024-05-08,KR,1,32.59,32.59,1,1.0,0,0.0
cust_002158,2024-03-15,US,1,359.67,359.67,0,0.0,0,0.0
cust_002159,2024-05-26,US,1,278.72,278.72,0,0.0,0,0.0
cust_002160,2024-02-01,US,1,296.7,296.7,0,0.0,0,0.0
cust_002161,2024-03-12,CA,1,318.97,318.97,0,0.0,0,0.0
cust_002162,2024-05-13,CA,1,22.43,22.43,0,0.0,0,0.0
cust_002163,2024-05-03,US,1,141.74,141.74,0,0.0,0,0.0
cust_002164,2024-03-10,US,1,77.11,77.11,1,1.0,0,0.0
cust_002165,2024-03-09,US,1,72.03,72.03,0,0.0,0,0.0
cust_002166,2024-01-31,US,1,1008.07,1008.07,0,0.0,0,0.0
cust_002167,2024-04-07,BR,1,24.33,24.33,0,0.0,0,0.0
cust_002168,2024-02-10,AU,1,83.14,83.14,0,0.0,0,0.0
cust_002169,2024-02-21,US,0,0.0,0.0,0,0.0,0,0.0
cust_002170,2024-04-11,IN,1,97.92,97.92,0,0.0,0,0.0
cust_002171,2024-08-15,US,0,0.0,0.0,0,0.0,0,0.0
cust_002172,2024-04-28,US,1,4260.53,4260.53,0,0.0,0,0.0
cust_002173,2024-04-10,IN,1,139.69,139.69,0,0.0,0,0.0
cust_002174,2024-01-21,FR,1,32.55,32.55,0,0.0,0,0.0
cust_002175,2024-03-14,US,1,29.89,29.89,0,0.0,0,0.0
cust_002176,2024-08-30,US,1,177.56,177.56,0,0.0,0,0.0
cust_002177,2024-03-28,US,1,1781.66,1781.66,0,0.0,0,0.0
cust_002178,2024-06-04,US,1,64.46,64.46,0,0.0,0,0.0
cust_002179,2024-04-10,UK,1,21.43,21.43,0,0.0,0,0.0
cust_002180,2024-04-30,FR,1,538.38,538.38,0,0.0,0,0.0
cust_002181,2024-06-04,US,1,76.0,76.0,0,0.0,0,0.0
cust_002182,2024-05-30,DE,1,51.7,51.7,0,0.0,0,0.0
cust_002183,2024-01-10,KR,1,208.4,208.4,0,0.0,0,0.0
cust_002184,2024-01-11,US,1,89.43,89.43,0,0.0,0,0.0
cust_002185,2024-03-13,CA,1,13.5,13.5,0,0.0,0,0.0
cust_002186,2024-07-13,UK,1,289.71,289.71,0,0.0,0,0.0
cust_002187,2024-05-04,IN,1,128.65,128.65,0,0.0,0,0.0
cust_002188,2024-04-16,NG,1,221.94,221.94,0,0.0,0,0.0
cust_002189,2024-03-10,NG,1,158.11,158.11,1,1.0,0,0.0
cust_002190,2024-03-04,UK,1,105.99,105.99,0,0.0,0,0.0
cust_002191,2024-02-08,FR,1,61.05,61.05,0,0.0,0,0.0
cust_002192,2024-09-17,CA,2,24016.1,12008.05,0,0.0,0,0.0
cust_002193,2024-03-12,AU,1,92.68,92.68,0,0.0,0,0.0
cust_002194,2024-02-15,NG,1,217.46,217.46,1,1.0,0,0.0
cust_002195,2024-03-16,FR,2,25292.57,12646.28,1,0.5,0,0.0
cust_002196,2024-06-24,US,1,155.39,155.39,0,0.0,0,0.0
cust_002197,2024-06-05,US,1,781.17,781.17,0,0.0,0,0.0
cust_002198,2024-07-16,AU,2,24006.19,12003.1,0,0.0,0,0.0
cust_002199,2024-03-10,US,1,37.46,37.46,0,0.0,0,0.0
cust_002200,2024-05-23,CA,1,122.19,122.19,0,0.0,0,0.0
cust_002201,2024-03-12,IN,1,40.76,40.76,0,0.0,0,0.0
cust_002202,2024-05-03,BR,1,432.47,432.47,0,0.0,0,0.0
cust_002203,2024-01-31,BR,5,578.28,115.66,0,0.0,0,0.0
cust_002204,2024-05-18,US,1,53.41,53.41,0,0.0,0,0.0
cust_002205,2024-09-08,DE,1,90.98,90.98,0,0.0,0,0.0
cust_002206,2024-03-02,AU,1,539.9,539.9,0,0.0,0,0.0
cust_002207,2024-02-02,US,1,748.32,748.32,0,0.0,0,0.0
cust_002208,2024-10-02,CA,1,286.3,286.3,0,0.0,0,0.0
cust_002209,2024-06-06,IN,1,54.63,54.63,0,0.0,0,0.0
cust_002210,2024-04-28,US,0,0.0,0.0,0,0.0,0,0.0
cust_002211,2024-07-22,UK,0,0.0,0.0,0,0.0,0,0.0
cust_002212,2024-06-21,US,1,82.58,82.58,1,1.0,0,0.0
cust_002213,2024-03-11,AU,3,163.33,54.44,0,0.0,0,0.0
cust_002214,2024-02-11,US,1,72.68,72.68,1,1.0,0,0.0
cust_002215,2024-06-21,UK,82,9590.48,116.96,8,0.0976,0,0.0
cust_002216,2024-02-16,CA,2,2793.35,1396.68,1,0.5,0,0.0
cust_002217,2024-02-24,US,0,0.0,0.0,0,0.0,0,0.0
cust_002218,2024-08-04,UK,1,83.27,83.27,0,0.0,0,0.0
cust_002219,2024-02-20,US,0,0.0,0.0,0,0.0,0,0.0
cust_002220,2024-04-03,US,2,1690.8,845.4,0,0.0,0,0.0
cust_002221,2024-07-25,UK,1,61.41,61.41,1,1.0,0,0.0
cust_002222,2024-01-22,CA,1,162.3,162.3,1,1.0,0,0.0
cust_002223,2024-07-21,UK,1,47.97,47.97,0,0.0,0,0.0
cust_002224,2024-01-22,US,1,1230.61,1230.61,0,0.0,0,0.0
cust_002225,2024-03-13,UK,2,21892.11,10946.06,1,0.5,0,0.0
cust_002226,2024-02-03,US,1,122.96,122.96,0,0.0,0,0.0
cust_002227,2024-04-01,US,0,0.0,0.0,0,0.0,0,0.0
cust_002228,2024-04-01,US,1,69.15,69.15,0,0.0,0,0.0
cust_002229,2024-02-05,US,1,614.66,614.66,0,0.0,0,0.0
cust_002230,2024-04-17,CA,2,7153.94,3576.97,0,0.0,0,0.0
cust_002231,2024-02-10,CN,1,176.78,176.78,0,0.0,0,0.0
cust_002232,2024-04-29,US,1,351.19,351.19,0,0.0,0,0.0
cust_002233,2024-02-20,FR,1,250.09,250.09,0,0.0,0,0.0
cust_002234,2024-04-27,US,2,1479.75,739.88,0,0.0,1,0.5
cust_002235,2024-01-30,US,2,8109.92,4054.96,0,0.0,1,0.5
cust_002236,2024-04-02,UK,1,115.09,115.09,1,1.0,0,0.0
cust_002237,2024-02-19,US,1,107.55,107.55,0,0.0,0,0.0
cust_002238,2024-03-09,IN,1,12.88,12.88,0,0.0,0,0.0
cust_002239,2024-04-26,US,2,2447.06,1223.53,0,0.0,0,0.0
cust_002240,2024-02-10,BR,1,154.0,154.0,0,0.0,0,0.0
cust_002241,2024-01-12,IN,1,49.0,49.0,0,0.0,0,0.0
cust_002242,2024-01-10,FR,0,0.0,0.0,0,0.0,0,0.0
cust_002243,2024-04-02,US,0,0.0,0.0,0,0.0,0,0.0
cust_002244,2024-06-05,US,0,0.0,0.0,0,0.0,0,0.0
cust_002245,2024-06-18,DE,1,126.01,126.01,1,1.0,0,0.0
cust_002246,2024-06-19,UK,1,89.22,89.22,0,0.0,0,0.0
cust_002247,2024-03-09,IN,1,178.66,178.66,0,0.0,0,0.0
cust_002248,2024-09-09,UK,0,0.0,0.0,0,0.0,0,0.0
cust_002249,2024-07-16,DE,2,5919.91,2959.96,1,0.5,0,0.0
cust_002250,2024-07-13,IN,5,7350.79,1470.16,0,0.0,1,0.2
cust_002251,2024-02-24,US,1,27.97,27.97,0,0.0,0,0.0
cust_002252,2024-06-12,NG,1,36.35,36.35,0,0.0,0,0.0
cust_002253,2024-04-21,FR,1,89.05,89.05,0,0.0,0,0.0
cust_002254,2024-03-02,US,1,264.7,264.7,0,0.0,0,0.0
cust_002255,2024-07-25,US,2,1575.19,787.6,0,0.0,0,0.0
cust_002256,2024-02-07,FR,0,0.0,0.0,0,0.0,0,0.0
cust_002257,2024-02-08,IN,0,0.0,0.0,0,0.0,0,0.0
cust_002258,2024-05-07,CN,4,250.51,62.63,0,0.0,1,0.25
cust_002259,2024-02-22,DE,1,100.15,100.15,0,0.0,0,0.0
cust_002260,2024-03-07,US,0,0.0,0.0,0,0.0,0,0.0
cust_002261,2024-03-07,US,1,251.78,251.78,1,1.0,0,0.0
cust_002262,2024-05-27,CA,1,6977.85,6977.85,0,0.0,0,0.0
cust_002263,2024-08-14,CA,1,133.58,133.58,0,0.0,0,0.0
cust_002264,2024-05-03,CN,1,321.43,321.43,0,0.0,0,0.0
cust_002265,2024-04-10,DE,5,256.38,51.28,0,0.0,0,0.0
cust_002266,2024-04-02,RU,1,196.59,196.59,0,0.0,0,0.0
cust_002267,2024-04-03,FR,1,115.47,115.47,1,1.0,0,0.0
cust_002268,2024-05-09,DE,1,128.6,128.6,0,0.0,0,0.0
cust_002269,2024-01-25,CA,3,15930.23,5310.08,0,0.0,1,0.3333
cust_002270,2024-03-15,IN,1,86.7,86.7,0,0.0,0,0.0
cust_002271,2024-02-13,CA,2,4092.93,2046.46,0,0.0,0,0.0
cust_002272,2024-03-20,BR,1,49.42,49.42,0,0.0,0,0.0
cust_002273,2024-04-28,US,1,39.79,39.79,0,0.0,0,0.0
cust_002274,2024-04-19,RU,1,104.14,104.14,0,0.0,0,0.0
cust_002275,2024-07-28,CA,2,2408.58,1204.29,0,0.0,1,0.5
cust_002276,2024-06-02,UK,2,2472.7,1236.35,1,0.5,0,0.0
cust_002277,2024-01-13,US,2,16489.47,8244.74,1,0.5,1,0.5
cust_002278,2024-04-30,US,13,546.92,42.07,1,0.0769,7,0.5385
cust_002279,2024-07-04,IN,1,177.23,177.23,0,0.0,0,0.0
cust_002280,2024-05-18,US,1,120.31,120.31,0,0.0,0,0.0
cust_002281,2024-06-22,US,1,181.78,181.78,0,0.0,0,0.0
cust_002282,2024-05-15,US,1,394.0,394.0,0,0.0,0,0.0
cust_002283,2024-06-19,US,1,27.53,27.53,0,0.0,0,0.0
cust_002284,2024-04-26,MX,1,254.76,254.76,0,0.0,0,0.0
cust_002285,2024-04-22,IN,2,11943.79,5971.9,0,0.0,0,0.0
cust_002286,2024-05-18,UK,1,116.26,116.26,0,0.0,0,0.0
cust_002287,2024-03-08,ZA,5,624.53,124.91,1,0.2,0,0.0
cust_002288,2024-02-24,UK,2,20956.94,10478.47,0,0.0,1,0.5
cust_002289,2024-04-15,MX,1,59.01,59.01,0,0.0,0,0.0
cust_002290,2024-03-15,MX,1,89.18,89.18,0,0.0,0,0.0
cust_002291,2024-06-20,DE,2,2836.55,1418.28,0,0.0,1,0.5
cust_002292,2024-08-09,CA,1,55.18,55.18,0,0.0,0,0.0
cust_002293,2024-02-16,BR,1,19.29,19.29,0,0.0,0,0.0
cust_002294,2024-01-15,US,1,52.3,52.3,1,1.0,0,0.0
cust_002295,2024-02-15,UK,1,954.26,954.26,0,0.0,0,0.0
cust_002296,2024-03-07,US,2,9153.06,4576.53,0,0.0,1,0.5
cust_002297,2024-07-24,US,2,1899.93,949.96,0,0.0,0,0.0
cust_002298,2024-06-27,US,2,1345.98,672.99,0,0.0,0,0.0
cust_002299,2024-02-09,JP,1,131.02,131.02,0,0.0,0,0.0
cust_002300,2024-06-06,US,1,167.37,167.37,0,0.0,0,0.0
cust_002301,2024-03-11,UK,1,155.64,155.64,0,0.0,0,0.0
cust_002302,2024-03-09,UK,1,85.63,85.63,1,1.0,0,0.0
cust_002303,2024-03-05,UK,1,61.95,61.95,0,0.0,0,0.0
cust_002304,2024-04-12,JP,1,57.77,57.77,1,1.0,0,0.0
cust_002305,2024-05-09,BR,2,623.2,311.6,0,0.0,0,0.0
cust_002306,2024-04-13,DE,1,229.89,229.89,0,0.0,0,0.0
cust_002307,2024-03-15,DE,12,901.87,75.16,0,0.0,0,0.0
cust_002308,2024-09-28,BR,1,195.13,195.13,0,0.0,0,0.0
cust_002309,2024-07-10,UK,2,16366.52,8183.26,0,0.0,0,0.0
cust_002310,2024-06-21,UK,1,183.71,183.71,0,0.0,0,0.0
cust_002311,2024-06-07,US,1,553.22,553.22,0,0.0,0,0.0
cust_002312,2024-04-04,US,2,23544.78,11772.39,0,0.0,1,0.5
cust_002313,2024-03-14,CN,4,8598.46,2149.61,0,0.0,1,0.25
cust_002314,2024-07-20,AU,1,62.79,62.79,0,0.0,0,0.0
cust_002315,2024-05-20,UK,1,29.56,29.56,0,0.0,0,0.0
cust_002316,2024-01-19,US,1,994.44,994.44,0,0.0,0,0.0
cust_002317,2024-02-15,FR,5,633.06,126.61,1,0.2,0,0.0
cust_002318,2024-06-30,MX,1,190.32,190.32,0,0.0,0,0.0
cust_002319,2024-03-24,CN,8,479.82,59.98,1,0.125,0,0.0
cust_002320,2024-06-18,FR,1,601.53,601.53,0,0.0,0,0.0
cust_002321,2024-04-01,IN,1,76.24,76.24,0,0.0,0,0.0
cust_002322,2024-05-19,US,1,99.89,99.89,0,0.0,0,0.0
cust_002323,2024-03-01,US,1,282.61,282.61,0,0.0,0,0.0
cust_002324,2024-05-08,US,1,23.91,23.91,0,0.0,0,0.0
cust_002325,2024-01-22,CA,2,15677.32,7838.66,0,0.0,1,0.5
cust_002326,2024-06-21,RU,1,47.15,47.15,0,0.0,0,0.0
cust_002327,2024-05-17,NG,1,69.51,69.51,1,1.0,0,0.0
cust_002328,2024-05-30,US,9,720.39,80.04,0,0.0,0,0.0
cust_002329,2024-02-15,UK,1,20.74,20.74,0,0.0,0,0.0
cust_002330,2024-05-10,US,1,49.33,49.33,0,0.0,0,0.0
cust_002331,2024-03-28,CA,1,54.37,54.37,0,0.0,0,0.0
cust_002332,2024-02-24,BR,1,214.61,214.61,0,0.0,0,0.0
cust_002333,2024-04-30,AU,2,6111.28,3055.64,0,0.0,0,0.0
cust_002334,2024-02-15,NG,1,141.06,141.06,0,0.0,0,0.0
cust_002335,2024-03-26,CA,1,51.46,51.46,0,0.0,0,0.0
cust_002336,2024-01-15,DE,1,245.48,245.48,0,0.0,0,0.0
cust_002337,2024-06-23,MX,1,142.28,142.28,0,0.0,0,0.0
cust_002338,2024-04-03,DE,1,67.82,67.82,0,0.0,0,0.0
cust_002339,2024-03-20,US,1,33.87,33.87,0,0.0,0,0.0
cust_002340,2024-05-02,US,1,444.75,444.75,0,0.0,0,0.0
cust_002341,2024-06-15,US,2,8611.62,4305.81,1,0.5,0,0.0
cust_002342,2024-02-09,US,2,271.68,135.84,1,0.5,0,0.0
cust_002343,2024-05-24,CA,6,122.65,20.44,0,0.0,3,0.5
cust_002344,2024-02-18,FR,1,85.44,85.44,1,1.0,0,0.0
cust_002345,2024-05-01,US,1,41.55,41.55,1,1.0,0,0.0
cust_002346,2024-02-10,US,1,103.27,103.27,0,0.0,0,0.0
cust_002347,2024-01-23,US,1,81.42,81.42,0,0.0,0,0.0
cust_002348,2024-02-12,JP,1,206.51,206.51,0,0.0,0,0.0
cust_002349,2024-02-28,US,1,27.52,27.52,0,0.0,0,0.0
cust_002350,2024-05-14,US,1,25.3,25.3,0,0.0,0,0.0
cust_002351,2024-03-18,IN,1,128.79,128.79,0,0.0,0,0.0
cust_002352,2024-05-29,CA,1,91.02,91.02,0,0.0,0,0.0
cust_002353,2024-03-12,US,1,117.9,117.9,0,0.0,0,0.0
cust_002354,2024-03-06,AU,1,13782.85,13782.85,0,0.0,1,1.0
cust_002355,2024-06-20,UK,2,14273.14,7136.57,1,0.5,1,0.5
cust_002356,2024-01-29,CA,0,0.0,0.0,0,0.0,0,0.0
cust_002357,2024-04-03,DE,1,11.3,11.3,0,0.0,0,0.0
cust_002358,2024-02-22,US,5,469.77,93.95,2,0.4,0,0.0
cust_002359,2024-04-22,US,1,313.91,313.91,0,0.0,0,0.0
cust_002360,2024-06-22,UK,1,107.51,107.51,0,0.0,0,0.0
cust_002361,2024-05-03,US,1,109.35,109.35,0,0.0,0,0.0
cust_002362,2024-03-07,US,1,23.9,23.9,0,0.0,0,0.0
cust_002363,2024-01-30,US,1,9.59,9.59,0,0.0,0,0.0
cust_002364,2024-04-03,UK,1,31.84,31.84,0,0.0,0,0.0
cust_002365,2024-06-14,JP,2,13459.04,6729.52,0,0.0,0,0.0
cust_002366,2024-03-27,IN,1,608.12,608.12,0,0.0,0,0.0
cust_002367,2024-03-20,CN,1,817.13,817.13,0,0.0,0,0.0
cust_002368,2024-04-01,UK,1,777.15,777.15,0,0.0,0,0.0
cust_002369,2024-07-01,CA,0,0.0,0.0,0,0.0,0,0.0
cust_002370,2024-01-30,US,0,0.0,0.0,0,0.0,0,0.0
cust_002371,2024-06-04,US,1,38.08,38.08,0,0.0,0,0.0
cust_002372,2024-07-24,US,6,4291.96,715.33,0,0.0,0,0.0
cust_002373,2024-08-11,US,1,688.89,688.89,0,0.0,0,0.0
cust_002374,2024-04-26,DE,1,28.85,28.85,0,0.0,0,0.0
cust_002375,2024-03-01,US,1,59.08,59.08,0,0.0,0,0.0
cust_002376,2024-06-19,US,1,304.24,304.24,0,0.0,0,0.0
cust_002377,2024-03-06,FR,1,272.65,272.65,0,0.0,0,0.0
cust_002378,2024-01-08,US,2,2013.44,1006.72,0,0.0,0,0.0
cust_002379,2024-04-27,NG,1,60.55,60.55,0,0.0,0,0.0
cust_002380,2024-03-22,BR,3,118.55,39.52,1,0.3333,0,0.0
cust_002381,2024-08-17,US,2,13597.64,6798.82,0,0.0,0,0.0
cust_002382,2024-02-17,US,1,37.44,37.44,0,0.0,0,0.0
cust_002383,2024-02-27,ZA,2,3488.15,1744.08,0,0.0,0,0.0
cust_002384,2024-08-07,BR,1,52.28,52.28,0,0.0,0,0.0
cust_002385,2024-03-27,CN,0,0.0,0.0,0,0.0,0,0.0
cust_002386,2024-05-08,US,1,196.28,196.28,0,0.0,0,0.0
cust_002387,2024-06-18,IN,1,159.07,159.07,0,0.0,0,0.0
cust_002388,2024-02-25,US,1,81.59,81.59,0,0.0,0,0.0
cust_002389,2024-05-10,UK,1,70.89,70.89,0,0.0,0,0.0
cust_002390,2024-03-24,US,3,530.4,176.8,0,0.0,0,0.0
cust_002391,2024-04-13,FR,1,217.9,217.9,0,0.0,0,0.0
cust_002392,2024-06-03,CA,1,20.35,20.35,0,0.0,0,0.0
cust_002393,2024-04-07,AU,6,25361.88,4226.98,0,0.0,3,0.5
cust_002394,2024-05-19,US,1,79.57,79.57,0,0.0,0,0.0
cust_002395,2024-05-08,ZA,1,185.04,185.04,0,0.0,0,0.0
cust_002396,2024-04-12,US,0,0.0,0.0,0,0.0,0,0.0
cust_002397,2024-03-09,MX,2,942.02,471.01,1,0.5,1,0.5
cust_002398,2024-04-23,DE,1,99.28,99.28,0,0.0,0,0.0
cust_002399,2024-04-08,US,1,101.42,101.42,0,0.0,0,0.0
cust_002400,2024-04-02,AU,0,0.0,0.0,0,0.0,0,0.0
cust_002401,2024-05-20,CA,1,48.93,48.93,0,0.0,0,0.0
cust_002402,2024-05-14,US,1,46.88,46.88,0,0.0,0,0.0
cust_002403,2024-04-06,US,1,259.55,259.55,1,1.0,0,0.0
cust_002404,2024-02-26,MX,1,946.3,946.3,0,0.0,0,0.0
cust_002405,2024-04-04,ZA,1,312.53,312.53,0,0.0,0,0.0
cust_002406,2024-06-23,IN,1,30.26,30.26,0,0.0,0,0.0
cust_002407,2024-05-08,US,1,35.02,35.02,0,0.0,0,0.0
cust_002408,2024-06-22,US,1,76.59,76.59,0,0.0,0,0.0
cust_002409,2024-09-09,US,1,52.71,52.71,0,0.0,0,0.0
cust_002410,2024-04-11,IN,1,308.31,308.31,0,0.0,0,0.0
cust_002411,2024-05-02,UK,1,216.72,216.72,0,0.0,0,0.0
cust_002412,2024-03-23,UK,1,288.67,288.67,0,0.0,0,0.0
cust_002413,2024-08-26,BR,1,73.33,73.33,1,1.0,0,0.0
cust_002414,2024-09-17,KR,1,14.25,14.25,0,0.0,0,0.0
cust_002415,2024-04-01,US,3,162.11,54.04,0,0.0,0,0.0
cust_002416,2024-03-02,UK,1,1418.52,1418.52,0,0.0,0,0.0
cust_002417,2024-02-29,CA,0,0.0,0.0,0,0.0,0,0.0
cust_002418,2024-05-03,US,1,84.9,84.9,0,0.0,0,0.0
cust_002419,2024-03-28,UK,1,45.83,45.83,0,0.0,0,0.0
cust_002420,2024-05-16,US,1,983.83,983.83,0,0.0,0,0.0
cust_002421,2024-03-27,US,1,26.91,26.91,0,0.0,0,0.0
cust_002422,2024-04-05,AU,1,57.48,57.48,0,0.0,0,0.0
cust_002423,2024-06-01,US,1,365.65,365.65,0,0.0,0,0.0
cust_002424,2024-05-26,DE,1,13.57,13.57,0,0.0,0,0.0
cust_002425,2024-05-10,US,1,35.87,35.87,0,0.0,0,0.0
cust_002426,2024-08-14,DE,13,1126.86,86.68,1,0.0769,0,0.0
cust_002427,2024-03-30,DE,1,41.2,41.2,0,0.0,0,0.0
cust_002428,2024-04-09,BR,0,0.0,0.0,0,0.0,0,0.0
cust_002429,2024-02-04,US,1,2283.41,2283.41,0,0.0,0,0.0
cust_002430,2024-04-20,CA,2,3714.5,1857.25,0,0.0,0,0.0
cust_002431,2024-03-21,RU,1,138.07,138.07,0,0.0,0,0.0
cust_002432,2024-02-16,US,1,79.35,79.35,0,0.0,0,0.0
cust_002433,2024-06-02,US,1,50.69,50.69,0,0.0,0,0.0
cust_002434,2024-05-05,US,1,658.97,658.97,0,0.0,1,1.0
cust_002435,2024-10-12,KR,1,123.18,123.18,0,0.0,0,0.0
cust_002436,2024-08-01,US,1,79.11,79.11,0,0.0,0,0.0
cust_002437,2024-01-15,US,1,34.84,34.84,0,0.0,0,0.0
cust_002438,2024-05-21,ZA,3,3301.65,1100.55,0,0.0,1,0.3333
cust_002439,2024-03-30,UK,1,310.03,310.03,0,0.0,0,0.0
cust_002440,2024-01-20,US,1,61.12,61.12,0,0.0,0,0.0
cust_002441,2024-02-28,CA,1,69.62,69.62,0,0.0,0,0.0
cust_002442,2024-03-29,US,1,157.66,157.66,0,0.0,0,0.0
cust_002443,2024-08-11,UK,1,273.37,273.37,0,0.0,0,0.0
cust_002444,2024-03-25,US,52,4973.19,95.64,2,0.0385,1,0.0192
cust_002445,2024-03-07,CA,2,12255.23,6127.62,0,0.0,0,0.0
cust_002446,2024-01-20,IN,1,101.13,101.13,0,0.0,0,0.0
cust_002447,2024-02-17,US,1,65.53,65.53,0,0.0,0,0.0
cust_002448,2024-03-29,CA,5,11686.81,2337.36,0,0.0,2,0.4
cust_002449,2024-05-18,MX,2,24358.28,12179.14,0,0.0,1,0.5
cust_002450,2024-02-02,UK,1,337.67,337.67,0,0.0,0,0.0
cust_002451,2024-04-12,MX,2,7040.3,3520.15,0,0.0,0,0.0
cust_002452,2024-05-31,KR,1,156.89,156.89,0,0.0,0,0.0
cust_002453,2024-02-06,US,1,274.23,274.23,0,0.0,0,0.0
cust_002454,2024-05-17,IN,1,79.94,79.94,0,0.0,0,0.0
cust_002455,2024-04-10,BR,1,62.0,62.0,0,0.0,0,0.0
cust_002456,2024-03-27,DE,1,80.04,80.04,0,0.0,1,1.0
cust_002457,2024-03-05,AU,1,223.06,223.06,0,0.0,0,0.0
cust_002458,2024-03-06,US,1,107.44,107.44,0,0.0,0,0.0
cust_002459,2024-07-16,RU,1,190.29,190.29,0,0.0,0,0.0
cust_002460,2024-04-30,US,1,522.9,522.9,0,0.0,0,0.0
cust_002461,2024-08-10,IN,1,63.24,63.24,0,0.0,0,0.0
cust_002462,2024-05-07,NG,1,38.5,38.5,1,1.0,0,0.0
cust_002463,2024-02-24,UK,1,951.02,951.02,0,0.0,0,0.0
cust_002464,2024-06-17,CA,1,145.79,145.79,0,0.0,0,0.0
cust_002465,2024-05-28,DE,1,254.82,254.82,0,0.0,0,0.0
cust_002466,2024-07-27,CN,1,17.77,17.77,0,0.0,0,0.0
cust_002467,2024-04-19,UK,2,1867.83,933.92,0,0.0,0,0.0
cust_002468,2024-07-21,IN,1,46.15,46.15,0,0.0,0,0.0
cust_002469,2024-03-02,US,1,634.02,634.02,0,0.0,0,0.0
cust_002470,2024-02-20,US,0,0.0,0.0,0,0.0,0,0.0
cust_002471,2024-05-22,US,1,32.07,32.07,0,0.0,0,0.0
cust_002472,2024-03-09,CA,2,9758.74,4879.37,0,0.0,1,0.5
cust_002473,2024-07-16,CA,1,209.43,209.43,0,0.0,0,0.0
cust_002474,2024-02-05,US,2,10521.66,5260.83,0,0.0,1,0.5
cust_002475,2024-02-05,US,1,26.6,26.6,0,0.0,0,0.0
cust_002476,2024-03-18,US,2,8518.92,4259.46,1,0.5,0,0.0
cust_002477,2024-01-30,NG,1,74.87,74.87,0,0.0,0,0.0
cust_002478,2024-04-20,US,1,172.79,172.79,0,0.0,0,0.0
cust_002479,2024-03-10,CA,1,132.59,132.59,0,0.0,0,0.0
cust_002480,2024-01-30,AU,1,212.59,212.59,0,0.0,0,0.0
cust_002481,2024-01-08,NG,1,65.37,65.37,0,0.0,0,0.0
cust_002482,2024-03-07,DE,2,14996.17,7498.08,0,0.0,0,0.0
cust_002483,2024-01-03,US,1,106.23,106.23,0,0.0,0,0.0
cust_002484,2024-02-25,US,9,84.59,9.4,1,0.1111,4,0.4444
cust_002485,2024-05-16,US,1,41.86,41.86,0,0.0,0,0.0
cust_002486,2024-05-18,AU,1,27.64,27.64,0,0.0,0,0.0
cust_002487,2024-06-21,US,2,2751.06,1375.53,0,0.0,0,0.0
cust_002488,2024-04-02,US,4,353.15,88.29,2,0.5,0,0.0
cust_002489,2024-05-27,US,1,415.77,415.77,0,0.0,0,0.0
cust_002490,2024-02-03,UK,19,10061.53,529.55,0,0.0,0,0.0
cust_002491,2024-04-24,US,0,0.0,0.0,0,0.0,0,0.0
cust_002492,2024-05-21,UK,13,1188.97,91.46,0,0.0,2,0.1538
cust_002493,2024-03-05,US,2,924.88,462.44,0,0.0,1,0.5
cust_002494,2024-05-31,UK,0,0.0,0.0,0,0.0,0,0.0
cust_002495,2024-03-27,US,1,250.44,250.44,0,0.0,0,0.0
cust_002496,2024-04-03,CA,2,2387.03,1193.52,0,0.0,0,0.0
cust_002497,2024-01-16,DE,1,105.25,105.25,0,0.0,0,0.0
cust_002498,2024-06-01,CA,1,343.34,343.34,0,0.0,0,0.0
cust_002499,2024-06-05,US,1,163.09,163.09,0,0.0,0,0.0
cust_002500,2024-03-24,IN,1,343.71,343.71,0,0.0,0,0.0
cust_002501,2024-06-26,UK,1,115.03,115.03,0,0.0,0,0.0
cust_002502,2024-02-22,UK,1,76.13,76.13,0,0.0,0,0.0
cust_002503,2024-06-07,US,2,2526.93,1263.46,0,0.0,0,0.0
cust_002504,2024-03-08,ZA,2,2543.76,1271.88,0,0.0,1,0.5
cust_002505,2024-05-25,UK,2,1715.02,857.51,0,0.0,1,0.5
cust_002506,2024-02-23,UK,1,38.75,38.75,0,0.0,0,0.0
cust_002507,2024-02-29,US,1,841.84,841.84,1,1.0,0,0.0
cust_002508,2024-01-27,DE,1,452.99,452.99,0,0.0,0,0.0
cust_002509,2024-03-15,US,6,534.47,89.08,0,0.0,0,0.0
cust_002510,2024-08-13,FR,2,680.54,340.27,1,0.5,1,0.5
cust_002511,2024-01-24,US,1,25.09,25.09,0,0.0,0,0.0
cust_002512,2024-01-21,US,1,31.91,31.91,0,0.0,0,0.0
cust_002513,2024-07-03,FR,1,171.59,171.59,0,0.0,0,0.0
cust_002514,2024-06-22,UK,1,109.47,109.47,0,0.0,0,0.0
cust_002515,2024-03-21,US,1,35.67,35.67,0,0.0,0,0.0
cust_002516,2024-01-21,AU,1,100.36,100.36,0,0.0,0,0.0
cust_002517,2024-02-22,KR,1,154.07,154.07,0,0.0,0,0.0
cust_002518,2024-03-08,UK,1,62.1,62.1,0,0.0,0,0.0
cust_002519,2024-04-04,IN,1,244.63,244.63,0,0.0,0,0.0
cust_002520,2024-04-06,UK,1,195.47,195.47,0,0.0,0,0.0
cust_002521,2024-02-01,CA,1,176.78,176.78,0,0.0,0,0.0
cust_002522,2024-06-27,FR,1,308.5,308.5,0,0.0,0,0.0
cust_002523,2024-03-19,IN,1,157.85,157.85,0,0.0,0,0.0
cust_002524,2024-03-01,US,1,13.84,13.84,0,0.0,0,0.0
cust_002525,2024-02-27,US,1,254.4,254.4,0,0.0,0,0.0
cust_002526,2024-01-26,CA,1,106.98,106.98,0,0.0,0,0.0
cust_002527,2024-06-24,DE,1,519.61,519.61,0,0.0,1,1.0
cust_002528,2024-02-03,IN,2,5903.86,2951.93,0,0.0,0,0.0
cust_002529,2024-03-25,US,2,3455.61,1727.8,1,0.5,1,0.5
cust_002530,2024-06-10,UK,1,58.66,58.66,0,0.0,0,0.0
cust_002531,2024-01-27,FR,5,444.29,88.86,0,0.0,0,0.0
cust_002532,2024-03-29,US,1,6080.08,6080.08,0,0.0,0,0.0
cust_002533,2024-04-13,NG,1,123.83,123.83,1,1.0,0,0.0
cust_002534,2024-03-25,UK,0,0.0,0.0,0,0.0,0,0.0
cust_002535,2024-04-30,AU,1,30.77,30.77,0,0.0,0,0.0
cust_002536,2024-02-22,US,2,16662.1,8331.05,0,0.0,0,0.0
cust_002537,2024-03-20,UK,1,163.56,163.56,0,0.0,0,0.0
cust_002538,2024-05-16,KR,1,167.97,167.97,0,0.0,0,0.0
cust_002539,2024-05-04,CA,0,0.0,0.0,0,0.0,0,0.0
cust_002540,2024-03-21,US,13,1614.29,124.18,0,0.0,0,0.0
cust_002541,2024-04-21,MX,1,69.46,69.46,0,0.0,0,0.0
cust_002542,2024-02-10,UK,0,0.0,0.0,0,0.0,0,0.0
cust_002543,2024-04-12,FR,1,344.77,344.77,1,1.0,0,0.0
cust_002544,2024-04-02,US,1,93.66,93.66,0,0.0,0,0.0
cust_002545,2024-09-29,JP,1,104.75,104.75,0,0.0,0,0.0
cust_002546,2024-01-31,MX,1,50.26,50.26,0,0.0,0,0.0
cust_002547,2024-06-05,UK,1,34.34,34.34,0,0.0,0,0.0
cust_002548,2024-05-15,US,1,56.56,56.56,0,0.0,0,0.0
cust_002549,2024-01-17,CA,2,9496.46,4748.23,0,0.0,1,0.5
cust_002550,2024-04-08,US,1,14.9,14.9,0,0.0,0,0.0
cust_002551,2024-06-25,UK,1,148.8,148.8,0,0.0,0,0.0
cust_002552,2024-04-17,IN,1,355.99,355.99,0,0.0,0,0.0
cust_002553,2024-07-07,US,1,69.92,69.92,1,1.0,0,0.0
cust_002554,2024-05-14,MX,0,0.0,0.0,0,0.0,0,0.0
cust_002555,2024-03-27,DE,1,74.04,74.04,1,1.0,0,0.0
cust_002556,2024-01-09,UK,1,63.61,63.61,0,0.0,0,0.0
cust_002557,2024-05-28,UK,1,165.05,165.05,0,0.0,0,0.0
cust_002558,2024-05-17,JP,1,70.82,70.82,0,0.0,0,0.0
cust_002559,2024-08-22,CA,1,27.97,27.97,0,0.0,0,0.0
cust_002560,2024-07-13,ZA,1,31.36,31.36,0,0.0,0,0.0
cust_002561,2024-03-10,US,1,112.76,112.76,0,0.0,0,0.0
cust_002562,2024-05-29,US,2,14641.22,7320.61,0,0.0,1,0.5
cust_002563,2024-04-20,CA,1,58.1,58.1,0,0.0,0,0.0
cust_002564,2024-03-04,US,2,20591.46,10295.73,0,0.0,0,0.0
cust_002565,2024-04-06,UK,1,60.63,60.63,0,0.0,0,0.0
cust_002566,2024-04-30,CA,1,33.1,33.1,1,1.0,0,0.0
cust_002567,2024-03-06,US,1,354.95,354.95,0,0.0,0,0.0
cust_002568,2024-05-24,US,1,358.25,358.25,0,0.0,0,0.0
cust_002569,2024-04-12,US,1,227.45,227.45,1,1.0,0,0.0
cust_002570,2024-07-14,US,1,20.59,20.59,0,0.0,0,0.0
cust_002571,2024-04-03,US,0,0.0,0.0,0,0.0,0,0.0
cust_002572,2024-02-02,US,2,707.31,353.66,0,0.0,0,0.0
cust_002573,2024-04-28,MX,1,269.82,269.82,0,0.0,0,0.0
cust_002574,2024-05-19,US,1,322.9,322.9,0,0.0,0,0.0
cust_002575,2024-03-12,US,1,140.89,140.89,0,0.0,0,0.0
cust_002576,2024-04-20,MX,1,46.83,46.83,0,0.0,0,0.0
cust_002577,2024-02-11,FR,0,0.0,0.0,0,0.0,0,0.0
cust_002578,2024-03-19,US,1,153.92,153.92,0,0.0,0,0.0
cust_002579,2024-03-02,NG,1,662.25,662.25,0,0.0,0,0.0
cust_002580,2024-04-01,NG,0,0.0,0.0,0,0.0,0,0.0
cust_002581,2024-05-02,FR,1,245.02,245.02,0,0.0,0,0.0
cust_002582,2024-08-14,IN,1,119.52,119.52,0,0.0,0,0.0
cust_002583,2024-01-29,IN,2,5126.01,2563.0,0,0.0,1,0.5
cust_002584,2024-09-01,KR,1,90.02,90.02,0,0.0,0,0.0
cust_002585,2024-03-28,UK,0,0.0,0.0,0,0.0,0,0.0
cust_002586,2024-02-28,BR,2,8810.21,4405.11,0,0.0,1,0.5
cust_002587,2024-06-29,US,1,73.98,73.98,1,1.0,0,0.0
cust_002588,2024-07-18,DE,1,150.4,150.4,0,0.0,0,0.0
cust_002589,2024-08-09,ZA,1,21.63,21.63,0,0.0,0,0.0
cust_002590,2024-08-07,US,1,41.24,41.24,0,0.0,0,0.0
cust_002591,2024-01-22,US,1,61.37,61.37,0,0.0,0,0.0
cust_002592,2024-05-05,AU,1,743.4,743.4,0,0.0,0,0.0
cust_002593,2024-04-19,FR,1,122.44,122.44,0,0.0,0,0.0
cust_002594,2024-06-18,FR,1,264.42,264.42,0,0.0,0,0.0
cust_002595,2024-04-04,ZA,1,138.15,138.15,0,0.0,0,0.0
cust_002596,2024-05-09,US,1,97.05,97.05,0,0.0,0,0.0
cust_002597,2024-02-21,DE,4,774.54,193.64,0,0.0,0,0.0
cust_002598,2024-06-12,IN,0,0.0,0.0,0,0.0,0,0.0
cust_002599,2024-01-07,US,1,32.64,32.64,0,0.0,0,0.0
cust_002600,2024-03-08,US,4,862.17,215.54,0,0.0,0,0.0
cust_002601,2024-02-14,DE,1,59.9,59.9,0,0.0,0,0.0
cust_002602,2024-04-26,DE,1,227.29,227.29,1,1.0,0,0.0
cust_002603,2024-01-27,IN,2,1220.18,610.09,0,0.0,0,0.0
cust_002604,2024-02-07,UK,1,80.78,80.78,0,0.0,0,0.0
cust_002605,2024-03-01,DE,1,166.3,166.3,0,0.0,0,0.0
cust_002606,2024-05-16,US,0,0.0,0.0,0,0.0,0,0.0
cust_002607,2024-04-30,US,1,415.19,415.19,0,0.0,0,0.0
cust_002608,2024-04-20,IN,2,4310.18,2155.09,0,0.0,1,0.5
cust_002609,2024-03-29,IN,1,233.4,233.4,0,0.0,0,0.0
cust_002610,2024-07-20,BR,1,681.21,681.21,0,0.0,0,0.0
cust_002611,2024-03-22,UK,1,185.19,185.19,0,0.0,0,0.0
cust_002612,2024-06-29,AU,0,0.0,0.0,0,0.0,0,0.0
cust_002613,2024-03-01,RU,3,16043.7,5347.9,0,0.0,1,0.3333
cust_002614,2024-05-06,UK,1,72.01,72.01,0,0.0,0,0.0
cust_002615,2024-03-06,CA,1,26.6,26.6,0,0.0,0,0.0
cust_002616,2024-06-19,RU,6,574.08,95.68,0,0.0,0,0.0
cust_002617,2024-05-21,US,0,0.0,0.0,0,0.0,0,0.0
cust_002618,2024-07-06,FR,2,3052.56,1526.28,1,0.5,0,0.0
cust_002619,2024-02-18,IN,1,60.26,60.26,1,1.0,0,0.0
cust_002620,2024-03-11,UK,1,16.11,16.11,0,0.0,0,0.0
cust_002621,2024-02-25,JP,1,344.97,344.97,0,0.0,0,0.0
cust_002622,2024-01-25,US,3,5029.79,1676.6,0,0.0,1,0.3333
cust_002623,2024-02-06,US,1,161.44,161.44,0,0.0,0,0.0
cust_002624,2024-04-11,US,9,1020.86,113.43,1,0.1111,0,0.0
cust_002625,2024-03-05,NG,1,536.68,536.68,1,1.0,0,0.0
cust_002626,2024-04-09,US,1,153.23,153.23,0,0.0,0,0.0
cust_002627,2024-03-12,DE,1,51.88,51.88,0,0.0,0,0.0
cust_002628,2024-03-01,US,1,65.84,65.84,0,0.0,0,0.0
cust_002629,2024-04-23,CA,1,93.8,93.8,0,0.0,0,0.0
cust_002630,2024-02-29,CA,1,700.76,700.76,0,0.0,0,0.0
cust_002631,2024-03-08,US,2,8004.52,4002.26,0,0.0,0,0.0
cust_002632,2024-01-31,UK,1,544.33,544.33,0,0.0,0,0.0
cust_002633,2024-02-26,US,1,452.62,452.62,0,0.0,0,0.0
cust_002634,2024-05-08,US,2,10771.92,5385.96,1,0.5,1,0.5
cust_002635,2024-06-03,UK,1,381.2,381.2,0,0.0,0,0.0
cust_002636,2024-05-11,CA,1,136.13,136.13,0,0.0,0,0.0
cust_002637,2024-06-19,US,2,20031.38,10015.69,0,0.0,0,0.0
cust_002638,2024-01-18,UK,1,78.29,78.29,0,0.0,0,0.0
cust_002639,2024-03-12,UK,1,592.67,592.67,0,0.0,0,0.0
cust_002640,2024-02-11,CN,1,394.35,394.35,1,1.0,0,0.0
cust_002641,2024-03-01,IN,2,256.46,128.23,0,0.0,0,0.0
cust_002642,2024-01-12,MX,1,139.13,139.13,0,0.0,0,0.0
cust_002643,2024-02-24,CA,1,463.75,463.75,0,0.0,0,0.0
cust_002644,2024-03-27,BR,6,20088.92,3348.15,0,0.0,0,0.0
cust_002645,2024-04-21,US,1,182.97,182.97,0,0.0,0,0.0
cust_002646,2024-05-13,CA,1,115.06,115.06,0,0.0,0,0.0
cust_002647,2024-02-21,UK,9,944.08,104.9,1,0.1111,0,0.0
cust_002648,2024-06-29,FR,1,320.84,320.84,0,0.0,0,0.0
cust_002649,2024-07-25,NG,1,84.14,84.14,0,0.0,0,0.0
cust_002650,2024-08-13,FR,1,108.7,108.7,0,0.0,0,0.0
cust_002651,2024-07-24,US,2,2914.8,1457.4,0,0.0,1,0.5
cust_002652,2024-04-01,IN,1,75.12,75.12,0,0.0,0,0.0
cust_002653,2024-03-24,FR,1,141.39,141.39,1,1.0,0,0.0
cust_002654,2024-02-03,US,1,97.68,97.68,0,0.0,0,0.0
cust_002655,2024-05-24,US,1,85.41,85.41,0,0.0,0,0.0
cust_002656,2024-04-11,DE,1,364.81,364.81,0,0.0,0,0.0
cust_002657,2024-08-02,US,1,27.42,27.42,0,0.0,0,0.0
cust_002658,2024-02-26,US,8,15328.25,1916.03,0,0.0,0,0.0
cust_002659,2024-04-18,NG,1,21.66,21.66,0,0.0,0,0.0
cust_002660,2024-03-21,MX,1,122.68,122.68,0,0.0,0,0.0
cust_002661,2024-03-29,UK,2,348.27,174.14,0,0.0,1,0.5
cust_002662,2024-08-12,ZA,1,12.77,12.77,0,0.0,0,0.0
cust_002663,2024-02-09,JP,1,112.1,112.1,0,0.0,0,0.0
cust_002664,2024-03-15,CA,1,236.92,236.92,0,0.0,0,0.0
cust_002665,2024-03-28,FR,1,81.57,81.57,0,0.0,0,0.0
cust_002666,2024-04-26,CN,2,3246.29,1623.14,1,0.5,1,0.5
cust_002667,2024-02-20,FR,1,133.62,133.62,0,0.0,0,0.0
cust_002668,2024-05-17,US,1,60.27,60.27,0,0.0,0,0.0
cust_002669,2024-03-19,US,1,125.27,125.27,0,0.0,0,0.0
cust_002670,2024-06-14,UK,1,311.71,311.71,1,1.0,0,0.0
cust_002671,2024-01-30,US,3,6393.66,2131.22,0,0.0,2,0.6667
cust_002672,2024-01-09,US,1,75.07,75.07,0,0.0,0,0.0
cust_002673,2024-03-17,UK,1,150.22,150.22,0,0.0,0,0.0
cust_002674,2024-04-20,US,1,207.04,207.04,0,0.0,0,0.0
cust_002675,2024-02-06,US,3,8175.37,2725.12,0,0.0,1,0.3333
cust_002676,2024-06-02,NG,1,210.5,210.5,0,0.0,0,0.0
cust_002677,2024-06-02,US,1,103.48,103.48,0,0.0,0,0.0
cust_002678,2024-02-10,IN,0,0.0,0.0,0,0.0,0,0.0
cust_002679,2024-03-29,CA,1,29.19,29.19,0,0.0,0,0.0
cust_002680,2024-02-11,KR,1,509.06,509.06,0,0.0,0,0.0
cust_002681,2024-05-11,US,1,105.18,105.18,0,0.0,0,0.0
cust_002682,2024-01-26,US,0,0.0,0.0,0,0.0,0,0.0
cust_002683,2024-02-01,IN,2,11839.18,5919.59,0,0.0,1,0.5
cust_002684,2024-02-14,CA,1,26.59,26.59,0,0.0,0,0.0
cust_002685,2024-04-06,BR,2,19417.75,9708.88,1,0.5,0,0.0
cust_002686,2024-02-11,US,1,130.54,130.54,0,0.0,0,0.0
cust_002687,2024-05-13,US,1,503.74,503.74,0,0.0,0,0.0
cust_002688,2024-05-15,US,1,148.04,148.04,0,0.0,0,0.0
cust_002689,2024-07-29,FR,1,212.97,212.97,0,0.0,0,0.0
cust_002690,2024-03-12,US,1,30.22,30.22,0,0.0,0,0.0
cust_002691,2024-03-26,US,4,293.56,73.39,0,0.0,0,0.0
cust_002692,2024-07-10,IN,1,154.62,154.62,0,0.0,0,0.0
cust_002693,2024-01-21,US,10,431.95,43.2,0,0.0,0,0.0
cust_002694,2024-02-25,US,1,80.29,80.29,0,0.0,0,0.0
cust_002695,2024-07-02,US,1,614.07,614.07,0,0.0,0,0.0
cust_002696,2024-04-19,JP,1,61.6,61.6,0,0.0,0,0.0
cust_002697,2024-03-13,IN,1,112.84,112.84,0,0.0,0,0.0
cust_002698,2024-02-01,CA,1,45.43,45.43,0,0.0,0,0.0
cust_002699,2024-03-10,CA,1,33.94,33.94,0,0.0,0,0.0
cust_002700,2024-02-07,ZA,1,133.57,133.57,1,1.0,0,0.0
cust_002701,2024-06-09,US,1,102.5,102.5,0,0.0,0,0.0
cust_002702,2024-04-10,US,1,675.69,675.69,1,1.0,0,0.0
cust_002703,2024-03-21,JP,1,95.64,95.64,0,0.0,1,1.0
cust_002704,2024-04-27,CA,1,53.83,53.83,0,0.0,0,0.0
cust_002705,2024-02-12,ZA,1,306.62,306.62,0,0.0,0,0.0
cust_002706,2024-04-17,DE,1,102.33,102.33,1,1.0,0,0.0
cust_002707,2024-03-17,FR,2,2839.16,1419.58,0,0.0,0,0.0
cust_002708,2024-05-25,IN,2,248.08,124.04,0,0.0,0,0.0
cust_002709,2024-04-04,US,1,26.83,26.83,0,0.0,0,0.0
cust_002710,2024-04-20,RU,2,7194.66,3597.33,0,0.0,1,0.5
cust_002711,2024-08-01,CA,45,3835.06,85.22,4,0.0889,0,0.0
cust_002712,2024-01-07,US,1,103.0,103.0,0,0.0,0,0.0
cust_002713,2024-01-25,US,2,10895.57,5447.78,0,0.0,0,0.0
cust_002714,2024-02-14,UK,1,157.33,157.33,0,0.0,0,0.0
cust_002715,2024-01-22,US,2,4982.94,2491.47,0,0.0,0,0.0
cust_002716,2024-02-24,US,7,672.93,96.13,2,0.2857,0,0.0
cust_002717,2024-01-13,US,1,140.7,140.7,0,0.0,0,0.0
cust_002718,2024-02-13,NG,0,0.0,0.0,0,0.0,0,0.0
cust_002719,2024-06-16,IN,1,41.01,41.01,0,0.0,0,0.0
cust_002720,2024-02-10,US,0,0.0,0.0,0,0.0,0,0.0
cust_002721,2024-05-07,US,0,0.0,0.0,0,0.0,0,0.0
cust_002722,2024-07-14,FR,1,46.29,46.29,0,0.0,0,0.0
cust_002723,2024-04-07,FR,1,88.47,88.47,1,1.0,0,0.0
cust_002724,2024-01-24,US,1,315.37,315.37,0,0.0,0,0.0
cust_002725,2024-05-18,ZA,2,1882.82,941.41,1,0.5,0,0.0
cust_002726,2024-02-06,US,1,69.57,69.57,0,0.0,0,0.0
cust_002727,2024-03-10,US,2,4193.41,2096.7,1,0.5,1,0.5
cust_002728,2024-07-25,US,1,464.06,464.06,0,0.0,0,0.0
cust_002729,2024-01-26,KR,1,96.36,96.36,0,0.0,0,0.0
cust_002730,2024-05-01,JP,1,44.91,44.91,0,0.0,0,0.0
cust_002731,2024-03-25,IN,1,7682.15,7682.15,0,0.0,0,0.0
cust_002732,2024-03-31,CA,1,83.23,83.23,0,0.0,0,0.0
cust_002733,2024-02-26,US,2,1319.1,659.55,0,0.0,0,0.0
cust_002734,2024-06-29,US,1,701.07,701.07,0,0.0,0,0.0
cust_002735,2024-04-16,US,3,11355.94,3785.31,0,0.0,1,0.3333
cust_002736,2024-05-31,JP,1,6534.34,6534.34,0,0.0,1,1.0
cust_002737,2024-01-23,DE,1,86.35,86.35,0,0.0,0,0.0
cust_002738,2024-01-05,UK,0,0.0,0.0,0,0.0,0,0.0
cust_002739,2024-05-31,ZA,1,85.3,85.3,0,0.0,0,0.0
cust_002740,2024-04-12,US,1,177.65,177.65,0,0.0,0,0.0
cust_002741,2024-01-25,US,1,77.42,77.42,0,0.0,0,0.0
cust_002742,2024-05-14,UK,1,676.69,676.69,0,0.0,0,0.0
cust_002743,2024-06-21,ZA,1,116.96,116.96,0,0.0,0,0.0
cust_002744,2024-03-09,US,2,4019.46,2009.73,0,0.0,1,0.5
cust_002745,2024-06-09,US,1,51.95,51.95,0,0.0,0,0.0
cust_002746,2024-06-21,US,1,20.93,20.93,0,0.0,0,0.0
cust_002747,2024-03-05,ZA,1,98.12,98.12,0,0.0,0,0.0
cust_002748,2024-06-24,US,1,944.27,944.27,0,0.0,0,0.0
cust_002749,2024-04-02,DE,1,92.75,92.75,1,1.0,0,0.0
cust_002750,2024-06-08,JP,1,146.06,146.06,0,0.0,0,0.0
cust_002751,2024-08-06,DE,3,10881.07,3627.02,0,0.0,1,0.3333
cust_002752,2024-02-10,US,1,89.45,89.45,0,0.0,0,0.0
cust_002753,2024-02-29,US,2,8830.12,4415.06,0,0.0,0,0.0
cust_002754,2024-08-19,US,1,31.43,31.43,0,0.0,0,0.0
cust_002755,2024-03-27,AU,2,7722.73,3861.36,0,0.0,0,0.0
cust_002756,2024-04-24,BR,1,118.78,118.78,0,0.0,0,0.0
cust_002757,2024-04-08,US,1,105.86,105.86,0,0.0,0,0.0
cust_002758,2024-02-14,UK,2,470.13,235.06,0,0.0,0,0.0
cust_002759,2024-06-10,US,1,49.69,49.69,0,0.0,0,0.0
cust_002760,2024-05-02,CA,1,78.23,78.23,0,0.0,0,0.0
cust_002761,2024-04-09,UK,1,201.78,201.78,0,0.0,0,0.0
cust_002762,2024-02-02,ZA,6,14961.33,2493.55,1,0.1667,1,0.1667
cust_002763,2024-02-13,UK,1,348.21,348.21,0,0.0,0,0.0
cust_002764,2024-03-15,US,1,97.87,97.87,0,0.0,0,0.0
cust_002765,2024-07-13,CA,1,67.29,67.29,0,0.0,0,0.0
cust_002766,2024-07-26,RU,4,8409.88,2102.47,1,0.25,1,0.25
cust_002767,2024-03-23,UK,2,14632.54,7316.27,0,0.0,0,0.0
cust_002768,2024-01-24,BR,2,13358.9,6679.45,1,0.5,0,0.0
cust_002769,2024-04-17,UK,1,49.62,49.62,0,0.0,0,0.0
cust_002770,2024-03-28,CA,1,94.45,94.45,0,0.0,0,0.0
cust_002771,2024-05-26,CA,1,265.25,265.25,0,0.0,0,0.0
cust_002772,2024-06-16,NG,1,74.81,74.81,0,0.0,0,0.0
cust_002773,2024-02-17,CA,1,124.94,124.94,0,0.0,0,0.0
cust_002774,2024-01-28,UK,0,0.0,0.0,0,0.0,0,0.0
cust_002775,2024-05-30,AU,0,0.0,0.0,0,0.0,0,0.0
cust_002776,2024-05-07,US,1,178.66,178.66,0,0.0,0,0.0
cust_002777,2024-04-17,US,0,0.0,0.0,0,0.0,0,0.0
cust_002778,2024-01-18,US,1,12.15,12.15,0,0.0,0,0.0
cust_002779,2024-03-10,CA,0,0.0,0.0,0,0.0,0,0.0
cust_002780,2024-02-19,BR,2,104.84,52.42,0,0.0,0,0.0
cust_002781,2024-02-24,CA,1,130.41,130.41,0,0.0,0,0.0
cust_002782,2024-02-18,UK,0,0.0,0.0,0,0.0,0,0.0
cust_002783,2024-04-25,US,1,677.02,677.02,0,0.0,0,0.0
cust_002784,2024-01-17,KR,1,158.56,158.56,0,0.0,0,0.0
cust_002785,2024-05-03,US,1,71.91,71.91,0,0.0,0,0.0
cust_002786,2024-02-19,US,1,221.2,221.2,0,0.0,0,0.0
cust_002787,2024-03-10,BR,1,17.94,17.94,0,0.0,0,0.0
cust_002788,2024-06-30,NG,2,717.78,358.89,0,0.0,0,0.0
cust_002789,2024-03-03,US,1,36.87,36.87,1,1.0,0,0.0
cust_002790,2024-03-11,CA,1,259.45,259.45,0,0.0,0,0.0
cust_002791,2024-03-07,AU,1,119.65,119.65,0,0.0,0,0.0
cust_002792,2024-07-18,US,1,54.57,54.57,0,0.0,0,0.0
cust_002793,2024-02-18,ZA,11,8156.31,741.48,0,0.0,0,0.0
cust_002794,2024-04-17,US,1,81.17,81.17,0,0.0,0,0.0
cust_002795,2024-02-19,CA,1,85.76,85.76,0,0.0,0,0.0
cust_002796,2024-02-14,US,1,120.85,120.85,0,0.0,0,0.0
cust_002797,2024-01-23,US,1,280.65,280.65,0,0.0,0,0.0
cust_002798,2024-02-27,US,2,8467.72,4233.86,0,0.0,0,0.0
cust_002799,2024-01-24,US,1,52.73,52.73,0,0.0,0,0.0
cust_002800,2024-02-26,CN,34,17442.53,513.02,23,0.6765,0,0.0
cust_002801,2024-01-16,CA,10,938.48,93.85,0,0.0,0,0.0
cust_002802,2024-04-15,US,1,91.35,91.35,0,0.0,0,0.0
cust_002803,2024-05-20,UK,1,55.76,55.76,0,0.0,0,0.0
cust_002804,2024-04-03,US,1,40.18,40.18,1,1.0,0,0.0
cust_002805,2024-01-22,IN,1,136.58,136.58,0,0.0,0,0.0
cust_002806,2024-03-24,CA,1,160.33,160.33,0,0.0,0,0.0
cust_002807,2024-01-21,UK,0,0.0,0.0,0,0.0,0,0.0
cust_002808,2024-02-05,DE,1,385.93,385.93,0,0.0,0,0.0
cust_002809,2024-05-23,UK,1,239.26,239.26,0,0.0,0,0.0
cust_002810,2024-02-21,BR,2,1808.84,904.42,0,0.0,0,0.0
cust_002811,2024-03-17,IN,1,111.29,111.29,1,1.0,0,0.0
cust_002812,2024-07-20,US,1,135.59,135.59,0,0.0,0,0.0
cust_002813,2024-01-11,US,1,204.2,204.2,0,0.0,0,0.0
cust_002814,2024-06-19,US,1,88.16,88.16,0,0.0,0,0.0
cust_002815,2024-05-24,RU,1,24.06,24.06,0,0.0,0,0.0
cust_002816,2024-07-05,BR,1,171.95,171.95,1,1.0,0,0.0
cust_002817,2024-03-16,KR,2,3016.52,1508.26,0,0.0,2,1.0
cust_002818,2024-07-22,FR,0,0.0,0.0,0,0.0,0,0.0
cust_002819,2024-02-03,RU,1,215.13,215.13,0,0.0,0,0.0
cust_002820,2024-05-20,UK,1,25.03,25.03,0,0.0,0,0.0
cust_002821,2024-04-20,IN,1,275.33,275.33,0,0.0,0,0.0
cust_002822,2024-01-04,UK,1,134.82,134.82,0,0.0,0,0.0
cust_002823,2024-02-17,JP,1,61.05,61.05,0,0.0,0,0.0
cust_002824,2024-04-27,ZA,2,9284.01,4642.0,0,0.0,0,0.0
cust_002825,2024-06-04,FR,1,203.93,203.93,0,0.0,0,0.0
cust_002826,2024-09-26,AU,1,141.7,141.7,0,0.0,0,0.0
cust_002827,2024-06-12,NG,2,2236.14,1118.07,0,0.0,1,0.5
cust_002828,2024-03-29,US,6,336.25,56.04,1,0.1667,1,0.1667
cust_002829,2024-01-24,CA,2,3375.02,1687.51,1,0.5,1,0.5
cust_002830,2024-01-15,FR,1,61.42,61.42,0,0.0,0,0.0
cust_002831,2024-04-22,IN,1,25.89,25.89,0,0.0,0,0.0
cust_002832,2024-04-01,CA,1,33.06,33.06,0,0.0,0,0.0
cust_002833,2024-03-25,UK,1,743.86,743.86,0,0.0,0,0.0
cust_002834,2024-06-04,US,1,116.39,116.39,0,0.0,0,0.0
cust_002835,2024-06-02,CN,1,211.73,211.73,1,1.0,0,0.0
cust_002836,2024-01-12,FR,1,35.68,35.68,0,0.0,0,0.0
cust_002837,2024-04-19,IN,1,299.01,299.01,0,0.0,0,0.0
cust_002838,2024-05-19,US,1,1030.12,1030.12,0,0.0,0,0.0
cust_002839,2024-02-02,US,1,56.93,56.93,0,0.0,0,0.0
cust_002840,2024-01-07,UK,3,5391.41,1797.14,0,0.0,1,0.3333
cust_002841,2024-06-06,US,1,68.36,68.36,0,0.0,0,0.0
cust_002842,2024-06-10,US,1,385.38,385.38,0,0.0,0,0.0
cust_002843,2024-03-06,US,1,58.6,58.6,0,0.0,0,0.0
cust_002844,2024-02-16,US,1,251.88,251.88,0,0.0,0,0.0
cust_002845,2024-04-29,US,1,185.98,185.98,0,0.0,0,0.0
cust_002846,2024-03-15,FR,2,4721.65,2360.82,1,0.5,1,0.5
cust_002847,2024-03-31,IN,1,77.59,77.59,0,0.0,0,0.0
cust_002848,2024-01-15,CA,1,125.81,125.81,0,0.0,0,0.0
cust_002849,2024-01-29,ZA,1,121.53,121.53,0,0.0,0,0.0
cust_002850,2024-04-08,CA,1,246.98,246.98,0,0.0,0,0.0
cust_002851,2024-03-26,JP,1,239.23,239.23,0,0.0,0,0.0
cust_002852,2024-06-17,US,1,236.77,236.77,0,0.0,0,0.0
cust_002853,2024-03-04,US,0,0.0,0.0,0,0.0,0,0.0
cust_002854,2024-01-22,US,1,191.33,191.33,0,0.0,0,0.0
cust_002855,2024-03-19,ZA,1,301.09,301.09,0,0.0,0,0.0
cust_002856,2024-05-02,RU,1,63.68,63.68,0,0.0,0,0.0
cust_002857,2024-03-21,UK,1,45.55,45.55,0,0.0,0,0.0
cust_002858,2024-08-21,JP,1,215.51,215.51,0,0.0,0,0.0
cust_002859,2024-08-27,US,1,127.5,127.5,0,0.0,0,0.0
cust_002860,2024-07-10,IN,1,428.38,428.38,0,0.0,0,0.0
cust_002861,2024-07-02,US,1,44.45,44.45,0,0.0,0,0.0
cust_002862,2024-06-26,IN,1,203.95,203.95,0,0.0,0,0.0
cust_002863,2024-06-17,US,2,14521.3,7260.65,0,0.0,0,0.0
cust_002864,2024-02-21,IN,1,51.08,51.08,1,1.0,0,0.0
cust_002865,2024-03-09,UK,1,1119.36,1119.36,0,0.0,0,0.0
cust_002866,2024-04-23,CA,1,20.61,20.61,0,0.0,0,0.0
cust_002867,2024-05-12,US,0,0.0,0.0,0,0.0,0,0.0
cust_002868,2024-06-18,CA,9,571.42,63.49,0,0.0,0,0.0
cust_002869,2024-04-30,US,2,21746.38,10873.19,1,0.5,1,0.5
cust_002870,2024-03-22,US,1,196.45,196.45,0,0.0,0,0.0
cust_002871,2024-02-24,CA,1,28.25,28.25,0,0.0,0,0.0
cust_002872,2024-04-13,US,2,1312.82,656.41,0,0.0,0,0.0
cust_002873,2024-03-07,UK,1,357.98,357.98,0,0.0,0,0.0
cust_002874,2024-02-27,US,1,59.17,59.17,0,0.0,0,0.0
cust_002875,2024-03-12,CA,1,136.25,136.25,0,0.0,0,0.0
cust_002876,2024-02-13,CA,1,174.29,174.29,0,0.0,0,0.0
cust_002877,2024-03-14,US,1,71.91,71.91,0,0.0,0,0.0
cust_002878,2024-04-21,US,1,91.27,91.27,0,0.0,0,0.0
cust_002879,2024-03-02,CA,1,255.18,255.18,0,0.0,0,0.0
cust_002880,2024-07-28,BR,1,540.17,540.17,0,0.0,0,0.0
cust_002881,2024-05-14,US,1,135.71,135.71,0,0.0,0,0.0
cust_002882,2024-05-24,US,1,59.98,59.98,0,0.0,0,0.0
cust_002883,2024-04-18,AU,1,695.19,695.19,0,0.0,0,0.0
cust_002884,2024-02-03,US,1,25.2,25.2,0,0.0,0,0.0
cust_002885,2024-04-10,US,1,144.57,144.57,0,0.0,0,0.0
cust_002886,2024-06-26,US,2,7424.46,3712.23,0,0.0,0,0.0
cust_002887,2024-02-16,KR,1,24.58,24.58,0,0.0,0,0.0
cust_002888,2024-02-01,CA,1,71.7,71.7,0,0.0,0,0.0
cust_002889,2024-03-20,US,1,44.97,44.97,0,0.0,0,0.0
cust_002890,2024-02-26,UK,1,115.14,115.14,0,0.0,0,0.0
cust_002891,2024-05-02,US,1,336.51,336.51,0,0.0,0,0.0
cust_002892,2024-03-23,US,1,142.53,142.53,0,0.0,0,0.0
cust_002893,2024-06-14,KR,2,8083.52,4041.76,0,0.0,0,0.0
cust_002894,2024-01-15,UK,2,12892.99,6446.5,0,0.0,1,0.5
cust_002895,2024-07-10,DE,1,59.1,59.1,0,0.0,0,0.0
cust_002896,2024-03-14,NG,1,34.87,34.87,0,0.0,0,0.0
cust_002897,2024-04-03,US,1,18.9,18.9,0,0.0,0,0.0
cust_002898,2024-04-18,US,7,705.07,100.72,0,0.0,0,0.0
cust_002899,2024-02-03,US,8,115.59,14.45,0,0.0,4,0.5
cust_002900,2024-04-25,FR,0,0.0,0.0,0,0.0,0,0.0
cust_002901,2024-04-02,UK,1,166.81,166.81,0,0.0,0,0.0
cust_002902,2024-04-26,CA,1,100.57,100.57,0,0.0,0,0.0
cust_002903,2024-02-29,US,1,45.43,45.43,0,0.0,0,0.0
cust_002904,2024-02-18,US,1,131.48,131.48,0,0.0,0,0.0
cust_002905,2024-01-21,UK,1,54.25,54.25,1,1.0,0,0.0
cust_002906,2024-03-21,US,1,69.87,69.87,0,0.0,0,0.0
cust_002907,2024-01-17,AU,2,3724.14,1862.07,0,0.0,0,0.0
cust_002908,2024-11-15,MX,1,948.51,948.51,0,0.0,0,0.0
cust_002909,2024-06-26,CN,2,6041.22,3020.61,0,0.0,0,0.0
cust_002910,2024-03-04,UK,1,222.79,222.79,0,0.0,0,0.0
cust_002911,2024-02-27,US,1,244.76,244.76,0,0.0,0,0.0
cust_002912,2024-04-19,CA,1,1957.21,1957.21,0,0.0,0,0.0
cust_002913,2024-02-17,US,1,213.22,213.22,0,0.0,0,0.0
cust_002914,2024-08-11,MX,1,42.17,42.17,0,0.0,0,0.0
cust_002915,2024-03-30,DE,41,3648.25,88.98,2,0.0488,1,0.0244
cust_002916,2024-04-04,US,1,124.42,124.42,0,0.0,0,0.0
cust_002917,2024-03-24,FR,1,112.89,112.89,1,1.0,0,0.0
cust_002918,2024-03-17,US,1,87.75,87.75,0,0.0,0,0.0
cust_002919,2024-04-01,FR,1,177.21,177.21,0,0.0,0,0.0
cust_002920,2024-02-28,UK,1,53.62,53.62,0,0.0,0,0.0
cust_002921,2024-04-15,JP,5,359.93,71.99,0,0.0,0,0.0
cust_002922,2024-08-18,ZA,0,0.0,0.0,0,0.0,0,0.0
cust_002923,2024-04-14,US,1,18.61,18.61,0,0.0,0,0.0
cust_002924,2024-06-05,CA,1,121.92,121.92,0,0.0,0,0.0
cust_002925,2024-02-03,US,0,0.0,0.0,0,0.0,0,0.0
cust_002926,2024-05-12,BR,1,45.17,45.17,0,0.0,0,0.0
cust_002927,2024-04-30,CA,1,45.41,45.41,0,0.0,0,0.0
cust_002928,2024-07-05,ZA,2,12438.71,6219.36,0,0.0,1,0.5
cust_002929,2024-04-18,NG,4,8400.59,2100.15,0,0.0,1,0.25
cust_002930,2024-02-24,US,1,688.2,688.2,1,1.0,0,0.0
cust_002931,2024-03-26,US,1,2113.09,2113.09,0,0.0,0,0.0
cust_002932,2024-05-26,IN,4,1297.42,324.36,1,0.25,0,0.0
cust_002933,2024-05-06,US,1,39.34,39.34,0,0.0,0,0.0
cust_002934,2024-07-06,US,1,60.77,60.77,0,0.0,0,0.0
cust_002935,2024-02-09,CA,1,141.77,141.77,0,0.0,0,0.0
cust_002936,2024-02-22,CA,5,13684.94,2736.99,0,0.0,1,0.2
cust_002937,2024-01-26,CA,4,7615.05,1903.76,0,0.0,2,0.5
cust_002938,2024-03-23,US,1,255.95,255.95,0,0.0,0,0.0
cust_002939,2024-01-24,US,0,0.0,0.0,0,0.0,0,0.0
cust_002940,2024-03-04,US,2,10414.38,5207.19,0,0.0,1,0.5
cust_002941,2024-04-13,FR,1,47.01,47.01,1,1.0,0,0.0
cust_002942,2024-02-27,UK,1,274.63,274.63,0,0.0,0,0.0
cust_002943,2024-01-22,UK,1,25.25,25.25,0,0.0,0,0.0
cust_002944,2024-03-13,KR,1,305.54,305.54,0,0.0,0,0.0
cust_002945,2024-04-17,RU,1,125.79,125.79,0,0.0,0,0.0
cust_002946,2024-02-23,US,1,55.44,55.44,0,0.0,0,0.0
cust_002947,2024-03-22,AU,1,98.14,98.14,0,0.0,0,0.0
cust_002948,2024-02-18,US,1,24.61,24.61,0,0.0,0,0.0
cust_002949,2024-06-11,FR,1,77.51,77.51,0,0.0,0,0.0
cust_002950,2024-04-19,US,1,58.04,58.04,1,1.0,0,0.0
cust_002951,2024-08-27,US,1,227.98,227.98,0,0.0,0,0.0
cust_002952,2024-06-11,CN,1,36.59,36.59,0,0.0,0,0.0
cust_002953,2024-02-24,CA,2,805.14,402.57,0,0.0,1,0.5
cust_002954,2024-02-16,US,1,143.98,143.98,0,0.0,0,0.0
cust_002955,2024-09-08,NG,1,89.33,89.33,0,0.0,0,0.0
cust_002956,2024-04-04,US,1,171.17,171.17,0,0.0,0,0.0
cust_002957,2024-04-27,US,2,14161.42,7080.71,0,0.0,0,0.0
cust_002958,2024-06-25,UK,1,66.93,66.93,0,0.0,0,0.0
cust_002959,2024-07-18,DE,2,1217.85,608.92,0,0.0,1,0.5
cust_002960,2024-03-17,DE,1,133.83,133.83,0,0.0,0,0.0
cust_002961,2024-03-08,CA,1,140.69,140.69,0,0.0,0,0.0
cust_002962,2024-05-26,CA,2,2184.47,1092.23,0,0.0,0,0.0
cust_002963,2024-01-21,CA,1,67.59,67.59,0,0.0,0,0.0
cust_002964,2024-04-05,UK,1,65.2,65.2,0,0.0,0,0.0
cust_002965,2024-04-04,US,1,251.73,251.73,0,0.0,0,0.0
cust_002966,2024-05-31,US,1,28.19,28.19,0,0.0,0,0.0
cust_002967,2024-03-25,FR,2,1864.27,932.14,0,0.0,0,0.0
cust_002968,2024-04-23,BR,1,113.7,113.7,0,0.0,0,0.0
cust_002969,2024-04-16,UK,1,95.32,95.32,0,0.0,0,0.0
cust_002970,2024-02-22,US,2,10528.38,5264.19,0,0.0,1,0.5
cust_002971,2024-03-06,IN,1,168.61,168.61,0,0.0,0,0.0
cust_002972,2024-04-27,US,1,1602.43,1602.43,0,0.0,1,1.0
cust_002973,2024-08-08,CA,3,288.28,96.09,0,0.0,0,0.0
cust_002974,2024-03-26,UK,1,54.09,54.09,0,0.0,0,0.0
cust_002975,2024-03-09,UK,1,71.07,71.07,0,0.0,0,0.0
cust_002976,2024-05-05,US,1,263.85,263.85,0,0.0,0,0.0
cust_002977,2024-02-24,MX,2,286.6,143.3,0,0.0,0,0.0
cust_002978,2024-04-27,US,1,323.54,323.54,0,0.0,0,0.0
cust_002979,2024-04-12,US,1,48.03,48.03,0,0.0,0,0.0
cust_002980,2024-06-07,UK,0,0.0,0.0,0,0.0,0,0.0
cust_002981,2024-02-26,AU,0,0.0,0.0,0,0.0,0,0.0
cust_002982,2024-03-24,AU,1,271.13,271.13,0,0.0,0,0.0
cust_002983,2024-07-13,CA,1,145.01,145.01,0,0.0,0,0.0
cust_002984,2024-07-28,CA,1,31.6,31.6,0,0.0,0,0.0
cust_002985,2024-02-16,UK,1,183.57,183.57,0,0.0,0,0.0
cust_002986,2024-05-01,US,1,84.96,84.96,0,0.0,0,0.0
cust_002987,2024-09-17,US,1,313.2,313.2,0,0.0,0,0.0
cust_002988,2024-07-22,UK,1,123.63,123.63,0,0.0,0,0.0
cust_002989,2024-05-11,CA,1,889.42,889.42,0,0.0,0,0.0
cust_002990,2024-04-04,DE,1,39.18,39.18,0,0.0,0,0.0
cust_002991,2024-04-14,ZA,1,72.72,72.72,1,1.0,0,0.0
cust_002992,2024-01-14,CA,8,611.05,76.38,0,0.0,0,0.0
cust_002993,2024-02-12,DE,1,195.78,195.78,0,0.0,0,0.0
cust_002994,2024-06-09,KR,1,105.7,105.7,0,0.0,0,0.0
cust_002995,2024-03-08,US,1,155.63,155.63,0,0.0,0,0.0
cust_002996,2024-03-18,UK,1,110.86,110.86,0,0.0,0,0.0
cust_002997,2024-02-25,FR,37,6950.27,187.85,3,0.0811,1,0.027
cust_002998,2024-02-04,CA,0,0.0,0.0,0,0.0,0,0.0
cust_002999,2024-02-08,NG,1,121.98,121.98,1,1.0,0,0.0
cust_003000,2024-04-14,CA,3,1199.45,399.82,0,0.0,0,0.0
cust_003001,2024-04-30,CN,0,0.0,0.0,0,0.0,0,0.0
cust_003002,2024-02-02,US,517,46241.49,89.44,48,0.0928,5,0.0097
cust_003003,2024-03-07,BR,4,1509.45,377.36,0,0.0,0,0.0
cust_003004,2024-03-06,US,1,332.31,332.31,0,0.0,0,0.0
cust_003005,2024-02-21,US,3,279.72,93.24,0,0.0,0,0.0
cust_003006,2024-03-25,US,1,236.15,236.15,0,0.0,0,0.0
cust_003007,2024-06-03,IN,1,105.28,105.28,0,0.0,0,0.0
cust_003008,2024-04-24,US,1,34.94,34.94,0,0.0,0,0.0
cust_003009,2024-03-19,US,1,32.6,32.6,0,0.0,0,0.0
cust_003010,2024-04-10,IN,2,8725.11,4362.55,0,0.0,0,0.0
cust_003011,2024-06-23,CA,1,150.74,150.74,0,0.0,0,0.0
cust_003012,2024-04-15,UK,21,6458.93,307.57,18,0.8571,1,0.0476
cust_003013,2024-05-04,CA,1,26.57,26.57,0,0.0,0,0.0
cust_003014,2024-03-04,JP,1,21436.56,21436.56,0,0.0,0,0.0
cust_003015,2024-02-01,FR,1,313.62,313.62,0,0.0,0,0.0
cust_003016,2024-01-10,CA,1,79.88,79.88,0,0.0,0,0.0
cust_003017,2024-03-04,BR,1,154.68,154.68,0,0.0,0,0.0
cust_003018,2024-04-12,JP,0,0.0,0.0,0,0.0,0,0.0
cust_003019,2024-04-05,UK,1,70.57,70.57,0,0.0,0,0.0
cust_003020,2024-01-24,US,1,261.42,261.42,1,1.0,0,0.0
cust_003021,2024-02-13,US,1,10.94,10.94,0,0.0,0,0.0
cust_003022,2024-05-11,IN,1,64.95,64.95,0,0.0,0,0.0
cust_003023,2024-03-29,CN,3,27325.85,9108.62,0,0.0,1,0.3333
cust_003024,2024-05-06,US,1,63.07,63.07,0,0.0,0,0.0
cust_003025,2024-09-13,CA,1,154.09,154.09,0,0.0,0,0.0
cust_003026,2024-04-04,US,0,0.0,0.0,0,0.0,0,0.0
cust_003027,2024-03-10,CA,1,191.06,191.06,0,0.0,0,0.0
cust_003028,2024-04-01,JP,1,34.19,34.19,0,0.0,0,0.0
cust_003029,2024-04-05,AU,1,89.22,89.22,0,0.0,0,0.0
cust_003030,2024-04-27,KR,2,414.48,207.24,0,0.0,0,0.0
cust_003031,2024-04-03,CA,0,0.0,0.0,0,0.0,0,0.0
cust_003032,2024-08-15,DE,1,74.3,74.3,0,0.0,0,0.0
cust_003033,2024-03-20,NG,1,97.41,97.41,0,0.0,0,0.0
cust_003034,2024-09-22,DE,1,89.33,89.33,0,0.0,0,0.0
cust_003035,2024-04-08,KR,1,409.16,409.16,0,0.0,0,0.0
cust_003036,2024-02-14,US,3,6906.38,2302.13,0,0.0,0,0.0
cust_003037,2024-02-13,US,1,42.01,42.01,0,0.0,0,0.0
cust_003038,2024-05-03,US,1,104.84,104.84,0,0.0,0,0.0
cust_003039,2024-02-28,JP,1,37.49,37.49,0,0.0,0,0.0
cust_003040,2024-06-12,US,1,453.88,453.88,0,0.0,0,0.0
cust_003041,2024-02-13,BR,1,181.49,181.49,0,0.0,0,0.0
cust_003042,2024-01-27,UK,1,241.74,241.74,0,0.0,0,0.0
cust_003043,2024-02-02,DE,91,7495.03,82.36,6,0.0659,1,0.011
cust_003044,2024-06-24,FR,0,0.0,0.0,0,0.0,0,0.0
cust_003045,2024-01-30,UK,1,34.84,34.84,0,0.0,0,0.0
cust_003046,2024-05-29,US,4,5058.35,1264.59,0,0.0,1,0.25
cust_003047,2024-05-10,IN,1,167.5,167.5,0,0.0,0,0.0
cust_003048,2024-06-29,MX,1,119.91,119.91,0,0.0,0,0.0
cust_003049,2024-06-23,US,2,2764.69,1382.34,0,0.0,0,0.0
cust_003050,2024-03-04,US,1,1254.61,1254.61,0,0.0,1,1.0
cust_003051,2024-04-30,NG,1,37.89,37.89,0,0.0,0,0.0
cust_003052,2024-05-15,US,2,7511.59,3755.8,0,0.0,1,0.5
cust_003053,2024-07-01,US,1,137.14,137.14,0,0.0,0,0.0
cust_003054,2024-01-16,NG,9,954.3,106.03,1,0.1111,1,0.1111
cust_003055,2024-02-09,AU,1,343.3,343.3,0,0.0,0,0.0
cust_003056,2024-03-01,US,2,8978.02,4489.01,0,0.0,0,0.0
cust_003057,2024-03-28,KR,1,208.47,208.47,0,0.0,0,0.0
cust_003058,2024-07-28,FR,0,0.0,0.0,0,0.0,0,0.0
cust_003059,2024-05-08,US,1,84.71,84.71,0,0.0,0,0.0
cust_003060,2024-03-21,UK,2,3446.01,1723.0,0,0.0,1,0.5
cust_003061,2024-04-28,JP,2,2996.44,1498.22,1,0.5,0,0.0
cust_003062,2024-05-09,DE,1,194.5,194.5,0,0.0,0,0.0
cust_003063,2024-04-13,IN,1,51.88,51.88,0,0.0,0,0.0
cust_003064,2024-06-01,UK,1,184.68,184.68,0,0.0,0,0.0
cust_003065,2024-03-06,US,1,627.0,627.0,0,0.0,0,0.0
cust_003066,2024-06-06,IN,1,121.84,121.84,0,0.0,0,0.0
cust_003067,2024-01-26,US,2,2381.51,1190.75,0,0.0,0,0.0
cust_003068,2024-03-08,BR,3,20460.34,6820.11,0,0.0,0,0.0
cust_003069,2024-08-24,US,1,37.79,37.79,0,0.0,0,0.0
cust_003070,2024-06-12,US,1,116.11,116.11,0,0.0,0,0.0
cust_003071,2024-06-20,US,1,77.85,77.85,0,0.0,0,0.0
cust_003072,2024-05-12,BR,1,15.36,15.36,0,0.0,0,0.0
cust_003073,2024-05-31,UK,1,51.53,51.53,0,0.0,0,0.0
cust_003074,2024-06-29,UK,1,758.47,758.47,0,0.0,0,0.0
cust_003075,2024-04-01,CA,1,10283.88,10283.88,0,0.0,0,0.0
cust_003076,2024-03-01,IN,2,328.12,164.06,1,0.5,0,0.0
cust_003077,2024-02-27,NG,0,0.0,0.0,0,0.0,0,0.0
cust_003078,2024-05-28,US,1,71.64,71.64,0,0.0,0,0.0
cust_003079,2024-01-27,US,2,10432.47,5216.24,0,0.0,0,0.0
cust_003080,2024-05-14,JP,1,87.24,87.24,0,0.0,0,0.0
cust_003081,2024-07-07,CA,2,8620.73,4310.36,0,0.0,0,0.0
cust_003082,2024-02-25,IN,1,78.06,78.06,0,0.0,0,0.0
cust_003083,2024-02-29,US,3,23802.17,7934.06,0,0.0,1,0.3333
cust_003084,2024-05-08,JP,2,2918.18,1459.09,1,0.5,0,0.0
cust_003085,2024-02-05,CN,1,43.91,43.91,0,0.0,0,0.0
cust_003086,2024-04-16,UK,1,15.98,15.98,0,0.0,0,0.0
cust_003087,2024-05-10,US,1,43.04,43.04,0,0.0,0,0.0
cust_003088,2024-03-29,US,1,356.13,356.13,1,1.0,0,0.0
cust_003089,2024-05-20,US,1,59.0,59.0,1,1.0,0,0.0
cust_003090,2024-06-28,CA,1,148.72,148.72,0,0.0,0,0.0
cust_003091,2024-02-15,UK,1,162.6,162.6,0,0.0,0,0.0
cust_003092,2024-05-25,CA,1,181.23,181.23,0,0.0,0,0.0
cust_003093,2024-03-17,US,1,50.33,50.33,0,0.0,0,0.0
cust_003094,2024-04-25,US,1,27.44,27.44,0,0.0,0,0.0
cust_003095,2024-02-15,KR,1,75.58,75.58,0,0.0,0,0.0
cust_003096,2024-04-23,US,1,65.9,65.9,0,0.0,0,0.0
cust_003097,2024-03-11,MX,1,72.96,72.96,0,0.0,0,0.0
cust_003098,2024-04-21,IN,1,244.52,244.52,0,0.0,0,0.0
cust_003099,2024-03-25,US,1,68.14,68.14,0,0.0,0,0.0
cust_003100,2024-04-20,IN,8,17.52,2.19,0,0.0,5,0.625
cust_003101,2024-06-17,ZA,1,56.02,56.02,0,0.0,0,0.0
cust_003102,2024-06-17,BR,1,90.66,90.66,0,0.0,0,0.0
cust_003103,2024-05-27,US,0,0.0,0.0,0,0.0,0,0.0
cust_003104,2024-04-04,US,4,10575.13,2643.78,0,0.0,2,0.5
cust_003105,2024-03-30,UK,1,253.03,253.03,0,0.0,0,0.0
cust_003106,2024-01-19,US,1,294.93,294.93,0,0.0,0,0.0
cust_003107,2024-03-17,US,1,123.27,123.27,0,0.0,0,0.0
cust_003108,2024-06-08,RU,1,113.35,113.35,0,0.0,0,0.0
cust_003109,2024-07-12,DE,1,651.24,651.24,0,0.0,0,0.0
cust_003110,2024-06-08,AU,1,43.51,43.51,0,0.0,0,0.0
cust_003111,2024-01-27,CA,1,129.3,129.3,0,0.0,0,0.0
cust_003112,2024-02-06,US,3,36513.48,12171.16,0,0.0,0,0.0
cust_003113,2024-03-11,US,1,281.97,281.97,0,0.0,0,0.0
cust_003114,2024-08-23,AU,1,229.56,229.56,0,0.0,0,0.0
cust_003115,2024-01-26,UK,2,12053.28,6026.64,1,0.5,0,0.0
cust_003116,2024-05-13,CA,1,42.56,42.56,0,0.0,0,0.0
cust_003117,2024-04-01,US,0,0.0,0.0,0,0.0,0,0.0
cust_003118,2024-04-15,UK,1,61.79,61.79,0,0.0,0,0.0
cust_003119,2024-05-01,US,1,163.37,163.37,0,0.0,0,0.0
cust_003120,2024-02-07,US,1,35.93,35.93,0,0.0,0,0.0
cust_003121,2024-02-25,NG,5,420.55,84.11,0,0.0,0,0.0
cust_003122,2024-04-28,FR,0,0.0,0.0,0,0.0,0,0.0
cust_003123,2024-04-02,JP,0,0.0,0.0,0,0.0,0,0.0
cust_003124,2024-05-29,NG,3,28007.71,9335.9,0,0.0,1,0.3333
cust_003125,2024-03-18,IN,2,181.64,90.82,0,0.0,0,0.0
cust_003126,2024-08-15,US,1,116.47,116.47,0,0.0,0,0.0
cust_003127,2024-04-01,CA,1,45.62,45.62,0,0.0,0,0.0
cust_003128,2024-06-02,US,1,454.64,454.64,0,0.0,0,0.0
cust_003129,2024-02-16,BR,0,0.0,0.0,0,0.0,0,0.0
cust_003130,2024-03-02,BR,1,29.97,29.97,0,0.0,0,0.0
cust_003131,2024-05-21,CA,0,0.0,0.0,0,0.0,0,0.0
cust_003132,2024-03-28,UK,0,0.0,0.0,0,0.0,0,0.0
cust_003133,2024-04-17,US,1,222.94,222.94,0,0.0,0,0.0
cust_003134,2024-10-19,US,1,76.84,76.84,0,0.0,0,0.0
cust_003135,2024-05-01,US,1,47.17,47.17,0,0.0,0,0.0
cust_003136,2024-03-27,CN,2,10388.47,5194.24,0,0.0,0,0.0
cust_003137,2024-06-09,US,1,41.13,41.13,0,0.0,0,0.0
cust_003138,2024-05-07,MX,1,64.05,64.05,0,0.0,0,0.0
cust_003139,2024-05-21,CA,1,29.58,29.58,0,0.0,0,0.0
cust_003140,2024-03-19,UK,1,278.88,278.88,0,0.0,0,0.0
cust_003141,2024-03-11,US,1,41.45,41.45,0,0.0,0,0.0
cust_003142,2024-02-02,US,1,71.7,71.7,0,0.0,1,1.0
cust_003143,2024-02-29,CA,1,152.86,152.86,0,0.0,0,0.0
cust_003144,2024-04-20,IN,0,0.0,0.0,0,0.0,0,0.0
cust_003145,2024-06-05,UK,1,155.05,155.05,0,0.0,0,0.0
cust_003146,2024-07-11,US,1,70.04,70.04,1,1.0,0,0.0
cust_003147,2024-01-08,US,1,25.63,25.63,0,0.0,0,0.0
cust_003148,2024-01-20,US,2,1192.6,596.3,0,0.0,0,0.0
cust_003149,2024-01-22,FR,1,18.73,18.73,0,0.0,0,0.0
cust_003150,2024-06-13,IN,1,102.52,102.52,0,0.0,0,0.0
cust_003151,2024-05-13,US,2,24204.45,12102.22,0,0.0,1,0.5
cust_003152,2024-04-03,AU,1,61.41,61.41,0,0.0,0,0.0
cust_003153,2024-03-10,US,1,445.59,445.59,0,0.0,0,0.0
cust_003154,2024-04-23,AU,1,290.46,290.46,0,0.0,0,0.0
cust_003155,2024-03-06,CA,1,154.01,154.01,0,0.0,0,0.0
cust_003156,2024-01-30,FR,1,665.21,665.21,0,0.0,0,0.0
cust_003157,2024-08-14,US,2,24499.82,12249.91,0,0.0,1,0.5
cust_003158,2024-04-07,FR,2,15399.24,7699.62,0,0.0,0,0.0
cust_003159,2024-02-17,FR,1,202.98,202.98,0,0.0,0,0.0
cust_003160,2024-03-17,US,2,3021.93,1510.96,0,0.0,0,0.0
cust_003161,2024-05-30,US,2,3629.63,1814.82,0,0.0,1,0.5
cust_003162,2024-05-17,FR,1,14.37,14.37,0,0.0,0,0.0
cust_003163,2024-02-22,UK,1,49.46,49.46,1,1.0,0,0.0
cust_003164,2024-03-05,IN,1,25.74,25.74,0,0.0,0,0.0
cust_003165,2024-07-11,US,1,88.59,88.59,0,0.0,0,0.0
cust_003166,2024-04-26,US,1,56.6,56.6,1,1.0,0,0.0
cust_003167,2024-05-11,FR,0,0.0,0.0,0,0.0,0,0.0
cust_003168,2024-02-29,US,1,99.66,99.66,0,0.0,0,0.0
cust_003169,2024-01-25,US,1,132.9,132.9,0,0.0,0,0.0
cust_003170,2024-03-21,US,1,132.95,132.95,0,0.0,0,0.0
cust_003171,2024-04-14,BR,1,2287.0,2287.0,0,0.0,0,0.0
cust_003172,2024-05-17,US,1,184.89,184.89,0,0.0,0,0.0
cust_003173,2024-03-29,CA,0,0.0,0.0,0,0.0,0,0.0
cust_003174,2024-01-11,IN,1,135.96,135.96,1,1.0,0,0.0
cust_003175,2024-05-02,UK,1,103.51,103.51,0,0.0,0,0.0
cust_003176,2024-04-26,US,1,112.74,112.74,0,0.0,0,0.0
cust_003177,2024-02-09,US,1,39.75,39.75,0,0.0,0,0.0
cust_003178,2024-04-22,US,1,51.93,51.93,0,0.0,0,0.0
cust_003179,2024-08-30,RU,2,4849.67,2424.84,0,0.0,1,0.5
cust_003180,2024-07-05,FR,3,13330.43,4443.48,0,0.0,2,0.6667
cust_003181,2024-07-20,BR,1,40.35,40.35,0,0.0,0,0.0
cust_003182,2024-02-25,BR,1,490.62,490.62,0,0.0,0,0.0
cust_003183,2024-05-16,US,1,299.93,299.93,1,1.0,0,0.0
cust_003184,2024-01-15,FR,1,110.15,110.15,0,0.0,0,0.0
cust_003185,2024-03-22,CA,28,3859.28,137.83,1,0.0357,0,0.0
cust_003186,2024-04-05,AU,1,72.9,72.9,0,0.0,0,0.0
cust_003187,2024-04-28,MX,0,0.0,0.0,0,0.0,0,0.0
cust_003188,2024-05-25,UK,1,49.47,49.47,0,0.0,0,0.0
cust_003189,2024-05-02,IN,1,124.96,124.96,0,0.0,0,0.0
cust_003190,2024-02-27,US,2,6731.48,3365.74,0,0.0,1,0.5
cust_003191,2024-03-18,NG,1,205.77,205.77,0,0.0,0,0.0
cust_003192,2024-03-28,US,1,213.94,213.94,1,1.0,0,0.0
cust_003193,2024-04-12,UK,11,10860.74,987.34,3,0.2727,0,0.0
cust_003194,2024-10-14,NG,1,252.96,252.96,0,0.0,0,0.0
cust_003195,2024-06-19,US,1,114.24,114.24,0,0.0,0,0.0
cust_003196,2024-03-01,CA,1,99.73,99.73,0,0.0,0,0.0
cust_003197,2024-05-17,IN,1,134.15,134.15,0,0.0,0,0.0
cust_003198,2024-01-15,IN,0,0.0,0.0,0,0.0,0,0.0
cust_003199,2024-03-25,US,1,165.24,165.24,0,0.0,0,0.0
cust_003200,2024-02-17,US,3,7812.28,2604.09,1,0.3333,0,0.0
cust_003201,2024-04-07,UK,1,241.07,241.07,0,0.0,0,0.0
cust_003202,2024-04-19,UK,1,517.5,517.5,0,0.0,0,0.0
cust_003203,2024-05-04,MX,1,1605.99,1605.99,0,0.0,0,0.0
cust_003204,2024-05-11,FR,2,2632.62,1316.31,0,0.0,1,0.5
cust_003205,2024-01-10,IN,1,32.52,32.52,1,1.0,0,0.0
cust_003206,2024-01-25,US,1,389.42,389.42,0,0.0,0,0.0
cust_003207,2024-03-15,RU,1,63.25,63.25,0,0.0,0,0.0
cust_003208,2024-04-15,US,1,37.31,37.31,1,1.0,0,0.0
cust_003209,2024-03-17,MX,2,14371.28,7185.64,0,0.0,0,0.0
cust_003210,2024-04-04,MX,1,83.29,83.29,0,0.0,0,0.0
cust_003211,2024-03-17,KR,1,140.01,140.01,0,0.0,0,0.0
cust_003212,2024-04-04,US,1,24.04,24.04,0,0.0,0,0.0
cust_003213,2024-03-25,US,1,200.28,200.28,0,0.0,0,0.0
cust_003214,2024-01-06,IN,1,445.22,445.22,1,1.0,0,0.0
cust_003215,2024-07-19,UK,1,43.09,43.09,0,0.0,0,0.0
cust_003216,2024-02-27,UK,1,80.43,80.43,0,0.0,0,0.0
cust_003217,2024-02-28,CA,1,127.89,127.89,0,0.0,0,0.0
cust_003218,2024-07-16,DE,1,61.08,61.08,0,0.0,0,0.0
cust_003219,2024-02-09,US,1,16.43,16.43,0,0.0,0,0.0
cust_003220,2024-02-07,US,1,14.28,14.28,0,0.0,0,0.0
cust_003221,2024-05-05,IN,4,343.11,85.78,0,0.0,0,0.0
cust_003222,2024-02-27,US,1,73.04,73.04,0,0.0,0,0.0
cust_003223,2024-04-06,DE,1,41.55,41.55,0,0.0,0,0.0
cust_003224,2024-03-29,AU,1,373.77,373.77,0,0.0,0,0.0
cust_003225,2024-06-09,NG,1,703.54,703.54,0,0.0,0,0.0
cust_003226,2024-02-04,FR,1,122.64,122.64,0,0.0,0,0.0
cust_003227,2024-05-25,CA,1,123.6,123.6,0,0.0,0,0.0
cust_003228,2024-04-19,NG,2,3582.28,1791.14,0,0.0,1,0.5
cust_003229,2024-02-28,CA,1,80.44,80.44,0,0.0,0,0.0
cust_003230,2024-01-05,AU,1,235.45,235.45,0,0.0,0,0.0
cust_003231,2024-02-05,US,1,384.65,384.65,0,0.0,0,0.0
cust_003232,2024-01-12,DE,1,143.18,143.18,0,0.0,0,0.0
cust_003233,2024-05-22,US,1,96.34,96.34,0,0.0,0,0.0
cust_003234,2024-04-25,US,4,12267.77,3066.94,1,0.25,2,0.5
cust_003235,2024-08-18,CA,3,591.2,197.07,0,0.0,0,0.0
cust_003236,2024-04-06,US,1,35.12,35.12,1,1.0,0,0.0
cust_003237,2024-02-06,US,2,18364.34,9182.17,0,0.0,0,0.0
cust_003238,2024-04-21,AU,4,2251.52,562.88,0,0.0,1,0.25
cust_003239,2024-04-15,CA,1,103.27,103.27,0,0.0,0,0.0
cust_003240,2024-05-07,FR,1,274.97,274.97,0,0.0,0,0.0
cust_003241,2024-04-01,AU,1,110.57,110.57,0,0.0,0,0.0
cust_003242,2024-06-04,CA,1,576.15,576.15,0,0.0,0,0.0
cust_003243,2024-03-06,ZA,1,46.98,46.98,1,1.0,0,0.0
cust_003244,2024-04-22,US,0,0.0,0.0,0,0.0,0,0.0
cust_003245,2024-03-08,US,1,96.61,96.61,1,1.0,0,0.0
cust_003246,2024-03-25,US,1,698.94,698.94,0,0.0,0,0.0
cust_003247,2024-03-10,AU,1,296.33,296.33,0,0.0,0,0.0
cust_003248,2024-04-19,US,2,5151.5,2575.75,0,0.0,0,0.0
cust_003249,2024-04-30,UK,0,0.0,0.0,0,0.0,0,0.0
cust_003250,2024-05-08,IN,1,194.64,194.64,0,0.0,0,0.0
cust_003251,2024-02-28,BR,1,129.6,129.6,0,0.0,0,0.0
cust_003252,2024-04-05,JP,1,39.75,39.75,0,0.0,0,0.0
cust_003253,2024-03-15,US,1,63.29,63.29,0,0.0,0,0.0
cust_003254,2024-02-14,US,1,267.9,267.9,0,0.0,0,0.0
cust_003255,2024-02-25,DE,1,100.35,100.35,0,0.0,0,0.0
cust_003256,2024-04-29,JP,1,48.02,48.02,1,1.0,0,0.0
cust_003257,2024-07-10,US,1,250.25,250.25,0,0.0,0,0.0
cust_003258,2024-02-14,FR,1,72.15,72.15,0,0.0,0,0.0
cust_003259,2024-03-18,US,2,2254.86,1127.43,0,0.0,0,0.0
cust_003260,2024-07-01,US,1,249.28,249.28,0,0.0,0,0.0
cust_003261,2024-02-07,US,1,82.79,82.79,1,1.0,0,0.0
cust_003262,2024-03-01,AU,1,91.09,91.09,0,0.0,0,0.0
cust_003263,2024-04-25,FR,1,335.38,335.38,1,1.0,0,0.0
cust_003264,2024-04-23,CA,1,212.43,212.43,0,0.0,0,0.0
cust_003265,2024-09-03,FR,1,394.34,394.34,0,0.0,0,0.0
cust_003266,2024-03-30,UK,1,82.92,82.92,0,0.0,0,0.0
cust_003267,2024-04-08,US,1,65.54,65.54,0,0.0,0,0.0
cust_003268,2024-04-07,JP,1,225.43,225.43,0,0.0,0,0.0
cust_003269,2024-04-16,US,1,272.84,272.84,0,0.0,0,0.0
cust_003270,2024-01-16,RU,2,984.02,492.01,0,0.0,0,0.0
cust_003271,2024-04-18,AU,1,45.96,45.96,0,0.0,0,0.0
cust_003272,2024-04-01,FR,1,25.25,25.25,0,0.0,0,0.0
cust_003273,2024-07-10,CA,2,9543.19,4771.59,0,0.0,1,0.5
cust_003274,2024-03-03,BR,1,64.01,64.01,0,0.0,0,0.0
cust_003275,2024-03-10,US,1,237.81,237.81,0,0.0,0,0.0
cust_003276,2024-05-21,IN,1,368.12,368.12,0,0.0,0,0.0
cust_003277,2024-05-30,US,1,381.47,381.47,0,0.0,0,0.0
cust_003278,2024-07-10,IN,0,0.0,0.0,0,0.0,0,0.0
cust_003279,2024-09-21,DE,1,62.85,62.85,0,0.0,0,0.0
cust_003280,2024-05-15,US,1,136.95,136.95,0,0.0,0,0.0
cust_003281,2024-02-13,US,1,43.55,43.55,0,0.0,0,0.0
cust_003282,2024-04-08,IN,2,12379.45,6189.72,0,0.0,1,0.5
cust_003283,2024-01-29,MX,0,0.0,0.0,0,0.0,0,0.0
cust_003284,2024-01-27,DE,1,85.76,85.76,0,0.0,0,0.0
cust_003285,2024-07-11,CA,1,150.44,150.44,0,0.0,0,0.0
cust_003286,2024-02-24,CN,1,338.08,338.08,0,0.0,0,0.0
cust_003287,2024-04-21,BR,1,107.76,107.76,0,0.0,0,0.0
cust_003288,2024-04-12,FR,24,2052.19,85.51,1,0.0417,0,0.0
cust_003289,2024-05-07,UK,1,74.35,74.35,0,0.0,0,0.0
cust_003290,2024-03-22,CA,1,36.47,36.47,0,0.0,0,0.0
cust_003291,2024-03-26,US,1,67.62,67.62,0,0.0,0,0.0
cust_003292,2024-07-05,BR,1,21.05,21.05,0,0.0,0,0.0
cust_003293,2024-07-15,US,1,109.18,109.18,0,0.0,0,0.0
cust_003294,2024-04-15,DE,1,135.85,135.85,0,0.0,0,0.0
cust_003295,2024-02-29,NG,2,9372.2,4686.1,0,0.0,1,0.5
cust_003296,2024-04-24,CA,1,242.19,242.19,0,0.0,0,0.0
cust_003297,2024-02-05,US,1,78.99,78.99,1,1.0,0,0.0
cust_003298,2024-04-28,US,1,19.23,19.23,0,0.0,0,0.0
cust_003299,2024-07-20,DE,2,5994.53,2997.26,1,0.5,0,0.0
cust_003300,2024-03-20,US,1,2668.38,2668.38,0,0.0,0,0.0
cust_003301,2024-08-29,US,1,235.08,235.08,0,0.0,0,0.0
cust_003302,2024-04-15,US,2,2749.73,1374.86,0,0.0,1,0.5
cust_003303,2024-05-21,IN,1,44.62,44.62,0,0.0,0,0.0
cust_003304,2024-06-03,CA,1,112.78,112.78,0,0.0,0,0.0
cust_003305,2024-04-04,US,1,33.48,33.48,0,0.0,0,0.0
cust_003306,2024-02-03,IN,1,55.5,55.5,1,1.0,0,0.0
cust_003307,2024-03-22,UK,1,430.39,430.39,0,0.0,0,0.0
cust_003308,2024-04-25,CA,1,104.07,104.07,0,0.0,0,0.0
cust_003309,2024-07-15,NG,2,14727.56,7363.78,1,0.5,1,0.5
cust_003310,2024-03-13,US,1,375.02,375.02,0,0.0,0,0.0
cust_003311,2024-04-23,CA,1,134.28,134.28,0,0.0,0,0.0
cust_003312,2024-06-25,US,1,50.66,50.66,0,0.0,0,0.0
cust_003313,2024-04-01,US,2,11826.48,5913.24,0,0.0,0,0.0
cust_003314,2024-08-07,IN,1,88.1,88.1,0,0.0,0,0.0
cust_003315,2024-03-13,DE,2,388.42,194.21,0,0.0,0,0.0
cust_003316,2024-01-28,IN,2,7522.24,3761.12,0,0.0,0,0.0
cust_003317,2024-04-14,CN,0,0.0,0.0,0,0.0,0,0.0
cust_003318,2024-02-24,AU,1,113.53,113.53,0,0.0,0,0.0
cust_003319,2024-02-16,US,1,21.18,21.18,0,0.0,0,0.0
cust_003320,2024-04-15,IN,1,32.47,32.47,0,0.0,0,0.0
cust_003321,2024-03-29,IN,1,73.26,73.26,0,0.0,0,0.0
cust_003322,2024-08-07,IN,1,119.84,119.84,0,0.0,0,0.0
cust_003323,2024-02-10,UK,2,2631.04,1315.52,1,0.5,1,0.5
cust_003324,2024-02-16,MX,0,0.0,0.0,0,0.0,0,0.0
cust_003325,2024-06-15,UK,1,71.28,71.28,0,0.0,0,0.0
cust_003326,2024-02-03,AU,1,363.2,363.2,0,0.0,0,0.0
cust_003327,2024-04-30,CA,1,74.13,74.13,1,1.0,0,0.0
cust_003328,2024-02-06,AU,1,18.57,18.57,1,1.0,0,0.0
cust_003329,2024-06-10,UK,3,58.65,19.55,1,0.3333,0,0.0
cust_003330,2024-03-14,US,1,352.02,352.02,0,0.0,0,0.0
cust_003331,2024-03-12,CA,1,122.26,122.26,0,0.0,0,0.0
cust_003332,2024-03-17,CA,1,110.06,110.06,1,1.0,0,0.0
cust_003333,2024-04-01,US,2,2932.24,1466.12,0,0.0,1,0.5
cust_003334,2024-01-30,DE,1,252.54,252.54,1,1.0,0,0.0
cust_003335,2024-03-01,JP,3,8127.13,2709.04,0,0.0,0,0.0
cust_003336,2024-01-23,JP,0,0.0,0.0,0,0.0,0,0.0
cust_003337,2024-02-08,UK,1,116.39,116.39,1,1.0,0,0.0
cust_003338,2024-03-17,UK,1,313.51,313.51,0,0.0,0,0.0
cust_003339,2024-03-18,JP,1,245.21,245.21,0,0.0,0,0.0
cust_003340,2024-07-24,ZA,1,164.83,164.83,0,0.0,0,0.0
cust_003341,2024-02-03,US,1,147.18,147.18,0,0.0,0,0.0
cust_003342,2024-07-29,US,2,8545.98,4272.99,0,0.0,0,0.0
cust_003343,2024-04-14,US,1,225.13,225.13,0,0.0,0,0.0
cust_003344,2024-06-18,UK,2,23552.27,11776.14,1,0.5,0,0.0
cust_003345,2024-04-04,AU,1,198.07,198.07,0,0.0,0,0.0
cust_003346,2024-07-06,US,1,154.0,154.0,0,0.0,0,0.0
cust_003347,2024-06-03,DE,1,85.62,85.62,0,0.0,0,0.0
cust_003348,2024-03-16,US,19,6214.45,327.08,0,0.0,0,0.0
cust_003349,2024-01-28,US,1,410.72,410.72,0,0.0,0,0.0
cust_003350,2024-01-17,IN,1,114.63,114.63,1,1.0,0,0.0
cust_003351,2024-04-14,IN,1,442.04,442.04,0,0.0,0,0.0
cust_003352,2024-03-08,US,1,70.03,70.03,0,0.0,0,0.0
cust_003353,2024-05-11,US,1,83.73,83.73,0,0.0,0,0.0
cust_003354,2024-08-09,UK,1,80.37,80.37,0,0.0,0,0.0
cust_003355,2024-05-13,CN,1,2511.66,2511.66,0,0.0,0,0.0
cust_003356,2024-02-10,JP,1,88.51,88.51,0,0.0,0,0.0
cust_003357,2024-02-26,CA,1,59.39,59.39,1,1.0,0,0.0
cust_003358,2024-04-08,KR,1,96.07,96.07,0,0.0,0,0.0
cust_003359,2024-06-25,IN,1,81.87,81.87,0,0.0,0,0.0
cust_003360,2024-04-08,US,1,132.92,132.92,1,1.0,0,0.0
cust_003361,2024-06-14,CA,1,119.19,119.19,1,1.0,0,0.0
cust_003362,2024-02-06,NG,1,70.15,70.15,0,0.0,0,0.0
cust_003363,2024-03-03,DE,1,46.47,46.47,1,1.0,0,0.0
cust_003364,2024-07-03,MX,1,86.37,86.37,0,0.0,0,0.0
cust_003365,2024-03-11,CA,1,39.43,39.43,0,0.0,0,0.0
cust_003366,2024-04-21,RU,0,0.0,0.0,0,0.0,0,0.0
cust_003367,2024-06-29,AU,1,229.61,229.61,0,0.0,0,0.0
cust_003368,2024-02-28,BR,1,76.53,76.53,0,0.0,0,0.0
cust_003369,2024-03-16,ZA,1,181.69,181.69,0,0.0,0,0.0
cust_003370,2024-02-14,US,1,372.71,372.71,1,1.0,0,0.0
cust_003371,2024-04-07,IN,0,0.0,0.0,0,0.0,0,0.0
cust_003372,2024-03-05,US,1,216.88,216.88,0,0.0,0,0.0
cust_003373,2024-06-02,JP,1,90.48,90.48,0,0.0,0,0.0
cust_003374,2024-04-22,IN,3,13374.75,4458.25,0,0.0,0,0.0
cust_003375,2024-04-07,US,1,203.35,203.35,0,0.0,0,0.0
cust_003376,2024-03-21,UK,1,24.14,24.14,0,0.0,0,0.0
cust_003377,2024-01-31,US,1,131.21,131.21,0,0.0,0,0.0
cust_003378,2024-05-30,UK,1,178.76,178.76,0,0.0,0,0.0
cust_003379,2024-04-20,US,1,38.11,38.11,0,0.0,0,0.0
cust_003380,2024-03-17,KR,1,57.77,57.77,0,0.0,0,0.0
cust_003381,2024-04-27,IN,1,698.73,698.73,0,0.0,0,0.0
cust_003382,2024-02-22,ZA,1,16.32,16.32,0,0.0,0,0.0
cust_003383,2024-04-25,US,4,346.61,86.65,1,0.25,0,0.0
cust_003384,2024-06-27,UK,1,317.27,317.27,0,0.0,0,0.0
cust_003385,2024-04-09,CN,1,183.76,183.76,0,0.0,0,0.0
cust_003386,2024-03-18,DE,4,12814.78,3203.7,0,0.0,1,0.25
cust_003387,2024-03-24,US,1,321.67,321.67,0,0.0,0,0.0
cust_003388,2024-07-08,NG,1,96.93,96.93,1,1.0,0,0.0
cust_003389,2024-02-27,US,1,313.04,313.04,1,1.0,0,0.0
cust_003390,2024-03-21,US,1,259.4,259.4,0,0.0,0,0.0
cust_003391,2024-04-08,FR,1,16.07,16.07,0,0.0,0,0.0
cust_003392,2024-01-21,FR,1,77.03,77.03,0,0.0,0,0.0
cust_003393,2024-03-24,DE,1,34.68,34.68,0,0.0,0,0.0
cust_003394,2024-06-29,US,1,136.59,136.59,1,1.0,0,0.0
cust_003395,2024-01-22,US,2,5656.33,2828.16,0,0.0,1,0.5
cust_003396,2024-02-25,US,9,290.78,32.31,3,0.3333,2,0.2222
cust_003397,2024-03-03,UK,1,114.79,114.79,0,0.0,0,0.0
cust_003398,2024-02-18,US,1,25.92,25.92,0,0.0,0,0.0
cust_003399,2024-02-16,DE,1,67.42,67.42,0,0.0,0,0.0
cust_003400,2024-03-07,NG,1,72.57,72.57,0,0.0,0,0.0
cust_003401,2024-07-05,ZA,1,182.74,182.74,0,0.0,0,0.0
cust_003402,2024-02-10,AU,2,1051.2,525.6,0,0.0,1,0.5
cust_003403,2024-02-11,US,1,432.98,432.98,0,0.0,0,0.0
cust_003404,2024-02-29,CA,1,110.37,110.37,0,0.0,0,0.0
cust_003405,2024-08-13,RU,1,159.7,159.7,0,0.0,0,0.0
cust_003406,2024-05-02,US,8,104.29,13.04,2,0.25,2,0.25
cust_003407,2024-04-23,US,1,62.39,62.39,0,0.0,0,0.0
cust_003408,2024-06-28,US,1,32.44,32.44,1,1.0,0,0.0
cust_003409,2024-03-06,IN,2,11843.94,5921.97,0,0.0,0,0.0
cust_003410,2024-03-22,MX,1,345.02,345.02,0,0.0,0,0.0
cust_003411,2024-01-16,CA,2,431.97,215.98,1,0.5,0,0.0
cust_003412,2024-04-09,CA,1,44.24,44.24,0,0.0,0,0.0
cust_003413,2024-03-29,IN,1,441.91,441.91,0,0.0,0,0.0
cust_003414,2024-06-04,JP,5,326.15,65.23,0,0.0,0,0.0
cust_003415,2024-02-12,US,1,449.22,449.22,0,0.0,0,0.0
cust_003416,2024-08-04,IN,1,25.94,25.94,0,0.0,0,0.0
cust_003417,2024-08-18,CN,1,33.86,33.86,0,0.0,0,0.0
cust_003418,2024-03-09,CN,1,3877.14,3877.14,0,0.0,0,0.0
cust_003419,2024-01-24,UK,1,632.11,632.11,0,0.0,0,0.0
cust_003420,2024-03-21,US,1,43.13,43.13,0,0.0,0,0.0
cust_003421,2024-06-15,CN,1,124.83,124.83,0,0.0,0,0.0
cust_003422,2024-07-15,CN,1,88.3,88.3,0,0.0,0,0.0
cust_003423,2024-06-25,US,1,178.16,178.16,0,0.0,0,0.0
cust_003424,2024-07-10,US,1,107.79,107.79,0,0.0,0,0.0
cust_003425,2024-02-09,US,1,100.62,100.62,0,0.0,0,0.0
cust_003426,2024-01-30,IN,1,95.66,95.66,0,0.0,0,0.0
cust_003427,2024-02-18,US,1,174.23,174.23,0,0.0,0,0.0
cust_003428,2024-06-05,US,1,103.3,103.3,0,0.0,0,0.0
cust_003429,2024-06-15,AU,2,4828.19,2414.09,0,0.0,1,0.5
cust_003430,2024-06-03,US,0,0.0,0.0,0,0.0,0,0.0
cust_003431,2024-04-08,KR,1,73.85,73.85,1,1.0,0,0.0
cust_003432,2024-01-25,UK,1,13.38,13.38,0,0.0,0,0.0
cust_003433,2024-02-29,UK,1,129.38,129.38,0,0.0,0,0.0
cust_003434,2024-05-27,MX,43,15596.8,362.72,5,0.1163,1,0.0233
cust_003435,2024-02-20,US,1,106.59,106.59,0,0.0,0,0.0
cust_003436,2024-03-13,US,1,369.55,369.55,1,1.0,0,0.0
cust_003437,2024-05-21,UK,1,65.65,65.65,0,0.0,0,0.0
cust_003438,2024-05-01,IN,1,95.76,95.76,0,0.0,0,0.0
cust_003439,2024-04-30,CA,1,249.95,249.95,1,1.0,0,0.0
cust_003440,2024-05-01,MX,1,84.25,84.25,0,0.0,0,0.0
cust_003441,2024-04-26,ZA,1,19.8,19.8,0,0.0,0,0.0
cust_003442,2024-05-28,US,26,2061.39,79.28,3,0.1154,1,0.0385
cust_003443,2024-02-24,US,1,77.42,77.42,0,0.0,0,0.0
cust_003444,2024-04-01,CA,1,101.34,101.34,0,0.0,0,0.0
cust_003445,2024-02-19,MX,1,34.4,34.4,0,0.0,0,0.0
cust_003446,2024-01-19,US,1,156.5,156.5,0,0.0,0,0.0
cust_003447,2024-04-03,UK,1,347.48,347.48,0,0.0,0,0.0
cust_003448,2024-11-16,US,1,51.59,51.59,1,1.0,0,0.0
cust_003449,2024-04-10,KR,2,20369.87,10184.94,0,0.0,1,0.5
cust_003450,2024-03-06,US,2,1847.46,923.73,0,0.0,0,0.0
cust_003451,2024-02-27,CA,1,112.85,112.85,0,0.0,0,0.0
cust_003452,2024-07-29,US,1,177.34,177.34,0,0.0,0,0.0
cust_003453,2024-03-19,IN,1,681.61,681.61,1,1.0,0,0.0
cust_003454,2024-06-14,UK,1,135.28,135.28,0,0.0,0,0.0
cust_003455,2024-03-19,CA,1,508.07,508.07,0,0.0,0,0.0
cust_003456,2024-01-29,US,9,135.19,15.02,1,0.1111,5,0.5556
cust_003457,2024-05-31,US,1,107.49,107.49,0,0.0,0,0.0
cust_003458,2024-02-17,US,1,176.45,176.45,0,0.0,0,0.0
cust_003459,2024-02-03,BR,2,2078.49,1039.25,0,0.0,0,0.0
cust_003460,2024-04-14,FR,1,207.37,207.37,0,0.0,0,0.0
cust_003461,2024-04-13,US,2,6948.97,3474.48,0,0.0,0,0.0
cust_003462,2024-04-12,US,1,34.39,34.39,0,0.0,0,0.0
cust_003463,2024-04-27,UK,1,375.97,375.97,0,0.0,0,0.0
cust_003464,2024-03-16,US,3,3641.51,1213.84,1,0.3333,1,0.3333
cust_003465,2024-05-09,BR,1,4532.64,4532.64,0,0.0,0,0.0
cust_003466,2024-02-28,UK,2,2414.0,1207.0,0,0.0,0,0.0
cust_003467,2024-05-24,DE,10,1319.15,131.92,1,0.1,1,0.1
cust_003468,2024-07-05,IN,0,0.0,0.0,0,0.0,0,0.0
cust_003469,2024-04-05,RU,1,412.43,412.43,0,0.0,0,0.0
cust_003470,2024-06-06,FR,1,91.33,91.33,0,0.0,0,0.0
cust_003471,2024-03-31,US,1,162.2,162.2,0,0.0,0,0.0
cust_003472,2024-05-03,US,1,991.33,991.33,0,0.0,0,0.0
cust_003473,2024-05-20,UK,0,0.0,0.0,0,0.0,0,0.0
cust_003474,2024-02-03,US,71,7849.47,110.56,5,0.0704,1,0.0141
cust_003475,2024-06-25,UK,1,39.67,39.67,0,0.0,0,0.0
cust_003476,2024-05-16,KR,4,5375.67,1343.92,1,0.25,1,0.25
cust_003477,2024-02-05,US,1,88.68,88.68,0,0.0,0,0.0
cust_003478,2024-02-15,DE,1,69.46,69.46,1,1.0,0,0.0
cust_003479,2024-03-24,US,1,447.09,447.09,0,0.0,0,0.0
cust_003480,2024-03-15,US,1,54.53,54.53,1,1.0,0,0.0
cust_003481,2024-06-05,US,2,887.22,443.61,0,0.0,1,0.5
cust_003482,2024-04-07,US,1,29.1,29.1,0,0.0,0,0.0
cust_003483,2024-03-31,US,1,722.17,722.17,0,0.0,0,0.0
cust_003484,2024-02-13,KR,1,53.5,53.5,0,0.0,0,0.0
cust_003485,2024-02-06,IN,0,0.0,0.0,0,0.0,0,0.0
cust_003486,2024-02-16,US,1,97.76,97.76,0,0.0,0,0.0
cust_003487,2024-02-29,US,1,85.18,85.18,0,0.0,0,0.0
cust_003488,2024-02-26,KR,2,6483.9,3241.95,1,0.5,0,0.0
cust_003489,2024-04-11,US,1,137.76,137.76,1,1.0,0,0.0
cust_003490,2024-04-08,US,1,148.67,148.67,0,0.0,0,0.0
cust_003491,2024-07-18,JP,1,176.7,176.7,0,0.0,0,0.0
cust_003492,2024-01-10,CA,0,0.0,0.0,0,0.0,0,0.0
cust_003493,2024-01-12,US,1,332.08,332.08,0,0.0,0,0.0
cust_003494,2024-02-23,DE,1,29.05,29.05,0,0.0,0,0.0
cust_003495,2024-02-24,UK,28,2034.06,72.64,1,0.0357,0,0.0
cust_003496,2024-08-01,IN,1,194.82,194.82,1,1.0,0,0.0
cust_003497,2024-04-24,US,1,178.76,178.76,0,0.0,0,0.0
cust_003498,2024-03-12,NG,1,100.49,100.49,1,1.0,0,0.0
cust_003499,2024-04-07,IN,1,151.63,151.63,0,0.0,0,0.0
cust_003500,2024-06-05,US,1,41.5,41.5,0,0.0,0,0.0
cust_003501,2024-03-27,CA,2,6888.16,3444.08,0,0.0,0,0.0
cust_003502,2024-06-03,UK,1,141.73,141.73,0,0.0,0,0.0
cust_003503,2024-03-22,RU,2,987.98,493.99,0,0.0,1,0.5
cust_003504,2024-04-25,US,1,41.49,41.49,0,0.0,0,0.0
cust_003505,2024-05-11,US,1,29.75,29.75,0,0.0,0,0.0
cust_003506,2024-04-24,AU,1,207.8,207.8,0,0.0,0,0.0
cust_003507,2024-01-17,US,1,340.94,340.94,1,1.0,0,0.0
cust_003508,2024-04-19,US,1,64.45,64.45,0,0.0,0,0.0
cust_003509,2024-02-18,AU,2,229.28,114.64,1,0.5,0,0.0
cust_003510,2024-02-21,FR,2,4411.95,2205.98,0,0.0,0,0.0
cust_003511,2024-03-09,UK,2,9068.09,4534.04,0,0.0,0,0.0
cust_003512,2024-03-21,UK,1,71.44,71.44,0,0.0,0,0.0
cust_003513,2024-05-15,CA,1,141.2,141.2,0,0.0,0,0.0
cust_003514,2024-02-02,NG,4,12026.7,3006.68,0,0.0,1,0.25
cust_003515,2024-06-28,DE,1,30.47,30.47,0,0.0,0,0.0
cust_003516,2024-04-11,IN,31,3064.55,98.86,2,0.0645,0,0.0
cust_003517,2024-05-12,BR,1,58.96,58.96,0,0.0,0,0.0
cust_003518,2024-01-28,US,5,295.68,59.14,2,0.4,0,0.0
cust_003519,2024-02-02,UK,0,0.0,0.0,0,0.0,0,0.0
cust_003520,2024-04-03,DE,1,322.44,322.44,0,0.0,0,0.0
cust_003521,2024-10-17,UK,1,66.38,66.38,0,0.0,0,0.0
cust_003522,2024-06-22,CA,2,3361.31,1680.66,0,0.0,0,0.0
cust_003523,2024-08-25,US,1,152.92,152.92,0,0.0,0,0.0
cust_003524,2024-04-19,IN,1,281.36,281.36,0,0.0,0,0.0
cust_003525,2024-01-18,IN,1,375.4,375.4,0,0.0,0,0.0
cust_003526,2024-02-25,JP,1,295.76,295.76,0,0.0,0,0.0
cust_003527,2024-02-26,US,1,23.72,23.72,0,0.0,0,0.0
cust_003528,2024-03-20,NG,1,82.19,82.19,0,0.0,0,0.0
cust_003529,2024-05-16,US,0,0.0,0.0,0,0.0,0,0.0
cust_003530,2024-03-03,FR,0,0.0,0.0,0,0.0,0,0.0
cust_003531,2024-03-15,IN,0,0.0,0.0,0,0.0,0,0.0
cust_003532,2024-06-27,UK,1,128.16,128.16,0,0.0,0,0.0
cust_003533,2024-06-14,CN,1,64.04,64.04,0,0.0,0,0.0
cust_003534,2024-05-03,UK,1,24.5,24.5,0,0.0,0,0.0
cust_003535,2024-06-02,US,1,202.83,202.83,0,0.0,0,0.0
cust_003536,2024-04-19,CA,1,466.09,466.09,0,0.0,0,0.0
cust_003537,2024-07-24,CA,1,178.85,178.85,1,1.0,0,0.0
cust_003538,2024-03-12,FR,1,78.12,78.12,0,0.0,0,0.0
cust_003539,2024-05-05,UK,1,22.53,22.53,0,0.0,0,0.0
cust_003540,2024-04-25,US,1,119.67,119.67,0,0.0,0,0.0
cust_003541,2024-04-14,US,1,384.85,384.85,0,0.0,0,0.0
cust_003542,2024-04-12,IN,1,107.32,107.32,0,0.0,0,0.0
cust_003543,2024-06-21,CA,1,24.32,24.32,0,0.0,0,0.0
cust_003544,2024-03-11,JP,2,3050.95,1525.48,0,0.0,0,0.0
cust_003545,2024-03-10,US,2,2177.07,1088.54,0,0.0,0,0.0
cust_003546,2024-06-13,CA,1,164.23,164.23,0,0.0,0,0.0
cust_003547,2024-05-06,KR,2,3891.21,1945.6,1,0.5,0,0.0
cust_003548,2024-05-31,US,1,48.28,48.28,0,0.0,0,0.0
cust_003549,2024-02-16,UK,3,5120.09,1706.7,1,0.3333,0,0.0
cust_003550,2024-02-05,ZA,1,603.39,603.39,0,0.0,0,0.0
cust_003551,2024-05-14,US,0,0.0,0.0,0,0.0,0,0.0
cust_003552,2024-02-22,IN,1,100.62,100.62,0,0.0,1,1.0
cust_003553,2024-04-08,UK,17,1847.15,108.66,4,0.2353,0,0.0
cust_003554,2024-06-21,US,2,17703.73,8851.87,0,0.0,0,0.0
cust_003555,2024-04-10,AU,1,120.07,120.07,0,0.0,0,0.0
cust_003556,2024-03-01,US,1,300.41,300.41,0,0.0,0,0.0
cust_003557,2024-04-09,NG,1,92.02,92.02,0,0.0,0,0.0
cust_003558,2024-07-14,UK,1,213.64,213.64,0,0.0,0,0.0
cust_003559,2024-04-16,US,6,641.87,106.98,0,0.0,0,0.0
cust_003560,2024-01-11,US,1,153.75,153.75,0,0.0,0,0.0
cust_003561,2024-03-18,BR,1,49.45,49.45,0,0.0,0,0.0
cust_003562,2024-04-07,UK,1,25.44,25.44,0,0.0,0,0.0
cust_003563,2024-06-03,US,1,83.12,83.12,0,0.0,0,0.0
cust_003564,2024-04-28,US,3,666.63,222.21,1,0.3333,0,0.0
cust_003565,2024-05-08,IN,1,92.93,92.93,0,0.0,0,0.0
cust_003566,2024-04-25,US,1,78.43,78.43,0,0.0,0,0.0
cust_003567,2024-02-13,CN,1,113.4,113.4,0,0.0,0,0.0
cust_003568,2024-02-12,US,17,3240.47,190.62,2,0.1176,0,0.0
cust_003569,2024-03-28,US,1,74.93,74.93,0,0.0,0,0.0
cust_003570,2024-01-22,UK,2,17187.37,8593.69,1,0.5,1,0.5
cust_003571,2024-04-20,US,2,11324.12,5662.06,0,0.0,1,0.5
cust_003572,2024-03-03,AU,0,0.0,0.0,0,0.0,0,0.0
cust_003573,2024-01-31,RU,1,60.11,60.11,0,0.0,0,0.0
cust_003574,2024-05-25,IN,1,170.92,170.92,0,0.0,0,0.0
cust_003575,2024-02-09,JP,1,29.97,29.97,0,0.0,0,0.0
cust_003576,2024-05-14,BR,1,178.97,178.97,0,0.0,0,0.0
cust_003577,2024-07-23,US,1,81.69,81.69,0,0.0,0,0.0
cust_003578,2024-02-20,US,2,8648.31,4324.16,0,0.0,0,0.0
cust_003579,2024-03-03,IN,3,6794.72,2264.91,1,0.3333,0,0.0
cust_003580,2024-02-16,ZA,1,80.51,80.51,1,1.0,0,0.0
cust_003581,2024-06-04,BR,1,86.77,86.77,0,0.0,0,0.0
cust_003582,2024-04-17,IN,1,247.43,247.43,0,0.0,0,0.0
cust_003583,2024-03-01,US,1,45.33,45.33,0,0.0,0,0.0
cust_003584,2024-06-15,AU,1,80.31,80.31,0,0.0,0,0.0
cust_003585,2024-03-22,DE,1,827.96,827.96,0,0.0,0,0.0
cust_003586,2024-02-16,CN,1,112.97,112.97,0,0.0,0,0.0
cust_003587,2024-03-25,DE,1,108.34,108.34,0,0.0,0,0.0
cust_003588,2024-03-14,US,1,55.06,55.06,0,0.0,0,0.0
cust_003589,2024-01-25,IN,2,1379.39,689.7,0,0.0,1,0.5
cust_003590,2024-01-20,UK,4,22800.17,5700.04,0,0.0,0,0.0
cust_003591,2024-01-25,UK,0,0.0,0.0,0,0.0,0,0.0
cust_003592,2024-01-31,IN,1,63.15,63.15,1,1.0,0,0.0
cust_003593,2024-04-25,NG,1,123.02,123.02,0,0.0,0,0.0
cust_003594,2024-02-26,FR,309,26155.93,84.65,25,0.0809,4,0.0129
cust_003595,2024-02-23,US,32,2426.68,75.83,4,0.125,0,0.0
cust_003596,2024-02-11,US,2,20287.97,10143.98,0,0.0,0,0.0
cust_003597,2024-04-18,UK,7,694.51,99.22,1,0.1429,0,0.0
cust_003598,2024-05-03,DE,1,193.23,193.23,0,0.0,0,0.0
cust_003599,2024-05-17,IN,1,164.63,164.63,0,0.0,0,0.0
cust_003600,2024-06-06,CA,1,127.3,127.3,0,0.0,0,0.0
cust_003601,2024-07-03,UK,0,0.0,0.0,0,0.0,0,0.0
cust_003602,2024-02-06,AU,3,338.84,112.95,0,0.0,0,0.0
cust_003603,2024-07-13,US,1,127.81,127.81,0,0.0,0,0.0
cust_003604,2024-02-21,IN,2,11354.13,5677.06,0,0.0,0,0.0
cust_003605,2024-04-27,BR,1,272.15,272.15,0,0.0,0,0.0
cust_003606,2024-03-30,US,1,181.19,181.19,1,1.0,0,0.0
cust_003607,2024-01-15,US,1,788.64,788.64,0,0.0,0,0.0
cust_003608,2024-07-22,DE,1,30.02,30.02,0,0.0,0,0.0
cust_003609,2024-07-21,US,1,60.36,60.36,0,0.0,0,0.0
cust_003610,2024-03-22,CA,1,22.0,22.0,0,0.0,0,0.0
cust_003611,2024-08-27,CN,2,6602.85,3301.42,0,0.0,1,0.5
cust_003612,2024-04-04,US,1,219.96,219.96,0,0.0,0,0.0
cust_003613,2024-05-12,RU,1,185.41,185.41,0,0.0,0,0.0
cust_003614,2024-04-29,US,2,964.47,482.24,1,0.5,0,0.0
cust_003615,2024-06-09,CA,1,239.25,239.25,1,1.0,0,0.0
cust_003616,2024-06-09,US,1,209.4,209.4,0,0.0,0,0.0
cust_003617,2024-07-04,DE,1,46.38,46.38,0,0.0,0,0.0
cust_003618,2024-03-15,ZA,2,2951.77,1475.88,1,0.5,0,0.0
cust_003619,2024-03-20,US,1,41.34,41.34,0,0.0,0,0.0
cust_003620,2024-10-07,CN,2,16974.12,8487.06,0,0.0,0,0.0
cust_003621,2024-07-12,FR,1,55.4,55.4,0,0.0,0,0.0
cust_003622,2024-09-29,KR,1,126.41,126.41,0,0.0,0,0.0
cust_003623,2024-01-16,DE,0,0.0,0.0,0,0.0,0,0.0
cust_003624,2024-03-29,DE,1,25.11,25.11,0,0.0,0,0.0
cust_003625,2024-03-13,MX,1,149.11,149.11,0,0.0,0,0.0
cust_003626,2024-07-15,FR,1,37.74,37.74,0,0.0,0,0.0
cust_003627,2024-05-06,JP,1,17.96,17.96,0,0.0,0,0.0
cust_003628,2024-04-27,US,6,781.26,130.21,1,0.1667,0,0.0
cust_003629,2024-04-11,US,1,491.86,491.86,0,0.0,0,0.0
cust_003630,2024-04-13,IN,1,130.78,130.78,0,0.0,0,0.0
cust_003631,2024-02-17,US,1,526.35,526.35,0,0.0,0,0.0
cust_003632,2024-02-27,UK,0,0.0,0.0,0,0.0,0,0.0
cust_003633,2024-04-17,JP,2,2955.37,1477.68,0,0.0,0,0.0
cust_003634,2024-05-14,IN,1,98.95,98.95,0,0.0,0,0.0
cust_003635,2024-03-13,MX,1,93.85,93.85,0,0.0,0,0.0
cust_003636,2024-08-24,UK,3,180.36,60.12,0,0.0,0,0.0
cust_003637,2024-04-14,US,1,61.34,61.34,0,0.0,0,0.0
cust_003638,2024-01-20,US,1,134.7,134.7,0,0.0,0,0.0
cust_003639,2024-06-19,KR,1,95.94,95.94,0,0.0,0,0.0
cust_003640,2024-06-04,UK,1,262.81,262.81,0,0.0,0,0.0
cust_003641,2024-05-21,CN,1,211.36,211.36,0,0.0,0,0.0
cust_003642,2024-04-09,US,1,292.96,292.96,0,0.0,0,0.0
cust_003643,2024-04-09,US,0,0.0,0.0,0,0.0,0,0.0
cust_003644,2024-03-15,AU,1,28.82,28.82,0,0.0,0,0.0
cust_003645,2024-07-14,IN,1,385.38,385.38,1,1.0,0,0.0
cust_003646,2024-03-05,CA,2,3980.74,1990.37,0,0.0,0,0.0
cust_003647,2024-04-27,UK,2,1835.39,917.7,0,0.0,0,0.0
cust_003648,2024-05-04,UK,1,84.08,84.08,0,0.0,0,0.0
cust_003649,2024-04-08,BR,1,310.61,310.61,0,0.0,0,0.0
cust_003650,2024-05-01,US,1,219.9,219.9,0,0.0,0,0.0
cust_003651,2024-07-16,US,1,136.04,136.04,0,0.0,0,0.0
cust_003652,2024-02-17,US,1,33.25,33.25,0,0.0,0,0.0
cust_003653,2024-03-03,CA,1,701.09,701.09,0,0.0,0,0.0
cust_003654,2024-03-25,BR,27,2116.36,78.38,3,0.1111,0,0.0
cust_003655,2024-01-21,DE,1,46.52,46.52,0,0.0,0,0.0
cust_003656,2024-04-19,ZA,2,4780.95,2390.48,0,0.0,1,0.5
cust_003657,2024-04-11,IN,1,43.09,43.09,0,0.0,0,0.0
cust_003658,2024-06-09,CA,3,226.38,75.46,0,0.0,0,0.0
cust_003659,2024-06-26,IN,1,26.2,26.2,0,0.0,0,0.0
cust_003660,2024-03-07,NG,1,186.12,186.12,0,0.0,0,0.0
cust_003661,2024-03-15,US,1,25.92,25.92,0,0.0,0,0.0
cust_003662,2024-04-08,UK,5,420.48,84.1,0,0.0,0,0.0
cust_003663,2024-06-27,UK,3,599.69,199.9,0,0.0,0,0.0
cust_003664,2024-02-17,MX,1,63.91,63.91,1,1.0,0,0.0
cust_003665,2024-04-18,US,2,21800.87,10900.44,0,0.0,0,0.0
cust_003666,2024-01-27,US,1,441.66,441.66,0,0.0,0,0.0
cust_003667,2024-01-21,IN,1,143.58,143.58,0,0.0,0,0.0
cust_003668,2024-01-31,IN,1,77.81,77.81,0,0.0,0,0.0
cust_003669,2024-04-20,US,1,259.81,259.81,0,0.0,0,0.0
cust_003670,2024-02-22,CA,1,72.36,72.36,0,0.0,0,0.0
cust_003671,2024-02-15,IN,1,405.55,405.55,0,0.0,0,0.0
cust_003672,2024-02-24,UK,2,2592.66,1296.33,0,0.0,0,0.0
cust_003673,2024-04-29,UK,1,78.35,78.35,0,0.0,0,0.0
cust_003674,2024-06-12,US,1,66.54,66.54,0,0.0,0,0.0
cust_003675,2024-04-29,AU,1,315.85,315.85,0,0.0,0,0.0
cust_003676,2024-02-18,UK,1,43.52,43.52,0,0.0,0,0.0
cust_003677,2024-01-21,IN,1,306.12,306.12,1,1.0,0,0.0
cust_003678,2024-01-05,UK,1,110.12,110.12,0,0.0,0,0.0
cust_003679,2024-05-16,US,6,523.54,87.26,0,0.0,0,0.0
cust_003680,2024-02-15,DE,0,0.0,0.0,0,0.0,0,0.0
cust_003681,2024-06-10,UK,1,131.32,131.32,1,1.0,0,0.0
cust_003682,2024-08-09,US,1,240.42,240.42,0,0.0,1,1.0
cust_003683,2024-07-12,CN,1,55.81,55.81,0,0.0,0,0.0
cust_003684,2024-03-11,NG,1,100.17,100.17,0,0.0,0,0.0
cust_003685,2024-06-21,FR,1,76.68,76.68,0,0.0,0,0.0
cust_003686,2024-03-18,IN,1,58.24,58.24,0,0.0,0,0.0
cust_003687,2024-02-04,IN,1,66.28,66.28,0,0.0,0,0.0
cust_003688,2024-06-28,UK,1,125.97,125.97,0,0.0,0,0.0
cust_003689,2024-06-22,US,2,16614.8,8307.4,0,0.0,1,0.5
cust_003690,2024-02-26,IN,1,26.14,26.14,0,0.0,0,0.0
cust_003691,2024-04-13,FR,1,463.23,463.23,0,0.0,0,0.0
cust_003692,2024-03-09,CA,1,35.59,35.59,0,0.0,0,0.0
cust_003693,2024-06-25,NG,1,112.3,112.3,0,0.0,0,0.0
cust_003694,2024-03-08,UK,5,1143.08,228.62,0,0.0,0,0.0
cust_003695,2024-07-03,UK,1,408.48,408.48,0,0.0,0,0.0
cust_003696,2024-06-12,UK,1,59.01,59.01,0,0.0,0,0.0
cust_003697,2024-04-25,DE,1,273.72,273.72,0,0.0,0,0.0
cust_003698,2024-05-23,US,2,3646.45,1823.22,0,0.0,0,0.0
cust_003699,2024-01-24,UK,2,785.38,392.69,0,0.0,0,0.0
cust_003700,2024-03-12,FR,1,19.94,19.94,0,0.0,0,0.0
cust_003701,2024-05-16,CA,1,23879.99,23879.99,0,0.0,0,0.0
cust_003702,2024-06-21,US,1,127.41,127.41,0,0.0,0,0.0
cust_003703,2024-07-09,DE,1,638.23,638.23,0,0.0,0,0.0
cust_003704,2024-01-20,RU,1,74.02,74.02,0,0.0,0,0.0
cust_003705,2024-03-20,CA,1,49.99,49.99,0,0.0,0,0.0
cust_003706,2024-02-07,FR,4,726.85,181.71,1,0.25,0,0.0
cust_003707,2024-01-24,US,0,0.0,0.0,0,0.0,0,0.0
cust_003708,2024-04-15,CA,1,46.2,46.2,1,1.0,0,0.0
cust_003709,2024-02-16,US,1,158.72,158.72,0,0.0,0,0.0
cust_003710,2024-04-19,ZA,2,13904.46,6952.23,0,0.0,0,0.0
cust_003711,2024-03-14,US,1,156.26,156.26,0,0.0,0,0.0
cust_003712,2024-05-06,MX,1,100.61,100.61,0,0.0,0,0.0
cust_003713,2024-05-29,UK,1,52.55,52.55,0,0.0,0,0.0
cust_003714,2024-03-25,CA,1,172.15,172.15,0,0.0,0,0.0
cust_003715,2024-02-19,CA,3,53.79,17.93,0,0.0,0,0.0
cust_003716,2024-05-18,US,1,67.63,67.63,0,0.0,0,0.0
cust_003717,2024-01-26,US,1,273.89,273.89,0,0.0,0,0.0
cust_003718,2024-02-13,UK,0,0.0,0.0,0,0.0,0,0.0
cust_003719,2024-03-11,FR,1,74.76,74.76,0,0.0,0,0.0
cust_003720,2024-01-24,DE,1,48.03,48.03,0,0.0,0,0.0
cust_003721,2024-01-20,ZA,2,8310.81,4155.4,0,0.0,0,0.0
cust_003722,2024-05-06,US,1,90.45,90.45,0,0.0,0,0.0
cust_003723,2024-06-05,FR,1,74.29,74.29,0,0.0,0,0.0
cust_003724,2024-04-18,US,14,2419.05,172.79,3,0.2143,0,0.0
cust_003725,2024-01-26,CA,1,121.81,121.81,0,0.0,0,0.0
cust_003726,2024-02-23,US,2,175.2,87.6,0,0.0,0,0.0
cust_003727,2024-05-16,CN,1,42.69,42.69,0,0.0,0,0.0
cust_003728,2024-04-28,CA,1,169.8,169.8,0,0.0,0,0.0
cust_003729,2024-06-22,UK,1,188.55,188.55,0,0.0,0,0.0
cust_003730,2024-06-29,US,1,283.41,283.41,0,0.0,0,0.0
cust_003731,2024-08-16,UK,1,131.6,131.6,0,0.0,0,0.0
cust_003732,2024-03-03,US,1,172.67,172.67,0,0.0,0,0.0
cust_003733,2024-04-11,DE,0,0.0,0.0,0,0.0,0,0.0
cust_003734,2024-02-21,IN,356,33678.63,94.6,22,0.0618,0,0.0
cust_003735,2024-03-02,US,1,339.88,339.88,1,1.0,0,0.0
cust_003736,2024-04-05,US,1,57.54,57.54,0,0.0,0,0.0
cust_003737,2024-03-12,US,1,320.79,320.79,0,0.0,0,0.0
cust_003738,2024-02-21,CA,1,88.99,88.99,0,0.0,0,0.0
cust_003739,2024-05-04,US,1,42.34,42.34,0,0.0,0,0.0
cust_003740,2024-02-18,US,1,313.34,313.34,0,0.0,0,0.0
cust_003741,2024-05-19,US,1,179.76,179.76,0,0.0,0,0.0
cust_003742,2024-05-18,US,1,151.54,151.54,0,0.0,0,0.0
cust_003743,2024-04-15,IN,3,14764.06,4921.35,0,0.0,1,0.3333
cust_003744,2024-03-22,DE,0,0.0,0.0,0,0.0,0,0.0
cust_003745,2024-02-03,US,1,89.82,89.82,0,0.0,0,0.0
cust_003746,2024-04-02,UK,1,197.98,197.98,0,0.0,0,0.0
cust_003747,2024-05-03,IN,1,88.4,88.4,0,0.0,0,0.0
cust_003748,2024-02-19,UK,1,25.1,25.1,0,0.0,0,0.0
cust_003749,2024-05-12,KR,1,109.72,109.72,0,0.0,0,0.0
cust_003750,2024-07-03,DE,1,75.58,75.58,0,0.0,0,0.0
cust_003751,2024-06-05,IN,1,114.06,114.06,0,0.0,0,0.0
cust_003752,2024-09-20,CA,1,421.44,421.44,1,1.0,0,0.0
cust_003753,2024-03-26,CA,1,64.98,64.98,0,0.0,0,0.0
cust_003754,2024-04-21,US,10,518.84,51.88,0,0.0,1,0.1
cust_003755,2024-03-27,US,1,459.86,459.86,0,0.0,0,0.0
cust_003756,2024-02-09,BR,1,150.77,150.77,0,0.0,0,0.0
cust_003757,2024-03-12,RU,1,85.01,85.01,0,0.0,0,0.0
cust_003758,2024-01-15,KR,1,100.76,100.76,0,0.0,0,0.0
cust_003759,2024-06-11,UK,1,38.17,38.17,0,0.0,0,0.0
cust_003760,2024-03-08,MX,1,39.57,39.57,0,0.0,0,0.0
cust_003761,2024-04-21,DE,1,109.48,109.48,0,0.0,0,0.0
cust_003762,2024-02-18,UK,1,63.76,63.76,0,0.0,0,0.0
cust_003763,2024-04-19,RU,1,184.55,184.55,0,0.0,0,0.0
cust_003764,2024-04-08,KR,1,83.67,83.67,0,0.0,0,0.0
cust_003765,2024-05-03,CA,0,0.0,0.0,0,0.0,0,0.0
cust_003766,2024-02-15,AU,1,59.38,59.38,0,0.0,0,0.0
cust_003767,2024-01-31,AU,1,127.29,127.29,0,0.0,0,0.0
cust_003768,2024-05-26,IN,1,247.82,247.82,0,0.0,0,0.0
cust_003769,2024-02-09,UK,1,335.26,335.26,0,0.0,0,0.0
cust_003770,2024-04-22,US,1,112.06,112.06,0,0.0,0,0.0
cust_003771,2024-06-11,ZA,1,372.87,372.87,0,0.0,0,0.0
cust_003772,2024-06-27,US,1,84.95,84.95,0,0.0,0,0.0
cust_003773,2024-04-19,US,1,47.47,47.47,0,0.0,0,0.0
cust_003774,2024-02-29,UK,1,290.88,290.88,0,0.0,0,0.0
cust_003775,2024-06-23,UK,1,77.24,77.24,1,1.0,0,0.0
cust_003776,2024-03-16,US,1,50.9,50.9,0,0.0,0,0.0
cust_003777,2024-01-05,US,1,55.46,55.46,0,0.0,0,0.0
cust_003778,2024-05-02,NG,1,565.85,565.85,0,0.0,0,0.0
cust_003779,2024-05-05,CA,1,115.38,115.38,0,0.0,0,0.0
cust_003780,2024-07-08,KR,1,56.44,56.44,0,0.0,0,0.0
cust_003781,2024-02-13,NG,2,20625.85,10312.92,0,0.0,1,0.5
cust_003782,2024-04-05,CA,1,90.16,90.16,0,0.0,0,0.0
cust_003783,2024-08-02,UK,2,5516.29,2758.14,0,0.0,0,0.0
cust_003784,2024-01-31,US,1,104.74,104.74,1,1.0,0,0.0
cust_003785,2024-03-14,ZA,1,46.44,46.44,0,0.0,0,0.0
cust_003786,2024-05-11,IN,1,37.06,37.06,0,0.0,0,0.0
cust_003787,2024-06-15,JP,2,9115.09,4557.54,0,0.0,0,0.0
cust_003788,2024-04-12,ZA,1,156.84,156.84,0,0.0,0,0.0
cust_003789,2024-04-19,US,3,2114.72,704.91,0,0.0,0,0.0
cust_003790,2024-04-12,CN,1,73.98,73.98,0,0.0,0,0.0
cust_003791,2024-07-30,AU,0,0.0,0.0,0,0.0,0,0.0
cust_003792,2024-04-18,UK,1,606.31,606.31,0,0.0,0,0.0
cust_003793,2024-06-18,MX,1,90.54,90.54,0,0.0,0,0.0
cust_003794,2024-04-10,IN,1,328.23,328.23,0,0.0,0,0.0
cust_003795,2024-04-29,UK,3,4600.7,1533.57,1,0.3333,1,0.3333
cust_003796,2024-02-04,US,1,73.31,73.31,1,1.0,0,0.0
cust_003797,2024-04-16,FR,1,230.43,230.43,0,0.0,0,0.0
cust_003798,2024-06-27,AU,1,85.12,85.12,0,0.0,0,0.0
cust_003799,2024-02-29,US,1,109.94,109.94,0,0.0,0,0.0
cust_003800,2024-07-30,UK,1,25.35,25.35,0,0.0,0,0.0
cust_003801,2024-05-03,US,0,0.0,0.0,0,0.0,0,0.0
cust_003802,2024-03-12,CA,0,0.0,0.0,0,0.0,0,0.0
cust_003803,2024-05-08,IN,1,535.72,535.72,0,0.0,0,0.0
cust_003804,2024-04-21,JP,1,102.52,102.52,0,0.0,0,0.0
cust_003805,2024-01-28,US,1,24.23,24.23,1,1.0,0,0.0
cust_003806,2024-02-03,US,2,19375.8,9687.9,0,0.0,0,0.0
cust_003807,2024-03-01,US,1,100.56,100.56,0,0.0,0,0.0
cust_003808,2024-01-25,MX,1,7.54,7.54,0,0.0,0,0.0
cust_003809,2024-03-30,CA,1,136.93,136.93,0,0.0,0,0.0
cust_003810,2024-03-23,US,1,158.88,158.88,0,0.0,0,0.0
cust_003811,2024-03-02,US,1,337.32,337.32,1,1.0,0,0.0
cust_003812,2024-04-09,US,0,0.0,0.0,0,0.0,0,0.0
cust_003813,2024-06-19,FR,1,74.62,74.62,0,0.0,0,0.0
cust_003814,2024-05-16,CA,0,0.0,0.0,0,0.0,0,0.0
cust_003815,2024-05-03,FR,1,155.56,155.56,1,1.0,0,0.0
cust_003816,2024-08-15,US,1,189.87,189.87,0,0.0,0,0.0
cust_003817,2024-06-19,UK,0,0.0,0.0,0,0.0,0,0.0
cust_003818,2024-06-06,IN,1,211.05,211.05,0,0.0,0,0.0
cust_003819,2024-04-03,US,1,137.17,137.17,0,0.0,0,0.0
cust_003820,2024-09-02,US,1,133.64,133.64,0,0.0,0,0.0
cust_003821,2024-03-30,US,1,19.97,19.97,0,0.0,0,0.0
cust_003822,2024-04-09,FR,1,301.93,301.93,0,0.0,0,0.0
cust_003823,2024-01-11,IN,1,183.51,183.51,0,0.0,0,0.0
cust_003824,2024-05-02,UK,1,194.87,194.87,0,0.0,0,0.0
cust_003825,2024-02-20,CA,1,282.34,282.34,0,0.0,0,0.0
cust_003826,2024-07-25,US,1,83.47,83.47,0,0.0,0,0.0
cust_003827,2024-04-04,BR,2,6220.92,3110.46,0,0.0,0,0.0
cust_003828,2024-02-06,FR,0,0.0,0.0,0,0.0,0,0.0
cust_003829,2024-03-19,US,1,170.38,170.38,0,0.0,0,0.0
cust_003830,2024-08-03,NG,1,188.84,188.84,0,0.0,0,0.0
cust_003831,2024-05-21,UK,1,34.39,34.39,0,0.0,0,0.0
cust_003832,2024-10-12,UK,1,79.38,79.38,0,0.0,0,0.0
cust_003833,2024-10-09,CA,1,249.38,249.38,1,1.0,0,0.0
cust_003834,2024-03-14,AU,2,20167.89,10083.94,1,0.5,0,0.0
cust_003835,2024-05-15,US,1,40.53,40.53,1,1.0,0,0.0
cust_003836,2024-02-01,US,1,202.32,202.32,0,0.0,0,0.0
cust_003837,2024-01-08,CN,1,144.41,144.41,0,0.0,0,0.0
cust_003838,2024-04-26,CN,1,284.22,284.22,0,0.0,0,0.0
cust_003839,2024-03-12,BR,4,206.23,51.56,0,0.0,0,0.0
cust_003840,2024-02-08,US,1,95.19,95.19,0,0.0,0,0.0
cust_003841,2024-02-27,IN,1,19.66,19.66,0,0.0,0,0.0
cust_003842,2024-02-29,UK,1,26.5,26.5,0,0.0,0,0.0
cust_003843,2024-04-14,US,1,68.35,68.35,1,1.0,0,0.0
cust_003844,2024-04-26,US,52,5846.11,112.43,3,0.0577,0,0.0
cust_003845,2024-04-09,JP,1,73.54,73.54,0,0.0,0,0.0
cust_003846,2024-06-02,US,1,242.25,242.25,0,0.0,0,0.0
cust_003847,2024-06-22,US,1,136.91,136.91,0,0.0,0,0.0
cust_003848,2024-03-24,US,1,222.66,222.66,0,0.0,0,0.0
cust_003849,2024-02-21,IN,1,88.43,88.43,1,1.0,0,0.0
cust_003850,2024-02-19,AU,2,2462.76,1231.38,0,0.0,0,0.0
cust_003851,2024-02-07,US,1,93.01,93.01,0,0.0,0,0.0
cust_003852,2024-01-28,AU,1,64.04,64.04,0,0.0,0,0.0
cust_003853,2024-02-10,US,1,22.28,22.28,0,0.0,1,1.0
cust_003854,2024-02-02,UK,1,55.65,55.65,0,0.0,0,0.0
cust_003855,2024-06-12,US,1,331.14,331.14,0,0.0,0,0.0
cust_003856,2024-03-31,UK,1,135.89,135.89,0,0.0,0,0.0
cust_003857,2024-04-06,ZA,2,24953.86,12476.93,0,0.0,1,0.5
cust_003858,2024-02-16,FR,19,1356.95,71.42,3,0.1579,0,0.0
cust_003859,2024-02-05,US,1,71.91,71.91,0,0.0,0,0.0
cust_003860,2024-01-19,KR,1,290.02,290.02,0,0.0,0,0.0
cust_003861,2024-03-10,DE,1,124.24,124.24,0,0.0,0,0.0
cust_003862,2024-04-22,UK,1,417.74,417.74,0,0.0,0,0.0
cust_003863,2024-06-05,RU,1,30.51,30.51,1,1.0,0,0.0
cust_003864,2024-02-10,AU,1,816.52,816.52,1,1.0,0,0.0
cust_003865,2024-03-12,FR,1,2882.08,2882.08,0,0.0,0,0.0
cust_003866,2024-03-18,US,12,3491.45,290.95,2,0.1667,1,0.0833
cust_003867,2024-05-18,US,0,0.0,0.0,0,0.0,0,0.0
cust_003868,2024-05-26,JP,1,124.12,124.12,0,0.0,0,0.0
cust_003869,2024-08-24,DE,4,9735.5,2433.88,0,0.0,1,0.25
cust_003870,2024-03-18,BR,2,4249.12,2124.56,0,0.0,0,0.0
cust_003871,2024-02-03,AU,1,111.81,111.81,0,0.0,0,0.0
cust_003872,2024-04-04,RU,1,66.81,66.81,0,0.0,0,0.0
cust_003873,2024-04-27,UK,1,79.41,79.41,0,0.0,0,0.0
cust_003874,2024-08-22,UK,1,66.18,66.18,0,0.0,0,0.0
cust_003875,2024-03-09,US,6,29.71,4.95,1,0.1667,2,0.3333
cust_003876,2024-08-27,US,1,96.23,96.23,0,0.0,0,0.0
cust_003877,2024-03-10,CA,1,320.83,320.83,0,0.0,0,0.0
cust_003878,2024-04-26,CA,1,907.83,907.83,0,0.0,0,0.0
cust_003879,2024-05-26,US,1,99.26,99.26,0,0.0,0,0.0
cust_003880,2024-03-16,IN,3,23741.88,7913.96,1,0.3333,1,0.3333
cust_003881,2024-01-15,UK,1,106.02,106.02,0,0.0,0,0.0
cust_003882,2024-02-05,UK,2,5858.0,2929.0,0,0.0,0,0.0
cust_003883,2024-01-17,CA,1,2686.87,2686.87,0,0.0,0,0.0
cust_003884,2024-02-01,US,1,38.36,38.36,0,0.0,0,0.0
cust_003885,2024-01-26,DE,1,905.37,905.37,0,0.0,0,0.0
cust_003886,2024-05-01,CA,1,56.41,56.41,0,0.0,0,0.0
cust_003887,2024-06-17,UK,1,27.62,27.62,0,0.0,0,0.0
cust_003888,2024-01-30,UK,1,76.58,76.58,0,0.0,0,0.0
cust_003889,2024-05-23,US,1,190.64,190.64,0,0.0,0,0.0
cust_003890,2024-02-14,AU,1,171.14,171.14,0,0.0,0,0.0
cust_003891,2024-02-07,KR,1,205.04,205.04,0,0.0,0,0.0
cust_003892,2024-05-17,US,2,11630.38,5815.19,0,0.0,1,0.5
cust_003893,2024-07-24,US,1,244.1,244.1,0,0.0,0,0.0
cust_003894,2024-02-14,JP,1,129.31,129.31,0,0.0,0,0.0
cust_003895,2024-04-03,DE,1,147.5,147.5,0,0.0,0,0.0
cust_003896,2024-01-26,US,1,430.77,430.77,0,0.0,0,0.0
cust_003897,2024-05-17,IN,1,39.92,39.92,0,0.0,0,0.0
cust_003898,2024-02-12,RU,1,183.06,183.06,0,0.0,0,0.0
cust_003899,2024-04-19,US,1,1575.52,1575.52,0,0.0,0,0.0
cust_003900,2024-04-29,DE,1,83.98,83.98,0,0.0,0,0.0
cust_003901,2024-01-29,BR,1,71.97,71.97,0,0.0,0,0.0
cust_003902,2024-04-22,US,1,62.62,62.62,0,0.0,0,0.0
cust_003903,2024-07-01,CN,1,166.12,166.12,0,0.0,0,0.0
cust_003904,2024-02-13,MX,1,68.51,68.51,0,0.0,0,0.0
cust_003905,2024-03-15,FR,1,108.09,108.09,0,0.0,0,0.0
cust_003906,2024-01-20,CA,2,14648.27,7324.14,0,0.0,0,0.0
cust_003907,2024-03-12,IN,0,0.0,0.0,0,0.0,0,0.0
cust_003908,2024-04-25,IN,1,686.21,686.21,1,1.0,0,0.0
cust_003909,2024-03-14,US,1,58.48,58.48,0,0.0,0,0.0
cust_003910,2024-04-24,US,1,22.08,22.08,0,0.0,0,0.0
cust_003911,2024-04-22,US,2,3571.1,1785.55,1,0.5,1,0.5
cust_003912,2024-03-13,UK,1,77.26,77.26,0,0.0,0,0.0
cust_003913,2024-05-03,FR,1,136.02,136.02,1,1.0,0,0.0
cust_003914,2024-04-02,NG,1,81.11,81.11,0,0.0,0,0.0
cust_003915,2024-04-28,UK,1,30.98,30.98,0,0.0,0,0.0
cust_003916,2024-02-29,IN,4,6481.25,1620.31,0,0.0,1,0.25
cust_003917,2024-05-19,IN,7,56.69,8.1,2,0.2857,2,0.2857
cust_003918,2024-06-20,CA,1,214.34,214.34,0,0.0,0,0.0
cust_003919,2024-03-02,DE,1,156.72,156.72,0,0.0,1,1.0
cust_003920,2024-01-17,US,1,88.1,88.1,0,0.0,0,0.0
cust_003921,2024-02-28,US,1,24.58,24.58,0,0.0,0,0.0
cust_003922,2024-03-15,US,1,28.31,28.31,0,0.0,0,0.0
cust_003923,2024-04-17,KR,1,104.01,104.01,0,0.0,0,0.0
cust_003924,2024-03-01,MX,1,131.48,131.48,1,1.0,0,0.0
cust_003925,2024-07-11,IN,1,409.83,409.83,0,0.0,0,0.0
cust_003926,2024-07-11,IN,1,64.92,64.92,0,0.0,0,0.0
cust_003927,2024-05-09,IN,4,7956.74,1989.18,0,0.0,1,0.25
cust_003928,2024-06-10,UK,1,158.32,158.32,0,0.0,0,0.0
cust_003929,2024-05-10,US,1,40.43,40.43,1,1.0,0,0.0
cust_003930,2024-03-08,US,7,1543.16,220.45,0,0.0,0,0.0
cust_003931,2024-03-01,US,2,2111.64,1055.82,0,0.0,0,0.0
cust_003932,2024-04-06,KR,1,28.87,28.87,0,0.0,0,0.0
cust_003933,2024-02-22,FR,1,57.04,57.04,0,0.0,0,0.0
cust_003934,2024-04-22,DE,1,192.26,192.26,0,0.0,0,0.0
cust_003935,2024-04-08,JP,1,120.26,120.26,1,1.0,0,0.0
cust_003936,2024-02-20,IN,1,248.15,248.15,0,0.0,0,0.0
cust_003937,2024-02-02,DE,1,139.78,139.78,0,0.0,0,0.0
cust_003938,2024-04-02,AU,1,37.11,37.11,0,0.0,0,0.0
cust_003939,2024-02-23,US,1,72.16,72.16,0,0.0,0,0.0
cust_003940,2024-02-14,US,1,47.88,47.88,0,0.0,0,0.0
cust_003941,2024-04-16,CA,1,34.2,34.2,0,0.0,0,0.0
cust_003942,2024-03-09,US,1,69.09,69.09,0,0.0,0,0.0
cust_003943,2024-05-13,DE,1,100.21,100.21,0,0.0,0,0.0
cust_003944,2024-02-01,BR,1,97.4,97.4,0,0.0,0,0.0
cust_003945,2024-04-12,BR,1,52.23,52.23,0,0.0,0,0.0
cust_003946,2024-02-26,US,2,11387.57,5693.78,0,0.0,0,0.0
cust_003947,2024-02-10,US,0,0.0,0.0,0,0.0,0,0.0
cust_003948,2024-02-27,MX,1,118.0,118.0,0,0.0,0,0.0
cust_003949,2024-02-16,RU,2,20729.4,10364.7,0,0.0,1,0.5
cust_003950,2024-02-27,US,1,93.71,93.71,0,0.0,0,0.0
cust_003951,2024-08-04,NG,2,2478.35,1239.18,0,0.0,1,0.5
cust_003952,2024-02-05,NG,1,70.27,70.27,0,0.0,0,0.0
cust_003953,2024-04-06,US,1,54.98,54.98,0,0.0,0,0.0
cust_003954,2024-05-23,UK,1,132.22,132.22,0,0.0,0,0.0
cust_003955,2024-05-11,CN,1,98.04,98.04,0,0.0,0,0.0
cust_003956,2024-01-26,FR,2,12463.59,6231.8,1,0.5,1,0.5
cust_003957,2024-03-26,IN,1,70.3,70.3,0,0.0,0,0.0
cust_003958,2024-01-28,MX,1,136.67,136.67,0,0.0,0,0.0
cust_003959,2024-09-21,JP,2,1936.06,968.03,0,0.0,0,0.0
cust_003960,2024-05-23,US,1,75.15,75.15,0,0.0,0,0.0
cust_003961,2024-03-10,CA,1,110.31,110.31,0,0.0,0,0.0
cust_003962,2024-04-04,NG,8,1190.03,148.75,0,0.0,0,0.0
cust_003963,2024-01-25,US,1,89.7,89.7,0,0.0,0,0.0
cust_003964,2024-07-06,US,1,80.03,80.03,0,0.0,0,0.0
cust_003965,2024-03-08,JP,1,41.98,41.98,0,0.0,0,0.0
cust_003966,2024-03-16,AU,1,488.38,488.38,0,0.0,0,0.0
cust_003967,2024-02-03,US,0,0.0,0.0,0,0.0,0,0.0
cust_003968,2024-08-01,US,1,165.15,165.15,0,0.0,0,0.0
cust_003969,2024-05-17,BR,1,53.1,53.1,0,0.0,0,0.0
cust_003970,2024-05-24,US,1,307.24,307.24,0,0.0,0,0.0
cust_003971,2024-03-12,US,1,239.74,239.74,0,0.0,0,0.0
cust_003972,2024-03-26,RU,1,45.96,45.96,0,0.0,0,0.0
cust_003973,2024-05-11,BR,1,181.04,181.04,0,0.0,0,0.0
cust_003974,2024-06-01,UK,1,222.05,222.05,0,0.0,0,0.0
cust_003975,2024-02-29,IN,1,109.59,109.59,0,0.0,0,0.0
cust_003976,2024-05-17,UK,2,2020.97,1010.48,0,0.0,1,0.5
cust_003977,2024-04-23,US,1,135.58,135.58,0,0.0,0,0.0
cust_003978,2024-04-15,ZA,1,22.93,22.93,0,0.0,0,0.0
cust_003979,2024-08-11,CA,1,194.63,194.63,0,0.0,0,0.0
cust_003980,2024-02-01,IN,1,124.93,124.93,1,1.0,0,0.0
cust_003981,2024-02-16,UK,2,6336.17,3168.08,0,0.0,0,0.0
cust_003982,2024-04-14,CA,6,261.26,43.54,1,0.1667,0,0.0
cust_003983,2024-03-23,US,3,4608.14,1536.05,0,0.0,1,0.3333
cust_003984,2024-07-19,UK,0,0.0,0.0,0,0.0,0,0.0
cust_003985,2024-06-09,IN,1,158.43,158.43,0,0.0,0,0.0
cust_003986,2024-03-30,BR,1,618.68,618.68,0,0.0,0,0.0
cust_003987,2024-04-19,BR,1,63.23,63.23,0,0.0,0,0.0
cust_003988,2024-03-22,US,1,51.96,51.96,0,0.0,0,0.0
cust_003989,2024-02-17,CA,1,158.15,158.15,0,0.0,0,0.0
cust_003990,2024-03-11,UK,1,166.39,166.39,0,0.0,0,0.0
cust_003991,2024-04-21,IN,2,8175.9,4087.95,0,0.0,0,0.0
cust_003992,2024-03-19,NG,1,86.01,86.01,1,1.0,0,0.0
cust_003993,2024-04-04,AU,1,70.59,70.59,0,0.0,0,0.0
cust_003994,2024-07-20,US,1,32.19,32.19,0,0.0,0,0.0
cust_003995,2024-01-15,FR,1,137.02,137.02,1,1.0,0,0.0
cust_003996,2024-01-06,US,1,205.69,205.69,0,0.0,0,0.0
cust_003997,2024-05-07,US,0,0.0,0.0,0,0.0,0,0.0
cust_003998,2024-06-05,US,1,132.61,132.61,0,0.0,0,0.0
cust_003999,2024-02-11,UK,1,41.85,41.85,0,0.0,0,0.0
cust_004000,2024-03-18,CA,1,64.86,64.86,0,0.0,0,0.0
cust_004001,2024-03-30,UK,1,622.57,622.57,0,0.0,0,0.0
cust_004002,2024-03-13,IN,2,14413.81,7206.9,1,0.5,0,0.0
cust_004003,2024-02-14,US,1,52.53,52.53,0,0.0,0,0.0
cust_004004,2024-03-17,CA,2,17954.51,8977.25,1,0.5,1,0.5
cust_004005,2024-03-08,US,2,7036.63,3518.32,0,0.0,0,0.0
cust_004006,2024-07-21,UK,1,94.09,94.09,0,0.0,0,0.0
cust_004007,2024-04-19,CA,1,63.08,63.08,0,0.0,0,0.0
cust_004008,2024-04-11,US,1,37.43,37.43,0,0.0,0,0.0
cust_004009,2024-04-04,UK,0,0.0,0.0,0,0.0,0,0.0
cust_004010,2024-02-08,AU,4,8826.65,2206.66,0,0.0,1,0.25
cust_004011,2024-03-28,US,2,6286.04,3143.02,0,0.0,0,0.0
cust_004012,2024-02-22,AU,1,106.64,106.64,0,0.0,0,0.0
cust_004013,2024-05-18,US,1,44.34,44.34,0,0.0,0,0.0
cust_004014,2024-04-19,FR,1,74.33,74.33,0,0.0,0,0.0
cust_004015,2024-02-06,US,2,578.98,289.49,0,0.0,0,0.0
cust_004016,2024-06-16,MX,2,18921.63,9460.82,0,0.0,0,0.0
cust_004017,2024-02-23,US,0,0.0,0.0,0,0.0,0,0.0
cust_004018,2024-03-14,ZA,1,235.47,235.47,0,0.0,0,0.0
cust_004019,2024-06-11,US,1,104.53,104.53,0,0.0,0,0.0
cust_004020,2024-07-09,FR,1,102.66,102.66,0,0.0,0,0.0
cust_004021,2024-05-22,US,0,0.0,0.0,0,0.0,0,0.0
cust_004022,2024-07-16,US,1,8.96,8.96,0,0.0,0,0.0
cust_004023,2024-07-07,US,1,93.58,93.58,0,0.0,0,0.0
cust_004024,2024-05-27,US,1,191.33,191.33,0,0.0,0,0.0
cust_004025,2024-05-03,UK,3,170.15,56.72,0,0.0,0,0.0
cust_004026,2024-05-07,IN,1,125.62,125.62,0,0.0,0,0.0
cust_004027,2024-10-07,CA,2,14665.11,7332.56,1,0.5,0,0.0
cust_004028,2024-04-12,IN,2,3357.53,1678.76,0,0.0,1,0.5
cust_004029,2024-02-09,US,2,1432.08,716.04,0,0.0,1,0.5
cust_004030,2024-02-08,DE,4,11741.01,2935.25,1,0.25,0,0.0
cust_004031,2024-05-05,AU,1,82.96,82.96,0,0.0,0,0.0
cust_004032,2024-05-27,US,1,154.06,154.06,0,0.0,0,0.0
cust_004033,2024-01-15,AU,1,53.01,53.01,0,0.0,0,0.0
cust_004034,2024-04-30,US,1,304.55,304.55,0,0.0,0,0.0
cust_004035,2024-04-02,UK,1,156.94,156.94,0,0.0,0,0.0
cust_004036,2024-06-23,BR,1,31.26,31.26,0,0.0,0,0.0
cust_004037,2024-06-12,DE,1,472.96,472.96,0,0.0,0,0.0
cust_004038,2024-03-19,CA,1,411.57,411.57,0,0.0,0,0.0
cust_004039,2024-02-15,UK,2,6341.44,3170.72,0,0.0,0,0.0
cust_004040,2024-03-23,CA,1,272.37,272.37,0,0.0,0,0.0
cust_004041,2024-04-06,CA,1,860.32,860.32,0,0.0,0,0.0
cust_004042,2024-05-07,KR,2,189.92,94.96,0,0.0,0,0.0
cust_004043,2024-03-26,BR,1,68.83,68.83,1,1.0,0,0.0
cust_004044,2024-01-28,US,2,16834.12,8417.06,0,0.0,1,0.5
cust_004045,2024-05-02,UK,1,383.01,383.01,1,1.0,0,0.0
cust_004046,2024-05-01,IN,2,1409.64,704.82,0,0.0,0,0.0
cust_004047,2024-06-21,DE,5,46.42,9.28,0,0.0,3,0.6
cust_004048,2024-04-03,US,1,56.09,56.09,0,0.0,0,0.0
cust_004049,2024-06-08,BR,1,105.89,105.89,1,1.0,0,0.0
cust_004050,2024-05-06,IN,1,53.15,53.15,0,0.0,0,0.0
cust_004051,2024-02-21,US,1,231.87,231.87,1,1.0,0,0.0
cust_004052,2024-01-30,US,1,57.03,57.03,0,0.0,0,0.0
cust_004053,2024-03-07,DE,1,171.16,171.16,1,1.0,0,0.0
cust_004054,2024-02-02,FR,1,464.45,464.45,0,0.0,0,0.0
cust_004055,2024-04-04,US,1,39.92,39.92,0,0.0,0,0.0
cust_004056,2024-04-19,US,1,245.93,245.93,0,0.0,0,0.0
cust_004057,2024-03-16,US,1,37.95,37.95,0,0.0,0,0.0
cust_004058,2024-08-26,UK,4,747.19,186.8,1,0.25,0,0.0
cust_004059,2024-02-03,IN,1,546.98,546.98,0,0.0,0,0.0
cust_004060,2024-04-10,US,1,71.43,71.43,0,0.0,0,0.0
cust_004061,2024-05-06,AU,1,128.6,128.6,0,0.0,0,0.0
cust_004062,2024-02-04,US,1,34.63,34.63,0,0.0,0,0.0
cust_004063,2024-07-08,BR,1,1072.93,1072.93,0,0.0,0,0.0
cust_004064,2024-09-09,CN,1,89.48,89.48,0,0.0,0,0.0
cust_004065,2024-05-25,US,16,1317.32,82.33,1,0.0625,3,0.1875
cust_004066,2024-01-25,RU,3,11616.88,3872.29,0,0.0,0,0.0
cust_004067,2024-05-13,DE,1,283.86,283.86,0,0.0,0,0.0
cust_004068,2024-04-01,NG,1,144.7,144.7,0,0.0,0,0.0
cust_004069,2024-04-15,US,1,45.17,45.17,0,0.0,0,0.0
cust_004070,2024-09-15,JP,1,8051.19,8051.19,0,0.0,0,0.0
cust_004071,2024-03-23,CA,1,160.46,160.46,0,0.0,0,0.0
cust_004072,2024-06-07,US,1,91.83,91.83,0,0.0,0,0.0
cust_004073,2024-01-26,ZA,2,14083.5,7041.75,0,0.0,0,0.0
cust_004074,2024-05-15,MX,1,58.72,58.72,0,0.0,0,0.0
cust_004075,2024-01-23,US,1,59.57,59.57,0,0.0,0,0.0
cust_004076,2024-03-17,UK,1,5969.49,5969.49,1,1.0,0,0.0
cust_004077,2024-06-08,ZA,1,74.23,74.23,0,0.0,0,0.0
cust_004078,2024-06-08,CA,1,109.75,109.75,0,0.0,0,0.0
cust_004079,2024-02-26,CA,1,56.03,56.03,0,0.0,0,0.0
cust_004080,2024-04-18,US,1,53.72,53.72,0,0.0,0,0.0
cust_004081,2024-05-10,UK,1,202.05,202.05,0,0.0,0,0.0
cust_004082,2024-06-11,CA,0,0.0,0.0,0,0.0,0,0.0
cust_004083,2024-04-14,FR,2,17860.83,8930.41,0,0.0,0,0.0
cust_004084,2024-06-09,UK,1,188.07,188.07,0,0.0,0,0.0
cust_004085,2024-07-06,IN,1,140.95,140.95,0,0.0,0,0.0
cust_004086,2024-03-28,US,0,0.0,0.0,0,0.0,0,0.0
cust_004087,2024-03-22,AU,1,148.61,148.61,0,0.0,0,0.0
cust_004088,2024-03-07,US,1,156.58,156.58,0,0.0,0,0.0
cust_004089,2024-03-21,IN,1,42.82,42.82,0,0.0,0,0.0
cust_004090,2024-04-15,BR,1,188.33,188.33,0,0.0,0,0.0
cust_004091,2024-03-08,AU,2,14913.08,7456.54,2,1.0,1,0.5
cust_004092,2024-06-22,US,1,105.43,105.43,0,0.0,0,0.0
cust_004093,2024-07-09,JP,1,802.66,802.66,0,0.0,0,0.0
cust_004094,2024-05-05,US,2,2082.55,1041.28,0,0.0,0,0.0
cust_004095,2024-05-21,US,1,30.36,30.36,0,0.0,0,0.0
cust_004096,2024-01-15,BR,1,111.42,111.42,0,0.0,0,0.0
cust_004097,2024-04-18,US,1,91.33,91.33,0,0.0,0,0.0
cust_004098,2024-03-01,UK,1,63.52,63.52,0,0.0,0,0.0
cust_004099,2024-03-10,CN,0,0.0,0.0,0,0.0,0,0.0
cust_004100,2024-05-28,US,1,70.09,70.09,0,0.0,0,0.0
cust_004101,2024-05-27,AU,3,137.46,45.82,0,0.0,0,0.0
cust_004102,2024-04-08,IN,1,649.4,649.4,0,0.0,0,0.0
cust_004103,2024-05-25,UK,1,50.75,50.75,0,0.0,0,0.0
cust_004104,2024-02-16,UK,1,165.41,165.41,0,0.0,0,0.0
cust_004105,2024-07-12,UK,1,62.31,62.31,0,0.0,0,0.0
cust_004106,2024-06-25,BR,2,17263.09,8631.54,0,0.0,1,0.5
cust_004107,2024-03-17,BR,0,0.0,0.0,0,0.0,0,0.0
cust_004108,2024-03-12,UK,1,248.53,248.53,0,0.0,0,0.0
cust_004109,2024-05-13,DE,1,248.68,248.68,1,1.0,0,0.0
cust_004110,2024-04-03,CA,1,91.76,91.76,0,0.0,0,0.0
cust_004111,2024-02-12,FR,1,75.65,75.65,0,0.0,0,0.0
cust_004112,2024-04-24,US,1,28.57,28.57,0,0.0,0,0.0
cust_004113,2024-02-13,US,0,0.0,0.0,0,0.0,0,0.0
cust_004114,2024-04-09,US,1,112.92,112.92,0,0.0,0,0.0
cust_004115,2024-01-27,IN,2,18513.33,9256.67,0,0.0,0,0.0
cust_004116,2024-06-04,US,1,46.99,46.99,0,0.0,0,0.0
cust_004117,2024-04-05,CA,1,83.38,83.38,0,0.0,0,0.0
cust_004118,2024-04-29,KR,1,39.98,39.98,0,0.0,0,0.0
cust_004119,2024-07-11,US,1,165.52,165.52,0,0.0,1,1.0
cust_004120,2024-06-26,CA,2,8171.29,4085.64,0,0.0,0,0.0
cust_004121,2024-05-30,US,0,0.0,0.0,0,0.0,0,0.0
cust_004122,2024-01-18,IN,1,125.54,125.54,0,0.0,0,0.0
cust_004123,2024-05-19,US,0,0.0,0.0,0,0.0,0,0.0
cust_004124,2024-07-27,RU,2,4875.98,2437.99,1,0.5,1,0.5
cust_004125,2024-02-20,US,1,230.43,230.43,1,1.0,0,0.0
cust_004126,2024-02-19,MX,1,95.86,95.86,0,0.0,0,0.0
cust_004127,2024-04-10,US,2,1393.65,696.82,0,0.0,1,0.5
cust_004128,2024-03-11,BR,6,454.97,75.83,0,0.0,0,0.0
cust_004129,2024-06-30,US,1,40.78,40.78,0,0.0,0,0.0
cust_004130,2024-02-12,US,1,50.43,50.43,0,0.0,0,0.0
cust_004131,2024-02-22,NG,1,107.01,107.01,0,0.0,0,0.0
cust_004132,2024-01-18,US,1,13.61,13.61,0,0.0,0,0.0
cust_004133,2024-03-20,IN,0,0.0,0.0,0,0.0,0,0.0
cust_004134,2024-02-14,FR,2,1856.97,928.48,1,0.5,0,0.0
cust_004135,2024-03-08,UK,1,112.76,112.76,0,0.0,0,0.0
cust_004136,2024-04-07,US,12,1007.21,83.93,1,0.0833,2,0.1667
cust_004137,2024-08-16,CN,1,556.75,556.75,0,0.0,0,0.0
cust_004138,2024-04-28,IN,2,14917.88,7458.94,1,0.5,0,0.0
cust_004139,2024-04-08,NG,1,75.52,75.52,0,0.0,0,0.0
cust_004140,2024-04-15,AU,2,24099.69,12049.84,0,0.0,1,0.5
cust_004141,2024-07-02,AU,0,0.0,0.0,0,0.0,0,0.0
cust_004142,2024-06-10,IN,5,268.79,53.76,0,0.0,0,0.0
cust_004143,2024-07-14,US,2,13056.51,6528.26,0,0.0,1,0.5
cust_004144,2024-03-06,NG,2,13634.24,6817.12,0,0.0,0,0.0
cust_004145,2024-03-17,BR,0,0.0,0.0,0,0.0,0,0.0
cust_004146,2024-02-23,FR,1,70.28,70.28,0,0.0,0,0.0
cust_004147,2024-03-19,NG,1,515.92,515.92,0,0.0,0,0.0
cust_004148,2024-03-12,US,1,253.57,253.57,0,0.0,0,0.0
cust_004149,2024-05-24,US,1,203.72,203.72,0,0.0,0,0.0
cust_004150,2024-01-27,US,2,3704.43,1852.22,0,0.0,1,0.5
cust_004151,2024-04-12,IN,1,417.34,417.34,0,0.0,0,0.0
cust_004152,2024-04-06,UK,1,1480.44,1480.44,0,0.0,0,0.0
cust_004153,2024-05-25,US,1,12.23,12.23,0,0.0,0,0.0
cust_004154,2024-03-09,IN,0,0.0,0.0,0,0.0,0,0.0
cust_004155,2024-06-13,US,2,1896.26,948.13,1,0.5,1,0.5
cust_004156,2024-03-24,CA,4,8546.64,2136.66,0,0.0,0,0.0
cust_004157,2024-03-14,US,2,14001.58,7000.79,0,0.0,1,0.5
cust_004158,2024-03-09,US,2,10944.0,5472.0,0,0.0,0,0.0
cust_004159,2024-02-09,UK,3,17734.53,5911.51,0,0.0,2,0.6667
cust_004160,2024-02-02,US,1,151.6,151.6,0,0.0,0,0.0
cust_004161,2024-06-11,UK,1,95.49,95.49,0,0.0,0,0.0
cust_004162,2024-02-14,UK,1,86.72,86.72,0,0.0,0,0.0
cust_004163,2024-01-27,MX,3,95.53,31.84,0,0.0,0,0.0
cust_004164,2024-04-21,US,1,76.55,76.55,1,1.0,0,0.0
cust_004165,2024-05-11,US,5,2703.53,540.71,0,0.0,0,0.0
cust_004166,2024-02-20,AU,1,42.82,42.82,0,0.0,0,0.0
cust_004167,2024-04-06,US,1,242.68,242.68,0,0.0,0,0.0
cust_004168,2024-04-07,CA,1,176.08,176.08,0,0.0,0,0.0
cust_004169,2024-07-16,AU,1,236.53,236.53,0,0.0,0,0.0
cust_004170,2024-05-22,US,1,117.75,117.75,0,0.0,0,0.0
cust_004171,2024-07-28,MX,1,168.83,168.83,0,0.0,0,0.0
cust_004172,2024-03-05,UK,1,135.67,135.67,0,0.0,0,0.0
cust_004173,2024-06-20,FR,1,168.41,168.41,0,0.0,0,0.0
cust_004174,2024-04-09,CN,2,13736.14,6868.07,0,0.0,1,0.5
cust_004175,2024-04-28,NG,1,2721.82,2721.82,0,0.0,0,0.0
cust_004176,2024-01-17,US,0,0.0,0.0,0,0.0,0,0.0
cust_004177,2024-04-30,CA,1,142.29,142.29,1,1.0,0,0.0
cust_004178,2024-02-14,UK,3,16529.94,5509.98,0,0.0,0,0.0
cust_004179,2024-02-02,CA,1,133.73,133.73,0,0.0,0,0.0
cust_004180,2024-02-03,AU,1,27.31,27.31,0,0.0,0,0.0
cust_004181,2024-02-05,UK,1,389.85,389.85,0,0.0,0,0.0
cust_004182,2024-05-06,CA,1,84.83,84.83,0,0.0,0,0.0
cust_004183,2024-06-22,IN,1,56.26,56.26,0,0.0,0,0.0
cust_004184,2024-06-25,US,1,258.19,258.19,0,0.0,0,0.0
cust_004185,2024-03-04,IN,1,17.13,17.13,0,0.0,0,0.0
cust_004186,2024-03-08,US,1,162.5,162.5,0,0.0,0,0.0
cust_004187,2024-02-07,IN,1,58.43,58.43,0,0.0,0,0.0
cust_004188,2024-05-10,US,1,490.94,490.94,0,0.0,0,0.0
cust_004189,2024-04-04,AU,2,1626.18,813.09,0,0.0,1,0.5
cust_004190,2024-07-09,US,1,129.41,129.41,0,0.0,0,0.0
cust_004191,2024-04-22,IN,2,5162.9,2581.45,0,0.0,0,0.0
cust_004192,2024-02-15,IN,1,394.09,394.09,0,0.0,0,0.0
cust_004193,2024-08-22,UK,1,84.66,84.66,0,0.0,0,0.0
cust_004194,2024-07-04,IN,1,96.61,96.61,0,0.0,0,0.0
cust_004195,2024-06-19,JP,1,199.17,199.17,1,1.0,0,0.0
cust_004196,2024-07-22,US,1,51.55,51.55,0,0.0,0,0.0
cust_004197,2024-02-06,DE,1,133.89,133.89,0,0.0,0,0.0
cust_004198,2024-06-02,UK,1,57.64,57.64,0,0.0,0,0.0
cust_004199,2024-07-18,DE,5,2197.09,439.42,0,0.0,0,0.0
cust_004200,2024-03-30,NG,1,42.18,42.18,0,0.0,0,0.0
cust_004201,2024-05-28,DE,1,6447.86,6447.86,0,0.0,0,0.0
cust_004202,2024-03-02,US,0,0.0,0.0,0,0.0,0,0.0
cust_004203,2024-06-10,UK,2,5012.16,2506.08,1,0.5,1,0.5
cust_004204,2024-07-26,CA,0,0.0,0.0,0,0.0,0,0.0
cust_004205,2024-03-22,US,1,177.28,177.28,0,0.0,0,0.0
cust_004206,2024-02-17,IN,1,360.59,360.59,0,0.0,0,0.0
cust_004207,2024-02-05,FR,1,1431.16,1431.16,0,0.0,0,0.0
cust_004208,2024-05-15,AU,1,161.06,161.06,0,0.0,0,0.0
cust_004209,2024-02-16,US,2,8074.58,4037.29,0,0.0,0,0.0
cust_004210,2024-04-27,DE,5,203.01,40.6,2,0.4,0,0.0
cust_004211,2024-02-22,UK,0,0.0,0.0,0,0.0,0,0.0
cust_004212,2024-05-25,US,1,129.51,129.51,0,0.0,0,0.0
cust_004213,2024-04-13,CA,1,51.04,51.04,0,0.0,0,0.0
cust_004214,2024-04-12,IN,1,64.66,64.66,0,0.0,0,0.0
cust_004215,2024-01-15,UK,2,3354.35,1677.18,0,0.0,0,0.0
cust_004216,2024-03-25,JP,1,32.94,32.94,0,0.0,0,0.0
cust_004217,2024-05-20,US,1,65.81,65.81,0,0.0,0,0.0
cust_004218,2024-03-18,UK,2,164.65,82.32,0,0.0,0,0.0
cust_004219,2024-03-28,US,1,59.63,59.63,0,0.0,0,0.0
cust_004220,2024-02-03,US,1,187.09,187.09,0,0.0,0,0.0
cust_004221,2024-05-12,US,1,290.27,290.27,0,0.0,0,0.0
cust_004222,2024-04-01,FR,1,80.54,80.54,0,0.0,0,0.0
cust_004223,2024-01-25,CA,0,0.0,0.0,0,0.0,0,0.0
cust_004224,2024-04-03,UK,1,764.5,764.5,0,0.0,0,0.0
cust_004225,2024-04-30,CA,1,85.97,85.97,0,0.0,0,0.0
cust_004226,2024-03-27,US,1,68.44,68.44,0,0.0,0,0.0
cust_004227,2024-03-22,US,1,520.33,520.33,0,0.0,0,0.0
cust_004228,2024-04-26,IN,2,385.17,192.58,0,0.0,0,0.0
cust_004229,2024-03-06,BR,1,116.33,116.33,0,0.0,0,0.0
cust_004230,2024-04-22,AU,1,76.97,76.97,0,0.0,0,0.0
cust_004231,2024-07-11,US,1,72.5,72.5,0,0.0,0,0.0
cust_004232,2024-05-06,UK,1,604.32,604.32,0,0.0,0,0.0
cust_004233,2024-03-07,CA,1,73.0,73.0,0,0.0,0,0.0
cust_004234,2024-04-01,BR,1,177.81,177.81,0,0.0,0,0.0
cust_004235,2024-03-28,US,2,14936.28,7468.14,0,0.0,0,0.0
cust_004236,2024-04-25,US,1,106.77,106.77,0,0.0,0,0.0
cust_004237,2024-02-03,CN,2,7273.74,3636.87,0,0.0,1,0.5
cust_004238,2024-02-20,US,1,310.09,310.09,0,0.0,0,0.0
cust_004239,2024-03-27,ZA,1,632.29,632.29,0,0.0,0,0.0
cust_004240,2024-07-30,IN,1,109.8,109.8,0,0.0,0,0.0
cust_004241,2024-03-15,CA,1,8991.25,8991.25,0,0.0,0,0.0
cust_004242,2024-07-30,US,3,2047.22,682.41,0,0.0,1,0.3333
cust_004243,2024-04-04,JP,2,2086.08,1043.04,0,0.0,0,0.0
cust_004244,2024-01-31,US,1,24.55,24.55,0,0.0,0,0.0
cust_004245,2024-04-22,UK,1,88.27,88.27,0,0.0,0,0.0
cust_004246,2024-05-09,US,2,10979.55,5489.78,0,0.0,1,0.5
cust_004247,2024-04-28,US,1,63.45,63.45,0,0.0,0,0.0
cust_004248,2024-03-15,FR,1,234.78,234.78,0,0.0,0,0.0
cust_004249,2024-03-11,US,2,6659.99,3330.0,0,0.0,1,0.5
cust_004250,2024-04-09,IN,0,0.0,0.0,0,0.0,0,0.0
cust_004251,2024-01-17,FR,1,46.37,46.37,0,0.0,0,0.0
cust_004252,2024-02-20,CA,1,61.44,61.44,0,0.0,0,0.0
cust_004253,2024-07-02,DE,1,17205.76,17205.76,0,0.0,0,0.0
cust_004254,2024-04-02,US,2,113.14,56.57,0,0.0,0,0.0
cust_004255,2024-04-27,BR,1,41.17,41.17,0,0.0,0,0.0
cust_004256,2024-03-23,US,1,258.57,258.57,0,0.0,0,0.0
cust_004257,2024-01-16,IN,1,83.64,83.64,0,0.0,0,0.0
cust_004258,2024-03-02,BR,1,171.69,171.69,0,0.0,0,0.0
cust_004259,2024-06-27,AU,2,13124.47,6562.24,0,0.0,0,0.0
cust_004260,2024-01-24,US,2,11568.78,5784.39,0,0.0,0,0.0
cust_004261,2024-09-16,UK,1,95.18,95.18,0,0.0,0,0.0
cust_004262,2024-06-07,JP,8,61.29,7.66,1,0.125,1,0.125
cust_004263,2024-04-28,JP,2,4035.23,2017.62,0,0.0,0,0.0
cust_004264,2024-05-16,IN,1,147.86,147.86,0,0.0,0,0.0
cust_004265,2024-03-30,US,1,165.15,165.15,0,0.0,0,0.0
cust_004266,2024-07-12,UK,2,10988.77,5494.38,0,0.0,0,0.0
cust_004267,2024-05-31,KR,1,144.82,144.82,0,0.0,0,0.0
cust_004268,2024-01-19,US,1,42.85,42.85,0,0.0,0,0.0
cust_004269,2024-03-14,BR,1,167.21,167.21,0,0.0,0,0.0
cust_004270,2024-03-29,UK,2,12198.92,6099.46,0,0.0,0,0.0
cust_004271,2024-03-24,FR,1,39.3,39.3,0,0.0,0,0.0
cust_004272,2024-06-25,US,1,171.39,171.39,0,0.0,0,0.0
cust_004273,2024-02-21,US,2,1214.99,607.5,0,0.0,1,0.5
cust_004274,2024-02-16,US,1,126.35,126.35,0,0.0,0,0.0
cust_004275,2024-07-13,NG,1,210.95,210.95,0,0.0,0,0.0
cust_004276,2024-02-17,DE,1,1559.85,1559.85,0,0.0,0,0.0
cust_004277,2024-03-24,IN,11,790.69,71.88,2,0.1818,0,0.0
cust_004278,2024-02-10,ZA,1,765.4,765.4,0,0.0,0,0.0
cust_004279,2024-05-12,US,1,165.28,165.28,0,0.0,0,0.0
cust_004280,2024-04-28,JP,1,110.21,110.21,0,0.0,0,0.0
cust_004281,2024-02-29,US,0,0.0,0.0,0,0.0,0,0.0
cust_004282,2024-03-15,US,1,139.64,139.64,0,0.0,0,0.0
cust_004283,2024-03-19,CA,1,38.64,38.64,0,0.0,0,0.0
cust_004284,2024-03-20,MX,1,79.84,79.84,0,0.0,0,0.0
cust_004285,2024-05-24,DE,1,35.86,35.86,0,0.0,0,0.0
cust_004286,2024-02-11,US,1,45.96,45.96,0,0.0,0,0.0
cust_004287,2024-04-27,MX,1,293.68,293.68,0,0.0,0,0.0
cust_004288,2024-01-08,AU,1,134.76,134.76,0,0.0,0,0.0
cust_004289,2024-05-19,FR,1,110.26,110.26,0,0.0,0,0.0
cust_004290,2024-04-01,CA,1,86.82,86.82,0,0.0,0,0.0
cust_004291,2024-01-24,UK,1,229.14,229.14,0,0.0,0,0.0
cust_004292,2024-03-19,US,1,134.27,134.27,0,0.0,0,0.0
cust_004293,2024-03-13,IN,1,6897.73,6897.73,0,0.0,0,0.0
cust_004294,2024-04-15,US,1,136.35,136.35,0,0.0,0,0.0
cust_004295,2024-01-09,IN,0,0.0,0.0,0,0.0,0,0.0
cust_004296,2024-07-01,CA,8,1922.83,240.35,1,0.125,0,0.0
cust_004297,2024-02-26,IN,1,57.49,57.49,0,0.0,0,0.0
cust_004298,2024-01-27,BR,1,55.39,55.39,0,0.0,0,0.0
cust_004299,2024-03-10,UK,1,58.94,58.94,0,0.0,0,0.0
cust_004300,2024-03-13,UK,1,34.44,34.44,0,0.0,0,0.0
cust_004301,2024-02-22,US,1,187.66,187.66,0,0.0,0,0.0
cust_004302,2024-02-21,US,1,81.4,81.4,0,0.0,0,0.0
cust_004303,2024-01-16,US,1,52.93,52.93,0,0.0,0,0.0
cust_004304,2024-05-02,US,1,26.52,26.52,0,0.0,0,0.0
cust_004305,2024-01-23,UK,1,48.53,48.53,0,0.0,0,0.0
cust_004306,2024-03-09,UK,1,213.1,213.1,0,0.0,0,0.0
cust_004307,2024-06-14,CN,1,273.15,273.15,0,0.0,0,0.0
cust_004308,2024-02-17,US,1,231.05,231.05,0,0.0,0,0.0
cust_004309,2024-04-23,US,1,209.82,209.82,0,0.0,0,0.0
cust_004310,2024-03-05,FR,1,312.3,312.3,0,0.0,0,0.0
cust_004311,2024-05-07,US,1,253.48,253.48,0,0.0,0,0.0
cust_004312,2024-05-08,DE,1,73.96,73.96,0,0.0,0,0.0
cust_004313,2024-05-13,FR,2,5959.68,2979.84,0,0.0,1,0.5
cust_004314,2024-06-23,IN,2,653.6,326.8,0,0.0,1,0.5
cust_004315,2024-02-17,US,2,676.91,338.46,1,0.5,0,0.0
cust_004316,2024-03-18,US,1,38.95,38.95,0,0.0,0,0.0
cust_004317,2024-05-02,ZA,1,58.17,58.17,0,0.0,0,0.0
cust_004318,2024-01-27,JP,1,110.46,110.46,1,1.0,0,0.0
cust_004319,2024-03-15,FR,1,186.28,186.28,0,0.0,0,0.0
cust_004320,2024-02-20,US,1,9.42,9.42,0,0.0,0,0.0
cust_004321,2024-08-25,UK,0,0.0,0.0,0,0.0,0,0.0
cust_004322,2024-09-06,DE,1,71.01,71.01,0,0.0,0,0.0
cust_004323,2024-02-05,US,1,79.36,79.36,0,0.0,0,0.0
cust_004324,2024-05-27,MX,1,271.04,271.04,0,0.0,0,0.0
cust_004325,2024-03-11,MX,1,99.92,99.92,0,0.0,0,0.0
cust_004326,2024-07-04,US,2,7083.43,3541.71,0,0.0,0,0.0
cust_004327,2024-04-21,US,61,11803.78,193.5,5,0.082,0,0.0
cust_004328,2024-04-12,UK,1,98.39,98.39,0,0.0,0,0.0
cust_004329,2024-03-24,UK,1,335.06,335.06,0,0.0,0,0.0
cust_004330,2024-02-20,UK,1,127.23,127.23,1,1.0,0,0.0
cust_004331,2024-04-15,DE,1,199.51,199.51,0,0.0,0,0.0
cust_004332,2024-06-22,CA,2,13585.28,6792.64,0,0.0,1,0.5
cust_004333,2024-03-18,US,1,294.44,294.44,0,0.0,0,0.0
cust_004334,2024-05-13,US,1,33.7,33.7,0,0.0,0,0.0
cust_004335,2024-07-12,UK,1,446.07,446.07,0,0.0,0,0.0
cust_004336,2024-07-28,CA,1,96.14,96.14,0,0.0,0,0.0
cust_004337,2024-04-07,CN,1,117.24,117.24,0,0.0,0,0.0
cust_004338,2024-02-07,US,1,226.27,226.27,1,1.0,0,0.0
cust_004339,2024-07-30,BR,1,153.37,153.37,0,0.0,0,0.0
cust_004340,2024-04-24,US,1,68.96,68.96,0,0.0,0,0.0
cust_004341,2024-03-15,FR,2,2051.87,1025.94,0,0.0,1,0.5
cust_004342,2024-03-06,US,1,200.48,200.48,0,0.0,0,0.0
cust_004343,2024-01-18,UK,1,23.0,23.0,0,0.0,0,0.0
cust_004344,2024-05-19,UK,1,395.17,395.17,0,0.0,0,0.0
cust_004345,2024-02-26,FR,1,601.88,601.88,0,0.0,0,0.0
cust_004346,2024-03-12,US,1,187.45,187.45,0,0.0,0,0.0
cust_004347,2024-04-02,US,2,12983.35,6491.68,0,0.0,1,0.5
cust_004348,2024-08-02,CA,1,25.36,25.36,0,0.0,0,0.0
cust_004349,2024-05-19,DE,7,3061.61,437.37,0,0.0,1,0.1429
cust_004350,2024-05-19,US,1,77.45,77.45,0,0.0,0,0.0
cust_004351,2024-05-23,US,1,308.91,308.91,0,0.0,0,0.0
cust_004352,2024-04-07,FR,1,210.87,210.87,1,1.0,0,0.0
cust_004353,2024-02-08,UK,1,127.59,127.59,0,0.0,0,0.0
cust_004354,2024-03-01,US,1,53.26,53.26,0,0.0,0,0.0
cust_004355,2024-06-18,US,1,160.85,160.85,0,0.0,0,0.0
cust_004356,2024-04-11,IN,1,243.09,243.09,0,0.0,0,0.0
cust_004357,2024-03-04,MX,1,293.29,293.29,0,0.0,0,0.0
cust_004358,2024-08-10,FR,0,0.0,0.0,0,0.0,0,0.0
cust_004359,2024-05-23,AU,2,6672.05,3336.02,0,0.0,0,0.0
cust_004360,2024-05-09,IN,1,188.44,188.44,0,0.0,0,0.0
cust_004361,2024-04-18,UK,1,123.29,123.29,0,0.0,0,0.0
cust_004362,2024-03-11,KR,2,22656.11,11328.06,0,0.0,1,0.5
cust_004363,2024-04-18,US,2,4732.14,2366.07,1,0.5,1,0.5
cust_004364,2024-03-25,BR,1,47.42,47.42,0,0.0,0,0.0
cust_004365,2024-03-26,US,0,0.0,0.0,0,0.0,0,0.0
cust_004366,2024-01-19,IN,1,303.22,303.22,0,0.0,0,0.0
cust_004367,2024-06-16,ZA,18,1440.97,80.05,2,0.1111,1,0.0556
cust_004368,2024-05-03,JP,1,24.24,24.24,0,0.0,0,0.0
cust_004369,2024-04-24,JP,1,112.73,112.73,0,0.0,0,0.0
cust_004370,2024-05-10,BR,1,3397.03,3397.03,0,0.0,0,0.0
cust_004371,2024-08-08,UK,1,153.79,153.79,0,0.0,0,0.0
cust_004372,2024-03-23,UK,1,141.87,141.87,0,0.0,0,0.0
cust_004373,2024-02-12,CA,1,296.15,296.15,0,0.0,0,0.0
cust_004374,2024-06-13,US,1,20.26,20.26,0,0.0,0,0.0
cust_004375,2024-04-07,CA,1,156.14,156.14,0,0.0,0,0.0
cust_004376,2024-04-08,US,2,1504.29,752.15,0,0.0,1,0.5
cust_004377,2024-01-23,NG,1,108.95,108.95,0,0.0,0,0.0
cust_004378,2024-05-21,FR,2,7153.5,3576.75,0,0.0,0,0.0
cust_004379,2024-03-16,US,1,262.23,262.23,1,1.0,0,0.0
cust_004380,2024-06-16,DE,1,93.59,93.59,0,0.0,0,0.0
cust_004381,2024-03-28,FR,77,6471.11,84.04,6,0.0779,2,0.026
cust_004382,2024-04-24,JP,2,23520.62,11760.31,0,0.0,1,0.5
cust_004383,2024-02-08,US,1,578.99,578.99,0,0.0,0,0.0
cust_004384,2024-02-26,IN,0,0.0,0.0,0,0.0,0,0.0
cust_004385,2024-06-25,US,1,39.4,39.4,0,0.0,0,0.0
cust_004386,2024-04-09,JP,5,1220.82,244.16,1,0.2,1,0.2
cust_004387,2024-05-23,NG,6,842.6,140.43,0,0.0,1,0.1667
cust_004388,2024-01-24,US,1,47.04,47.04,1,1.0,0,0.0
cust_004389,2024-04-01,US,1,318.11,318.11,0,0.0,0,0.0
cust_004390,2024-04-03,US,1,128.39,128.39,0,0.0,0,0.0
cust_004391,2024-02-19,UK,1,610.55,610.55,0,0.0,0,0.0
cust_004392,2024-03-06,US,1,61.01,61.01,0,0.0,0,0.0
cust_004393,2024-02-10,AU,1,235.41,235.41,0,0.0,0,0.0
cust_004394,2024-04-02,UK,1,46.16,46.16,0,0.0,0,0.0
cust_004395,2024-04-02,CA,1,81.62,81.62,1,1.0,0,0.0
cust_004396,2024-03-22,FR,1,123.77,123.77,0,0.0,0,0.0
cust_004397,2024-04-15,FR,1,157.91,157.91,0,0.0,0,0.0
cust_004398,2024-02-22,US,1,1168.64,1168.64,0,0.0,0,0.0
cust_004399,2024-05-10,AU,2,5471.82,2735.91,0,0.0,0,0.0
cust_004400,2024-03-14,IN,1,395.86,395.86,0,0.0,0,0.0
cust_004401,2024-02-29,US,1,59.97,59.97,0,0.0,0,0.0
cust_004402,2024-04-23,US,0,0.0,0.0,0,0.0,0,0.0
cust_004403,2024-04-12,FR,0,0.0,0.0,0,0.0,0,0.0
cust_004404,2024-06-13,US,1,1102.39,1102.39,0,0.0,0,0.0
cust_004405,2024-04-03,US,2,14752.66,7376.33,0,0.0,1,0.5
cust_004406,2024-03-19,UK,2,6681.12,3340.56,1,0.5,0,0.0
cust_004407,2024-01-30,CN,1,65.03,65.03,0,0.0,0,0.0
cust_004408,2024-03-10,FR,1,573.39,573.39,0,0.0,0,0.0
cust_004409,2024-06-25,AU,3,7046.22,2348.74,1,0.3333,1,0.3333
cust_004410,2024-04-10,US,1,58.49,58.49,0,0.0,0,0.0
cust_004411,2024-04-15,BR,0,0.0,0.0,0,0.0,0,0.0
cust_004412,2024-05-02,UK,1,58.2,58.2,0,0.0,0,0.0
cust_004413,2024-03-31,KR,1,80.5,80.5,0,0.0,0,0.0
cust_004414,2024-04-20,CA,0,0.0,0.0,0,0.0,0,0.0
cust_004415,2024-01-26,IN,1,88.82,88.82,0,0.0,0,0.0
cust_004416,2024-02-24,RU,9,9586.8,1065.2,4,0.4444,1,0.1111
cust_004417,2024-03-14,MX,1,98.13,98.13,0,0.0,0,0.0
cust_004418,2024-07-29,US,1,62.44,62.44,0,0.0,0,0.0
cust_004419,2024-03-19,US,0,0.0,0.0,0,0.0,0,0.0
cust_004420,2024-03-07,IN,1,91.15,91.15,0,0.0,0,0.0
cust_004421,2024-03-31,US,7,135.32,19.33,2,0.2857,2,0.2857
cust_004422,2024-04-14,US,1,112.56,112.56,0,0.0,0,0.0
cust_004423,2024-05-17,US,9,190.2,21.13,1,0.1111,2,0.2222
cust_004424,2024-03-10,CA,1,81.82,81.82,0,0.0,0,0.0
cust_004425,2024-03-27,IN,1,96.01,96.01,0,0.0,0,0.0
cust_004426,2024-02-01,US,1,34.81,34.81,0,0.0,0,0.0
cust_004427,2024-04-12,CA,1,103.47,103.47,0,0.0,0,0.0
cust_004428,2024-04-12,UK,1,139.99,139.99,1,1.0,0,0.0
cust_004429,2024-02-25,ZA,1,181.39,181.39,0,0.0,0,0.0
cust_004430,2024-03-22,US,1,245.38,245.38,0,0.0,0,0.0
cust_004431,2024-07-08,JP,1,229.9,229.9,0,0.0,0,0.0
cust_004432,2024-02-17,ZA,0,0.0,0.0,0,0.0,0,0.0
cust_004433,2024-05-14,CA,1,686.93,686.93,0,0.0,0,0.0
cust_004434,2024-04-20,DE,0,0.0,0.0,0,0.0,0,0.0
cust_004435,2024-07-24,US,1,265.89,265.89,0,0.0,0,0.0
cust_004436,2024-04-14,UK,1,176.35,176.35,0,0.0,0,0.0
cust_004437,2024-01-30,US,0,0.0,0.0,0,0.0,0,0.0
cust_004438,2024-06-23,IN,2,1707.48,853.74,0,0.0,0,0.0
cust_004439,2024-05-03,MX,2,11171.63,5585.82,0,0.0,1,0.5
cust_004440,2024-06-09,US,1,80.57,80.57,0,0.0,0,0.0
cust_004441,2024-03-14,CA,4,121.07,30.27,1,0.25,0,0.0
cust_004442,2024-02-26,FR,1,135.26,135.26,0,0.0,0,0.0
cust_004443,2024-08-23,UK,1,75.73,75.73,0,0.0,0,0.0
cust_004444,2024-04-05,CA,1,59.99,59.99,0,0.0,0,0.0
cust_004445,2024-10-14,UK,3,398.88,132.96,0,0.0,0,0.0
cust_004446,2024-03-16,IN,2,4947.8,2473.9,0,0.0,1,0.5
cust_004447,2024-05-19,US,2,22370.71,11185.36,0,0.0,1,0.5
cust_004448,2024-04-21,CA,4,335.03,83.76,0,0.0,0,0.0
cust_004449,2024-04-04,CA,2,2405.44,1202.72,0,0.0,0,0.0
cust_004450,2024-02-24,US,0,0.0,0.0,0,0.0,0,0.0
cust_004451,2024-02-20,CA,1,135.49,135.49,0,0.0,0,0.0
cust_004452,2024-05-27,UK,1,137.93,137.93,0,0.0,0,0.0
cust_004453,2024-07-07,IN,1,95.35,95.35,0,0.0,0,0.0
cust_004454,2024-04-11,CA,3,20495.7,6831.9,0,0.0,0,0.0
cust_004455,2024-04-28,UK,1,77.14,77.14,1,1.0,0,0.0
cust_004456,2024-06-18,AU,0,0.0,0.0,0,0.0,0,0.0
cust_004457,2024-02-23,UK,1,16.08,16.08,0,0.0,0,0.0
cust_004458,2024-08-23,CA,1,96.1,96.1,0,0.0,0,0.0
cust_004459,2024-07-27,UK,1,452.89,452.89,0,0.0,0,0.0
cust_004460,2024-07-07,CA,1,179.72,179.72,0,0.0,0,0.0
cust_004461,2024-01-31,BR,0,0.0,0.0,0,0.0,0,0.0
cust_004462,2024-04-04,DE,1,57.47,57.47,0,0.0,0,0.0
cust_004463,2024-03-26,US,1,77.12,77.12,0,0.0,0,0.0
cust_004464,2024-01-15,CA,1,139.82,139.82,1,1.0,0,0.0
cust_004465,2024-01-23,US,1,95.14,95.14,0,0.0,0,0.0
cust_004466,2024-02-14,FR,1,184.63,184.63,0,0.0,0,0.0
cust_004467,2024-03-18,ZA,1,350.71,350.71,0,0.0,0,0.0
cust_004468,2024-03-15,IN,1,1714.57,1714.57,0,0.0,0,0.0
cust_004469,2024-07-15,UK,1,251.05,251.05,0,0.0,0,0.0
cust_004470,2024-01-09,US,2,1332.06,666.03,0,0.0,0,0.0
cust_004471,2024-06-28,US,2,10879.55,5439.78,0,0.0,1,0.5
cust_004472,2024-02-02,CA,1,65.23,65.23,0,0.0,0,0.0
cust_004473,2024-03-02,NG,2,18527.08,9263.54,0,0.0,1,0.5
cust_004474,2024-05-30,CA,2,300.18,150.09,0,0.0,1,0.5
cust_004475,2024-02-22,ZA,1,100.03,100.03,0,0.0,0,0.0
cust_004476,2024-02-10,UK,0,0.0,0.0,0,0.0,0,0.0
cust_004477,2024-02-23,US,2,11427.65,5713.82,0,0.0,0,0.0
cust_004478,2024-03-17,IN,2,3891.54,1945.77,1,0.5,0,0.0
cust_004479,2024-05-07,US,2,9266.78,4633.39,0,0.0,0,0.0
cust_004480,2024-06-13,US,1,272.97,272.97,0,0.0,0,0.0
cust_004481,2024-02-17,US,1,280.08,280.08,0,0.0,0,0.0
cust_004482,2024-06-15,CA,1,49.12,49.12,0,0.0,0,0.0
cust_004483,2024-04-25,US,7,22.4,3.2,1,0.1429,2,0.2857
cust_004484,2024-01-24,ZA,1,210.18,210.18,0,0.0,0,0.0
cust_004485,2024-03-31,BR,1,115.09,115.09,0,0.0,0,0.0
cust_004486,2024-06-09,FR,2,2830.45,1415.22,0,0.0,0,0.0
cust_004487,2024-05-05,UK,1,72.02,72.02,0,0.0,0,0.0
cust_004488,2024-06-09,US,0,0.0,0.0,0,0.0,0,0.0
cust_004489,2024-04-18,DE,11,11073.64,1006.69,0,0.0,1,0.0909
cust_004490,2024-07-21,US,1,210.05,210.05,0,0.0,0,0.0
cust_004491,2024-03-04,UK,1,304.07,304.07,0,0.0,0,0.0
cust_004492,2024-04-25,US,1,34.16,34.16,0,0.0,0,0.0
cust_004493,2024-05-23,CA,1,298.47,298.47,0,0.0,0,0.0
cust_004494,2024-07-25,CA,1,379.9,379.9,0,0.0,0,0.0
cust_004495,2024-03-03,CA,1,181.3,181.3,0,0.0,0,0.0
cust_004496,2024-02-10,FR,1,27.14,27.14,0,0.0,0,0.0
cust_004497,2024-05-04,US,1,176.71,176.71,0,0.0,0,0.0
cust_004498,2024-02-04,US,1,109.24,109.24,0,0.0,0,0.0
cust_004499,2024-01-17,UK,1,40.53,40.53,0,0.0,0,0.0
cust_004500,2024-03-07,DE,2,2093.92,1046.96,0,0.0,0,0.0
cust_004501,2024-05-27,US,0,0.0,0.0,0,0.0,0,0.0
cust_004502,2024-02-01,NG,1,69.28,69.28,0,0.0,0,0.0
cust_004503,2024-03-17,US,4,274.87,68.72,0,0.0,0,0.0
cust_004504,2024-03-09,US,1,1168.59,1168.59,0,0.0,0,0.0
cust_004505,2024-10-14,IN,8,349.31,43.66,2,0.25,3,0.375
cust_004506,2024-01-25,US,1,102.07,102.07,0,0.0,0,0.0
cust_004507,2024-09-01,UK,1,123.22,123.22,0,0.0,0,0.0
cust_004508,2024-03-22,US,1,153.38,153.38,0,0.0,0,0.0
cust_004509,2024-03-04,UK,1,118.77,118.77,0,0.0,0,0.0
cust_004510,2024-04-12,US,2,141.62,70.81,0,0.0,0,0.0
cust_004511,2024-08-17,US,1,619.63,619.63,0,0.0,0,0.0
cust_004512,2024-04-02,UK,2,1859.03,929.52,0,0.0,0,0.0
cust_004513,2024-06-18,AU,2,7922.58,3961.29,1,0.5,1,0.5
cust_004514,2024-01-22,AU,1,164.53,164.53,0,0.0,0,0.0
cust_004515,2024-01-18,UK,2,1181.08,590.54,1,0.5,1,0.5
cust_004516,2024-06-13,KR,0,0.0,0.0,0,0.0,0,0.0
cust_004517,2024-03-05,US,0,0.0,0.0,0,0.0,0,0.0
cust_004518,2024-04-02,JP,1,107.14,107.14,0,0.0,0,0.0
cust_004519,2024-08-24,KR,9,595.78,66.2,0,0.0,0,0.0
cust_004520,2024-03-18,IN,1,342.43,342.43,0,0.0,0,0.0
cust_004521,2024-06-05,US,3,21428.24,7142.75,0,0.0,0,0.0
cust_004522,2024-03-05,CN,1,122.03,122.03,0,0.0,0,0.0
cust_004523,2024-04-14,UK,1,341.39,341.39,0,0.0,0,0.0
cust_004524,2024-01-23,US,1,329.44,329.44,0,0.0,0,0.0
cust_004525,2024-06-28,NG,1,132.89,132.89,0,0.0,0,0.0
cust_004526,2024-06-25,UK,1,63.83,63.83,0,0.0,0,0.0
cust_004527,2024-06-29,CA,1,109.02,109.02,0,0.0,0,0.0
cust_004528,2024-01-25,IN,1,40.14,40.14,0,0.0,0,0.0
cust_004529,2024-05-30,RU,1,188.38,188.38,0,0.0,0,0.0
cust_004530,2024-06-11,CA,1,38.18,38.18,0,0.0,0,0.0
cust_004531,2024-02-14,NG,1,209.58,209.58,0,0.0,0,0.0
cust_004532,2024-05-10,US,1,42.7,42.7,0,0.0,0,0.0
cust_004533,2024-05-14,IN,1,248.54,248.54,1,1.0,0,0.0
cust_004534,2024-01-07,CA,1,85.99,85.99,0,0.0,0,0.0
cust_004535,2024-03-04,US,1,88.82,88.82,0,0.0,0,0.0
cust_004536,2024-04-02,US,1,49.65,49.65,0,0.0,0,0.0
cust_004537,2024-02-12,US,1,32.68,32.68,0,0.0,1,1.0
cust_004538,2024-01-19,US,1,674.32,674.32,0,0.0,0,0.0
cust_004539,2024-04-21,DE,1,110.89,110.89,0,0.0,0,0.0
cust_004540,2024-01-25,US,1,38.61,38.61,0,0.0,0,0.0
cust_004541,2024-03-11,FR,2,2178.9,1089.45,0,0.0,1,0.5
cust_004542,2024-08-28,NG,0,0.0,0.0,0,0.0,0,0.0
cust_004543,2024-01-19,DE,1,104.33,104.33,0,0.0,0,0.0
cust_004544,2024-05-14,BR,2,78.02,39.01,0,0.0,0,0.0
cust_004545,2024-03-06,IN,1,67.81,67.81,0,0.0,0,0.0
cust_004546,2024-02-26,MX,1,138.53,138.53,0,0.0,0,0.0
cust_004547,2024-05-03,AU,1,516.87,516.87,0,0.0,0,0.0
cust_004548,2024-02-29,US,1,37.19,37.19,0,0.0,0,0.0
cust_004549,2024-04-14,FR,1,37.52,37.52,1,1.0,0,0.0
cust_004550,2024-07-04,DE,0,0.0,0.0,0,0.0,0,0.0
cust_004551,2024-08-11,FR,1,66.19,66.19,0,0.0,0,0.0
cust_004552,2024-05-10,US,11,1650.32,150.03,0,0.0,0,0.0
cust_004553,2024-05-03,CA,5,1818.99,363.8,0,0.0,0,0.0
cust_004554,2024-03-22,NG,0,0.0,0.0,0,0.0,0,0.0
cust_004555,2024-03-06,KR,1,179.85,179.85,0,0.0,0,0.0
cust_004556,2024-02-26,UK,1,241.05,241.05,0,0.0,0,0.0
cust_004557,2024-02-11,CA,1,33.49,33.49,0,0.0,0,0.0
cust_004558,2024-03-24,US,1,290.17,290.17,0,0.0,0,0.0
cust_004559,2024-02-04,FR,1,80.51,80.51,1,1.0,0,0.0
cust_004560,2024-04-04,US,1,226.34,226.34,0,0.0,0,0.0
cust_004561,2024-04-08,MX,2,2371.05,1185.53,0,0.0,0,0.0
cust_004562,2024-02-15,CA,1,120.11,120.11,0,0.0,0,0.0
cust_004563,2024-03-08,US,1,61.48,61.48,0,0.0,0,0.0
cust_004564,2024-02-25,US,1,72.01,72.01,0,0.0,0,0.0
cust_004565,2024-04-23,CA,1,77.99,77.99,0,0.0,0,0.0
cust_004566,2024-05-31,IN,2,1269.11,634.55,0,0.0,1,0.5
cust_004567,2024-03-08,DE,1,24.4,24.4,0,0.0,0,0.0
cust_004568,2024-03-27,CA,2,24595.38,12297.69,0,0.0,0,0.0
cust_004569,2024-04-26,CA,3,11333.79,3777.93,0,0.0,1,0.3333
cust_004570,2024-01-25,US,1,91.17,91.17,0,0.0,0,0.0
cust_004571,2024-05-15,US,1,94.62,94.62,0,0.0,0,0.0
cust_004572,2024-02-08,US,1,57.28,57.28,0,0.0,0,0.0
cust_004573,2024-01-23,UK,1,1620.33,1620.33,0,0.0,0,0.0
cust_004574,2024-03-27,AU,1,79.13,79.13,0,0.0,0,0.0
cust_004575,2024-06-30,US,1,221.31,221.31,0,0.0,0,0.0
cust_004576,2024-03-25,IN,1,109.65,109.65,0,0.0,0,0.0
cust_004577,2024-03-12,US,1,81.35,81.35,0,0.0,0,0.0
cust_004578,2024-06-22,US,1,44.53,44.53,0,0.0,0,0.0
cust_004579,2024-03-01,US,1,3078.31,3078.31,0,0.0,1,1.0
cust_004580,2024-02-27,UK,1,58.31,58.31,0,0.0,0,0.0
cust_004581,2024-02-08,US,2,14100.74,7050.37,2,1.0,0,0.0
cust_004582,2024-05-09,NG,1,68.35,68.35,0,0.0,0,0.0
cust_004583,2024-07-03,US,4,560.5,140.12,0,0.0,0,0.0
cust_004584,2024-08-28,UK,1,120.52,120.52,0,0.0,0,0.0
cust_004585,2024-04-10,ZA,2,7425.0,3712.5,0,0.0,0,0.0
cust_004586,2024-02-12,US,1,115.1,115.1,0,0.0,0,0.0
cust_004587,2024-04-17,IN,1,39.0,39.0,0,0.0,0,0.0
cust_004588,2024-02-25,FR,1,116.3,116.3,0,0.0,0,0.0
cust_004589,2024-07-12,US,1,321.96,321.96,0,0.0,0,0.0
cust_004590,2024-03-17,US,1,29.01,29.01,1,1.0,0,0.0
cust_004591,2024-03-26,AU,1,60.48,60.48,0,0.0,0,0.0
cust_004592,2024-05-30,US,4,838.09,209.52,0,0.0,0,0.0
cust_004593,2024-04-01,US,1,398.91,398.91,0,0.0,0,0.0
cust_004594,2024-07-09,UK,1,167.29,167.29,0,0.0,0,0.0
cust_004595,2024-03-31,US,1,80.02,80.02,0,0.0,0,0.0
cust_004596,2024-07-06,JP,1,83.92,83.92,0,0.0,0,0.0
cust_004597,2024-04-29,JP,1,70.89,70.89,0,0.0,0,0.0
cust_004598,2024-05-14,NG,1,106.07,106.07,0,0.0,0,0.0
cust_004599,2024-09-05,US,1,211.62,211.62,0,0.0,0,0.0
cust_004600,2024-01-27,KR,1,517.55,517.55,1,1.0,0,0.0
cust_004601,2024-02-19,DE,1,142.83,142.83,0,0.0,0,0.0
cust_004602,2024-03-19,IN,1,95.89,95.89,0,0.0,0,0.0
cust_004603,2024-05-03,FR,1,38.93,38.93,0,0.0,0,0.0
cust_004604,2024-05-02,FR,1,471.18,471.18,1,1.0,0,0.0
cust_004605,2024-01-19,UK,1,65.53,65.53,0,0.0,1,1.0
cust_004606,2024-02-22,IN,1,371.44,371.44,1,1.0,0,0.0
cust_004607,2024-04-23,IN,2,10097.41,5048.7,2,1.0,1,0.5
cust_004608,2024-05-27,US,1,96.17,96.17,1,1.0,0,0.0
cust_004609,2024-05-27,US,0,0.0,0.0,0,0.0,0,0.0
cust_004610,2024-03-01,CA,1,170.47,170.47,0,0.0,0,0.0
cust_004611,2024-01-26,CA,1,2738.69,2738.69,0,0.0,0,0.0
cust_004612,2024-04-27,DE,1,46.41,46.41,0,0.0,0,0.0
cust_004613,2024-02-28,FR,1,919.97,919.97,0,0.0,0,0.0
cust_004614,2024-05-17,IN,4,7094.28,1773.57,0,0.0,2,0.5
cust_004615,2024-01-25,US,2,11771.57,5885.78,0,0.0,1,0.5
cust_004616,2024-08-08,IN,1,472.94,472.94,0,0.0,0,0.0
cust_004617,2024-02-01,US,1,99.11,99.11,0,0.0,0,0.0
cust_004618,2024-03-10,BR,1,66.63,66.63,0,0.0,0,0.0
cust_004619,2024-02-10,UK,1,77.46,77.46,0,0.0,0,0.0
cust_004620,2024-06-04,NG,1,250.79,250.79,0,0.0,0,0.0
cust_004621,2024-04-11,US,1,51.62,51.62,1,1.0,0,0.0
cust_004622,2024-03-08,DE,1,29.48,29.48,0,0.0,0,0.0
cust_004623,2024-04-06,UK,0,0.0,0.0,0,0.0,0,0.0
cust_004624,2024-03-22,US,1,23.12,23.12,0,0.0,0,0.0
cust_004625,2024-03-18,CA,1,1206.0,1206.0,0,0.0,0,0.0
cust_004626,2024-02-23,US,1,6676.58,6676.58,0,0.0,1,1.0
cust_004627,2024-06-11,US,1,360.76,360.76,0,0.0,0,0.0
cust_004628,2024-01-27,UK,1,39.49,39.49,0,0.0,0,0.0
cust_004629,2024-04-12,UK,3,4752.84,1584.28,0,0.0,0,0.0
cust_004630,2024-02-04,UK,1,269.71,269.71,0,0.0,0,0.0
cust_004631,2024-09-19,UK,1,316.41,316.41,0,0.0,0,0.0
cust_004632,2024-03-31,US,2,1496.85,748.42,0,0.0,0,0.0
cust_004633,2024-05-11,UK,1,203.3,203.3,0,0.0,0,0.0
cust_004634,2024-01-27,UK,1,201.85,201.85,1,1.0,0,0.0
cust_004635,2024-01-27,IN,2,2277.44,1138.72,1,0.5,1,0.5
cust_004636,2024-05-03,CA,1,391.74,391.74,0,0.0,0,0.0
cust_004637,2024-02-23,US,1,110.42,110.42,0,0.0,0,0.0
cust_004638,2024-05-24,IN,1,86.54,86.54,0,0.0,0,0.0
cust_004639,2024-03-22,US,2,11627.53,5813.76,0,0.0,0,0.0
cust_004640,2024-02-04,US,1,450.01,450.01,0,0.0,0,0.0
cust_004641,2024-05-27,IN,1,256.53,256.53,1,1.0,0,0.0
cust_004642,2024-06-13,IN,1,55.54,55.54,0,0.0,0,0.0
cust_004643,2024-05-12,US,1,185.49,185.49,0,0.0,0,0.0
cust_004644,2024-05-29,US,1,1440.56,1440.56,0,0.0,0,0.0
cust_004645,2024-02-29,UK,1,30.75,30.75,0,0.0,0,0.0
cust_004646,2024-02-12,UK,0,0.0,0.0,0,0.0,0,0.0
cust_004647,2024-02-19,DE,1,591.04,591.04,0,0.0,0,0.0
cust_004648,2024-03-13,FR,1,70.08,70.08,1,1.0,0,0.0
cust_004649,2024-07-15,US,1,28.12,28.12,0,0.0,0,0.0
cust_004650,2024-04-09,FR,1,65.34,65.34,0,0.0,0,0.0
cust_004651,2024-05-10,NG,1,124.6,124.6,0,0.0,0,0.0
cust_004652,2024-05-07,RU,1,79.89,79.89,1,1.0,0,0.0
cust_004653,2024-01-26,US,1,80.53,80.53,0,0.0,0,0.0
cust_004654,2024-04-24,NG,1,99.75,99.75,0,0.0,0,0.0
cust_004655,2024-01-18,US,0,0.0,0.0,0,0.0,0,0.0
cust_004656,2024-04-20,US,1,49.82,49.82,0,0.0,0,0.0
cust_004657,2024-05-10,UK,1,84.56,84.56,0,0.0,0,0.0
cust_004658,2024-03-04,US,1,165.74,165.74,0,0.0,0,0.0
cust_004659,2024-01-19,US,2,2287.79,1143.9,1,0.5,0,0.0
cust_004660,2024-03-02,US,1,191.77,191.77,0,0.0,0,0.0
cust_004661,2024-05-19,DE,1,302.91,302.91,0,0.0,0,0.0
cust_004662,2024-03-06,IN,1,358.08,358.08,0,0.0,0,0.0
cust_004663,2024-01-05,IN,2,18282.72,9141.36,1,0.5,1,0.5
cust_004664,2024-04-13,CA,1,85.32,85.32,0,0.0,0,0.0
cust_004665,2024-06-01,US,1,584.1,584.1,0,0.0,0,0.0
cust_004666,2024-02-07,IN,2,1348.08,674.04,0,0.0,0,0.0
cust_004667,2024-06-12,DE,1,91.69,91.69,0,0.0,0,0.0
cust_004668,2024-03-14,US,1,690.7,690.7,0,0.0,0,0.0
cust_004669,2024-07-12,ZA,0,0.0,0.0,0,0.0,0,0.0
cust_004670,2024-05-30,IN,1,57.99,57.99,0,0.0,0,0.0
cust_004671,2024-05-16,IN,1,2026.42,2026.42,0,0.0,0,0.0
cust_004672,2024-04-02,CA,1,63.9,63.9,0,0.0,0,0.0
cust_004673,2024-04-06,DE,1,69.18,69.18,0,0.0,0,0.0
cust_004674,2024-04-30,DE,1,37.98,37.98,1,1.0,0,0.0
cust_004675,2024-04-06,AU,1,366.54,366.54,1,1.0,0,0.0
cust_004676,2024-02-22,US,1,52.1,52.1,0,0.0,0,0.0
cust_004677,2024-05-27,US,1,965.1,965.1,0,0.0,0,0.0
cust_004678,2024-06-14,US,1,247.74,247.74,0,0.0,0,0.0
cust_004679,2024-01-20,KR,2,13840.5,6920.25,0,0.0,1,0.5
cust_004680,2024-04-14,UK,1,174.1,174.1,0,0.0,0,0.0
cust_004681,2024-06-03,US,1,17.85,17.85,0,0.0,0,0.0
cust_004682,2024-05-09,US,1,37.86,37.86,1,1.0,0,0.0
cust_004683,2024-04-18,CA,3,415.37,138.46,1,0.3333,0,0.0
cust_004684,2024-05-02,RU,1,103.22,103.22,0,0.0,0,0.0
cust_004685,2024-02-22,DE,1,71.49,71.49,0,0.0,0,0.0
cust_004686,2024-09-23,US,1,212.64,212.64,0,0.0,0,0.0
cust_004687,2024-02-03,BR,1,561.06,561.06,0,0.0,0,0.0
cust_004688,2024-02-28,MX,2,14146.82,7073.41,0,0.0,0,0.0
cust_004689,2024-05-04,FR,1,55.35,55.35,0,0.0,0,0.0
cust_004690,2024-04-04,IN,7,69.0,9.86,1,0.1429,4,0.5714
cust_004691,2024-08-13,DE,1,59.44,59.44,0,0.0,0,0.0
cust_004692,2024-02-23,FR,0,0.0,0.0,0,0.0,0,0.0
cust_004693,2024-02-29,JP,1,74.61,74.61,1,1.0,0,0.0
cust_004694,2024-02-12,DE,2,153.13,76.56,0,0.0,0,0.0
cust_004695,2024-07-10,CA,1,43.02,43.02,0,0.0,0,0.0
cust_004696,2024-02-15,US,1,82.42,82.42,0,0.0,0,0.0
cust_004697,2024-06-28,UK,1,42.14,42.14,0,0.0,0,0.0
cust_004698,2024-05-20,US,1,68.84,68.84,1,1.0,0,0.0
cust_004699,2024-03-19,FR,3,15363.69,5121.23,0,0.0,1,0.3333
cust_004700,2024-03-13,ZA,1,245.54,245.54,0,0.0,0,0.0
cust_004701,2024-04-07,US,1,65.83,65.83,0,0.0,0,0.0
cust_004702,2024-05-13,UK,1,30.02,30.02,0,0.0,0,0.0
cust_004703,2024-06-17,DE,1,35.39,35.39,0,0.0,0,0.0
cust_004704,2024-06-11,US,2,2007.19,1003.6,0,0.0,1,0.5
cust_004705,2024-02-27,UK,1,596.62,596.62,0,0.0,0,0.0
cust_004706,2024-08-01,AU,2,7253.04,3626.52,0,0.0,0,0.0
cust_004707,2024-03-18,US,1,28.27,28.27,0,0.0,0,0.0
cust_004708,2024-06-12,DE,2,11023.29,5511.64,0,0.0,0,0.0
cust_004709,2024-03-20,IN,0,0.0,0.0,0,0.0,0,0.0
cust_004710,2024-05-21,DE,1,61.61,61.61,0,0.0,0,0.0
cust_004711,2024-07-25,US,1,262.73,262.73,0,0.0,0,0.0
cust_004712,2024-05-11,US,1,144.12,144.12,0,0.0,0,0.0
cust_004713,2024-08-12,US,1,48.15,48.15,0,0.0,0,0.0
cust_004714,2024-01-31,CA,1,73.03,73.03,0,0.0,0,0.0
cust_004715,2024-03-22,US,1,136.8,136.8,0,0.0,0,0.0
cust_004716,2024-03-10,DE,2,233.43,116.72,0,0.0,0,0.0
cust_004717,2024-06-28,CA,1,83.52,83.52,0,0.0,0,0.0
cust_004718,2024-05-05,BR,2,1813.74,906.87,1,0.5,0,0.0
cust_004719,2024-03-12,BR,1,48.23,48.23,1,1.0,0,0.0
cust_004720,2024-03-23,UK,1,61.07,61.07,0,0.0,0,0.0
cust_004721,2024-09-05,US,1,204.69,204.69,0,0.0,0,0.0
cust_004722,2024-03-13,US,4,348.97,87.24,0,0.0,0,0.0
cust_004723,2024-04-06,FR,0,0.0,0.0,0,0.0,0,0.0
cust_004724,2024-01-26,CA,1,742.65,742.65,0,0.0,0,0.0
cust_004725,2024-07-06,US,1,166.89,166.89,0,0.0,0,0.0
cust_004726,2024-04-20,DE,1,98.27,98.27,0,0.0,0,0.0
cust_004727,2024-03-16,US,0,0.0,0.0,0,0.0,0,0.0
cust_004728,2024-03-01,CA,1,174.18,174.18,0,0.0,0,0.0
cust_004729,2024-04-07,UK,1,180.93,180.93,0,0.0,0,0.0
cust_004730,2024-04-28,US,1,236.54,236.54,0,0.0,0,0.0
cust_004731,2024-01-09,AU,1,237.13,237.13,0,0.0,0,0.0
cust_004732,2024-03-18,DE,3,5156.45,1718.82,1,0.3333,0,0.0
cust_004733,2024-05-05,CA,1,242.43,242.43,0,0.0,0,0.0
cust_004734,2024-05-01,DE,0,0.0,0.0,0,0.0,0,0.0
cust_004735,2024-05-06,US,1,47.03,47.03,0,0.0,0,0.0
cust_004736,2024-06-16,UK,0,0.0,0.0,0,0.0,0,0.0
cust_004737,2024-04-10,IN,1,107.51,107.51,0,0.0,0,0.0
cust_004738,2024-01-22,UK,1,222.72,222.72,0,0.0,0,0.0
cust_004739,2024-06-01,FR,1,39.56,39.56,0,0.0,0,0.0
cust_004740,2024-02-16,CA,1,13994.93,13994.93,0,0.0,1,1.0
cust_004741,2024-05-09,UK,0,0.0,0.0,0,0.0,0,0.0
cust_004742,2024-02-15,UK,2,9978.15,4989.08,0,0.0,0,0.0
cust_004743,2024-04-20,FR,2,12886.17,6443.08,1,0.5,0,0.0
cust_004744,2024-03-29,US,2,3595.35,1797.68,0,0.0,0,0.0
cust_004745,2024-07-02,BR,1,706.1,706.1,0,0.0,0,0.0
cust_004746,2024-03-20,US,1,7700.56,7700.56,0,0.0,1,1.0
cust_004747,2024-05-10,US,1,185.93,185.93,0,0.0,0,0.0
cust_004748,2024-08-29,BR,4,7073.99,1768.5,0,0.0,0,0.0
cust_004749,2024-05-29,UK,1,34.93,34.93,0,0.0,0,0.0
cust_004750,2024-02-26,UK,2,193.19,96.6,0,0.0,0,0.0
cust_004751,2024-02-13,UK,1,304.02,304.02,0,0.0,0,0.0
cust_004752,2024-03-21,US,1,87.67,87.67,0,0.0,0,0.0
cust_004753,2024-07-16,IN,1,256.34,256.34,0,0.0,0,0.0
cust_004754,2024-02-10,DE,1,952.49,952.49,0,0.0,0,0.0
cust_004755,2024-03-08,US,1,27.73,27.73,0,0.0,0,0.0
cust_004756,2024-05-30,FR,11,737.78,67.07,1,0.0909,0,0.0
cust_004757,2024-02-29,US,63,5921.47,93.99,5,0.0794,0,0.0
cust_004758,2024-04-02,AU,2,7016.77,3508.38,0,0.0,0,0.0
cust_004759,2024-02-20,DE,1,64.2,64.2,0,0.0,0,0.0
cust_004760,2024-08-09,RU,3,6900.92,2300.31,1,0.3333,0,0.0
cust_004761,2024-07-18,BR,1,61.65,61.65,0,0.0,0,0.0
cust_004762,2024-04-29,JP,1,97.88,97.88,0,0.0,0,0.0
cust_004763,2024-02-18,MX,2,19295.13,9647.56,2,1.0,1,0.5
cust_004764,2024-07-09,JP,1,2974.05,2974.05,0,0.0,0,0.0
cust_004765,2024-01-15,AU,4,7664.57,1916.14,0,0.0,2,0.5
cust_004766,2024-02-07,US,1,266.65,266.65,0,0.0,0,0.0
cust_004767,2024-04-01,FR,1,25.15,25.15,1,1.0,0,0.0
cust_004768,2024-02-21,IN,1,107.55,107.55,0,0.0,0,0.0
cust_004769,2024-06-14,KR,2,5185.98,2592.99,0,0.0,0,0.0
cust_004770,2024-01-20,FR,1,5258.22,5258.22,1,1.0,0,0.0
cust_004771,2024-02-09,US,1,147.24,147.24,0,0.0,0,0.0
cust_004772,2024-04-25,US,1,140.58,140.58,0,0.0,0,0.0
cust_004773,2024-03-03,US,1,256.66,256.66,0,0.0,0,0.0
cust_004774,2024-01-19,CA,1,28.79,28.79,0,0.0,0,0.0
cust_004775,2024-04-29,DE,1,148.4,148.4,1,1.0,0,0.0
cust_004776,2024-02-18,US,1,60.69,60.69,0,0.0,0,0.0
cust_004777,2024-06-19,US,1,104.78,104.78,0,0.0,0,0.0
cust_004778,2024-05-30,US,5,424.5,84.9,1,0.2,0,0.0
cust_004779,2024-03-15,BR,1,49.24,49.24,0,0.0,0,0.0
cust_004780,2024-03-30,UK,1,54.95,54.95,0,0.0,0,0.0
cust_004781,2024-03-29,US,1,69.65,69.65,0,0.0,0,0.0
cust_004782,2024-05-15,CA,1,212.77,212.77,0,0.0,0,0.0
cust_004783,2024-05-23,US,1,142.67,142.67,0,0.0,0,0.0
cust_004784,2024-04-24,DE,1,99.38,99.38,0,0.0,0,0.0
cust_004785,2024-03-22,JP,1,452.22,452.22,0,0.0,0,0.0
cust_004786,2024-06-26,US,1,33.54,33.54,0,0.0,0,0.0
cust_004787,2024-06-18,JP,1,76.48,76.48,0,0.0,0,0.0
cust_004788,2024-05-19,DE,1,416.73,416.73,0,0.0,0,0.0
cust_004789,2024-01-14,US,1,37.98,37.98,0,0.0,0,0.0
cust_004790,2024-04-18,US,0,0.0,0.0,0,0.0,0,0.0
cust_004791,2024-03-10,US,2,13034.13,6517.06,0,0.0,1,0.5
cust_004792,2024-04-02,US,20,8626.6,431.33,1,0.05,5,0.25
cust_004793,2024-02-10,US,5,371.71,74.34,0,0.0,0,0.0
cust_004794,2024-06-22,RU,1,40.17,40.17,0,0.0,0,0.0
cust_004795,2024-01-27,US,1,92.32,92.32,0,0.0,0,0.0
cust_004796,2024-03-12,CN,1,109.37,109.37,0,0.0,0,0.0
cust_004797,2024-02-14,CA,1,72.05,72.05,0,0.0,0,0.0
cust_004798,2024-02-08,CA,0,0.0,0.0,0,0.0,0,0.0
cust_004799,2024-06-27,DE,1,61.39,61.39,0,0.0,0,0.0
cust_004800,2024-05-10,BR,0,0.0,0.0,0,0.0,0,0.0
cust_004801,2024-06-27,MX,0,0.0,0.0,0,0.0,0,0.0
cust_004802,2024-02-13,US,2,1916.57,958.29,1,0.5,1,0.5
cust_004803,2024-04-14,UK,2,11637.52,5818.76,0,0.0,0,0.0
cust_004804,2024-06-13,US,0,0.0,0.0,0,0.0,0,0.0
cust_004805,2024-01-31,US,1,39.31,39.31,1,1.0,0,0.0
cust_004806,2024-02-09,US,1,67.09,67.09,0,0.0,0,0.0
cust_004807,2024-03-30,DE,1,75.7,75.7,0,0.0,0,0.0
cust_004808,2024-04-02,US,1,56.99,56.99,0,0.0,0,0.0
cust_004809,2024-01-06,BR,1,74.12,74.12,0,0.0,0,0.0
cust_004810,2024-01-14,FR,1,230.42,230.42,1,1.0,0,0.0
cust_004811,2024-07-20,UK,1,38.63,38.63,0,0.0,0,0.0
cust_004812,2024-01-15,UK,1,118.24,118.24,1,1.0,0,0.0
cust_004813,2024-02-13,DE,1,43.78,43.78,0,0.0,0,0.0
cust_004814,2024-04-22,US,1,508.67,508.67,0,0.0,0,0.0
cust_004815,2024-03-07,UK,1,109.44,109.44,0,0.0,0,0.0
cust_004816,2024-02-17,US,1,179.84,179.84,0,0.0,0,0.0
cust_004817,2024-01-30,US,2,1685.66,842.83,0,0.0,0,0.0
cust_004818,2024-04-23,CA,1,582.62,582.62,0,0.0,0,0.0
cust_004819,2024-08-24,US,2,7837.28,3918.64,0,0.0,0,0.0
cust_004820,2024-01-03,UK,3,1926.52,642.17,0,0.0,0,0.0
cust_004821,2024-03-20,FR,1,170.44,170.44,1,1.0,0,0.0
cust_004822,2024-08-25,IN,1,115.23,115.23,0,0.0,0,0.0
cust_004823,2024-06-02,US,19,1322.78,69.62,0,0.0,0,0.0
cust_004824,2024-03-24,US,1,85.33,85.33,1,1.0,0,0.0
cust_004825,2024-02-24,US,2,9559.26,4779.63,0,0.0,1,0.5
cust_004826,2024-04-23,CA,1,1988.79,1988.79,0,0.0,0,0.0
cust_004827,2024-01-21,UK,1,422.66,422.66,0,0.0,0,0.0
cust_004828,2024-05-24,AU,1,1942.84,1942.84,0,0.0,0,0.0
cust_004829,2024-07-09,US,1,180.09,180.09,0,0.0,0,0.0
cust_004830,2024-08-08,JP,1,48.15,48.15,0,0.0,0,0.0
cust_004831,2024-02-25,US,1,1039.26,1039.26,0,0.0,0,0.0
cust_004832,2024-07-20,UK,2,2044.95,1022.48,0,0.0,1,0.5
cust_004833,2024-07-30,JP,1,63.84,63.84,1,1.0,0,0.0
cust_004834,2024-05-20,BR,0,0.0,0.0,0,0.0,0,0.0
cust_004835,2024-03-12,CA,1,157.54,157.54,0,0.0,0,0.0
cust_004836,2024-04-21,US,1,121.6,121.6,0,0.0,0,0.0
cust_004837,2024-02-13,IN,1,27.62,27.62,0,0.0,0,0.0
cust_004838,2024-04-11,AU,1,142.47,142.47,0,0.0,0,0.0
cust_004839,2024-02-04,US,0,0.0,0.0,0,0.0,0,0.0
cust_004840,2024-04-14,US,1,59.75,59.75,0,0.0,0,0.0
cust_004841,2024-03-01,CA,1,801.05,801.05,0,0.0,0,0.0
cust_004842,2024-03-12,FR,1,341.4,341.4,0,0.0,0,0.0
cust_004843,2024-04-03,CA,1,47.95,47.95,1,1.0,0,0.0
cust_004844,2024-04-05,US,1,73.73,73.73,0,0.0,0,0.0
cust_004845,2024-04-12,JP,1,42.33,42.33,0,0.0,0,0.0
cust_004846,2024-03-19,NG,2,16879.0,8439.5,0,0.0,0,0.0
cust_004847,2024-01-13,DE,9,1084.81,120.53,1,0.1111,0,0.0
cust_004848,2024-04-08,US,1,66.17,66.17,0,0.0,0,0.0
cust_004849,2024-02-06,US,1,133.66,133.66,0,0.0,0,0.0
cust_004850,2024-05-02,IN,1,186.05,186.05,0,0.0,0,0.0
cust_004851,2024-03-26,AU,0,0.0,0.0,0,0.0,0,0.0
cust_004852,2024-06-27,CA,1,311.88,311.88,0,0.0,0,0.0
cust_004853,2024-04-20,US,1,37.23,37.23,0,0.0,0,0.0
cust_004854,2024-06-27,NG,1,125.78,125.78,0,0.0,0,0.0
cust_004855,2024-04-03,UK,1,553.26,553.26,0,0.0,0,0.0
cust_004856,2024-02-06,RU,1,136.42,136.42,0,0.0,0,0.0
cust_004857,2024-05-06,CA,1,47.84,47.84,0,0.0,0,0.0
cust_004858,2024-07-27,IN,7,150.71,21.53,0,0.0,2,0.2857
cust_004859,2024-07-19,US,1,33.91,33.91,0,0.0,0,0.0
cust_004860,2024-07-07,US,1,34.93,34.93,1,1.0,0,0.0
cust_004861,2024-07-07,KR,1,59.97,59.97,0,0.0,0,0.0
cust_004862,2024-02-03,FR,1,583.51,583.51,0,0.0,0,0.0
cust_004863,2024-01-06,CA,5,295.61,59.12,0,0.0,0,0.0
cust_004864,2024-07-28,CA,1,52.76,52.76,0,0.0,0,0.0
cust_004865,2024-02-06,US,1,276.08,276.08,0,0.0,0,0.0
cust_004866,2024-06-13,AU,1,240.08,240.08,0,0.0,0,0.0
cust_004867,2024-02-06,US,1,28.29,28.29,0,0.0,0,0.0
cust_004868,2024-02-04,UK,1,37.27,37.27,0,0.0,0,0.0
cust_004869,2024-02-11,UK,3,5890.02,1963.34,0,0.0,0,0.0
cust_004870,2024-01-27,IN,1,51.3,51.3,0,0.0,0,0.0
cust_004871,2024-06-30,UK,1,150.48,150.48,0,0.0,0,0.0
cust_004872,2024-06-01,KR,1,175.34,175.34,0,0.0,0,0.0
cust_004873,2024-05-14,AU,1,52.15,52.15,0,0.0,0,0.0
cust_004874,2024-02-02,MX,1,1133.91,1133.91,0,0.0,0,0.0
cust_004875,2024-03-17,CA,2,18321.84,9160.92,0,0.0,1,0.5
cust_004876,2024-04-03,US,1,196.45,196.45,0,0.0,0,0.0
cust_004877,2024-02-04,ZA,1,126.12,126.12,0,0.0,0,0.0
cust_004878,2024-04-10,US,1,65.22,65.22,1,1.0,0,0.0
cust_004879,2024-03-31,CN,1,20.74,20.74,0,0.0,0,0.0
cust_004880,2024-03-06,US,1,27.74,27.74,0,0.0,0,0.0
cust_004881,2024-03-25,BR,1,106.58,106.58,0,0.0,0,0.0
cust_004882,2024-01-16,AU,1,132.57,132.57,0,0.0,0,0.0
cust_004883,2024-05-19,DE,1,149.7,149.7,0,0.0,0,0.0
cust_004884,2024-06-14,AU,1,186.5,186.5,0,0.0,0,0.0
cust_004885,2024-03-24,US,1,49.41,49.41,0,0.0,0,0.0
cust_004886,2024-02-10,UK,1,131.06,131.06,0,0.0,0,0.0
cust_004887,2024-05-20,US,1,146.59,146.59,0,0.0,0,0.0
cust_004888,2024-01-10,ZA,2,2637.83,1318.92,0,0.0,0,0.0
cust_004889,2024-03-26,CA,1,114.14,114.14,0,0.0,0,0.0
cust_004890,2024-02-01,US,1,341.11,341.11,0,0.0,0,0.0
cust_004891,2024-01-22,US,1,246.21,246.21,0,0.0,0,0.0
cust_004892,2024-03-25,JP,2,3330.83,1665.42,0,0.0,1,0.5
cust_004893,2024-07-02,NG,1,63.87,63.87,0,0.0,0,0.0
cust_004894,2024-03-30,CN,1,35.57,35.57,0,0.0,0,0.0
cust_004895,2024-03-03,US,1,328.47,328.47,0,0.0,0,0.0
cust_004896,2024-01-28,DE,2,566.9,283.45,0,0.0,0,0.0
cust_004897,2024-07-09,UK,2,3068.29,1534.14,1,0.5,0,0.0
cust_004898,2024-01-17,FR,2,424.26,212.13,0,0.0,0,0.0
cust_004899,2024-07-17,BR,1,49.04,49.04,0,0.0,0,0.0
cust_004900,2024-02-27,US,2,2497.79,1248.9,1,0.5,1,0.5
cust_004901,2024-05-03,CA,1,33.53,33.53,1,1.0,0,0.0
cust_004902,2024-03-11,US,2,8416.93,4208.46,0,0.0,0,0.0
cust_004903,2024-04-13,UK,1,99.11,99.11,0,0.0,0,0.0
cust_004904,2024-05-13,US,1,40.3,40.3,0,0.0,0,0.0
cust_004905,2024-04-20,US,1,5409.58,5409.58,1,1.0,1,1.0
cust_004906,2024-04-06,US,1,58.87,58.87,0,0.0,0,0.0
cust_004907,2024-01-26,US,1,86.12,86.12,0,0.0,0,0.0
cust_004908,2024-08-05,IN,1,46.53,46.53,1,1.0,0,0.0
cust_004909,2024-04-26,IN,1,289.33,289.33,0,0.0,0,0.0
cust_004910,2024-08-12,CN,2,11554.92,5777.46,0,0.0,1,0.5
cust_004911,2024-01-24,UK,4,297.89,74.47,1,0.25,0,0.0
cust_004912,2024-02-08,DE,1,28.9,28.9,0,0.0,0,0.0
cust_004913,2024-01-23,KR,2,2331.22,1165.61,1,0.5,0,0.0
cust_004914,2024-05-14,UK,1,38.9,38.9,0,0.0,0,0.0
cust_004915,2024-08-16,AU,1,64.19,64.19,0,0.0,0,0.0
cust_004916,2024-05-25,KR,1,428.63,428.63,0,0.0,0,0.0
cust_004917,2024-06-02,AU,1,202.68,202.68,1,1.0,0,0.0
cust_004918,2024-02-19,US,1,36.23,36.23,0,0.0,0,0.0
cust_004919,2024-05-04,US,1,77.24,77.24,0,0.0,0,0.0
cust_004920,2024-03-17,US,1,41.11,41.11,0,0.0,0,0.0
cust_004921,2024-04-12,DE,1,108.78,108.78,0,0.0,0,0.0
cust_004922,2024-02-20,DE,1,616.29,616.29,1,1.0,0,0.0
cust_004923,2024-02-11,US,1,46.45,46.45,0,0.0,0,0.0
cust_004924,2024-03-08,UK,1,57.38,57.38,0,0.0,0,0.0
cust_004925,2024-04-22,UK,0,0.0,0.0,0,0.0,0,0.0
cust_004926,2024-07-28,DE,1,586.99,586.99,1,1.0,0,0.0
cust_004927,2024-01-11,US,6,573.07,95.51,2,0.3333,0,0.0
cust_004928,2024-02-25,US,1,191.1,191.1,0,0.0,0,0.0
cust_004929,2024-07-05,IN,2,1976.8,988.4,0,0.0,1,0.5
cust_004930,2024-02-10,US,2,551.32,275.66,0,0.0,0,0.0
cust_004931,2024-06-14,DE,9,860.64,95.63,0,0.0,0,0.0
cust_004932,2024-07-10,UK,1,79.78,79.78,0,0.0,0,0.0
cust_004933,2024-03-04,CA,1,76.96,76.96,1,1.0,0,0.0
cust_004934,2024-07-09,BR,1,64.52,64.52,0,0.0,0,0.0
cust_004935,2024-03-25,US,1,99.0,99.0,0,0.0,0,0.0
cust_004936,2024-04-12,US,0,0.0,0.0,0,0.0,0,0.0
cust_004937,2024-04-07,RU,1,20.23,20.23,0,0.0,0,0.0
cust_004938,2024-05-26,FR,1,70.99,70.99,0,0.0,0,0.0
cust_004939,2024-05-04,US,9,8492.35,943.59,0,0.0,2,0.2222
cust_004940,2024-05-17,FR,1,245.8,245.8,0,0.0,0,0.0
cust_004941,2024-06-06,UK,1,82.66,82.66,0,0.0,0,0.0
cust_004942,2024-06-02,IN,6,910.25,151.71,0,0.0,0,0.0
cust_004943,2024-07-19,AU,1,25.09,25.09,0,0.0,0,0.0
cust_004944,2024-03-12,US,3,397.62,132.54,0,0.0,0,0.0
cust_004945,2024-02-21,IN,10,1402.16,140.22,0,0.0,0,0.0
cust_004946,2024-02-13,US,3,13820.95,4606.98,1,0.3333,1,0.3333
cust_004947,2024-04-23,CA,2,4911.96,2455.98,0,0.0,1,0.5
cust_004948,2024-03-12,UK,1,112.17,112.17,1,1.0,0,0.0
cust_004949,2024-03-31,MX,1,94.33,94.33,0,0.0,0,0.0
cust_004950,2024-04-17,IN,1,419.46,419.46,0,0.0,0,0.0
cust_004951,2024-05-19,JP,1,42.23,42.23,0,0.0,0,0.0
cust_004952,2024-03-27,US,1,1078.14,1078.14,0,0.0,0,0.0
cust_004953,2024-04-10,UK,1,79.6,79.6,0,0.0,0,0.0
cust_004954,2024-03-28,AU,1,115.44,115.44,1,1.0,0,0.0
cust_004955,2024-01-13,US,1,51.33,51.33,0,0.0,0,0.0
cust_004956,2024-03-20,ZA,1,151.89,151.89,0,0.0,0,0.0
cust_004957,2024-07-02,DE,1,374.7,374.7,0,0.0,0,0.0
cust_004958,2024-01-18,NG,1,426.57,426.57,0,0.0,0,0.0
cust_004959,2024-03-04,US,1,74.68,74.68,0,0.0,0,0.0
cust_004960,2024-08-12,UK,1,62.27,62.27,0,0.0,0,0.0
cust_004961,2024-04-04,US,1,568.37,568.37,0,0.0,0,0.0
cust_004962,2024-05-25,KR,1,219.87,219.87,1,1.0,0,0.0
cust_004963,2024-01-25,US,1,168.7,168.7,1,1.0,0,0.0
cust_004964,2024-05-27,FR,2,10585.07,5292.54,0,0.0,0,0.0
cust_004965,2024-02-05,IN,1,56.04,56.04,0,0.0,0,0.0
cust_004966,2024-07-20,JP,1,97.93,97.93,0,0.0,0,0.0
cust_004967,2024-03-09,KR,2,57.31,28.66,0,0.0,0,0.0
cust_004968,2024-07-04,BR,1,62.42,62.42,0,0.0,0,0.0
cust_004969,2024-02-07,US,5,593.72,118.74,0,0.0,0,0.0
cust_004970,2024-04-29,BR,1,17.63,17.63,0,0.0,0,0.0
cust_004971,2024-06-09,CA,1,30.98,30.98,0,0.0,0,0.0
cust_004972,2024-04-02,DE,1,46.44,46.44,0,0.0,0,0.0
cust_004973,2024-06-18,US,1,198.68,198.68,0,0.0,0,0.0
cust_004974,2024-02-11,BR,3,6707.94,2235.98,1,0.3333,1,0.3333
cust_004975,2024-04-02,UK,1,56.8,56.8,0,0.0,0,0.0
cust_004976,2024-03-12,BR,1,984.37,984.37,0,0.0,0,0.0
cust_004977,2024-03-11,UK,1,146.3,146.3,0,0.0,0,0.0
cust_004978,2024-03-03,IN,1,180.04,180.04,0,0.0,0,0.0
cust_004979,2024-05-16,US,1,303.94,303.94,0,0.0,0,0.0
cust_004980,2024-04-27,US,1,205.82,205.82,0,0.0,0,0.0
cust_004981,2024-03-10,MX,1,64.21,64.21,0,0.0,0,0.0
cust_004982,2024-06-06,FR,2,17147.78,8573.89,1,0.5,0,0.0
cust_004983,2024-08-17,US,1,43.33,43.33,0,0.0,0,0.0
cust_004984,2024-04-02,IN,1,68.07,68.07,0,0.0,0,0.0
cust_004985,2024-01-28,AU,2,294.12,147.06,0,0.0,0,0.0
cust_004986,2024-03-09,IN,1,68.88,68.88,0,0.0,0,0.0
cust_004987,2024-06-30,UK,2,9365.04,4682.52,0,0.0,1,0.5
cust_004988,2024-01-13,BR,2,9441.61,4720.8,0,0.0,0,0.0
cust_004989,2024-02-15,US,2,13920.0,6960.0,0,0.0,0,0.0
cust_004990,2024-05-20,IN,1,404.46,404.46,0,0.0,0,0.0
cust_004991,2024-06-22,CA,1,67.43,67.43,0,0.0,0,0.0
cust_004992,2024-03-29,IN,1,108.1,108.1,0,0.0,0,0.0
cust_004993,2024-05-29,US,1,138.73,138.73,0,0.0,0,0.0
cust_004994,2024-04-27,US,1,141.05,141.05,0,0.0,0,0.0
cust_004995,2024-04-01,KR,1,147.84,147.84,0,0.0,0,0.0
cust_004996,2024-06-16,JP,1,80.42,80.42,1,1.0,0,0.0
cust_004997,2024-02-14,RU,2,1725.05,862.53,0,0.0,1,0.5
cust_004998,2024-04-11,AU,1,15.96,15.96,0,0.0,0,0.0
cust_004999,2024-07-07,US,1,25.48,25.48,0,0.0,0,0.0
cust_005000,2024-05-22,IN,1,2315.13,2315.13,1,1.0,0,0.0
cust_005001,2024-06-17,UK,2,396.02,198.01,0,0.0,0,0.0
cust_005002,2024-04-10,US,1,92.16,92.16,0,0.0,0,0.0
cust_005003,2024-09-04,US,1,54.91,54.91,0,0.0,0,0.0
cust_005004,2024-07-16,US,1,355.27,355.27,0,0.0,0,0.0
cust_005005,2024-08-25,US,1,188.81,188.81,0,0.0,0,0.0
cust_005006,2024-07-06,US,1,297.71,297.71,0,0.0,0,0.0
cust_005007,2024-02-10,FR,0,0.0,0.0,0,0.0,0,0.0
cust_005008,2024-06-08,CN,1,72.91,72.91,0,0.0,0,0.0
cust_005009,2024-03-07,UK,1,74.52,74.52,0,0.0,0,0.0
cust_005010,2024-03-03,US,2,1897.17,948.58,0,0.0,0,0.0
cust_005011,2024-05-13,US,1,1424.67,1424.67,0,0.0,0,0.0
cust_005012,2024-04-04,FR,2,1730.49,865.24,0,0.0,1,0.5
cust_005013,2024-03-01,US,1,90.65,90.65,1,1.0,0,0.0
cust_005014,2024-01-25,DE,1,187.02,187.02,0,0.0,0,0.0
cust_005015,2024-03-19,US,3,26843.51,8947.84,0,0.0,2,0.6667
cust_005016,2024-06-12,FR,1,115.84,115.84,0,0.0,0,0.0
cust_005017,2024-01-14,DE,1,56.87,56.87,0,0.0,0,0.0
cust_005018,2024-02-08,US,1,121.44,121.44,0,0.0,0,0.0
cust_005019,2024-03-22,CN,11,1393.47,126.68,1,0.0909,0,0.0
cust_005020,2024-05-18,CA,1,64.63,64.63,0,0.0,0,0.0
cust_005021,2024-04-21,US,2,2849.44,1424.72,0,0.0,1,0.5
cust_005022,2024-02-25,CA,1,96.92,96.92,1,1.0,0,0.0
cust_005023,2024-02-15,UK,1,63.39,63.39,0,0.0,0,0.0
cust_005024,2024-03-26,RU,1,108.51,108.51,0,0.0,0,0.0
cust_005025,2024-06-14,US,1,240.5,240.5,0,0.0,0,0.0
cust_005026,2024-05-02,NG,2,312.66,156.33,2,1.0,0,0.0
cust_005027,2024-06-17,FR,1,42.93,42.93,0,0.0,0,0.0
cust_005028,2024-07-17,DE,2,13580.62,6790.31,0,0.0,0,0.0
cust_005029,2024-07-26,US,0,0.0,0.0,0,0.0,0,0.0
cust_005030,2024-03-31,US,1,139.91,139.91,0,0.0,0,0.0
cust_005031,2024-04-12,JP,1,228.77,228.77,0,0.0,0,0.0
cust_005032,2024-05-16,IN,1,50.0,50.0,0,0.0,0,0.0
cust_005033,2024-03-14,KR,1,514.14,514.14,0,0.0,0,0.0
cust_005034,2024-07-06,CA,0,0.0,0.0,0,0.0,0,0.0
cust_005035,2024-07-09,IN,33,3710.99,112.45,2,0.0606,1,0.0303
cust_005036,2024-06-30,ZA,7,620.38,88.63,0,0.0,0,0.0
cust_005037,2024-04-10,FR,1,100.84,100.84,0,0.0,1,1.0
cust_005038,2024-08-10,UK,1,118.18,118.18,1,1.0,0,0.0
cust_005039,2024-04-27,BR,1,245.53,245.53,1,1.0,0,0.0
cust_005040,2024-01-26,US,2,1247.58,623.79,0,0.0,1,0.5
cust_005041,2024-06-13,CA,9,1432.0,159.11,1,0.1111,0,0.0
cust_005042,2024-06-26,US,1,31.84,31.84,0,0.0,0,0.0
cust_005043,2024-02-09,ZA,2,199.87,99.94,0,0.0,0,0.0
cust_005044,2024-02-07,CN,0,0.0,0.0,0,0.0,0,0.0
cust_005045,2024-03-06,NG,1,213.35,213.35,0,0.0,0,0.0
cust_005046,2024-04-24,UK,1,8.85,8.85,0,0.0,0,0.0
cust_005047,2024-03-24,FR,1,58.88,58.88,0,0.0,0,0.0
cust_005048,2024-03-17,US,1,46.64,46.64,0,0.0,0,0.0
cust_005049,2024-04-18,UK,1,3827.84,3827.84,0,0.0,0,0.0
cust_005050,2024-02-07,BR,1,97.58,97.58,0,0.0,0,0.0
cust_005051,2024-02-17,US,1,148.78,148.78,0,0.0,0,0.0
cust_005052,2024-01-19,US,1,137.28,137.28,0,0.0,0,0.0
cust_005053,2024-05-20,DE,0,0.0,0.0,0,0.0,0,0.0
cust_005054,2024-03-08,AU,1,133.85,133.85,0,0.0,0,0.0
cust_005055,2024-07-05,UK,1,21.98,21.98,0,0.0,0,0.0
cust_005056,2024-06-24,DE,1,100.52,100.52,0,0.0,0,0.0
cust_005057,2024-05-29,RU,1,87.27,87.27,0,0.0,0,0.0
cust_005058,2024-05-23,US,1,281.36,281.36,0,0.0,0,0.0
cust_005059,2024-02-26,BR,4,6378.73,1594.68,1,0.25,1,0.25
cust_005060,2024-05-16,IN,1,185.92,185.92,0,0.0,0,0.0
cust_005061,2024-05-16,UK,1,267.75,267.75,0,0.0,0,0.0
cust_005062,2024-03-12,US,1,51.42,51.42,0,0.0,0,0.0
cust_005063,2024-03-08,UK,1,77.33,77.33,1,1.0,0,0.0
cust_005064,2024-08-27,AU,1,130.62,130.62,0,0.0,0,0.0
cust_005065,2024-05-23,CA,5,7244.68,1448.94,1,0.2,1,0.2
cust_005066,2024-03-06,US,1,59.03,59.03,0,0.0,0,0.0
cust_005067,2024-03-31,US,1,14.35,14.35,0,0.0,0,0.0
cust_005068,2024-02-06,JP,1,66.57,66.57,0,0.0,0,0.0
cust_005069,2024-01-28,UK,1,197.05,197.05,0,0.0,0,0.0
cust_005070,2024-04-17,US,2,1599.0,799.5,0,0.0,1,0.5
cust_005071,2024-02-03,KR,3,3750.46,1250.15,1,0.3333,1,0.3333
cust_005072,2024-03-16,US,1,198.42,198.42,0,0.0,0,0.0
cust_005073,2024-03-13,AU,1,72.27,72.27,0,0.0,0,0.0
cust_005074,2024-03-22,US,1,17.22,17.22,0,0.0,0,0.0
cust_005075,2024-01-28,US,1,68.51,68.51,1,1.0,0,0.0
cust_005076,2024-03-16,US,2,4985.32,2492.66,0,0.0,1,0.5
cust_005077,2024-07-02,JP,1,136.31,136.31,0,0.0,0,0.0
cust_005078,2024-05-15,FR,1,180.45,180.45,0,0.0,0,0.0
cust_005079,2024-03-30,US,1,53.66,53.66,0,0.0,0,0.0
cust_005080,2024-03-31,AU,0,0.0,0.0,0,0.0,0,0.0
cust_005081,2024-01-17,BR,1,190.95,190.95,0,0.0,0,0.0
cust_005082,2024-04-04,CA,1,397.57,397.57,0,0.0,0,0.0
cust_005083,2024-03-19,CA,1,130.64,130.64,0,0.0,0,0.0
cust_005084,2024-02-23,CA,1,911.77,911.77,0,0.0,0,0.0
cust_005085,2024-03-21,US,2,7724.84,3862.42,0,0.0,0,0.0
cust_005086,2024-05-21,BR,2,2241.09,1120.54,0,0.0,1,0.5
cust_005087,2024-05-07,FR,1,248.31,248.31,0,0.0,0,0.0
cust_005088,2024-02-02,JP,1,216.2,216.2,0,0.0,0,0.0
cust_005089,2024-04-02,BR,1,94.81,94.81,0,0.0,0,0.0
cust_005090,2024-05-25,AU,1,123.53,123.53,0,0.0,0,0.0
cust_005091,2024-08-10,AU,1,68.65,68.65,1,1.0,0,0.0
cust_005092,2024-03-12,MX,1,180.26,180.26,0,0.0,0,0.0
cust_005093,2024-04-29,IN,1,28.81,28.81,0,0.0,0,0.0
cust_005094,2024-02-01,BR,1,546.44,546.44,0,0.0,0,0.0
cust_005095,2024-05-02,BR,1,79.38,79.38,0,0.0,0,0.0
cust_005096,2024-06-08,US,1,289.48,289.48,1,1.0,0,0.0
cust_005097,2024-06-07,CA,1,88.78,88.78,0,0.0,0,0.0
cust_005098,2024-05-29,FR,0,0.0,0.0,0,0.0,0,0.0
cust_005099,2024-04-03,US,2,15952.39,7976.2,0,0.0,0,0.0
cust_005100,2024-04-01,CA,1,448.86,448.86,0,0.0,0,0.0
cust_005101,2024-04-20,US,1,1170.4,1170.4,0,0.0,0,0.0
cust_005102,2024-06-07,US,1,73.64,73.64,0,0.0,0,0.0
cust_005103,2024-05-07,CA,1,71.61,71.61,0,0.0,0,0.0
cust_005104,2024-08-05,US,0,0.0,0.0,0,0.0,0,0.0
cust_005105,2024-06-23,AU,1,159.77,159.77,1,1.0,0,0.0
cust_005106,2024-05-14,IN,1,508.33,508.33,0,0.0,0,0.0
cust_005107,2024-06-21,US,1,1120.15,1120.15,1,1.0,0,0.0
cust_005108,2024-02-09,US,3,496.74,165.58,0,0.0,0,0.0
cust_005109,2024-06-10,US,0,0.0,0.0,0,0.0,0,0.0
cust_005110,2024-04-23,CA,1,126.41,126.41,0,0.0,0,0.0
cust_005111,2024-07-13,AU,1,91.42,91.42,0,0.0,0,0.0
cust_005112,2024-03-29,IN,1,137.58,137.58,0,0.0,0,0.0
cust_005113,2024-03-19,US,1,144.23,144.23,0,0.0,0,0.0
cust_005114,2024-07-09,UK,1,296.77,296.77,0,0.0,0,0.0
cust_005115,2024-02-09,MX,1,21.64,21.64,0,0.0,1,1.0
cust_005116,2024-03-19,RU,0,0.0,0.0,0,0.0,0,0.0
cust_005117,2024-06-14,FR,1,29.55,29.55,0,0.0,0,0.0
cust_005118,2024-04-04,US,1,35.61,35.61,0,0.0,0,0.0
cust_005119,2024-04-15,US,1,40.58,40.58,0,0.0,0,0.0
cust_005120,2024-08-01,UK,1,36.07,36.07,0,0.0,0,0.0
cust_005121,2024-05-01,UK,1,300.61,300.61,0,0.0,0,0.0
cust_005122,2024-04-26,DE,2,10686.49,5343.24,0,0.0,0,0.0
cust_005123,2024-03-21,US,3,10871.5,3623.83,1,0.3333,0,0.0
cust_005124,2024-01-09,CN,3,15694.86,5231.62,1,0.3333,1,0.3333
cust_005125,2024-01-10,FR,2,2029.55,1014.78,0,0.0,0,0.0
cust_005126,2024-06-03,KR,0,0.0,0.0,0,0.0,0,0.0
cust_005127,2024-02-22,JP,1,45.35,45.35,0,0.0,0,0.0
cust_005128,2024-01-22,UK,1,141.01,141.01,0,0.0,0,0.0
cust_005129,2024-03-26,DE,1,30.85,30.85,0,0.0,0,0.0
cust_005130,2024-05-30,JP,1,87.53,87.53,0,0.0,0,0.0
cust_005131,2024-03-24,US,1,237.36,237.36,0,0.0,0,0.0
cust_005132,2024-03-24,US,1,54.89,54.89,0,0.0,0,0.0
cust_005133,2024-08-27,US,0,0.0,0.0,0,0.0,0,0.0
cust_005134,2024-02-15,UK,3,30120.72,10040.24,0,0.0,0,0.0
cust_005135,2024-01-28,IN,3,8076.4,2692.13,1,0.3333,0,0.0
cust_005136,2024-05-09,US,2,532.89,266.44,0,0.0,0,0.0
cust_005137,2024-02-07,UK,1,665.49,665.49,0,0.0,0,0.0
cust_005138,2024-01-21,IN,2,4679.78,2339.89,0,0.0,0,0.0
cust_005139,2024-05-25,BR,1,25.94,25.94,0,0.0,0,0.0
cust_005140,2024-03-29,US,36,2658.93,73.86,1,0.0278,0,0.0
cust_005141,2024-06-04,AU,0,0.0,0.0,0,0.0,0,0.0
cust_005142,2024-03-12,CN,1,31.51,31.51,0,0.0,0,0.0
cust_005143,2024-01-31,UK,1,58.89,58.89,0,0.0,0,0.0
cust_005144,2024-02-11,CA,1,97.78,97.78,1,1.0,0,0.0
cust_005145,2024-06-26,US,0,0.0,0.0,0,0.0,0,0.0
cust_005146,2024-04-24,FR,1,113.98,113.98,0,0.0,0,0.0
cust_005147,2024-05-01,NG,1,233.6,233.6,0,0.0,0,0.0
cust_005148,2024-04-01,US,1,74.38,74.38,0,0.0,0,0.0
cust_005149,2024-02-15,JP,1,61.98,61.98,0,0.0,0,0.0
cust_005150,2024-04-12,US,1,135.75,135.75,0,0.0,0,0.0
cust_005151,2024-09-07,JP,1,36.57,36.57,0,0.0,0,0.0
cust_005152,2024-02-28,CA,0,0.0,0.0,0,0.0,0,0.0
cust_005153,2024-07-28,UK,1,161.26,161.26,0,0.0,0,0.0
cust_005154,2024-05-30,MX,2,15659.69,7829.84,0,0.0,0,0.0
cust_005155,2024-07-20,IN,1,185.17,185.17,0,0.0,0,0.0
cust_005156,2024-08-22,US,1,23.94,23.94,1,1.0,0,0.0
cust_005157,2024-02-24,AU,1,198.38,198.38,0,0.0,0,0.0
cust_005158,2024-01-31,US,1,70.79,70.79,0,0.0,0,0.0
cust_005159,2024-06-01,CN,1,78.88,78.88,0,0.0,0,0.0
cust_005160,2024-05-22,US,1,12775.67,12775.67,0,0.0,1,1.0
cust_005161,2024-02-11,CA,2,311.84,155.92,1,0.5,0,0.0
cust_005162,2024-06-22,CA,1,15.86,15.86,0,0.0,0,0.0
cust_005163,2024-05-13,CA,1,36.65,36.65,0,0.0,0,0.0
cust_005164,2024-04-19,CA,1,89.53,89.53,0,0.0,0,0.0
cust_005165,2024-02-03,UK,1,282.17,282.17,1,1.0,0,0.0
cust_005166,2024-07-12,FR,1,259.1,259.1,0,0.0,0,0.0
cust_005167,2024-09-04,US,1,32.78,32.78,0,0.0,0,0.0
cust_005168,2024-04-10,AU,6,786.54,131.09,0,0.0,0,0.0
cust_005169,2024-04-21,US,1,263.61,263.61,0,0.0,0,0.0
cust_005170,2024-03-27,JP,1,32.29,32.29,0,0.0,0,0.0
cust_005171,2024-05-23,FR,1,123.44,123.44,0,0.0,0,0.0
cust_005172,2024-01-14,AU,1,85.13,85.13,0,0.0,0,0.0
cust_005173,2024-03-31,US,11,1007.34,91.58,1,0.0909,0,0.0
cust_005174,2024-06-12,JP,0,0.0,0.0,0,0.0,0,0.0
cust_005175,2024-03-07,DE,2,2265.56,1132.78,0,0.0,0,0.0
cust_005176,2024-07-08,KR,1,87.01,87.01,0,0.0,0,0.0
cust_005177,2024-08-22,US,1,49.36,49.36,0,0.0,0,0.0
cust_005178,2024-07-03,AU,9,48.54,5.39,1,0.1111,1,0.1111
cust_005179,2024-04-10,IN,1,112.44,112.44,0,0.0,0,0.0
cust_005180,2024-05-26,ZA,0,0.0,0.0,0,0.0,0,0.0
cust_005181,2024-03-11,UK,1,117.76,117.76,0,0.0,0,0.0
cust_005182,2024-10-06,US,1,25.67,25.67,0,0.0,0,0.0
cust_005183,2024-02-05,NG,1,70.84,70.84,0,0.0,0,0.0
cust_005184,2024-09-02,US,1,83.78,83.78,0,0.0,0,0.0
cust_005185,2024-06-30,DE,0,0.0,0.0,0,0.0,0,0.0
cust_005186,2024-02-16,US,1,743.3,743.3,0,0.0,0,0.0
cust_005187,2024-06-12,MX,2,17533.58,8766.79,0,0.0,0,0.0
cust_005188,2024-04-22,CA,1,2324.93,2324.93,0,0.0,0,0.0
cust_005189,2024-03-27,US,1,44.35,44.35,1,1.0,0,0.0
cust_005190,2024-03-25,BR,4,7565.58,1891.4,1,0.25,2,0.5
cust_005191,2024-03-28,US,1,96.09,96.09,0,0.0,0,0.0
cust_005192,2024-04-25,US,1,165.26,165.26,1,1.0,0,0.0
cust_005193,2024-08-13,BR,1,30.08,30.08,0,0.0,0,0.0
cust_005194,2024-01-19,US,0,0.0,0.0,0,0.0,0,0.0
cust_005195,2024-02-07,US,1,304.54,304.54,0,0.0,0,0.0
cust_005196,2024-01-30,IN,2,627.25,313.62,0,0.0,0,0.0
cust_005197,2024-07-02,US,1,78.51,78.51,0,0.0,0,0.0
cust_005198,2024-04-24,ZA,2,21734.49,10867.24,0,0.0,1,0.5
cust_005199,2024-02-17,BR,1,190.72,190.72,0,0.0,0,0.0
cust_005200,2024-04-04,NG,2,18230.07,9115.04,0,0.0,0,0.0
cust_005201,2024-05-13,BR,1,91.46,91.46,0,0.0,0,0.0
cust_005202,2024-02-15,NG,1,220.12,220.12,0,0.0,0,0.0
cust_005203,2024-04-22,US,1,83.0,83.0,0,0.0,0,0.0
cust_005204,2024-05-07,DE,1,97.23,97.23,0,0.0,0,0.0
cust_005205,2024-01-12,RU,1,55.25,55.25,0,0.0,0,0.0
cust_005206,2024-06-03,DE,28,3057.24,109.19,4,0.1429,0,0.0
cust_005207,2024-07-17,ZA,1,26.4,26.4,0,0.0,0,0.0
cust_005208,2024-05-21,JP,8,22140.05,2767.51,0,0.0,0,0.0
cust_005209,2024-03-12,US,0,0.0,0.0,0,0.0,0,0.0
cust_005210,2024-04-12,CA,1,62.91,62.91,0,0.0,0,0.0
cust_005211,2024-02-28,US,1,208.25,208.25,0,0.0,0,0.0
cust_005212,2024-05-15,NG,0,0.0,0.0,0,0.0,0,0.0
cust_005213,2024-07-02,CN,1,34.18,34.18,0,0.0,0,0.0
cust_005214,2024-03-05,CA,1,295.89,295.89,0,0.0,0,0.0
cust_005215,2024-04-24,US,1,103.84,103.84,0,0.0,0,0.0
cust_005216,2024-04-07,US,1,26.42,26.42,0,0.0,0,0.0
cust_005217,2024-05-14,US,1,24.89,24.89,0,0.0,0,0.0
cust_005218,2024-06-07,CA,2,2340.87,1170.44,0,0.0,0,0.0
cust_005219,2024-04-11,ZA,2,11240.01,5620.0,0,0.0,1,0.5
cust_005220,2024-02-16,US,1,188.79,188.79,0,0.0,0,0.0
cust_005221,2024-03-08,FR,1,26.63,26.63,0,0.0,0,0.0
cust_005222,2024-04-13,BR,0,0.0,0.0,0,0.0,0,0.0
cust_005223,2024-05-24,BR,2,7881.17,3940.58,0,0.0,1,0.5
cust_005224,2024-07-29,US,1,57.35,57.35,0,0.0,0,0.0
cust_005225,2024-08-28,US,1,309.34,309.34,0,0.0,0,0.0
cust_005226,2024-02-04,US,2,18589.51,9294.75,0,0.0,1,0.5
cust_005227,2024-06-27,US,4,364.95,91.24,0,0.0,0,0.0
cust_005228,2024-04-13,US,1,17.57,17.57,0,0.0,0,0.0
cust_005229,2024-09-22,CA,1,1040.21,1040.21,0,0.0,0,0.0
cust_005230,2024-03-28,FR,1,79.28,79.28,0,0.0,0,0.0
cust_005231,2024-05-29,US,1,135.67,135.67,0,0.0,0,0.0
cust_005232,2024-05-31,IN,1,1864.32,1864.32,0,0.0,0,0.0
cust_005233,2024-04-16,CA,2,2479.58,1239.79,0,0.0,0,0.0
cust_005234,2024-06-10,US,1,28.15,28.15,0,0.0,0,0.0
cust_005235,2024-01-17,US,2,1248.36,624.18,0,0.0,1,0.5
cust_005236,2024-03-02,US,1,228.28,228.28,0,0.0,0,0.0
cust_005237,2024-03-25,CA,1,88.11,88.11,0,0.0,0,0.0
cust_005238,2024-03-11,IN,1,84.31,84.31,0,0.0,0,0.0
cust_005239,2024-02-21,US,2,1577.72,788.86,0,0.0,1,0.5
cust_005240,2024-02-13,US,2,14916.1,7458.05,0,0.0,1,0.5
cust_005241,2024-06-25,US,1,138.27,138.27,0,0.0,0,0.0
cust_005242,2024-05-04,US,1,91.85,91.85,0,0.0,0,0.0
cust_005243,2024-01-20,FR,1,13204.62,13204.62,1,1.0,0,0.0
cust_005244,2024-04-14,DE,1,308.78,308.78,0,0.0,0,0.0
cust_005245,2024-03-13,DE,1,6145.34,6145.34,0,0.0,1,1.0
cust_005246,2024-05-04,IN,1,81.17,81.17,0,0.0,0,0.0
cust_005247,2024-09-21,US,1,128.24,128.24,0,0.0,0,0.0
cust_005248,2024-02-15,US,1,96.41,96.41,0,0.0,0,0.0
cust_005249,2024-03-01,IN,1,78.93,78.93,0,0.0,0,0.0
cust_005250,2024-03-04,FR,1,152.72,152.72,0,0.0,0,0.0
cust_005251,2024-03-08,BR,1,548.53,548.53,0,0.0,0,0.0
cust_005252,2024-01-26,FR,2,1468.82,734.41,0,0.0,0,0.0
cust_005253,2024-04-28,DE,1,101.6,101.6,1,1.0,0,0.0
cust_005254,2024-03-03,BR,3,5714.11,1904.7,0,0.0,0,0.0
cust_005255,2024-04-04,AU,1,99.15,99.15,0,0.0,0,0.0
cust_005256,2024-03-07,MX,1,72.13,72.13,0,0.0,0,0.0
cust_005257,2024-09-18,US,14,7132.21,509.44,1,0.0714,0,0.0
cust_005258,2024-05-06,US,22,2454.87,111.58,0,0.0,0,0.0
cust_005259,2024-05-05,IN,2,5578.6,2789.3,0,0.0,0,0.0
cust_005260,2024-06-03,UK,1,100.38,100.38,0,0.0,0,0.0
cust_005261,2024-04-26,US,0,0.0,0.0,0,0.0,0,0.0
cust_005262,2024-10-02,FR,1,158.55,158.55,0,0.0,0,0.0
cust_005263,2024-05-05,CA,0,0.0,0.0,0,0.0,0,0.0
cust_005264,2024-03-04,CA,5,12851.82,2570.36,0,0.0,2,0.4
cust_005265,2024-03-20,US,1,104.79,104.79,0,0.0,0,0.0
cust_005266,2024-07-11,UK,1,151.61,151.61,0,0.0,0,0.0
cust_005267,2024-02-19,IN,1,219.59,219.59,0,0.0,0,0.0
cust_005268,2024-01-11,US,5,15120.18,3024.04,0,0.0,3,0.6
cust_005269,2024-03-02,US,1,50.17,50.17,0,0.0,0,0.0
cust_005270,2024-07-07,CA,1,90.55,90.55,0,0.0,0,0.0
cust_005271,2024-05-27,RU,1,1893.3,1893.3,0,0.0,0,0.0
cust_005272,2024-05-31,US,1,80.16,80.16,0,0.0,0,0.0
cust_005273,2024-02-01,US,0,0.0,0.0,0,0.0,0,0.0
cust_005274,2024-01-28,US,1,287.39,287.39,0,0.0,0,0.0
cust_005275,2024-02-19,US,2,7235.05,3617.52,1,0.5,0,0.0
cust_005276,2024-05-17,DE,1,97.36,97.36,0,0.0,0,0.0
cust_005277,2024-05-16,US,2,12165.95,6082.98,0,0.0,0,0.0
cust_005278,2024-01-21,UK,1,142.96,142.96,0,0.0,0,0.0
cust_005279,2024-05-04,CN,1,12.74,12.74,0,0.0,0,0.0
cust_005280,2024-06-22,US,1,134.06,134.06,0,0.0,0,0.0
cust_005281,2024-09-12,CA,3,6343.38,2114.46,0,0.0,1,0.3333
cust_005282,2024-03-25,CN,1,169.53,169.53,0,0.0,0,0.0
cust_005283,2024-02-07,CA,2,12103.1,6051.55,0,0.0,0,0.0
cust_005284,2024-03-18,US,15,1530.77,102.05,3,0.2,0,0.0
cust_005285,2024-04-10,US,13,1266.8,97.45,0,0.0,0,0.0
cust_005286,2024-09-09,NG,1,67.28,67.28,0,0.0,0,0.0
cust_005287,2024-02-10,NG,2,24223.8,12111.9,0,0.0,1,0.5
cust_005288,2024-07-23,US,1,85.27,85.27,0,0.0,0,0.0
cust_005289,2024-03-31,IN,2,3249.06,1624.53,1,0.5,0,0.0
cust_005290,2024-05-06,US,1,222.2,222.2,1,1.0,0,0.0
cust_005291,2024-04-06,US,2,1093.11,546.55,0,0.0,1,0.5
cust_005292,2024-11-29,CN,1,182.45,182.45,0,0.0,0,0.0
cust_005293,2024-04-10,UK,1,54.14,54.14,0,0.0,0,0.0
cust_005294,2024-01-25,US,1,93.85,93.85,0,0.0,0,0.0
cust_005295,2024-05-01,CA,1,50.13,50.13,0,0.0,0,0.0
cust_005296,2024-04-03,JP,1,139.14,139.14,0,0.0,0,0.0
cust_005297,2024-03-11,BR,1,154.11,154.11,0,0.0,0,0.0
cust_005298,2024-03-06,DE,1,75.24,75.24,0,0.0,0,0.0
cust_005299,2024-05-16,BR,1,162.99,162.99,0,0.0,0,0.0
cust_005300,2024-08-02,AU,1,68.83,68.83,0,0.0,0,0.0
cust_005301,2024-02-20,KR,0,0.0,0.0,0,0.0,0,0.0
cust_005302,2024-02-27,DE,2,8641.23,4320.62,0,0.0,0,0.0
cust_005303,2024-05-27,IN,76,10213.36,134.39,5,0.0658,0,0.0
cust_005304,2024-06-09,RU,1,1380.35,1380.35,0,0.0,0,0.0
cust_005305,2024-07-04,UK,1,174.09,174.09,0,0.0,0,0.0
cust_005306,2024-02-23,CA,1,43.2,43.2,0,0.0,0,0.0
cust_005307,2024-05-18,JP,1,73.0,73.0,0,0.0,0,0.0
cust_005308,2024-05-07,KR,0,0.0,0.0,0,0.0,0,0.0
cust_005309,2024-04-08,UK,1,107.17,107.17,0,0.0,0,0.0
cust_005310,2024-07-09,IN,1,99.99,99.99,0,0.0,0,0.0
cust_005311,2024-04-22,BR,2,4053.96,2026.98,0,0.0,1,0.5
cust_005312,2024-02-08,CA,10,4386.85,438.68,1,0.1,0,0.0
cust_005313,2024-08-04,UK,1,121.57,121.57,1,1.0,0,0.0
cust_005314,2024-02-01,US,1,117.74,117.74,0,0.0,0,0.0
cust_005315,2024-04-10,US,3,11189.66,3729.89,1,0.3333,1,0.3333
cust_005316,2024-07-07,US,1,94.52,94.52,0,0.0,0,0.0
cust_005317,2024-03-26,UK,1,356.01,356.01,0,0.0,0,0.0
cust_005318,2024-02-14,AU,1,139.32,139.32,0,0.0,0,0.0
cust_005319,2024-03-22,US,1,261.47,261.47,0,0.0,0,0.0
cust_005320,2024-07-01,US,1,264.34,264.34,0,0.0,0,0.0
cust_005321,2024-02-18,IN,1,77.52,77.52,0,0.0,0,0.0
cust_005322,2024-05-26,US,1,205.69,205.69,0,0.0,0,0.0
cust_005323,2024-06-01,CN,3,19777.85,6592.62,0,0.0,1,0.3333
cust_005324,2024-03-21,US,1,74.11,74.11,0,0.0,0,0.0
cust_005325,2024-04-03,BR,1,73.98,73.98,0,0.0,0,0.0
cust_005326,2024-07-21,UK,1,38.41,38.41,0,0.0,0,0.0
cust_005327,2024-08-04,ZA,2,14542.13,7271.06,0,0.0,1,0.5
cust_005328,2024-05-05,CA,1,157.65,157.65,0,0.0,0,0.0
cust_005329,2024-06-23,KR,1,80.02,80.02,0,0.0,0,0.0
cust_005330,2024-03-31,UK,1,140.56,140.56,0,0.0,0,0.0
cust_005331,2024-01-07,FR,1,83.76,83.76,0,0.0,0,0.0
cust_005332,2024-02-21,US,1,49.64,49.64,0,0.0,0,0.0
cust_005333,2024-01-10,UK,0,0.0,0.0,0,0.0,0,0.0
cust_005334,2024-04-04,US,1,85.99,85.99,0,0.0,0,0.0
cust_005335,2024-01-11,AU,1,95.36,95.36,0,0.0,0,0.0
cust_005336,2024-02-03,CA,2,929.59,464.79,0,0.0,1,0.5
cust_005337,2024-03-22,IN,1,858.22,858.22,1,1.0,0,0.0
cust_005338,2024-09-01,US,1,155.37,155.37,0,0.0,0,0.0
cust_005339,2024-05-31,US,1,52.44,52.44,0,0.0,0,0.0
cust_005340,2024-04-06,DE,1,15.3,15.3,0,0.0,0,0.0
cust_005341,2024-05-25,UK,3,474.93,158.31,0,0.0,0,0.0
cust_005342,2024-03-20,UK,2,1978.88,989.44,1,0.5,0,0.0
cust_005343,2024-06-30,KR,1,535.65,535.65,0,0.0,0,0.0
cust_005344,2024-01-19,US,1,52.82,52.82,0,0.0,0,0.0
cust_005345,2024-04-26,IN,4,23706.2,5926.55,0,0.0,0,0.0
cust_005346,2024-05-22,US,1,757.87,757.87,0,0.0,0,0.0
cust_005347,2024-03-23,DE,1,45.89,45.89,0,0.0,0,0.0
cust_005348,2024-04-06,CA,1,562.65,562.65,0,0.0,0,0.0
cust_005349,2024-05-04,FR,1,95.75,95.75,1,1.0,0,0.0
cust_005350,2024-01-23,FR,1,304.5,304.5,0,0.0,0,0.0
cust_005351,2024-08-26,US,1,180.84,180.84,0,0.0,0,0.0
cust_005352,2024-02-07,US,1,374.25,374.25,0,0.0,0,0.0
cust_005353,2024-07-04,US,1,68.2,68.2,0,0.0,0,0.0
cust_005354,2024-05-19,IN,1,360.73,360.73,0,0.0,0,0.0
cust_005355,2024-01-25,US,4,22996.21,5749.05,0,0.0,2,0.5
cust_005356,2024-02-05,CA,1,114.52,114.52,0,0.0,0,0.0
cust_005357,2024-02-12,UK,1,76.01,76.01,0,0.0,0,0.0
cust_005358,2024-03-01,IN,25,2148.41,85.94,2,0.08,0,0.0
cust_005359,2024-03-06,UK,1,1166.58,1166.58,0,0.0,0,0.0
cust_005360,2024-08-06,CN,1,49.0,49.0,0,0.0,0,0.0
cust_005361,2024-03-05,KR,2,12033.71,6016.86,2,1.0,0,0.0
cust_005362,2024-02-23,UK,3,8431.18,2810.39,0,0.0,1,0.3333
cust_005363,2024-02-10,RU,1,59.38,59.38,0,0.0,0,0.0
cust_005364,2024-07-05,AU,1,175.2,175.2,0,0.0,0,0.0
cust_005365,2024-01-30,US,0,0.0,0.0,0,0.0,0,0.0
cust_005366,2024-07-13,CA,1,396.25,396.25,0,0.0,0,0.0
cust_005367,2024-08-07,UK,1,100.31,100.31,0,0.0,0,0.0
cust_005368,2024-03-10,BR,1,70.11,70.11,0,0.0,0,0.0
cust_005369,2024-06-17,NG,1,190.82,190.82,0,0.0,0,0.0
cust_005370,2024-04-05,IN,2,12860.62,6430.31,0,0.0,1,0.5
cust_005371,2024-02-07,IN,1,305.4,305.4,0,0.0,0,0.0
cust_005372,2024-04-25,FR,1,136.11,136.11,0,0.0,0,0.0
cust_005373,2024-06-01,CA,1,37.39,37.39,0,0.0,1,1.0
cust_005374,2024-06-05,CA,1,175.81,175.81,0,0.0,0,0.0
cust_005375,2024-04-06,CA,2,12175.49,6087.74,0,0.0,0,0.0
cust_005376,2024-01-16,BR,1,16.69,16.69,0,0.0,0,0.0
cust_005377,2024-01-18,IN,1,178.83,178.83,0,0.0,0,0.0
cust_005378,2024-03-13,US,3,253.92,84.64,0,0.0,0,0.0
cust_005379,2024-06-16,US,1,39.6,39.6,0,0.0,0,0.0
cust_005380,2024-02-27,UK,2,1474.18,737.09,0,0.0,1,0.5
cust_005381,2024-04-19,DE,1,22805.55,22805.55,0,0.0,0,0.0
cust_005382,2024-03-18,UK,1,84.12,84.12,0,0.0,0,0.0
cust_005383,2024-02-22,UK,2,18843.5,9421.75,0,0.0,0,0.0
cust_005384,2024-03-17,NG,4,2398.65,599.66,1,0.25,0,0.0
cust_005385,2024-05-12,JP,1,203.79,203.79,1,1.0,0,0.0
cust_005386,2024-01-28,CA,1,123.26,123.26,0,0.0,0,0.0
cust_005387,2024-02-15,FR,5,509.26,101.85,3,0.6,0,0.0
cust_005388,2024-06-26,UK,1,149.96,149.96,0,0.0,0,0.0
cust_005389,2024-01-30,IN,3,326.43,108.81,1,0.3333,0,0.0
cust_005390,2024-05-14,US,2,10688.38,5344.19,0,0.0,0,0.0
cust_005391,2024-02-27,CA,1,313.9,313.9,0,0.0,0,0.0
cust_005392,2024-01-31,IN,1,94.09,94.09,0,0.0,0,0.0
cust_005393,2024-04-11,UK,1,850.99,850.99,0,0.0,0,0.0
cust_005394,2024-06-12,FR,1,96.45,96.45,0,0.0,0,0.0
cust_005395,2024-02-05,US,1,50.69,50.69,0,0.0,0,0.0
cust_005396,2024-05-23,US,1,34.15,34.15,0,0.0,0,0.0
cust_005397,2024-02-13,RU,1,63.88,63.88,0,0.0,0,0.0
cust_005398,2024-05-08,UK,1,194.36,194.36,0,0.0,0,0.0
cust_005399,2024-05-06,US,4,9469.17,2367.29,0,0.0,1,0.25
cust_005400,2024-03-31,CA,1,58.84,58.84,0,0.0,0,0.0
cust_005401,2024-05-03,US,1,105.07,105.07,0,0.0,0,0.0
cust_005402,2024-01-19,FR,1,77.38,77.38,0,0.0,0,0.0
cust_005403,2024-01-22,US,3,17282.76,5760.92,1,0.3333,0,0.0
cust_005404,2024-01-31,ZA,1,67.72,67.72,0,0.0,0,0.0
cust_005405,2024-03-18,US,1,69.06,69.06,0,0.0,0,0.0
cust_005406,2024-07-18,UK,1,172.35,172.35,0,0.0,0,0.0
cust_005407,2024-04-18,CA,1,111.15,111.15,0,0.0,0,0.0
cust_005408,2024-06-02,US,1,198.96,198.96,0,0.0,0,0.0
cust_005409,2024-03-19,US,7,21046.81,3006.69,0,0.0,0,0.0
cust_005410,2024-01-20,US,1,231.59,231.59,0,0.0,0,0.0
cust_005411,2024-03-19,US,1,85.31,85.31,1,1.0,0,0.0
cust_005412,2024-04-17,AU,1,217.33,217.33,0,0.0,0,0.0
cust_005413,2024-05-27,NG,1,83.49,83.49,0,0.0,0,0.0
cust_005414,2024-03-31,UK,1,233.11,233.11,0,0.0,0,0.0
cust_005415,2024-03-02,CA,1,1511.53,1511.53,1,1.0,0,0.0
cust_005416,2024-01-29,IN,1,27.73,27.73,0,0.0,0,0.0
cust_005417,2024-05-11,US,7,1209.53,172.79,0,0.0,0,0.0
cust_005418,2024-02-29,UK,1,173.75,173.75,0,0.0,0,0.0
cust_005419,2024-03-02,MX,1,74.49,74.49,0,0.0,0,0.0
cust_005420,2024-04-21,US,3,24171.41,8057.14,0,0.0,0,0.0
cust_005421,2024-05-31,US,2,14437.62,7218.81,1,0.5,0,0.0
cust_005422,2024-03-15,US,1,72.96,72.96,0,0.0,0,0.0
cust_005423,2024-02-01,CA,1,276.01,276.01,0,0.0,0,0.0
cust_005424,2024-02-29,JP,2,3085.66,1542.83,0,0.0,0,0.0
cust_005425,2024-04-08,UK,1,43.47,43.47,0,0.0,0,0.0
cust_005426,2024-03-30,US,1,102.68,102.68,1,1.0,0,0.0
cust_005427,2024-02-29,US,1,55.09,55.09,0,0.0,0,0.0
cust_005428,2024-02-06,JP,1,198.27,198.27,0,0.0,0,0.0
cust_005429,2024-04-20,UK,1,61.55,61.55,1,1.0,0,0.0
cust_005430,2024-03-21,US,2,2303.33,1151.67,0,0.0,1,0.5
cust_005431,2024-06-16,US,1,883.83,883.83,0,0.0,0,0.0
cust_005432,2024-01-21,US,1,394.39,394.39,0,0.0,0,0.0
cust_005433,2024-03-18,KR,1,75.28,75.28,1,1.0,0,0.0
cust_005434,2024-04-18,CA,1,213.02,213.02,0,0.0,0,0.0
cust_005435,2024-03-29,US,1,29.7,29.7,0,0.0,0,0.0
cust_005436,2024-04-28,RU,3,1258.0,419.33,0,0.0,1,0.3333
cust_005437,2024-03-05,MX,1,37.49,37.49,0,0.0,0,0.0
cust_005438,2024-03-03,US,2,10519.27,5259.63,0,0.0,0,0.0
cust_005439,2024-06-24,US,1,137.31,137.31,0,0.0,0,0.0
cust_005440,2024-04-20,KR,1,64.02,64.02,1,1.0,0,0.0
cust_005441,2024-05-28,US,3,305.4,101.8,1,0.3333,0,0.0
cust_005442,2024-06-21,US,1,50.82,50.82,0,0.0,0,0.0
cust_005443,2024-03-29,UK,0,0.0,0.0,0,0.0,0,0.0
cust_005444,2024-05-01,AU,1,334.94,334.94,0,0.0,0,0.0
cust_005445,2024-03-12,UK,1,23.57,23.57,0,0.0,0,0.0
cust_005446,2024-06-27,US,0,0.0,0.0,0,0.0,0,0.0
cust_005447,2024-01-07,FR,1,62.5,62.5,0,0.0,0,0.0
cust_005448,2024-02-11,JP,1,123.08,123.08,0,0.0,0,0.0
cust_005449,2024-05-09,US,0,0.0,0.0,0,0.0,0,0.0
cust_005450,2024-06-01,US,3,325.29,108.43,1,0.3333,0,0.0
cust_005451,2024-05-03,DE,1,66.78,66.78,0,0.0,0,0.0
cust_005452,2024-04-12,US,2,2308.75,1154.38,0,0.0,0,0.0
cust_005453,2024-04-11,DE,1,195.11,195.11,1,1.0,0,0.0
cust_005454,2024-05-16,US,1,121.67,121.67,0,0.0,0,0.0
cust_005455,2024-04-10,BR,1,77.86,77.86,0,0.0,0,0.0
cust_005456,2024-05-27,US,1,83.31,83.31,0,0.0,0,0.0
cust_005457,2024-05-21,US,1,1840.11,1840.11,0,0.0,0,0.0
cust_005458,2024-05-17,US,42,4135.53,98.46,4,0.0952,1,0.0238
cust_005459,2024-05-31,US,21,2172.64,103.46,0,0.0,0,0.0
cust_005460,2024-03-21,IN,7,743.76,106.25,2,0.2857,0,0.0
cust_005461,2024-04-09,IN,1,104.71,104.71,0,0.0,0,0.0
cust_005462,2024-04-06,BR,1,99.06,99.06,0,0.0,0,0.0
cust_005463,2024-05-08,IN,2,6499.24,3249.62,0,0.0,1,0.5
cust_005464,2024-01-21,UK,4,10090.24,2522.56,1,0.25,0,0.0
cust_005465,2024-04-18,BR,1,295.23,295.23,0,0.0,0,0.0
cust_005466,2024-06-12,US,2,11505.73,5752.87,1,0.5,0,0.0
cust_005467,2024-05-21,DE,1,132.92,132.92,0,0.0,0,0.0
cust_005468,2024-05-21,CA,3,262.08,87.36,0,0.0,0,0.0
cust_005469,2024-04-28,US,1,51.4,51.4,0,0.0,0,0.0
cust_005470,2024-05-16,IN,1,1425.73,1425.73,0,0.0,0,0.0
cust_005471,2024-02-15,ZA,1,56.54,56.54,0,0.0,0,0.0
cust_005472,2024-07-14,US,3,5968.45,1989.48,0,0.0,1,0.3333
cust_005473,2024-01-14,IN,1,200.44,200.44,0,0.0,0,0.0
cust_005474,2024-06-19,UK,1,134.77,134.77,0,0.0,0,0.0
cust_005475,2024-01-11,UK,1,139.05,139.05,0,0.0,0,0.0
cust_005476,2024-07-16,US,0,0.0,0.0,0,0.0,0,0.0
cust_005477,2024-05-09,US,1,405.94,405.94,1,1.0,0,0.0
cust_005478,2024-04-09,US,1,52.57,52.57,0,0.0,0,0.0
cust_005479,2024-04-22,AU,1,98.47,98.47,0,0.0,0,0.0
cust_005480,2024-04-11,US,1,75.87,75.87,0,0.0,0,0.0
cust_005481,2024-01-07,CA,1,2946.75,2946.75,0,0.0,0,0.0
cust_005482,2024-03-30,US,1,10.05,10.05,0,0.0,0,0.0
cust_005483,2024-05-11,US,1,259.07,259.07,0,0.0,0,0.0
cust_005484,2024-08-09,IN,1,136.06,136.06,0,0.0,0,0.0
cust_005485,2024-04-08,IN,9,142.96,15.88,0,0.0,4,0.4444
cust_005486,2024-03-17,CA,1,474.26,474.26,0,0.0,0,0.0
cust_005487,2024-01-12,DE,2,19760.21,9880.1,0,0.0,1,0.5
cust_005488,2024-03-05,IN,1,798.63,798.63,0,0.0,0,0.0
cust_005489,2024-04-05,US,1,1028.64,1028.64,0,0.0,0,0.0
cust_005490,2024-05-17,US,1,163.68,163.68,0,0.0,0,0.0
cust_005491,2024-02-18,US,1,24.29,24.29,1,1.0,0,0.0
cust_005492,2024-06-22,UK,1,47.46,47.46,0,0.0,0,0.0
cust_005493,2024-04-25,US,6,52.88,8.81,0,0.0,2,0.3333
cust_005494,2024-03-27,CA,2,1219.05,609.52,0,0.0,1,0.5
cust_005495,2024-07-07,US,1,31.06,31.06,0,0.0,0,0.0
cust_005496,2024-04-02,CA,1,86.17,86.17,0,0.0,0,0.0
cust_005497,2024-06-23,UK,1,38.19,38.19,0,0.0,0,0.0
cust_005498,2024-05-04,MX,1,247.12,247.12,0,0.0,0,0.0
cust_005499,2024-04-16,NG,1,171.95,171.95,1,1.0,0,0.0
cust_005500,2024-03-28,MX,1,116.0,116.0,0,0.0,0,0.0
cust_005501,2024-01-29,DE,1,70.45,70.45,0,0.0,0,0.0
cust_005502,2024-01-25,KR,1,51.58,51.58,0,0.0,0,0.0
cust_005503,2024-04-04,US,3,8046.96,2682.32,0,0.0,1,0.3333
cust_005504,2024-04-19,CA,2,13405.38,6702.69,1,0.5,0,0.0
cust_005505,2024-02-25,FR,2,191.08,95.54,0,0.0,0,0.0
cust_005506,2024-05-16,CA,1,18.23,18.23,0,0.0,0,0.0
cust_005507,2024-01-26,US,2,1891.45,945.72,0,0.0,0,0.0
cust_005508,2024-03-21,DE,1,186.41,186.41,1,1.0,0,0.0
cust_005509,2024-05-12,KR,1,107.57,107.57,0,0.0,0,0.0
cust_005510,2024-04-27,CA,12,863.3,71.94,1,0.0833,0,0.0
cust_005511,2024-03-05,US,4,6894.59,1723.65,1,0.25,0,0.0
cust_005512,2024-04-20,US,0,0.0,0.0,0,0.0,0,0.0
cust_005513,2024-02-12,US,1,196.57,196.57,0,0.0,0,0.0
cust_005514,2024-06-01,AU,2,22132.65,11066.32,0,0.0,1,0.5
cust_005515,2024-05-13,CA,0,0.0,0.0,0,0.0,0,0.0
cust_005516,2024-03-28,US,1,158.64,158.64,1,1.0,0,0.0
cust_005517,2024-02-14,JP,1,24.87,24.87,0,0.0,0,0.0
cust_005518,2024-03-23,UK,1,718.42,718.42,0,0.0,0,0.0
cust_005519,2024-07-05,AU,1,31.02,31.02,0,0.0,0,0.0
cust_005520,2024-02-13,BR,3,2740.4,913.47,0,0.0,0,0.0
cust_005521,2024-03-31,FR,1,337.82,337.82,0,0.0,0,0.0
cust_005522,2024-01-05,KR,2,12705.74,6352.87,1,0.5,1,0.5
cust_005523,2024-06-18,NG,14,1430.45,102.18,0,0.0,1,0.0714
cust_005524,2024-05-30,US,1,156.64,156.64,0,0.0,0,0.0
cust_005525,2024-03-23,US,1,43.13,43.13,0,0.0,0,0.0
cust_005526,2024-05-22,MX,1,31.34,31.34,0,0.0,0,0.0
cust_005527,2024-06-04,DE,1,456.62,456.62,0,0.0,0,0.0
cust_005528,2024-03-09,UK,2,612.46,306.23,0,0.0,1,0.5
cust_005529,2024-04-22,JP,397,38351.27,96.6,29,0.073,3,0.0076
cust_005530,2024-03-18,IN,3,2663.68,887.89,0,0.0,0,0.0
cust_005531,2024-06-06,UK,1,30.9,30.9,0,0.0,1,1.0
cust_005532,2024-02-13,US,1,86.18,86.18,1,1.0,0,0.0
cust_005533,2024-06-29,JP,1,67.04,67.04,0,0.0,0,0.0
cust_005534,2024-03-01,JP,1,73.41,73.41,0,0.0,0,0.0
cust_005535,2024-02-11,RU,1,128.28,128.28,0,0.0,0,0.0
cust_005536,2024-07-05,AU,1,101.82,101.82,1,1.0,0,0.0
cust_005537,2024-05-28,US,1,261.9,261.9,0,0.0,0,0.0
cust_005538,2024-05-09,UK,4,4505.91,1126.48,0,0.0,0,0.0
cust_005539,2024-04-23,US,2,1492.74,746.37,0,0.0,0,0.0
cust_005540,2024-08-07,US,1,52.5,52.5,0,0.0,0,0.0
cust_005541,2024-04-19,AU,1,122.69,122.69,0,0.0,0,0.0
cust_005542,2024-01-11,US,7,152.73,21.82,0,0.0,2,0.2857
cust_005543,2024-06-21,CA,4,513.8,128.45,0,0.0,0,0.0
cust_005544,2024-04-10,JP,1,49.19,49.19,1,1.0,0,0.0
cust_005545,2024-03-01,AU,1,51.55,51.55,0,0.0,0,0.0
cust_005546,2024-09-06,US,1,197.13,197.13,1,1.0,0,0.0
cust_005547,2024-03-03,US,1,477.79,477.79,0,0.0,0,0.0
cust_005548,2024-01-23,UK,1,31.44,31.44,0,0.0,0,0.0
cust_005549,2024-04-04,IN,6,689.79,114.96,0,0.0,0,0.0
cust_005550,2024-01-09,JP,1,31.01,31.01,0,0.0,0,0.0
cust_005551,2024-05-16,CA,2,5377.29,2688.64,0,0.0,1,0.5
cust_005552,2024-04-11,US,0,0.0,0.0,0,0.0,0,0.0
cust_005553,2024-04-18,DE,1,54.69,54.69,0,0.0,0,0.0
cust_005554,2024-05-27,UK,1,91.46,91.46,0,0.0,0,0.0
cust_005555,2024-02-06,BR,1,33.52,33.52,0,0.0,0,0.0
cust_005556,2024-01-15,US,1,98.43,98.43,0,0.0,0,0.0
cust_005557,2024-05-28,UK,0,0.0,0.0,0,0.0,0,0.0
cust_005558,2024-05-01,UK,1,85.03,85.03,0,0.0,0,0.0
cust_005559,2024-01-17,IN,1,240.52,240.52,0,0.0,0,0.0
cust_005560,2024-08-23,UK,1,66.79,66.79,1,1.0,0,0.0
cust_005561,2024-03-13,UK,1,94.69,94.69,0,0.0,0,0.0
cust_005562,2024-04-08,FR,0,0.0,0.0,0,0.0,0,0.0
cust_005563,2024-02-17,US,1,617.83,617.83,0,0.0,0,0.0
cust_005564,2024-07-02,US,1,64.52,64.52,0,0.0,0,0.0
cust_005565,2024-06-19,US,1,38.96,38.96,1,1.0,0,0.0
cust_005566,2024-02-05,US,1,107.67,107.67,0,0.0,0,0.0
cust_005567,2024-03-28,CA,2,15514.62,7757.31,0,0.0,1,0.5
cust_005568,2024-04-18,US,2,13476.39,6738.2,0,0.0,0,0.0
cust_005569,2024-03-07,US,1,130.72,130.72,0,0.0,0,0.0
cust_005570,2024-05-27,ZA,1,36.53,36.53,0,0.0,0,0.0
cust_005571,2024-05-16,UK,2,3696.23,1848.12,1,0.5,1,0.5
cust_005572,2024-02-02,BR,1,476.65,476.65,0,0.0,0,0.0
cust_005573,2024-06-29,FR,1,950.04,950.04,0,0.0,0,0.0
cust_005574,2024-05-07,US,1,39.6,39.6,0,0.0,0,0.0
cust_005575,2024-02-25,CA,1,41.14,41.14,0,0.0,0,0.0
cust_005576,2024-05-07,CA,1,131.95,131.95,0,0.0,0,0.0
cust_005577,2024-04-09,US,1,57.98,57.98,0,0.0,0,0.0
cust_005578,2024-05-01,US,1,780.99,780.99,0,0.0,0,0.0
cust_005579,2024-08-10,US,1,94.47,94.47,0,0.0,0,0.0
cust_005580,2024-05-28,US,1,764.88,764.88,0,0.0,0,0.0
cust_005581,2024-02-20,US,72,7972.81,110.73,9,0.125,0,0.0
cust_005582,2024-05-18,US,1,113.45,113.45,0,0.0,0,0.0
cust_005583,2024-03-18,CA,1,101.56,101.56,0,0.0,0,0.0
cust_005584,2024-06-16,US,0,0.0,0.0,0,0.0,0,0.0
cust_005585,2024-02-18,AU,0,0.0,0.0,0,0.0,0,0.0
cust_005586,2024-03-18,US,1,39.6,39.6,0,0.0,0,0.0
cust_005587,2024-03-03,IN,1,33.77,33.77,0,0.0,0,0.0
cust_005588,2024-02-28,AU,1,560.02,560.02,0,0.0,0,0.0
cust_005589,2024-05-13,UK,1,25.5,25.5,0,0.0,0,0.0
cust_005590,2024-06-20,US,1,87.92,87.92,0,0.0,0,0.0
cust_005591,2024-05-13,US,1,44.72,44.72,0,0.0,0,0.0
cust_005592,2024-03-15,US,2,22238.62,11119.31,0,0.0,0,0.0
cust_005593,2024-04-09,US,10,1038.83,103.88,0,0.0,0,0.0
cust_005594,2024-03-28,IN,1,54.16,54.16,0,0.0,0,0.0
cust_005595,2024-03-16,IN,1,51.02,51.02,0,0.0,0,0.0
cust_005596,2024-03-26,UK,1,151.96,151.96,0,0.0,0,0.0
cust_005597,2024-05-19,MX,4,13.58,3.4,0,0.0,0,0.0
cust_005598,2024-04-10,RU,1,148.34,148.34,0,0.0,0,0.0
cust_005599,2024-02-26,US,1,84.92,84.92,0,0.0,0,0.0
cust_005600,2024-03-21,FR,1,155.87,155.87,0,0.0,0,0.0
cust_005601,2024-03-07,US,1,149.79,149.79,1,1.0,0,0.0
cust_005602,2024-04-09,FR,1,390.62,390.62,0,0.0,0,0.0
cust_005603,2024-03-29,FR,1,72.66,72.66,0,0.0,0,0.0
cust_005604,2024-03-05,UK,0,0.0,0.0,0,0.0,0,0.0
cust_005605,2024-03-17,UK,1,235.15,235.15,0,0.0,0,0.0
cust_005606,2024-01-25,IN,8,447.94,55.99,0,0.0,0,0.0
cust_005607,2024-04-06,US,2,2883.9,1441.95,0,0.0,1,0.5
cust_005608,2024-04-06,IN,1,385.22,385.22,0,0.0,0,0.0
cust_005609,2024-07-30,NG,2,17979.37,8989.68,0,0.0,1,0.5
cust_005610,2024-04-27,UK,1,53.6,53.6,1,1.0,0,0.0
cust_005611,2024-03-31,US,1,341.6,341.6,0,0.0,0,0.0
cust_005612,2024-01-14,CA,6,693.97,115.66,0,0.0,0,0.0
cust_005613,2024-02-04,DE,1,22.06,22.06,0,0.0,0,0.0
cust_005614,2024-06-14,CA,2,2879.41,1439.7,1,0.5,1,0.5
cust_005615,2024-03-22,US,1,29.62,29.62,0,0.0,0,0.0
cust_005616,2024-03-24,DE,4,303.25,75.81,0,0.0,0,0.0
cust_005617,2024-05-27,US,87,9581.32,110.13,7,0.0805,0,0.0
cust_005618,2024-05-01,UK,46,4675.28,101.64,5,0.1087,0,0.0
cust_005619,2024-03-16,UK,6,602.26,100.38,0,0.0,0,0.0
cust_005620,2024-03-18,JP,1,53.38,53.38,0,0.0,0,0.0
cust_005621,2024-03-31,JP,1,197.96,197.96,0,0.0,0,0.0
cust_005622,2024-02-29,AU,1,27.42,27.42,0,0.0,0,0.0
cust_005623,2024-03-11,BR,2,12246.24,6123.12,0,0.0,1,0.5
cust_005624,2024-02-17,US,4,22501.53,5625.38,0,0.0,0,0.0
cust_005625,2024-04-13,FR,0,0.0,0.0,0,0.0,0,0.0
cust_005626,2024-04-17,FR,1,294.21,294.21,0,0.0,0,0.0
cust_005627,2024-01-14,AU,0,0.0,0.0,0,0.0,0,0.0
cust_005628,2024-08-09,AU,0,0.0,0.0,0,0.0,0,0.0
cust_005629,2024-04-01,US,1,234.3,234.3,0,0.0,0,0.0
cust_005630,2024-04-15,US,1,119.86,119.86,0,0.0,0,0.0
cust_005631,2024-02-11,AU,0,0.0,0.0,0,0.0,0,0.0
cust_005632,2024-07-02,US,1,418.26,418.26,1,1.0,0,0.0
cust_005633,2024-04-25,US,1,101.41,101.41,0,0.0,0,0.0
cust_005634,2024-05-11,KR,1,253.07,253.07,0,0.0,0,0.0
cust_005635,2024-03-16,KR,1,231.91,231.91,0,0.0,0,0.0
cust_005636,2024-06-07,US,1,62.2,62.2,0,0.0,0,0.0
cust_005637,2024-03-07,US,1,89.74,89.74,0,0.0,0,0.0
cust_005638,2024-09-27,UK,1,93.66,93.66,0,0.0,0,0.0
cust_005639,2024-01-25,US,1,21.55,21.55,1,1.0,0,0.0
cust_005640,2024-03-06,US,1,244.93,244.93,0,0.0,0,0.0
cust_005641,2024-01-24,US,1,132.41,132.41,0,0.0,0,0.0
cust_005642,2024-05-20,BR,1,27.65,27.65,0,0.0,0,0.0
cust_005643,2024-04-17,UK,1,76.13,76.13,0,0.0,0,0.0
cust_005644,2024-04-06,US,42,4491.0,106.93,4,0.0952,0,0.0
cust_005645,2024-05-18,IN,5,403.58,80.72,2,0.4,0,0.0
cust_005646,2024-04-26,US,1,81.07,81.07,1,1.0,0,0.0
cust_005647,2024-04-19,NG,0,0.0,0.0,0,0.0,0,0.0
cust_005648,2024-06-10,US,1,32.91,32.91,0,0.0,0,0.0
cust_005649,2024-01-27,US,0,0.0,0.0,0,0.0,0,0.0
cust_005650,2024-06-11,UK,1,268.54,268.54,0,0.0,0,0.0
cust_005651,2024-04-04,US,1,49.73,49.73,0,0.0,0,0.0
cust_005652,2024-07-11,US,3,8135.33,2711.78,0,0.0,1,0.3333
cust_005653,2024-07-03,RU,1,116.65,116.65,0,0.0,0,0.0
cust_005654,2024-04-17,JP,1,51.95,51.95,0,0.0,0,0.0
cust_005655,2024-02-08,RU,6,366.53,61.09,0,0.0,3,0.5
cust_005656,2024-02-05,DE,1,131.98,131.98,0,0.0,0,0.0
cust_005657,2024-02-02,US,1,55.22,55.22,0,0.0,0,0.0
cust_005658,2024-06-24,KR,2,3458.07,1729.04,0,0.0,1,0.5
cust_005659,2024-05-24,DE,0,0.0,0.0,0,0.0,0,0.0
cust_005660,2024-03-01,UK,1,71.62,71.62,0,0.0,0,0.0
cust_005661,2024-03-24,FR,1,318.63,318.63,0,0.0,0,0.0
cust_005662,2024-03-04,CA,2,20293.76,10146.88,1,0.5,1,0.5
cust_005663,2024-03-29,DE,1,327.54,327.54,0,0.0,0,0.0
cust_005664,2024-06-27,BR,0,0.0,0.0,0,0.0,0,0.0
cust_005665,2024-03-17,CN,1,158.74,158.74,0,0.0,0,0.0
cust_005666,2024-03-19,AU,1,33.45,33.45,0,0.0,0,0.0
cust_005667,2024-01-18,NG,2,2646.37,1323.18,0,0.0,0,0.0
cust_005668,2024-06-25,CA,1,75.79,75.79,0,0.0,0,0.0
cust_005669,2024-04-23,US,1,115.98,115.98,0,0.0,0,0.0
cust_005670,2024-04-05,DE,1,77.81,77.81,0,0.0,0,0.0
cust_005671,2024-06-30,CA,1,66.78,66.78,0,0.0,0,0.0
cust_005672,2024-05-22,US,1,563.52,563.52,0,0.0,0,0.0
cust_005673,2024-02-22,IN,6,52.39,8.73,0,0.0,2,0.3333
cust_005674,2024-03-07,UK,1,474.66,474.66,0,0.0,0,0.0
cust_005675,2024-03-26,UK,1,232.69,232.69,1,1.0,0,0.0
cust_005676,2024-01-24,FR,0,0.0,0.0,0,0.0,0,0.0
cust_005677,2024-04-17,NG,1,148.19,148.19,0,0.0,0,0.0
cust_005678,2024-07-04,US,1,255.49,255.49,0,0.0,0,0.0
cust_005679,2024-01-29,AU,1,77.36,77.36,0,0.0,0,0.0
cust_005680,2024-06-11,US,2,1139.34,569.67,0,0.0,1,0.5
cust_005681,2024-04-23,IN,1,50.8,50.8,0,0.0,0,0.0
cust_005682,2024-04-16,JP,0,0.0,0.0,0,0.0,0,0.0
cust_005683,2024-03-29,RU,1,71.02,71.02,0,0.0,1,1.0
cust_005684,2024-06-18,US,1,33.32,33.32,0,0.0,0,0.0
cust_005685,2024-03-05,BR,2,23450.19,11725.1,0,0.0,0,0.0
cust_005686,2024-04-03,NG,2,7566.29,3783.14,0,0.0,0,0.0
cust_005687,2024-05-14,US,1,37.02,37.02,0,0.0,0,0.0
cust_005688,2024-02-07,UK,2,4642.78,2321.39,0,0.0,1,0.5
cust_005689,2024-04-28,AU,1,4348.06,4348.06,0,0.0,0,0.0
cust_005690,2024-08-11,US,1,200.44,200.44,0,0.0,0,0.0
cust_005691,2024-03-01,IN,3,361.36,120.45,1,0.3333,0,0.0
cust_005692,2024-05-23,UK,1,465.2,465.2,0,0.0,0,0.0
cust_005693,2024-03-26,CA,1,224.48,224.48,0,0.0,0,0.0
cust_005694,2024-02-04,UK,0,0.0,0.0,0,0.0,0,0.0
cust_005695,2024-06-24,US,1,38.01,38.01,0,0.0,0,0.0
cust_005696,2024-03-24,US,1,54.79,54.79,0,0.0,0,0.0
cust_005697,2024-02-06,JP,1,90.59,90.59,0,0.0,0,0.0
cust_005698,2024-06-23,IN,2,1525.8,762.9,0,0.0,0,0.0
cust_005699,2024-08-14,CA,1,22.16,22.16,0,0.0,0,0.0
cust_005700,2024-07-13,DE,2,6202.15,3101.08,1,0.5,0,0.0
cust_005701,2024-03-27,US,1,644.57,644.57,1,1.0,0,0.0
cust_005702,2024-04-09,US,0,0.0,0.0,0,0.0,0,0.0
cust_005703,2024-06-05,CA,532,49992.06,93.97,44,0.0827,5,0.0094
cust_005704,2024-05-06,US,1,18.98,18.98,0,0.0,0,0.0
cust_005705,2024-05-13,US,2,9761.15,4880.58,2,1.0,0,0.0
cust_005706,2024-02-17,FR,1,530.54,530.54,0,0.0,0,0.0
cust_005707,2024-03-13,RU,1,987.78,987.78,0,0.0,0,0.0
cust_005708,2024-03-30,US,0,0.0,0.0,0,0.0,0,0.0
cust_005709,2024-01-23,UK,1,153.57,153.57,0,0.0,0,0.0
cust_005710,2024-04-14,DE,1,188.9,188.9,1,1.0,0,0.0
cust_005711,2024-03-22,BR,1,42.16,42.16,0,0.0,0,0.0
cust_005712,2024-06-28,US,1,168.84,168.84,0,0.0,0,0.0
cust_005713,2024-08-15,BR,5,692.72,138.54,0,0.0,0,0.0
cust_005714,2024-02-26,KR,1,42.32,42.32,0,0.0,0,0.0
cust_005715,2024-05-10,US,1,74.72,74.72,0,0.0,0,0.0
cust_005716,2024-02-16,US,2,4314.46,2157.23,1,0.5,0,0.0
cust_005717,2024-03-20,FR,1,244.36,244.36,0,0.0,0,0.0
cust_005718,2024-03-31,US,4,324.9,81.23,0,0.0,0,0.0
cust_005719,2024-03-03,US,1,87.2,87.2,0,0.0,0,0.0
cust_005720,2024-03-26,JP,1,603.9,603.9,1,1.0,0,0.0
cust_005721,2024-02-26,DE,0,0.0,0.0,0,0.0,0,0.0
cust_005722,2024-03-02,IN,2,5827.18,2913.59,0,0.0,1,0.5
cust_005723,2024-08-09,IN,1,28.32,28.32,0,0.0,0,0.0
cust_005724,2024-04-10,CA,5,121.97,24.39,0,0.0,2,0.4
cust_005725,2024-05-14,AU,1,58.58,58.58,0,0.0,0,0.0
cust_005726,2024-02-09,JP,1,243.94,243.94,0,0.0,0,0.0
cust_005727,2024-04-04,AU,2,3049.87,1524.94,0,0.0,1,0.5
cust_005728,2024-02-07,CA,0,0.0,0.0,0,0.0,0,0.0
cust_005729,2024-07-08,AU,1,356.58,356.58,0,0.0,0,0.0
cust_005730,2024-06-08,FR,1,1589.24,1589.24,0,0.0,0,0.0
cust_005731,2024-02-10,UK,1,163.1,163.1,0,0.0,0,0.0
cust_005732,2024-03-24,US,1,95.0,95.0,0,0.0,0,0.0
cust_005733,2024-04-02,UK,8,183.6,22.95,1,0.125,3,0.375
cust_005734,2024-02-11,CA,1,169.36,169.36,0,0.0,0,0.0
cust_005735,2024-04-01,US,2,15631.76,7815.88,0,0.0,1,0.5
cust_005736,2024-07-09,US,3,4740.65,1580.22,0,0.0,0,0.0
cust_005737,2024-04-05,US,1,82.29,82.29,0,0.0,0,0.0
cust_005738,2024-05-30,US,0,0.0,0.0,0,0.0,0,0.0
cust_005739,2024-04-25,CA,1,208.28,208.28,0,0.0,0,0.0
cust_005740,2024-04-13,DE,2,8517.28,4258.64,0,0.0,1,0.5
cust_005741,2024-01-28,IN,1,279.11,279.11,0,0.0,0,0.0
cust_005742,2024-02-16,FR,1,13.3,13.3,0,0.0,0,0.0
cust_005743,2024-03-23,UK,1,187.22,187.22,0,0.0,0,0.0
cust_005744,2024-03-12,AU,2,880.0,440.0,1,0.5,1,0.5
cust_005745,2024-08-06,FR,2,1497.38,748.69,0,0.0,0,0.0
cust_005746,2024-05-12,FR,12,418.37,34.86,0,0.0,3,0.25
cust_005747,2024-02-20,AU,1,43.36,43.36,1,1.0,0,0.0
cust_005748,2024-07-01,US,1,149.07,149.07,0,0.0,0,0.0
cust_005749,2024-05-25,CA,1,24.53,24.53,0,0.0,0,0.0
cust_005750,2024-01-25,AU,0,0.0,0.0,0,0.0,0,0.0
cust_005751,2024-04-05,US,1,35.82,35.82,0,0.0,0,0.0
cust_005752,2024-07-22,US,3,13381.15,4460.38,0,0.0,0,0.0
cust_005753,2024-02-09,CA,1,88.17,88.17,0,0.0,0,0.0
cust_005754,2024-03-27,UK,0,0.0,0.0,0,0.0,0,0.0
cust_005755,2024-07-22,RU,1,278.44,278.44,0,0.0,0,0.0
cust_005756,2024-05-13,FR,1,40.85,40.85,0,0.0,0,0.0
cust_005757,2024-03-12,US,1,237.46,237.46,0,0.0,0,0.0
cust_005758,2024-03-01,UK,2,15097.85,7548.92,0,0.0,0,0.0
cust_005759,2024-08-03,AU,1,140.12,140.12,0,0.0,0,0.0
cust_005760,2024-01-23,DE,1,75.72,75.72,0,0.0,0,0.0
cust_005761,2024-06-14,CA,1,91.7,91.7,0,0.0,0,0.0
cust_005762,2024-03-31,US,29,2629.04,90.66,3,0.1034,0,0.0
cust_005763,2024-05-17,RU,0,0.0,0.0,0,0.0,0,0.0
cust_005764,2024-04-30,UK,1,32.02,32.02,0,0.0,0,0.0
cust_005765,2024-03-28,US,1,53.85,53.85,1,1.0,0,0.0
cust_005766,2024-03-25,US,4,495.67,123.92,0,0.0,0,0.0
cust_005767,2024-06-26,AU,1,73.39,73.39,0,0.0,0,0.0
cust_005768,2024-07-06,IN,1,144.28,144.28,0,0.0,0,0.0
cust_005769,2024-01-30,US,1,50.43,50.43,0,0.0,0,0.0
cust_005770,2024-06-18,CA,1,59.22,59.22,0,0.0,0,0.0
cust_005771,2024-04-14,MX,1,475.9,475.9,0,0.0,0,0.0
cust_005772,2024-05-03,CA,31,4381.39,141.34,2,0.0645,1,0.0323
cust_005773,2024-04-21,UK,4,8034.62,2008.66,0,0.0,1,0.25
cust_005774,2024-03-23,US,1,91.66,91.66,0,0.0,0,0.0
cust_005775,2024-03-26,US,1,111.26,111.26,0,0.0,0,0.0
cust_005776,2024-01-18,RU,1,438.16,438.16,0,0.0,0,0.0
cust_005777,2024-06-23,US,1,324.15,324.15,0,0.0,0,0.0
cust_005778,2024-02-28,US,1,60.57,60.57,0,0.0,0,0.0
cust_005779,2024-05-20,US,1,96.03,96.03,0,0.0,0,0.0
cust_005780,2024-03-14,US,1,29.94,29.94,0,0.0,0,0.0
cust_005781,2024-01-25,UK,1,98.77,98.77,0,0.0,0,0.0
cust_005782,2024-06-14,RU,1,822.49,822.49,0,0.0,0,0.0
cust_005783,2024-05-16,US,2,6802.38,3401.19,1,0.5,1,0.5
cust_005784,2024-03-08,US,1,392.56,392.56,0,0.0,0,0.0
cust_005785,2024-04-16,UK,1,63.6,63.6,1,1.0,0,0.0
cust_005786,2024-08-12,RU,1,24.45,24.45,0,0.0,0,0.0
cust_005787,2024-02-04,CN,1,639.47,639.47,1,1.0,0,0.0
cust_005788,2024-05-11,MX,1,57.74,57.74,1,1.0,0,0.0
cust_005789,2024-02-11,US,1,32.92,32.92,0,0.0,0,0.0
cust_005790,2024-01-14,DE,1,75.73,75.73,0,0.0,0,0.0
cust_005791,2024-02-25,IN,0,0.0,0.0,0,0.0,0,0.0
cust_005792,2024-02-19,US,2,2200.21,1100.1,0,0.0,0,0.0
cust_005793,2024-06-24,DE,1,154.2,154.2,0,0.0,0,0.0
cust_005794,2024-03-08,DE,1,104.48,104.48,0,0.0,0,0.0
cust_005795,2024-03-16,DE,1,129.53,129.53,0,0.0,0,0.0
cust_005796,2024-03-30,US,1,64.76,64.76,0,0.0,0,0.0
cust_005797,2024-05-03,US,1,33.38,33.38,0,0.0,0,0.0
cust_005798,2024-06-08,CA,1,65.84,65.84,0,0.0,0,0.0
cust_005799,2024-02-02,US,1,20.55,20.55,0,0.0,0,0.0
cust_005800,2024-05-27,US,2,1313.78,656.89,0,0.0,0,0.0
cust_005801,2024-05-29,DE,1,26.11,26.11,0,0.0,0,0.0
cust_005802,2024-06-07,US,1,331.92,331.92,0,0.0,0,0.0
cust_005803,2024-05-21,US,1,98.54,98.54,0,0.0,0,0.0
cust_005804,2024-01-26,US,1,40.47,40.47,0,0.0,0,0.0
cust_005805,2024-04-29,US,1,3356.75,3356.75,0,0.0,0,0.0
cust_005806,2024-05-24,US,1,45.07,45.07,0,0.0,0,0.0
cust_005807,2024-04-28,AU,2,4901.81,2450.91,0,0.0,0,0.0
cust_005808,2024-01-19,AU,14,2148.14,153.44,1,0.0714,0,0.0
cust_005809,2024-02-18,US,1,172.06,172.06,0,0.0,0,0.0
cust_005810,2024-03-04,IN,1,85.25,85.25,0,0.0,0,0.0
cust_005811,2024-08-08,US,1,92.38,92.38,0,0.0,0,0.0
cust_005812,2024-06-11,US,2,1775.4,887.7,0,0.0,1,0.5
cust_005813,2024-05-25,AU,1,335.41,335.41,0,0.0,0,0.0
cust_005814,2024-04-05,KR,1,27.86,27.86,0,0.0,0,0.0
cust_005815,2024-06-11,US,2,14114.49,7057.24,1,0.5,0,0.0
cust_005816,2024-05-30,AU,1,103.66,103.66,0,0.0,0,0.0
cust_005817,2024-05-08,US,1,187.33,187.33,0,0.0,0,0.0
cust_005818,2024-07-30,AU,1,286.44,286.44,1,1.0,0,0.0
cust_005819,2024-06-15,IN,1,21.47,21.47,0,0.0,0,0.0
cust_005820,2024-06-22,CA,1,33.5,33.5,0,0.0,0,0.0
cust_005821,2024-04-05,BR,4,11034.78,2758.7,0,0.0,2,0.5
cust_005822,2024-08-28,DE,1,446.64,446.64,0,0.0,0,0.0
cust_005823,2024-09-16,KR,2,547.86,273.93,0,0.0,0,0.0
cust_005824,2024-03-05,UK,11,912.1,82.92,1,0.0909,0,0.0
cust_005825,2024-01-17,MX,1,60.26,60.26,0,0.0,0,0.0
cust_005826,2024-07-01,BR,1,91.18,91.18,0,0.0,0,0.0
cust_005827,2024-05-11,CA,11,10337.13,939.74,0,0.0,0,0.0
cust_005828,2024-02-12,CA,1,84.66,84.66,0,0.0,0,0.0
cust_005829,2024-02-03,RU,1,65.34,65.34,0,0.0,0,0.0
cust_005830,2024-04-09,IN,1,128.14,128.14,0,0.0,0,0.0
cust_005831,2024-03-04,US,1,84.86,84.86,0,0.0,0,0.0
cust_005832,2024-04-10,US,1,107.55,107.55,0,0.0,0,0.0
cust_005833,2024-06-10,US,3,3793.01,1264.34,0,0.0,0,0.0
cust_005834,2024-01-20,US,1,739.87,739.87,0,0.0,0,0.0
cust_005835,2024-01-12,US,1,103.86,103.86,0,0.0,0,0.0
cust_005836,2024-03-26,DE,1,144.24,144.24,0,0.0,0,0.0
cust_005837,2024-03-13,UK,2,2684.9,1342.45,0,0.0,1,0.5
cust_005838,2024-05-20,US,2,1992.58,996.29,0,0.0,1,0.5
cust_005839,2024-02-07,US,2,3213.99,1607.0,0,0.0,1,0.5
cust_005840,2024-05-05,US,1,206.64,206.64,1,1.0,0,0.0
cust_005841,2024-05-03,IN,1,54.0,54.0,0,0.0,0,0.0
cust_005842,2024-06-17,UK,1,29.5,29.5,0,0.0,0,0.0
cust_005843,2024-06-22,CN,1,1007.09,1007.09,0,0.0,0,0.0
cust_005844,2024-03-02,IN,1,138.25,138.25,0,0.0,0,0.0
cust_005845,2024-04-20,AU,1,30.33,30.33,0,0.0,0,0.0
cust_005846,2024-02-27,US,1,86.1,86.1,1,1.0,0,0.0
cust_005847,2024-03-31,FR,1,63.03,63.03,0,0.0,0,0.0
cust_005848,2024-03-08,FR,1,953.8,953.8,0,0.0,0,0.0
cust_005849,2024-05-22,ZA,1,337.13,337.13,0,0.0,0,0.0
cust_005850,2024-09-30,DE,1,1516.66,1516.66,0,0.0,0,0.0
cust_005851,2024-01-21,RU,1,28.78,28.78,0,0.0,0,0.0
cust_005852,2024-06-08,JP,1,31.1,31.1,0,0.0,0,0.0
cust_005853,2024-04-20,RU,1,551.8,551.8,0,0.0,0,0.0
cust_005854,2024-05-16,IN,1,28.58,28.58,0,0.0,0,0.0
cust_005855,2024-02-20,US,1,425.83,425.83,0,0.0,0,0.0
cust_005856,2024-01-19,IN,1,641.12,641.12,0,0.0,0,0.0
cust_005857,2024-03-02,CN,2,16519.45,8259.72,0,0.0,1,0.5
cust_005858,2024-02-26,KR,1,129.13,129.13,0,0.0,0,0.0
cust_005859,2024-07-10,MX,1,37.36,37.36,0,0.0,0,0.0
cust_005860,2024-05-08,UK,1,134.63,134.63,0,0.0,0,0.0
cust_005861,2024-03-31,BR,2,5349.99,2675.0,1,0.5,1,0.5
cust_005862,2024-04-06,CA,0,0.0,0.0,0,0.0,0,0.0
cust_005863,2024-07-30,DE,2,413.91,206.96,0,0.0,0,0.0
cust_005864,2024-04-14,UK,1,13.51,13.51,0,0.0,0,0.0
cust_005865,2024-05-28,US,1,82.02,82.02,0,0.0,0,0.0
cust_005866,2024-08-02,UK,1,614.23,614.23,0,0.0,0,0.0
cust_005867,2024-06-02,US,1,80.5,80.5,0,0.0,0,0.0
cust_005868,2024-04-06,UK,4,242.89,60.72,0,0.0,0,0.0
cust_005869,2024-01-23,DE,2,13212.41,6606.2,0,0.0,0,0.0
cust_005870,2024-02-16,US,23,17455.53,758.94,2,0.087,0,0.0
cust_005871,2024-02-12,DE,2,13814.63,6907.32,0,0.0,1,0.5
cust_005872,2024-05-11,US,2,14134.56,7067.28,0,0.0,1,0.5
cust_005873,2024-07-02,US,2,2328.75,1164.38,0,0.0,0,0.0
cust_005874,2024-03-23,US,1,405.71,405.71,0,0.0,0,0.0
cust_005875,2024-02-14,US,1,42.87,42.87,0,0.0,0,0.0
cust_005876,2024-04-25,BR,1,191.06,191.06,0,0.0,0,0.0
cust_005877,2024-04-25,FR,1,467.39,467.39,1,1.0,0,0.0
cust_005878,2024-03-06,DE,0,0.0,0.0,0,0.0,0,0.0
cust_005879,2024-07-22,DE,1,131.97,131.97,0,0.0,0,0.0
cust_005880,2024-07-18,DE,1,38.52,38.52,0,0.0,0,0.0
cust_005881,2024-03-29,BR,1,569.3,569.3,0,0.0,0,0.0
cust_005882,2024-04-20,CA,1,47.98,47.98,0,0.0,0,0.0
cust_005883,2024-03-21,US,1,23.12,23.12,0,0.0,0,0.0
cust_005884,2024-03-30,JP,1,54.7,54.7,0,0.0,0,0.0
cust_005885,2024-04-09,CA,2,1857.33,928.67,0,0.0,0,0.0
cust_005886,2024-02-10,CN,1,66.6,66.6,0,0.0,0,0.0
cust_005887,2024-03-31,NG,2,8375.32,4187.66,0,0.0,0,0.0
cust_005888,2024-05-31,UK,1,40.05,40.05,0,0.0,0,0.0
cust_005889,2024-02-06,CN,1,153.71,153.71,0,0.0,0,0.0
cust_005890,2024-01-28,US,1,139.03,139.03,0,0.0,0,0.0
cust_005891,2024-05-05,DE,1,143.69,143.69,0,0.0,0,0.0
cust_005892,2024-01-20,DE,1,292.36,292.36,0,0.0,0,0.0
cust_005893,2024-05-09,JP,1,151.36,151.36,0,0.0,0,0.0
cust_005894,2024-04-02,CA,1,187.51,187.51,0,0.0,0,0.0
cust_005895,2024-04-05,US,1,132.02,132.02,0,0.0,0,0.0
cust_005896,2024-04-07,US,1,390.8,390.8,0,0.0,0,0.0
cust_005897,2024-01-09,UK,1,93.13,93.13,0,0.0,0,0.0
cust_005898,2024-04-05,UK,1,21.77,21.77,0,0.0,0,0.0
cust_005899,2024-02-13,UK,1,105.39,105.39,0,0.0,0,0.0
cust_005900,2024-04-30,IN,1,143.11,143.11,0,0.0,0,0.0
cust_005901,2024-04-13,CA,1,130.81,130.81,0,0.0,0,0.0
cust_005902,2024-03-16,US,1,29.33,29.33,0,0.0,0,0.0
cust_005903,2024-03-12,US,1,112.69,112.69,0,0.0,0,0.0
cust_005904,2024-05-16,NG,1,35.78,35.78,0,0.0,0,0.0
cust_005905,2024-08-06,FR,3,8336.2,2778.73,0,0.0,1,0.3333
cust_005906,2024-05-27,UK,1,320.43,320.43,0,0.0,0,0.0
cust_005907,2024-05-07,CA,1,25.73,25.73,0,0.0,0,0.0
cust_005908,2024-01-23,US,1,61.35,61.35,0,0.0,0,0.0
cust_005909,2024-03-26,US,1,8.72,8.72,0,0.0,0,0.0
cust_005910,2024-05-28,BR,2,500.17,250.08,1,0.5,0,0.0
cust_005911,2024-02-14,US,1,52.15,52.15,0,0.0,0,0.0
cust_005912,2024-03-10,US,2,1019.32,509.66,0,0.0,1,0.5
cust_005913,2024-07-06,CA,1,248.57,248.57,0,0.0,0,0.0
cust_005914,2024-03-27,JP,7,14.1,2.01,1,0.1429,2,0.2857
cust_005915,2024-08-02,UK,1,238.73,238.73,0,0.0,0,0.0
cust_005916,2024-09-07,IN,0,0.0,0.0,0,0.0,0,0.0
cust_005917,2024-06-16,RU,1,116.06,116.06,0,0.0,0,0.0
cust_005918,2024-02-06,NG,4,497.17,124.29,1,0.25,0,0.0
cust_005919,2024-07-24,UK,1,52.7,52.7,0,0.0,0,0.0
cust_005920,2024-01-30,US,1,227.4,227.4,0,0.0,0,0.0
cust_005921,2024-04-25,IN,1,91.02,91.02,0,0.0,0,0.0
cust_005922,2024-03-23,CN,1,56.63,56.63,0,0.0,0,0.0
cust_005923,2024-03-31,DE,1,89.92,89.92,0,0.0,0,0.0
cust_005924,2024-05-16,MX,1,43.05,43.05,0,0.0,0,0.0
cust_005925,2024-02-10,IN,2,10526.87,5263.44,0,0.0,1,0.5
cust_005926,2024-06-20,US,1,109.99,109.99,0,0.0,0,0.0
cust_005927,2024-02-27,UK,1,71.65,71.65,0,0.0,0,0.0
cust_005928,2024-04-16,RU,1,110.39,110.39,0,0.0,0,0.0
cust_005929,2024-01-23,US,1,126.59,126.59,0,0.0,0,0.0
cust_005930,2024-03-02,IN,1,477.4,477.4,0,0.0,0,0.0
cust_005931,2024-02-13,UK,1,40.37,40.37,0,0.0,0,0.0
cust_005932,2024-03-02,UK,2,398.01,199.0,0,0.0,0,0.0
cust_005933,2024-03-14,CA,1,1528.06,1528.06,0,0.0,0,0.0
cust_005934,2024-03-01,UK,1,245.81,245.81,0,0.0,0,0.0
cust_005935,2024-04-07,CN,2,10432.72,5216.36,0,0.0,0,0.0
cust_005936,2024-01-14,US,2,2005.77,1002.88,0,0.0,0,0.0
cust_005937,2024-04-22,FR,0,0.0,0.0,0,0.0,0,0.0
cust_005938,2024-02-23,US,1,47.94,47.94,0,0.0,0,0.0
cust_005939,2024-06-07,US,1,2935.91,2935.91,0,0.0,1,1.0
cust_005940,2024-03-11,US,1,117.15,117.15,0,0.0,0,0.0
cust_005941,2024-04-29,US,30,9701.33,323.38,1,0.0333,0,0.0
cust_005942,2024-02-12,CA,1,83.41,83.41,0,0.0,0,0.0
cust_005943,2024-05-20,US,1,60.53,60.53,0,0.0,0,0.0
cust_005944,2024-02-29,US,1,50.87,50.87,0,0.0,0,0.0
cust_005945,2024-04-03,JP,1,82.9,82.9,0,0.0,0,0.0
cust_005946,2024-04-30,DE,1,215.13,215.13,0,0.0,0,0.0
cust_005947,2024-07-15,MX,1,81.49,81.49,0,0.0,0,0.0
cust_005948,2024-03-06,BR,1,95.29,95.29,0,0.0,0,0.0
cust_005949,2024-02-15,CA,1,15.28,15.28,0,0.0,0,0.0
cust_005950,2024-04-07,UK,2,200.44,100.22,1,0.5,1,0.5
cust_005951,2024-02-28,MX,8,659.09,82.39,0,0.0,0,0.0
cust_005952,2024-06-20,UK,1,58.76,58.76,0,0.0,0,0.0
cust_005953,2024-01-27,CA,2,5447.69,2723.84,0,0.0,0,0.0
cust_005954,2024-04-24,US,1,55.59,55.59,1,1.0,0,0.0
cust_005955,2024-04-06,US,0,0.0,0.0,0,0.0,0,0.0
cust_005956,2024-04-30,JP,5,784.69,156.94,0,0.0,1,0.2
cust_005957,2024-03-24,US,1,305.31,305.31,0,0.0,0,0.0
cust_005958,2024-02-19,US,54,14332.4,265.41,2,0.037,1,0.0185
cust_005959,2024-03-01,FR,2,2128.51,1064.25,0,0.0,0,0.0
cust_005960,2024-01-30,JP,0,0.0,0.0,0,0.0,0,0.0
cust_005961,2024-04-03,CN,1,137.66,137.66,0,0.0,0,0.0
cust_005962,2024-03-12,DE,1,480.33,480.33,0,0.0,0,0.0
cust_005963,2024-04-07,US,3,29420.34,9806.78,0,0.0,1,0.3333
cust_005964,2024-03-07,CA,1,35.11,35.11,0,0.0,0,0.0
cust_005965,2024-03-21,US,2,21187.51,10593.76,0,0.0,0,0.0
cust_005966,2024-05-28,US,2,13442.3,6721.15,0,0.0,1,0.5
cust_005967,2024-02-07,NG,1,336.64,336.64,0,0.0,0,0.0
cust_005968,2024-04-26,JP,2,4381.91,2190.96,1,0.5,1,0.5
cust_005969,2024-06-08,US,1,105.55,105.55,0,0.0,0,0.0
cust_005970,2024-02-07,UK,1,210.82,210.82,0,0.0,0,0.0
cust_005971,2024-03-12,MX,28,4561.73,162.92,5,0.1786,0,0.0
cust_005972,2024-04-12,UK,4,4927.33,1231.83,1,0.25,1,0.25
cust_005973,2024-09-24,US,1,765.43,765.43,1,1.0,0,0.0
cust_005974,2024-01-17,US,1,85.64,85.64,0,0.0,0,0.0
cust_005975,2024-01-18,UK,2,19017.79,9508.9,0,0.0,1,0.5
cust_005976,2024-07-21,UK,0,0.0,0.0,0,0.0,0,0.0
cust_005977,2024-04-17,FR,22,1951.16,88.69,1,0.0455,0,0.0
cust_005978,2024-02-04,US,1,105.31,105.31,0,0.0,0,0.0
cust_005979,2024-03-04,UK,1,33.19,33.19,0,0.0,0,0.0
cust_005980,2024-06-06,US,1,202.81,202.81,0,0.0,0,0.0
cust_005981,2024-02-02,US,1,114.5,114.5,0,0.0,0,0.0
cust_005982,2024-03-31,US,1,34.11,34.11,0,0.0,0,0.0
cust_005983,2024-02-25,CA,1,18.36,18.36,0,0.0,0,0.0
cust_005984,2024-02-13,UK,3,19064.76,6354.92,2,0.6667,2,0.6667
cust_005985,2024-02-25,US,1,56.31,56.31,0,0.0,0,0.0
cust_005986,2024-04-27,CN,1,109.24,109.24,0,0.0,0,0.0
cust_005987,2024-03-17,US,1,54.6,54.6,0,0.0,0,0.0
cust_005988,2024-06-01,FR,1,140.66,140.66,0,0.0,0,0.0
cust_005989,2024-06-13,RU,1,137.62,137.62,0,0.0,0,0.0
cust_005990,2024-05-19,US,1,25.18,25.18,0,0.0,0,0.0
cust_005991,2024-04-13,US,1,140.38,140.38,0,0.0,0,0.0
cust_005992,2024-04-24,US,1,102.61,102.61,0,0.0,0,0.0
cust_005993,2024-02-24,NG,0,0.0,0.0,0,0.0,0,0.0
cust_005994,2024-08-06,CA,1,198.68,198.68,0,0.0,0,0.0
cust_005995,2024-05-03,US,4,4212.9,1053.22,2,0.5,0,0.0
cust_005996,2024-04-21,US,1,151.08,151.08,0,0.0,0,0.0
cust_005997,2024-03-10,US,1,150.29,150.29,0,0.0,0,0.0
cust_005998,2024-07-26,IN,1,75.57,75.57,0,0.0,0,0.0
cust_005999,2024-03-13,DE,1,76.97,76.97,0,0.0,0,0.0
cust_006000,2024-06-13,UK,1,53.49,53.49,0,0.0,0,0.0
cust_006001,2024-05-10,US,2,161.79,80.9,0,0.0,0,0.0
cust_006002,2024-05-10,BR,1,87.89,87.89,0,0.0,0,0.0
cust_006003,2024-02-21,JP,0,0.0,0.0,0,0.0,0,0.0
cust_006004,2024-01-24,UK,1,90.13,90.13,0,0.0,0,0.0
cust_006005,2024-07-06,FR,1,49.55,49.55,0,0.0,0,0.0
cust_006006,2024-09-06,JP,0,0.0,0.0,0,0.0,0,0.0
cust_006007,2024-03-24,UK,0,0.0,0.0,0,0.0,0,0.0
cust_006008,2024-03-03,US,2,15318.28,7659.14,0,0.0,0,0.0
cust_006009,2024-05-08,UK,1,276.79,276.79,0,0.0,0,0.0
cust_006010,2024-04-29,US,1,108.44,108.44,0,0.0,0,0.0
cust_006011,2024-07-12,US,1,350.16,350.16,0,0.0,0,0.0
cust_006012,2024-02-13,BR,1,13.72,13.72,1,1.0,0,0.0
cust_006013,2024-03-26,JP,1,24.83,24.83,0,0.0,0,0.0
cust_006014,2024-03-20,IN,1,61.07,61.07,0,0.0,0,0.0
cust_006015,2024-01-18,JP,1,258.78,258.78,0,0.0,0,0.0
cust_006016,2024-01-31,CN,1,608.21,608.21,0,0.0,0,0.0
cust_006017,2024-03-01,DE,1,139.21,139.21,0,0.0,0,0.0
cust_006018,2024-06-17,RU,2,21856.02,10928.01,0,0.0,1,0.5
cust_006019,2024-03-25,RU,1,50.85,50.85,1,1.0,0,0.0
cust_006020,2024-06-04,US,1,50.16,50.16,0,0.0,0,0.0
cust_006021,2024-04-19,MX,1,56.72,56.72,0,0.0,0,0.0
cust_006022,2024-07-04,ZA,1,478.16,478.16,0,0.0,0,0.0
cust_006023,2024-01-05,US,1,133.48,133.48,0,0.0,0,0.0
cust_006024,2024-02-07,IN,1,63.86,63.86,0,0.0,0,0.0
cust_006025,2024-06-18,US,1,73.13,73.13,0,0.0,0,0.0
cust_006026,2024-04-09,UK,1,21.8,21.8,0,0.0,0,0.0
cust_006027,2024-05-14,IN,1,128.13,128.13,0,0.0,0,0.0
cust_006028,2024-04-13,US,1,109.63,109.63,0,0.0,0,0.0
cust_006029,2024-05-11,IN,0,0.0,0.0,0,0.0,0,0.0
cust_006030,2024-05-11,CA,14,1097.5,78.39,0,0.0,0,0.0
cust_006031,2024-05-05,US,1,735.58,735.58,0,0.0,0,0.0
cust_006032,2024-02-14,DE,1,734.62,734.62,0,0.0,0,0.0
cust_006033,2024-01-28,MX,1,79.83,79.83,0,0.0,0,0.0
cust_006034,2024-02-02,US,1,31.04,31.04,0,0.0,0,0.0
cust_006035,2024-06-07,UK,1,526.36,526.36,0,0.0,0,0.0
cust_006036,2024-06-13,US,2,4439.46,2219.73,0,0.0,0,0.0
cust_006037,2024-07-05,US,2,10518.39,5259.2,0,0.0,0,0.0
cust_006038,2024-03-15,CA,1,220.16,220.16,0,0.0,0,0.0
cust_006039,2024-06-03,US,3,1815.46,605.15,1,0.3333,2,0.6667
cust_006040,2024-09-20,IN,1,156.25,156.25,0,0.0,0,0.0
cust_006041,2024-08-02,US,1,58.37,58.37,0,0.0,0,0.0
cust_006042,2024-02-24,AU,1,176.96,176.96,0,0.0,0,0.0
cust_006043,2024-03-05,US,1,82.37,82.37,0,0.0,0,0.0
cust_006044,2024-03-11,RU,1,43.2,43.2,0,0.0,0,0.0
cust_006045,2024-02-05,UK,0,0.0,0.0,0,0.0,0,0.0
cust_006046,2024-03-29,US,1,66.57,66.57,0,0.0,0,0.0
cust_006047,2024-03-12,US,1,47.35,47.35,0,0.0,0,0.0
cust_006048,2024-03-04,CA,1,236.85,236.85,0,0.0,0,0.0
cust_006049,2024-10-13,RU,2,11090.97,5545.48,0,0.0,0,0.0
cust_006050,2024-03-26,CA,1,99.07,99.07,0,0.0,0,0.0
cust_006051,2024-09-08,UK,1,83.51,83.51,0,0.0,0,0.0
cust_006052,2024-04-03,AU,1,42.51,42.51,0,0.0,0,0.0
cust_006053,2024-04-22,US,1,226.45,226.45,0,0.0,0,0.0
cust_006054,2024-05-03,DE,2,10289.0,5144.5,0,0.0,0,0.0
cust_006055,2024-03-31,US,1,154.74,154.74,0,0.0,0,0.0
cust_006056,2024-02-27,JP,1,80.96,80.96,0,0.0,0,0.0
cust_006057,2024-02-23,NG,1,32.55,32.55,0,0.0,0,0.0
cust_006058,2024-02-18,US,1,339.24,339.24,0,0.0,0,0.0
cust_006059,2024-08-07,US,2,5602.54,2801.27,0,0.0,0,0.0
cust_006060,2024-02-22,FR,1,1498.48,1498.48,0,0.0,0,0.0
cust_006061,2024-07-30,DE,2,1271.84,635.92,0,0.0,1,0.5
cust_006062,2024-06-25,IN,1,202.51,202.51,0,0.0,0,0.0
cust_006063,2024-04-30,CA,0,0.0,0.0,0,0.0,0,0.0
cust_006064,2024-02-16,US,0,0.0,0.0,0,0.0,0,0.0
cust_006065,2024-03-03,FR,1,280.28,280.28,0,0.0,0,0.0
cust_006066,2024-03-19,US,1,121.98,121.98,0,0.0,0,0.0
cust_006067,2024-05-25,CA,1,86.66,86.66,1,1.0,0,0.0
cust_006068,2024-05-19,US,1,57.8,57.8,0,0.0,0,0.0
cust_006069,2024-01-12,US,1,32.03,32.03,0,0.0,0,0.0
cust_006070,2024-03-11,BR,1,32.19,32.19,1,1.0,0,0.0
cust_006071,2024-03-09,UK,1,442.1,442.1,0,0.0,0,0.0
cust_006072,2024-03-10,CA,1,108.06,108.06,0,0.0,0,0.0
cust_006073,2024-06-27,NG,1,43.92,43.92,0,0.0,0,0.0
cust_006074,2024-03-28,CA,1,201.65,201.65,0,0.0,0,0.0
cust_006075,2024-01-31,BR,1,480.59,480.59,0,0.0,0,0.0
cust_006076,2024-06-03,JP,1,333.15,333.15,0,0.0,0,0.0
cust_006077,2024-04-06,DE,1,49.87,49.87,0,0.0,0,0.0
cust_006078,2024-07-15,US,1,58.81,58.81,0,0.0,0,0.0
cust_006079,2024-05-01,US,1,112.13,112.13,0,0.0,0,0.0
cust_006080,2024-04-08,UK,1,60.87,60.87,0,0.0,0,0.0
cust_006081,2024-02-21,US,1,82.1,82.1,0,0.0,0,0.0
cust_006082,2024-06-30,US,1,104.58,104.58,0,0.0,0,0.0
cust_006083,2024-05-10,US,1,86.49,86.49,0,0.0,0,0.0
cust_006084,2024-03-20,US,1,130.53,130.53,0,0.0,0,0.0
cust_006085,2024-04-21,UK,7,685.13,97.88,1,0.1429,0,0.0
cust_006086,2024-01-11,US,0,0.0,0.0,0,0.0,0,0.0
cust_006087,2024-03-20,US,1,306.4,306.4,0,0.0,0,0.0
cust_006088,2024-05-23,FR,1,33.45,33.45,0,0.0,0,0.0
cust_006089,2024-04-20,RU,1,61.06,61.06,0,0.0,0,0.0
cust_006090,2024-04-19,IN,1,106.85,106.85,0,0.0,0,0.0
cust_006091,2024-05-04,CN,1,129.31,129.31,0,0.0,0,0.0
cust_006092,2024-05-30,US,1,883.68,883.68,0,0.0,0,0.0
cust_006093,2024-05-01,AU,1,38.41,38.41,0,0.0,0,0.0
cust_006094,2024-04-24,UK,2,10469.43,5234.71,0,0.0,0,0.0
cust_006095,2024-04-01,CA,1,167.79,167.79,0,0.0,0,0.0
cust_006096,2024-03-08,DE,1,164.3,164.3,0,0.0,0,0.0
cust_006097,2024-07-03,AU,3,4465.0,1488.33,0,0.0,1,0.3333
cust_006098,2024-03-20,US,1,35.87,35.87,0,0.0,0,0.0
cust_006099,2024-02-24,UK,1,176.3,176.3,0,0.0,0,0.0
cust_006100,2024-03-06,AU,1,244.97,244.97,0,0.0,0,0.0
cust_006101,2024-02-23,CA,1,74.17,74.17,0,0.0,0,0.0
cust_006102,2024-04-13,US,1,138.99,138.99,0,0.0,0,0.0
cust_006103,2024-02-19,US,2,240.91,120.46,0,0.0,1,0.5
cust_006104,2024-03-30,US,1,118.24,118.24,1,1.0,0,0.0
cust_006105,2024-07-15,UK,1,122.87,122.87,0,0.0,0,0.0
cust_006106,2024-04-29,CA,1,61.64,61.64,0,0.0,0,0.0
cust_006107,2024-04-06,US,1,136.73,136.73,1,1.0,0,0.0
cust_006108,2024-01-27,AU,1,104.04,104.04,0,0.0,0,0.0
cust_006109,2024-04-19,FR,1,29.27,29.27,0,0.0,0,0.0
cust_006110,2024-01-07,US,96,10633.29,110.76,5,0.0521,0,0.0
cust_006111,2024-06-02,US,1,57.9,57.9,0,0.0,0,0.0
cust_006112,2024-01-20,JP,1,57.62,57.62,0,0.0,0,0.0
cust_006113,2024-01-22,RU,2,748.04,374.02,0,0.0,1,0.5
cust_006114,2024-04-27,ZA,1,32.63,32.63,1,1.0,0,0.0
cust_006115,2024-04-06,DE,0,0.0,0.0,0,0.0,0,0.0
cust_006116,2024-06-10,CN,3,516.3,172.1,0,0.0,0,0.0
cust_006117,2024-06-07,US,1,157.96,157.96,0,0.0,0,0.0
cust_006118,2024-02-25,US,5,61.93,12.39,1,0.2,1,0.2
cust_006119,2024-04-04,US,1,96.58,96.58,0,0.0,0,0.0
cust_006120,2024-03-22,CA,1,100.75,100.75,0,0.0,0,0.0
cust_006121,2024-07-09,US,1,131.95,131.95,0,0.0,0,0.0
cust_006122,2024-04-28,CA,1,83.79,83.79,0,0.0,0,0.0
cust_006123,2024-03-17,US,1,326.58,326.58,0,0.0,0,0.0
cust_006124,2024-03-25,CA,1,21.9,21.9,0,0.0,0,0.0
cust_006125,2024-01-14,NG,1,159.21,159.21,0,0.0,0,0.0
cust_006126,2024-07-22,FR,2,8022.33,4011.16,0,0.0,1,0.5
cust_006127,2024-08-17,UK,1,116.9,116.9,0,0.0,0,0.0
cust_006128,2024-08-11,US,1,844.07,844.07,0,0.0,0,0.0
cust_006129,2024-02-09,US,1,113.76,113.76,0,0.0,0,0.0
cust_006130,2024-05-17,CA,0,0.0,0.0,0,0.0,0,0.0
cust_006131,2024-05-31,US,1,154.75,154.75,0,0.0,0,0.0
cust_006132,2024-06-04,AU,1,45.56,45.56,1,1.0,0,0.0
cust_006133,2024-03-10,CN,0,0.0,0.0,0,0.0,0,0.0
cust_006134,2024-04-18,US,1,1868.32,1868.32,0,0.0,0,0.0
cust_006135,2024-04-07,US,1,373.83,373.83,0,0.0,0,0.0
cust_006136,2024-05-29,US,0,0.0,0.0,0,0.0,0,0.0
cust_006137,2024-06-08,BR,1,15.1,15.1,0,0.0,0,0.0
cust_006138,2024-03-03,US,1,71.21,71.21,0,0.0,0,0.0
cust_006139,2024-02-14,FR,1,36.4,36.4,0,0.0,0,0.0
cust_006140,2024-05-14,UK,1,211.13,211.13,0,0.0,0,0.0
cust_006141,2024-01-13,UK,5,23217.41,4643.48,0,0.0,3,0.6
cust_006142,2024-06-22,FR,5,210.22,42.04,0,0.0,0,0.0
cust_006143,2024-05-31,US,1,172.35,172.35,0,0.0,0,0.0
cust_006144,2024-07-09,BR,1,165.14,165.14,0,0.0,0,0.0
cust_006145,2024-04-03,US,5,7151.92,1430.38,0,0.0,1,0.2
cust_006146,2024-03-30,FR,1,69.78,69.78,0,0.0,0,0.0
cust_006147,2024-03-27,RU,1,42.39,42.39,0,0.0,0,0.0
cust_006148,2024-04-10,US,1,74.37,74.37,0,0.0,0,0.0
cust_006149,2024-03-06,CA,1,31.44,31.44,0,0.0,0,0.0
cust_006150,2024-03-26,IN,1,281.84,281.84,0,0.0,0,0.0
cust_006151,2024-07-07,US,0,0.0,0.0,0,0.0,0,0.0
cust_006152,2024-08-06,CA,1,153.12,153.12,0,0.0,0,0.0
cust_006153,2024-02-10,US,1,18.63,18.63,0,0.0,0,0.0
cust_006154,2024-02-07,FR,2,8417.46,4208.73,0,0.0,1,0.5
cust_006155,2024-09-06,CA,1,311.48,311.48,0,0.0,0,0.0
cust_006156,2024-03-14,UK,1,185.77,185.77,1,1.0,0,0.0
cust_006157,2024-01-20,FR,1,116.14,116.14,0,0.0,0,0.0
cust_006158,2024-05-12,FR,1,63.57,63.57,0,0.0,0,0.0
cust_006159,2024-03-13,US,2,7569.22,3784.61,0,0.0,0,0.0
cust_006160,2024-02-04,US,1,69.63,69.63,1,1.0,0,0.0
cust_006161,2024-04-13,US,1,334.67,334.67,0,0.0,0,0.0
cust_006162,2024-03-22,NG,1,508.8,508.8,0,0.0,0,0.0
cust_006163,2024-04-21,UK,1,150.83,150.83,0,0.0,0,0.0
cust_006164,2024-02-12,US,1,66.52,66.52,0,0.0,0,0.0
cust_006165,2024-07-14,UK,0,0.0,0.0,0,0.0,0,0.0
cust_006166,2024-05-21,UK,1,95.02,95.02,0,0.0,0,0.0
cust_006167,2024-04-07,UK,1,132.47,132.47,0,0.0,0,0.0
cust_006168,2024-04-28,UK,4,1998.58,499.64,0,0.0,0,0.0
cust_006169,2024-04-17,US,1,3343.5,3343.5,0,0.0,0,0.0
cust_006170,2024-04-28,US,1,287.37,287.37,0,0.0,0,0.0
cust_006171,2024-03-29,AU,2,15857.38,7928.69,0,0.0,0,0.0
cust_006172,2024-05-03,DE,2,1275.76,637.88,0,0.0,0,0.0
cust_006173,2024-05-05,DE,46,3637.76,79.08,3,0.0652,0,0.0
cust_006174,2024-01-27,US,2,12706.08,6353.04,0,0.0,0,0.0
cust_006175,2024-04-23,ZA,1,24.48,24.48,0,0.0,0,0.0
cust_006176,2024-05-07,US,11,530.33,48.21,1,0.0909,1,0.0909
cust_006177,2024-04-07,DE,1,213.93,213.93,0,0.0,0,0.0
cust_006178,2024-03-18,FR,1,50.04,50.04,0,0.0,0,0.0
cust_006179,2024-06-18,US,1,108.99,108.99,0,0.0,0,0.0
cust_006180,2024-01-12,US,1,111.66,111.66,0,0.0,0,0.0
cust_006181,2024-03-31,FR,1,212.06,212.06,0,0.0,0,0.0
cust_006182,2024-06-05,CA,1,151.41,151.41,0,0.0,0,0.0
cust_006183,2024-04-21,KR,1,659.27,659.27,0,0.0,0,0.0
cust_006184,2024-01-28,FR,1,63.18,63.18,0,0.0,0,0.0
cust_006185,2024-03-20,CN,1,322.17,322.17,0,0.0,0,0.0
cust_006186,2024-03-16,IN,1,73.04,73.04,0,0.0,0,0.0
cust_006187,2024-04-23,CA,1,133.59,133.59,0,0.0,0,0.0
cust_006188,2024-03-01,MX,1,26.4,26.4,0,0.0,0,0.0
cust_006189,2024-03-31,BR,1,70.5,70.5,0,0.0,0,0.0
cust_006190,2024-04-04,US,1,304.81,304.81,0,0.0,0,0.0
cust_006191,2024-03-19,IN,1,94.26,94.26,0,0.0,0,0.0
cust_006192,2024-03-27,US,57,6420.64,112.64,5,0.0877,0,0.0
cust_006193,2024-01-14,MX,1,514.34,514.34,0,0.0,0,0.0
cust_006194,2024-01-13,DE,1,168.38,168.38,0,0.0,0,0.0
cust_006195,2024-03-02,UK,1,79.5,79.5,0,0.0,0,0.0
cust_006196,2024-04-11,MX,1,385.03,385.03,0,0.0,0,0.0
cust_006197,2024-09-03,US,1,2038.16,2038.16,0,0.0,0,0.0
cust_006198,2024-05-14,UK,1,377.38,377.38,1,1.0,0,0.0
cust_006199,2024-06-03,UK,1,102.79,102.79,0,0.0,0,0.0
cust_006200,2024-02-02,US,1,53.25,53.25,0,0.0,0,0.0
cust_006201,2024-04-11,US,1,107.78,107.78,0,0.0,0,0.0
cust_006202,2024-04-08,IN,1,22.4,22.4,0,0.0,0,0.0
cust_006203,2024-03-19,US,1,22.63,22.63,0,0.0,0,0.0
cust_006204,2024-03-03,CN,1,329.08,329.08,0,0.0,0,0.0
cust_006205,2024-04-16,US,1,77.15,77.15,0,0.0,0,0.0
cust_006206,2024-06-05,US,8,18562.83,2320.35,1,0.125,3,0.375
cust_006207,2024-02-04,US,2,9874.77,4937.38,1,0.5,1,0.5
cust_006208,2024-06-27,UK,1,73.32,73.32,0,0.0,0,0.0
cust_006209,2024-04-28,DE,1,78.63,78.63,0,0.0,0,0.0
cust_006210,2024-03-14,MX,1,112.57,112.57,0,0.0,0,0.0
cust_006211,2024-02-16,US,1,112.52,112.52,0,0.0,0,0.0
cust_006212,2024-05-01,US,0,0.0,0.0,0,0.0,0,0.0
cust_006213,2024-02-03,US,1,77.81,77.81,0,0.0,0,0.0
cust_006214,2024-04-23,IN,1,112.37,112.37,0,0.0,0,0.0
cust_006215,2024-05-12,US,2,833.02,416.51,1,0.5,0,0.0
cust_006216,2024-01-09,US,2,20385.41,10192.7,0,0.0,0,0.0
cust_006217,2024-04-27,FR,1,221.14,221.14,0,0.0,1,1.0
cust_006218,2024-01-21,AU,1,33.37,33.37,0,0.0,0,0.0
cust_006219,2024-01-05,US,1,27.45,27.45,0,0.0,0,0.0
cust_006220,2024-03-21,IN,1,24661.26,24661.26,0,0.0,1,1.0
cust_006221,2024-04-16,FR,1,20.65,20.65,0,0.0,0,0.0
cust_006222,2024-04-01,US,2,6318.55,3159.28,0,0.0,0,0.0
cust_006223,2024-05-03,IN,1,116.86,116.86,0,0.0,0,0.0
cust_006224,2024-06-27,US,1,50.83,50.83,0,0.0,0,0.0
cust_006225,2024-06-29,UK,2,885.61,442.8,1,0.5,1,0.5
cust_006226,2024-03-10,UK,0,0.0,0.0,0,0.0,0,0.0
cust_006227,2024-03-03,FR,1,146.11,146.11,0,0.0,0,0.0
cust_006228,2024-03-05,UK,1,169.98,169.98,0,0.0,0,0.0
cust_006229,2024-02-14,AU,1,142.36,142.36,0,0.0,0,0.0
cust_006230,2024-04-07,US,1,109.72,109.72,0,0.0,0,0.0
cust_006231,2024-07-07,CA,1,118.07,118.07,0,0.0,0,0.0
cust_006232,2024-06-26,RU,1,383.58,383.58,0,0.0,0,0.0
cust_006233,2024-03-20,UK,1,92.97,92.97,0,0.0,0,0.0
cust_006234,2024-02-21,IN,1,215.84,215.84,0,0.0,0,0.0
cust_006235,2024-03-22,DE,2,282.62,141.31,0,0.0,0,0.0
cust_006236,2024-04-20,RU,1,114.58,114.58,0,0.0,0,0.0
cust_006237,2024-04-28,IN,1,48.78,48.78,0,0.0,0,0.0
cust_006238,2024-04-17,IN,2,20750.89,10375.44,0,0.0,1,0.5
cust_006239,2024-03-31,BR,1,93.59,93.59,0,0.0,0,0.0
cust_006240,2024-04-10,ZA,2,5623.54,2811.77,1,0.5,1,0.5
cust_006241,2024-08-24,NG,4,4964.56,1241.14,0,0.0,1,0.25
cust_006242,2024-08-29,US,1,186.81,186.81,0,0.0,0,0.0
cust_006243,2024-03-23,DE,1,28.82,28.82,0,0.0,0,0.0
cust_006244,2024-03-21,US,1,147.18,147.18,0,0.0,0,0.0
cust_006245,2024-03-12,UK,2,16050.97,8025.48,0,0.0,0,0.0
cust_006246,2024-07-22,IN,1,79.58,79.58,0,0.0,0,0.0
cust_006247,2024-06-06,US,1,197.63,197.63,0,0.0,0,0.0
cust_006248,2024-02-02,DE,1,38.11,38.11,0,0.0,0,0.0
cust_006249,2024-05-27,US,1,105.91,105.91,0,0.0,0,0.0
cust_006250,2024-07-04,BR,1,62.96,62.96,1,1.0,0,0.0
cust_006251,2024-06-26,UK,1,209.12,209.12,0,0.0,0,0.0
cust_006252,2024-02-19,US,1,236.06,236.06,0,0.0,0,0.0
cust_006253,2024-05-01,IN,1,16.35,16.35,0,0.0,0,0.0
cust_006254,2024-03-10,FR,2,12622.77,6311.38,0,0.0,1,0.5
cust_006255,2024-03-14,IN,1,121.97,121.97,0,0.0,0,0.0
cust_006256,2024-03-08,AU,2,13602.83,6801.42,0,0.0,0,0.0
cust_006257,2024-01-21,BR,2,8804.05,4402.03,0,0.0,0,0.0
cust_006258,2024-04-12,US,1,384.94,384.94,0,0.0,0,0.0
cust_006259,2024-04-07,US,28,9439.69,337.13,2,0.0714,0,0.0
cust_006260,2024-04-15,US,2,2685.76,1342.88,0,0.0,0,0.0
cust_006261,2024-05-20,US,1,136.71,136.71,0,0.0,0,0.0
cust_006262,2024-06-25,CA,1,25.69,25.69,0,0.0,0,0.0
cust_006263,2024-01-18,US,1,117.3,117.3,0,0.0,0,0.0
cust_006264,2024-02-11,UK,1,121.19,121.19,0,0.0,0,0.0
cust_006265,2024-02-21,UK,1,753.9,753.9,1,1.0,0,0.0
cust_006266,2024-07-13,IN,1,61.66,61.66,1,1.0,0,0.0
cust_006267,2024-05-24,ZA,1,273.3,273.3,0,0.0,0,0.0
cust_006268,2024-04-22,DE,2,4166.98,2083.49,0,0.0,1,0.5
cust_006269,2024-04-07,US,1,106.06,106.06,0,0.0,0,0.0
cust_006270,2024-01-19,UK,2,8182.27,4091.14,1,0.5,0,0.0
cust_006271,2024-05-20,US,1,73.57,73.57,0,0.0,0,0.0
cust_006272,2024-04-06,UK,1,114.44,114.44,0,0.0,0,0.0
cust_006273,2024-02-06,IN,1,230.73,230.73,0,0.0,0,0.0
cust_006274,2024-03-11,MX,1,97.51,97.51,1,1.0,0,0.0
cust_006275,2024-02-06,US,1,53.96,53.96,0,0.0,0,0.0
cust_006276,2024-05-16,US,1,450.52,450.52,0,0.0,0,0.0
cust_006277,2024-03-18,US,2,2562.03,1281.02,1,0.5,0,0.0
cust_006278,2024-04-25,IN,1,422.86,422.86,0,0.0,0,0.0
cust_006279,2024-06-03,ZA,1,487.95,487.95,0,0.0,0,0.0
cust_006280,2024-02-15,UK,1,133.18,133.18,0,0.0,0,0.0
cust_006281,2024-01-23,CA,1,57.09,57.09,0,0.0,0,0.0
cust_006282,2024-01-23,US,0,0.0,0.0,0,0.0,0,0.0
cust_006283,2024-04-26,IN,0,0.0,0.0,0,0.0,0,0.0
cust_006284,2024-07-03,US,1,82.22,82.22,1,1.0,0,0.0
cust_006285,2024-05-02,US,1,199.3,199.3,0,0.0,0,0.0
cust_006286,2024-03-02,DE,1,171.58,171.58,0,0.0,0,0.0
cust_006287,2024-04-11,US,1,318.88,318.88,0,0.0,0,0.0
cust_006288,2024-01-20,US,1,220.47,220.47,0,0.0,0,0.0
cust_006289,2024-03-06,US,0,0.0,0.0,0,0.0,0,0.0
cust_006290,2024-07-14,US,1,22.48,22.48,0,0.0,0,0.0
cust_006291,2024-03-19,IN,1,55.96,55.96,1,1.0,0,0.0
cust_006292,2024-04-29,US,1,35.67,35.67,0,0.0,0,0.0
cust_006293,2024-08-28,DE,0,0.0,0.0,0,0.0,0,0.0
cust_006294,2024-02-15,CA,1,556.71,556.71,0,0.0,0,0.0
cust_006295,2024-06-04,UK,1,14.08,14.08,0,0.0,0,0.0
cust_006296,2024-03-24,US,0,0.0,0.0,0,0.0,0,0.0
cust_006297,2024-03-03,DE,5,2062.33,412.47,2,0.4,0,0.0
cust_006298,2024-02-14,CA,1,15.33,15.33,0,0.0,0,0.0
cust_006299,2024-05-11,FR,1,106.77,106.77,0,0.0,0,0.0
cust_006300,2024-01-23,CA,1,465.15,465.15,0,0.0,0,0.0
cust_006301,2024-01-26,BR,1,33.42,33.42,1,1.0,0,0.0
cust_006302,2024-02-15,CA,1,134.26,134.26,0,0.0,0,0.0
cust_006303,2024-05-15,BR,0,0.0,0.0,0,0.0,0,0.0
cust_006304,2024-03-09,CA,1,76.68,76.68,0,0.0,0,0.0
cust_006305,2024-02-23,KR,2,24516.15,12258.08,0,0.0,1,0.5
cust_006306,2024-06-13,JP,0,0.0,0.0,0,0.0,0,0.0
cust_006307,2024-01-23,US,1,620.59,620.59,0,0.0,0,0.0
cust_006308,2024-07-11,FR,1,14.13,14.13,0,0.0,0,0.0
cust_006309,2024-04-07,US,1,240.36,240.36,0,0.0,0,0.0
cust_006310,2024-03-15,RU,1,52.9,52.9,0,0.0,0,0.0
cust_006311,2024-02-02,US,2,1448.83,724.42,0,0.0,0,0.0
cust_006312,2024-04-04,CA,2,14796.58,7398.29,0,0.0,1,0.5
cust_006313,2024-02-08,US,2,61.62,30.81,0,0.0,0,0.0
cust_006314,2024-06-12,JP,1,24.09,24.09,0,0.0,0,0.0
cust_006315,2024-05-01,MX,1,4253.12,4253.12,0,0.0,1,1.0
cust_006316,2024-07-25,CA,1,103.8,103.8,0,0.0,0,0.0
cust_006317,2024-02-19,US,1,24.34,24.34,0,0.0,0,0.0
cust_006318,2024-02-01,DE,1,51.52,51.52,1,1.0,0,0.0
cust_006319,2024-02-08,US,1,609.77,609.77,0,0.0,0,0.0
cust_006320,2024-09-19,KR,1,187.18,187.18,0,0.0,0,0.0
cust_006321,2024-04-15,US,1,93.09,93.09,0,0.0,0,0.0
cust_006322,2024-04-16,IN,1,63.34,63.34,0,0.0,0,0.0
cust_006323,2024-03-21,US,1,58.38,58.38,0,0.0,0,0.0
cust_006324,2024-06-19,ZA,1,202.14,202.14,0,0.0,0,0.0
cust_006325,2024-02-18,IN,1,80.44,80.44,1,1.0,0,0.0
cust_006326,2024-04-01,KR,1,24.82,24.82,0,0.0,0,0.0
cust_006327,2024-04-22,US,0,0.0,0.0,0,0.0,0,0.0
cust_006328,2024-06-08,CA,1,113.59,113.59,0,0.0,0,0.0
cust_006329,2024-05-13,US,1,203.12,203.12,0,0.0,0,0.0
cust_006330,2024-07-25,AU,1,55.61,55.61,0,0.0,0,0.0
cust_006331,2024-02-15,US,1,252.17,252.17,0,0.0,0,0.0
cust_006332,2024-03-14,UK,1,57.1,57.1,0,0.0,0,0.0
cust_006333,2024-06-23,DE,1,169.83,169.83,0,0.0,0,0.0
cust_006334,2024-04-08,US,1,56.2,56.2,0,0.0,0,0.0
cust_006335,2024-05-24,AU,1,238.23,238.23,0,0.0,0,0.0
cust_006336,2024-04-15,BR,1,55.89,55.89,0,0.0,0,0.0
cust_006337,2024-04-20,CA,1,103.34,103.34,0,0.0,0,0.0
cust_006338,2024-01-26,IN,1,117.64,117.64,1,1.0,0,0.0
cust_006339,2024-05-07,US,2,3672.97,1836.48,0,0.0,1,0.5
cust_006340,2024-05-03,UK,2,18286.01,9143.0,0,0.0,0,0.0
cust_006341,2024-02-05,JP,1,137.22,137.22,0,0.0,0,0.0
cust_006342,2024-03-29,US,6,19836.15,3306.02,0,0.0,3,0.5
cust_006343,2024-02-28,ZA,1,71.39,71.39,0,0.0,0,0.0
cust_006344,2024-08-03,CA,1,671.59,671.59,0,0.0,0,0.0
cust_006345,2024-03-14,US,1,166.35,166.35,0,0.0,0,0.0
cust_006346,2024-01-20,US,1,235.84,235.84,0,0.0,0,0.0
cust_006347,2024-06-16,CA,1,88.05,88.05,0,0.0,0,0.0
cust_006348,2024-05-09,MX,11,1108.19,100.74,0,0.0,0,0.0
cust_006349,2024-03-12,DE,1,62.65,62.65,0,0.0,0,0.0
cust_006350,2024-04-11,IN,1,103.86,103.86,0,0.0,0,0.0
cust_006351,2024-04-28,KR,1,80.75,80.75,0,0.0,0,0.0
cust_006352,2024-05-12,US,1,41.16,41.16,0,0.0,0,0.0
cust_006353,2024-03-26,UK,1,120.45,120.45,0,0.0,0,0.0
cust_006354,2024-04-30,AU,2,7198.79,3599.4,0,0.0,1,0.5
cust_006355,2024-05-28,IN,2,21073.47,10536.73,1,0.5,0,0.0
cust_006356,2024-01-30,US,1,47.21,47.21,0,0.0,0,0.0
cust_006357,2024-02-09,FR,1,126.02,126.02,0,0.0,0,0.0
cust_006358,2024-03-03,US,1,274.85,274.85,0,0.0,0,0.0
cust_006359,2024-01-28,CA,1,60.51,60.51,0,0.0,0,0.0
cust_006360,2024-08-14,JP,1,323.5,323.5,0,0.0,0,0.0
cust_006361,2024-02-08,US,0,0.0,0.0,0,0.0,0,0.0
cust_006362,2024-06-06,AU,1,176.03,176.03,0,0.0,0,0.0
cust_006363,2024-02-01,JP,1,283.86,283.86,0,0.0,0,0.0
cust_006364,2024-02-23,US,0,0.0,0.0,0,0.0,0,0.0
cust_006365,2024-05-30,US,3,259.64,86.55,0,0.0,0,0.0
cust_006366,2024-07-05,JP,1,28.58,28.58,0,0.0,0,0.0
cust_006367,2024-02-03,UK,1,24.56,24.56,0,0.0,0,0.0
cust_006368,2024-05-20,US,2,12485.8,6242.9,0,0.0,0,0.0
cust_006369,2024-01-21,US,1,315.26,315.26,0,0.0,0,0.0
cust_006370,2024-02-03,US,1,82.88,82.88,0,0.0,0,0.0
cust_006371,2024-06-13,CA,1,16.0,16.0,0,0.0,0,0.0
cust_006372,2024-08-01,BR,1,105.75,105.75,0,0.0,0,0.0
cust_006373,2024-06-22,CA,204,20542.43,100.7,16,0.0784,2,0.0098
cust_006374,2024-06-09,US,2,11198.5,5599.25,0,0.0,0,0.0
cust_006375,2024-04-28,CN,1,147.74,147.74,0,0.0,0,0.0
cust_006376,2024-03-16,UK,1,82.82,82.82,1,1.0,0,0.0
cust_006377,2024-07-07,US,0,0.0,0.0,0,0.0,0,0.0
cust_006378,2024-05-05,MX,1,93.51,93.51,0,0.0,0,0.0
cust_006379,2024-02-25,UK,1,92.54,92.54,0,0.0,0,0.0
cust_006380,2024-02-04,CA,1,204.18,204.18,0,0.0,0,0.0
cust_006381,2024-02-21,BR,1,65.79,65.79,0,0.0,0,0.0
cust_006382,2024-03-29,US,2,12509.3,6254.65,0,0.0,0,0.0
cust_006383,2024-03-13,CA,1,59.86,59.86,0,0.0,0,0.0
cust_006384,2024-06-01,JP,1,48.47,48.47,0,0.0,0,0.0
cust_006385,2024-02-10,US,1,193.92,193.92,0,0.0,0,0.0
cust_006386,2024-04-25,NG,1,98.24,98.24,1,1.0,0,0.0
cust_006387,2024-01-16,US,1,169.91,169.91,0,0.0,0,0.0
cust_006388,2024-03-03,JP,1,186.02,186.02,0,0.0,0,0.0
cust_006389,2024-07-03,UK,1,230.99,230.99,0,0.0,0,0.0
cust_006390,2024-02-24,CA,1,417.17,417.17,0,0.0,0,0.0
cust_006391,2024-05-23,CA,2,22061.74,11030.87,0,0.0,0,0.0
cust_006392,2024-01-28,US,1,189.76,189.76,0,0.0,0,0.0
cust_006393,2024-02-25,US,1,97.7,97.7,0,0.0,0,0.0
cust_006394,2024-04-14,FR,3,1685.88,561.96,0,0.0,0,0.0
cust_006395,2024-06-10,BR,2,8017.5,4008.75,0,0.0,1,0.5
cust_006396,2024-04-11,US,1,3334.55,3334.55,0,0.0,0,0.0
cust_006397,2024-04-25,FR,1,729.18,729.18,1,1.0,0,0.0
cust_006398,2024-02-11,US,1,62.73,62.73,0,0.0,0,0.0
cust_006399,2024-04-12,IN,0,0.0,0.0,0,0.0,0,0.0
cust_006400,2024-04-15,CA,0,0.0,0.0,0,0.0,0,0.0
cust_006401,2024-03-21,FR,1,103.8,103.8,0,0.0,0,0.0
cust_006402,2024-07-02,CA,1,671.84,671.84,0,0.0,0,0.0
cust_006403,2024-02-12,US,1,55.71,55.71,0,0.0,0,0.0
cust_006404,2024-01-24,US,1,129.0,129.0,0,0.0,0,0.0
cust_006405,2024-04-23,UK,0,0.0,0.0,0,0.0,0,0.0
cust_006406,2024-05-27,IN,1,112.22,112.22,0,0.0,0,0.0
cust_006407,2024-04-04,US,1,73.22,73.22,0,0.0,0,0.0
cust_006408,2024-05-09,US,0,0.0,0.0,0,0.0,0,0.0
cust_006409,2024-08-01,US,0,0.0,0.0,0,0.0,0,0.0
cust_006410,2024-03-03,US,9,2838.76,315.42,0,0.0,3,0.3333
cust_006411,2024-02-01,CA,2,2928.96,1464.48,1,0.5,0,0.0
cust_006412,2024-05-31,CN,1,95.86,95.86,0,0.0,0,0.0
cust_006413,2024-03-05,US,1,34.61,34.61,0,0.0,0,0.0
cust_006414,2024-04-13,US,1,1261.39,1261.39,0,0.0,0,0.0
cust_006415,2024-05-04,UK,1,2905.06,2905.06,0,0.0,0,0.0
cust_006416,2024-05-12,IN,1,194.02,194.02,1,1.0,0,0.0
cust_006417,2024-10-08,IN,1,646.16,646.16,0,0.0,0,0.0
cust_006418,2024-04-27,US,1,300.82,300.82,0,0.0,0,0.0
cust_006419,2024-01-28,US,2,1760.02,880.01,1,0.5,1,0.5
cust_006420,2024-09-09,RU,1,202.52,202.52,0,0.0,0,0.0
cust_006421,2024-07-17,CA,1,139.43,139.43,0,0.0,0,0.0
cust_006422,2024-05-01,AU,2,266.84,133.42,1,0.5,0,0.0
cust_006423,2024-05-17,UK,1,80.04,80.04,0,0.0,0,0.0
cust_006424,2024-02-23,BR,1,128.06,128.06,0,0.0,0,0.0
cust_006425,2024-05-24,AU,1,321.8,321.8,0,0.0,0,0.0
cust_006426,2024-02-14,US,0,0.0,0.0,0,0.0,0,0.0
cust_006427,2024-04-02,US,1,103.13,103.13,0,0.0,0,0.0
cust_006428,2024-02-29,US,1,27.3,27.3,0,0.0,0,0.0
cust_006429,2024-04-05,BR,1,180.16,180.16,0,0.0,0,0.0
cust_006430,2024-04-30,US,1,135.12,135.12,0,0.0,0,0.0
cust_006431,2024-01-24,UK,1,331.59,331.59,0,0.0,0,0.0
cust_006432,2024-05-14,IN,1,96.76,96.76,0,0.0,0,0.0
cust_006433,2024-02-01,DE,1,32.57,32.57,0,0.0,0,0.0
cust_006434,2024-05-31,UK,0,0.0,0.0,0,0.0,0,0.0
cust_006435,2024-04-25,UK,1,80.78,80.78,0,0.0,0,0.0
cust_006436,2024-02-29,US,1,49.86,49.86,0,0.0,0,0.0
cust_006437,2024-01-30,US,1,542.36,542.36,0,0.0,0,0.0
cust_006438,2024-05-18,US,1,197.51,197.51,0,0.0,0,0.0
cust_006439,2024-06-15,NG,1,54.1,54.1,0,0.0,0,0.0
cust_006440,2024-03-02,KR,7,55.35,7.91,0,0.0,2,0.2857
cust_006441,2024-04-10,BR,0,0.0,0.0,0,0.0,0,0.0
cust_006442,2024-03-12,US,1,60.06,60.06,0,0.0,0,0.0
cust_006443,2024-10-21,US,1,1197.27,1197.27,0,0.0,0,0.0
cust_006444,2024-03-11,CA,2,10176.68,5088.34,0,0.0,0,0.0
cust_006445,2024-04-10,US,3,15134.36,5044.79,0,0.0,0,0.0
cust_006446,2024-07-21,RU,1,99.37,99.37,0,0.0,0,0.0
cust_006447,2024-03-02,AU,1,236.79,236.79,0,0.0,0,0.0
cust_006448,2024-04-17,KR,1,127.65,127.65,0,0.0,1,1.0
cust_006449,2024-04-15,JP,1,74.95,74.95,0,0.0,0,0.0
cust_006450,2024-05-05,UK,1,123.0,123.0,0,0.0,0,0.0
cust_006451,2024-03-17,US,1,6869.44,6869.44,0,0.0,0,0.0
cust_006452,2024-09-10,BR,1,36.19,36.19,0,0.0,0,0.0
cust_006453,2024-05-03,IN,1,129.58,129.58,0,0.0,0,0.0
cust_006454,2024-03-13,NG,1,42.83,42.83,0,0.0,0,0.0
cust_006455,2024-02-11,US,2,10032.67,5016.34,1,0.5,1,0.5
cust_006456,2024-05-28,CA,0,0.0,0.0,0,0.0,0,0.0
cust_006457,2024-04-23,UK,1,6680.54,6680.54,0,0.0,0,0.0
cust_006458,2024-04-19,US,1,57.94,57.94,0,0.0,0,0.0
cust_006459,2024-05-29,CA,1,746.4,746.4,0,0.0,0,0.0
cust_006460,2024-04-14,US,1,46.59,46.59,0,0.0,1,1.0
cust_006461,2024-03-27,UK,2,2812.21,1406.1,0,0.0,0,0.0
cust_006462,2024-03-06,CA,2,552.24,276.12,0,0.0,1,0.5
cust_006463,2024-06-20,US,1,532.97,532.97,0,0.0,0,0.0
cust_006464,2024-05-15,FR,1,232.73,232.73,0,0.0,0,0.0
cust_006465,2024-02-13,US,1,391.38,391.38,0,0.0,0,0.0
cust_006466,2024-05-09,FR,2,21145.27,10572.64,0,0.0,0,0.0
cust_006467,2024-04-07,US,2,19570.16,9785.08,0,0.0,1,0.5
cust_006468,2024-04-16,DE,1,772.86,772.86,0,0.0,0,0.0
cust_006469,2024-03-28,UK,1,101.95,101.95,0,0.0,0,0.0
cust_006470,2024-02-03,AU,1,116.46,116.46,0,0.0,0,0.0
cust_006471,2024-03-07,CA,1,122.69,122.69,0,0.0,0,0.0
cust_006472,2024-04-09,UK,2,12572.09,6286.04,0,0.0,0,0.0
cust_006473,2024-03-12,DE,1,254.23,254.23,0,0.0,0,0.0
cust_006474,2024-05-02,UK,1,67.53,67.53,0,0.0,0,0.0
cust_006475,2024-03-28,UK,0,0.0,0.0,0,0.0,0,0.0
cust_006476,2024-04-13,UK,1,4221.83,4221.83,1,1.0,0,0.0
cust_006477,2024-05-05,FR,1,59.99,59.99,0,0.0,0,0.0
cust_006478,2024-02-25,IN,1,396.25,396.25,0,0.0,0,0.0
cust_006479,2024-02-21,RU,1,173.01,173.01,0,0.0,0,0.0
cust_006480,2024-03-10,US,0,0.0,0.0,0,0.0,0,0.0
cust_006481,2024-02-12,US,1,204.57,204.57,0,0.0,0,0.0
cust_006482,2024-05-23,CA,18,1322.26,73.46,0,0.0,0,0.0
cust_006483,2024-06-29,DE,1,287.26,287.26,1,1.0,0,0.0
cust_006484,2024-02-11,US,1,57.42,57.42,0,0.0,0,0.0
cust_006485,2024-07-21,US,0,0.0,0.0,0,0.0,0,0.0
cust_006486,2024-06-04,ZA,1,479.87,479.87,0,0.0,0,0.0
cust_006487,2024-04-11,US,1,31.76,31.76,0,0.0,0,0.0
cust_006488,2024-02-24,UK,2,4668.24,2334.12,0,0.0,0,0.0
cust_006489,2024-03-28,US,2,2634.68,1317.34,0,0.0,1,0.5
cust_006490,2024-04-17,US,1,51.77,51.77,0,0.0,0,0.0
cust_006491,2024-02-13,US,6,691.38,115.23,0,0.0,0,0.0
cust_006492,2024-05-08,US,1,655.19,655.19,0,0.0,0,0.0
cust_006493,2024-02-08,UK,1,100.47,100.47,1,1.0,0,0.0
cust_006494,2024-04-21,US,2,4977.92,2488.96,0,0.0,1,0.5
cust_006495,2024-08-03,UK,1,92.97,92.97,0,0.0,0,0.0
cust_006496,2024-04-08,US,1,285.71,285.71,1,1.0,0,0.0
cust_006497,2024-03-01,RU,1,517.85,517.85,0,0.0,0,0.0
cust_006498,2024-06-09,US,1,92.28,92.28,0,0.0,0,0.0
cust_006499,2024-07-09,US,1,751.33,751.33,0,0.0,0,0.0
cust_006500,2024-05-12,AU,1,1243.22,1243.22,0,0.0,0,0.0
cust_006501,2024-03-25,BR,0,0.0,0.0,0,0.0,0,0.0
cust_006502,2024-07-18,CA,1,1082.46,1082.46,1,1.0,0,0.0
cust_006503,2024-02-15,US,2,269.96,134.98,0,0.0,0,0.0
cust_006504,2024-06-04,BR,0,0.0,0.0,0,0.0,0,0.0
cust_006505,2024-05-13,DE,1,48.9,48.9,0,0.0,0,0.0
cust_006506,2024-03-07,UK,2,391.64,195.82,1,0.5,0,0.0
cust_006507,2024-03-03,UK,2,3041.54,1520.77,0,0.0,0,0.0
cust_006508,2024-01-30,US,1,107.53,107.53,0,0.0,0,0.0
cust_006509,2024-02-23,US,1,201.92,201.92,0,0.0,0,0.0
cust_006510,2024-02-19,US,1,339.87,339.87,0,0.0,0,0.0
cust_006511,2024-01-30,US,0,0.0,0.0,0,0.0,0,0.0
cust_006512,2024-04-14,CN,1,191.79,191.79,0,0.0,0,0.0
cust_006513,2024-03-18,BR,1,28.97,28.97,0,0.0,0,0.0
cust_006514,2024-07-09,US,1,60.45,60.45,0,0.0,0,0.0
cust_006515,2024-04-19,US,1,60.64,60.64,0,0.0,0,0.0
cust_006516,2024-05-19,IN,3,10277.74,3425.91,0,0.0,1,0.3333
cust_006517,2024-04-25,UK,1,758.17,758.17,0,0.0,0,0.0
cust_006518,2024-06-17,BR,2,11852.19,5926.1,0,0.0,1,0.5
cust_006519,2024-05-10,KR,2,1742.66,871.33,0,0.0,0,0.0
cust_006520,2024-03-06,CA,1,257.51,257.51,0,0.0,0,0.0
cust_006521,2024-05-04,US,1,240.45,240.45,0,0.0,0,0.0
cust_006522,2024-03-09,NG,1,111.14,111.14,1,1.0,0,0.0
cust_006523,2024-01-17,UK,1,42.68,42.68,0,0.0,0,0.0
cust_006524,2024-02-14,UK,1,1027.27,1027.27,0,0.0,0,0.0
cust_006525,2024-04-10,DE,1,411.18,411.18,0,0.0,0,0.0
cust_006526,2024-07-07,UK,1,183.3,183.3,0,0.0,0,0.0
cust_006527,2024-04-03,US,1,42.54,42.54,0,0.0,0,0.0
cust_006528,2024-06-20,FR,1,66.53,66.53,0,0.0,0,0.0
cust_006529,2024-04-14,US,4,5777.52,1444.38,1,0.25,2,0.5
cust_006530,2024-04-19,US,1,104.43,104.43,0,0.0,0,0.0
cust_006531,2024-03-22,CA,1,54.68,54.68,0,0.0,1,1.0
cust_006532,2024-05-17,US,1,290.81,290.81,0,0.0,0,0.0
cust_006533,2024-04-16,AU,1,615.22,615.22,0,0.0,0,0.0
cust_006534,2024-02-11,KR,4,18130.23,4532.56,1,0.25,0,0.0
cust_006535,2024-09-14,MX,1,989.71,989.71,0,0.0,0,0.0
cust_006536,2024-06-27,US,1,190.01,190.01,0,0.0,0,0.0
cust_006537,2024-05-26,CN,1,142.99,142.99,0,0.0,0,0.0
cust_006538,2024-06-03,US,1,221.22,221.22,0,0.0,0,0.0
cust_006539,2024-03-11,UK,1,120.4,120.4,0,0.0,0,0.0
cust_006540,2024-04-21,US,1,338.7,338.7,0,0.0,0,0.0
cust_006541,2024-01-29,BR,1,105.02,105.02,0,0.0,0,0.0
cust_006542,2024-04-06,US,1,72.75,72.75,0,0.0,0,0.0
cust_006543,2024-06-09,DE,1,88.04,88.04,0,0.0,0,0.0
cust_006544,2024-03-02,AU,1,102.12,102.12,0,0.0,0,0.0
cust_006545,2024-04-25,UK,2,6782.16,3391.08,0,0.0,1,0.5
cust_006546,2024-01-13,AU,0,0.0,0.0,0,0.0,0,0.0
cust_006547,2024-04-10,US,2,4687.05,2343.52,0,0.0,0,0.0
cust_006548,2024-04-21,US,0,0.0,0.0,0,0.0,0,0.0
cust_006549,2024-05-08,UK,1,73.58,73.58,0,0.0,0,0.0
cust_006550,2024-04-23,FR,2,14543.96,7271.98,0,0.0,0,0.0
cust_006551,2024-04-12,US,1,48.08,48.08,0,0.0,0,0.0
cust_006552,2024-08-30,BR,2,4069.24,2034.62,1,0.5,0,0.0
cust_006553,2024-06-26,US,4,7097.84,1774.46,0,0.0,1,0.25
cust_006554,2024-05-16,DE,1,189.13,189.13,0,0.0,0,0.0
cust_006555,2024-07-16,US,1,73.02,73.02,0,0.0,0,0.0
cust_006556,2024-03-17,UK,5,9910.24,1982.05,0,0.0,1,0.2
cust_006557,2024-04-09,UK,1,120.08,120.08,0,0.0,0,0.0
cust_006558,2024-03-20,UK,1,61.7,61.7,0,0.0,0,0.0
cust_006559,2024-03-26,US,1,1485.76,1485.76,0,0.0,0,0.0
cust_006560,2024-05-26,CA,1,37.28,37.28,0,0.0,0,0.0
cust_006561,2024-03-24,US,1,86.33,86.33,0,0.0,0,0.0
cust_006562,2024-04-23,US,1,60.05,60.05,0,0.0,0,0.0
cust_006563,2024-05-12,US,1,262.47,262.47,0,0.0,0,0.0
cust_006564,2024-06-29,NG,1,25.09,25.09,0,0.0,0,0.0
cust_006565,2024-03-19,US,1,31.74,31.74,0,0.0,0,0.0
cust_006566,2024-03-05,UK,1,83.04,83.04,0,0.0,0,0.0
cust_006567,2024-02-21,US,1,285.45,285.45,0,0.0,0,0.0
cust_006568,2024-07-21,IN,1,367.76,367.76,0,0.0,0,0.0
cust_006569,2024-03-31,US,1,313.02,313.02,0,0.0,0,0.0
cust_006570,2024-03-21,US,1,276.3,276.3,0,0.0,0,0.0
cust_006571,2024-05-14,KR,1,75.92,75.92,0,0.0,0,0.0
cust_006572,2024-02-22,ZA,1,159.25,159.25,0,0.0,0,0.0
cust_006573,2024-07-27,US,1,48.88,48.88,0,0.0,0,0.0
cust_006574,2024-03-27,DE,1,143.05,143.05,0,0.0,0,0.0
cust_006575,2024-06-11,NG,0,0.0,0.0,0,0.0,0,0.0
cust_006576,2024-03-21,KR,1,81.01,81.01,0,0.0,0,0.0
cust_006577,2024-05-26,US,1,43.84,43.84,0,0.0,0,0.0
cust_006578,2024-04-08,AU,1,35.43,35.43,0,0.0,0,0.0
cust_006579,2024-04-13,US,1,376.43,376.43,0,0.0,0,0.0
cust_006580,2024-05-25,IN,1,58.92,58.92,0,0.0,0,0.0
cust_006581,2024-04-03,CA,1,130.19,130.19,0,0.0,0,0.0
cust_006582,2024-04-08,DE,1,49.31,49.31,0,0.0,0,0.0
cust_006583,2024-05-16,RU,4,7079.66,1769.92,0,0.0,2,0.5
cust_006584,2024-03-12,US,1,133.26,133.26,0,0.0,0,0.0
cust_006585,2024-06-05,US,1,40.51,40.51,0,0.0,0,0.0
cust_006586,2024-04-23,IN,1,72.49,72.49,0,0.0,0,0.0
cust_006587,2024-02-28,UK,2,433.19,216.6,1,0.5,0,0.0
cust_006588,2024-04-15,CA,1,28.74,28.74,0,0.0,0,0.0
cust_006589,2024-02-26,AU,1,88.48,88.48,0,0.0,0,0.0
cust_006590,2024-04-03,DE,1,308.04,308.04,0,0.0,0,0.0
cust_006591,2024-04-11,AU,0,0.0,0.0,0,0.0,0,0.0
cust_006592,2024-01-14,US,1,80.46,80.46,0,0.0,0,0.0
cust_006593,2024-04-23,US,1,583.54,583.54,0,0.0,0,0.0
cust_006594,2024-03-08,NG,1,117.95,117.95,0,0.0,0,0.0
cust_006595,2024-03-07,UK,1,54.31,54.31,0,0.0,0,0.0
cust_006596,2024-05-02,IN,1,59.91,59.91,0,0.0,0,0.0
cust_006597,2024-02-16,US,1,75.9,75.9,1,1.0,0,0.0
cust_006598,2024-03-05,DE,1,309.62,309.62,0,0.0,0,0.0
cust_006599,2024-07-13,US,1,43.18,43.18,0,0.0,0,0.0
cust_006600,2024-02-04,AU,2,3231.23,1615.62,0,0.0,1,0.5
cust_006601,2024-04-03,US,0,0.0,0.0,0,0.0,0,0.0
cust_006602,2024-03-06,US,4,436.24,109.06,0,0.0,0,0.0
cust_006603,2024-04-26,US,1,62.3,62.3,0,0.0,0,0.0
cust_006604,2024-02-28,US,2,1612.59,806.3,0,0.0,0,0.0
cust_006605,2024-03-13,ZA,1,301.23,301.23,0,0.0,0,0.0
cust_006606,2024-03-03,UK,3,272.09,90.7,0,0.0,0,0.0
cust_006607,2024-06-23,UK,1,297.07,297.07,0,0.0,0,0.0
cust_006608,2024-04-25,US,1,850.29,850.29,1,1.0,0,0.0
cust_006609,2024-02-25,CA,1,68.53,68.53,0,0.0,0,0.0
cust_006610,2024-02-01,US,1,347.17,347.17,0,0.0,0,0.0
cust_006611,2024-02-29,IN,1,714.64,714.64,0,0.0,0,0.0
cust_006612,2024-07-20,ZA,1,23.52,23.52,0,0.0,0,0.0
cust_006613,2024-02-16,US,1,4783.37,4783.37,0,0.0,0,0.0
cust_006614,2024-04-03,BR,1,31.21,31.21,1,1.0,0,0.0
cust_006615,2024-04-06,KR,1,185.78,185.78,0,0.0,0,0.0
cust_006616,2024-04-08,KR,0,0.0,0.0,0,0.0,0,0.0
cust_006617,2024-01-19,FR,1,74.66,74.66,1,1.0,0,0.0
cust_006618,2024-01-23,JP,1,238.05,238.05,0,0.0,0,0.0
cust_006619,2024-04-12,UK,1,35.46,35.46,0,0.0,0,0.0
cust_006620,2024-03-29,IN,3,3462.25,1154.08,0,0.0,1,0.3333
cust_006621,2024-03-23,DE,1,63.04,63.04,0,0.0,0,0.0
cust_006622,2024-02-11,US,1,31.07,31.07,0,0.0,0,0.0
cust_006623,2024-05-15,US,0,0.0,0.0,0,0.0,0,0.0
cust_006624,2024-01-30,UK,1,91.33,91.33,1,1.0,0,0.0
cust_006625,2024-01-08,US,1,135.17,135.17,0,0.0,0,0.0
cust_006626,2024-03-31,UK,1,108.92,108.92,0,0.0,0,0.0
cust_006627,2024-03-31,AU,1,46.12,46.12,0,0.0,0,0.0
cust_006628,2024-06-10,IN,8,911.53,113.94,1,0.125,0,0.0
cust_006629,2024-03-21,IN,1,227.97,227.97,0,0.0,0,0.0
cust_006630,2024-05-07,IN,1,435.01,435.01,0,0.0,0,0.0
cust_006631,2024-03-29,US,1,143.01,143.01,0,0.0,0,0.0
cust_006632,2024-06-02,US,2,3092.54,1546.27,0,0.0,1,0.5
cust_006633,2024-02-11,US,1,278.74,278.74,0,0.0,0,0.0
cust_006634,2024-06-22,RU,1,78.75,78.75,0,0.0,0,0.0
cust_006635,2024-03-01,JP,1,135.65,135.65,0,0.0,0,0.0
cust_006636,2024-01-24,IN,1,1513.12,1513.12,0,0.0,0,0.0
cust_006637,2024-03-31,UK,1,178.85,178.85,0,0.0,0,0.0
cust_006638,2024-05-13,KR,1,271.5,271.5,0,0.0,0,0.0
cust_006639,2024-02-21,US,1,167.14,167.14,0,0.0,0,0.0
cust_006640,2024-04-02,US,1,325.24,325.24,1,1.0,0,0.0
cust_006641,2024-01-23,IN,93,21521.78,231.42,13,0.1398,1,0.0108
cust_006642,2024-04-15,CA,1,108.09,108.09,0,0.0,0,0.0
cust_006643,2024-01-22,ZA,1,126.94,126.94,1,1.0,0,0.0
cust_006644,2024-01-10,BR,1,3352.57,3352.57,0,0.0,0,0.0
cust_006645,2024-01-25,CN,1,85.55,85.55,0,0.0,0,0.0
cust_006646,2024-01-21,FR,1,56.21,56.21,0,0.0,0,0.0
cust_006647,2024-04-29,CN,1,636.11,636.11,0,0.0,0,0.0
cust_006648,2024-04-19,DE,1,58.73,58.73,0,0.0,0,0.0
cust_006649,2024-01-21,CA,1,290.48,290.48,0,0.0,0,0.0
cust_006650,2024-06-07,IN,1,341.02,341.02,0,0.0,0,0.0
cust_006651,2024-02-15,RU,2,6998.25,3499.12,0,0.0,0,0.0
cust_006652,2024-01-28,US,1,397.34,397.34,0,0.0,0,0.0
cust_006653,2024-08-18,CA,1,158.41,158.41,0,0.0,0,0.0
cust_006654,2024-02-02,UK,2,2402.22,1201.11,0,0.0,0,0.0
cust_006655,2024-03-26,DE,1,263.74,263.74,0,0.0,0,0.0
cust_006656,2024-03-21,IN,5,16183.78,3236.76,0,0.0,0,0.0
cust_006657,2024-05-14,UK,1,116.47,116.47,0,0.0,0,0.0
cust_006658,2024-03-22,DE,1,233.5,233.5,0,0.0,0,0.0
cust_006659,2024-03-04,CA,89,25165.39,282.76,9,0.1011,3,0.0337
cust_006660,2024-08-27,US,1,45.64,45.64,0,0.0,0,0.0
cust_006661,2024-02-04,IN,3,16464.39,5488.13,0,0.0,0,0.0
cust_006662,2024-03-26,US,1,68.62,68.62,0,0.0,0,0.0
cust_006663,2024-06-11,BR,2,10588.54,5294.27,0,0.0,0,0.0
cust_006664,2024-05-03,RU,1,295.11,295.11,0,0.0,0,0.0
cust_006665,2024-01-29,US,1,241.53,241.53,0,0.0,0,0.0
cust_006666,2024-04-21,US,1,47.19,47.19,0,0.0,0,0.0
cust_006667,2024-05-30,US,1,107.55,107.55,0,0.0,0,0.0
cust_006668,2024-03-09,AU,0,0.0,0.0,0,0.0,0,0.0
cust_006669,2024-01-31,US,1,2159.94,2159.94,0,0.0,0,0.0
cust_006670,2024-05-25,CA,0,0.0,0.0,0,0.0,0,0.0
cust_006671,2024-02-08,UK,0,0.0,0.0,0,0.0,0,0.0
cust_006672,2024-06-04,FR,1,372.29,372.29,0,0.0,0,0.0
cust_006673,2024-07-02,IN,1,499.85,499.85,0,0.0,0,0.0
cust_006674,2024-02-15,CA,1,212.22,212.22,0,0.0,0,0.0
cust_006675,2024-01-16,CA,1,140.92,140.92,0,0.0,0,0.0
cust_006676,2024-06-27,AU,1,58.02,58.02,0,0.0,0,0.0
cust_006677,2024-01-12,CA,1,119.96,119.96,0,0.0,0,0.0
cust_006678,2024-03-14,UK,1,105.59,105.59,0,0.0,0,0.0
cust_006679,2024-01-08,US,1,59.2,59.2,0,0.0,0,0.0
cust_006680,2024-02-12,US,1,170.99,170.99,0,0.0,0,0.0
cust_006681,2024-01-26,UK,7,439.74,62.82,0,0.0,0,0.0
cust_006682,2024-07-26,IN,0,0.0,0.0,0,0.0,0,0.0
cust_006683,2024-03-05,DE,1,450.69,450.69,0,0.0,0,0.0
cust_006684,2024-03-18,KR,0,0.0,0.0,0,0.0,0,0.0
cust_006685,2024-04-01,US,2,7005.61,3502.8,0,0.0,1,0.5
cust_006686,2024-08-05,CA,1,88.38,88.38,0,0.0,0,0.0
cust_006687,2024-01-06,FR,1,51.79,51.79,0,0.0,0,0.0
cust_006688,2024-04-16,US,1,32.75,32.75,0,0.0,0,0.0
cust_006689,2024-04-25,CA,1,296.47,296.47,0,0.0,0,0.0
cust_006690,2024-06-02,UK,1,161.46,161.46,0,0.0,0,0.0
cust_006691,2024-04-17,UK,1,604.63,604.63,0,0.0,0,0.0
cust_006692,2024-01-27,US,1,153.23,153.23,0,0.0,0,0.0
cust_006693,2024-05-12,US,1,106.07,106.07,0,0.0,0,0.0
cust_006694,2024-02-28,US,1,25.49,25.49,0,0.0,0,0.0
cust_006695,2024-01-09,RU,1,4194.2,4194.2,1,1.0,1,1.0
cust_006696,2024-03-21,US,1,128.71,128.71,0,0.0,0,0.0
cust_006697,2024-06-20,US,1,121.97,121.97,0,0.0,0,0.0
cust_006698,2024-02-14,IN,1,1179.83,1179.83,1,1.0,0,0.0
cust_006699,2024-07-14,MX,17,22298.13,1311.65,0,0.0,1,0.0588
cust_006700,2024-07-28,US,1,103.87,103.87,0,0.0,0,0.0
cust_006701,2024-06-28,FR,1,73.58,73.58,0,0.0,0,0.0
cust_006702,2024-06-02,US,1,162.57,162.57,0,0.0,0,0.0
cust_006703,2024-08-03,US,1,13.37,13.37,0,0.0,0,0.0
cust_006704,2024-07-08,CN,1,14.66,14.66,0,0.0,0,0.0
cust_006705,2024-04-02,DE,1,45.57,45.57,1,1.0,0,0.0
cust_006706,2024-08-21,CA,2,23760.14,11880.07,0,0.0,0,0.0
cust_006707,2024-07-08,US,1,48.3,48.3,1,1.0,0,0.0
cust_006708,2024-09-15,CA,0,0.0,0.0,0,0.0,0,0.0
cust_006709,2024-04-05,US,2,12136.46,6068.23,0,0.0,0,0.0
cust_006710,2024-05-26,UK,1,66.26,66.26,0,0.0,0,0.0
cust_006711,2024-03-31,DE,1,87.51,87.51,0,0.0,0,0.0
cust_006712,2024-03-03,CA,1,68.15,68.15,0,0.0,0,0.0
cust_006713,2024-04-28,DE,1,127.76,127.76,1,1.0,0,0.0
cust_006714,2024-03-27,US,1,414.24,414.24,0,0.0,0,0.0
cust_006715,2024-01-15,FR,1,306.43,306.43,0,0.0,0,0.0
cust_006716,2024-04-16,MX,1,313.31,313.31,0,0.0,0,0.0
cust_006717,2024-02-17,RU,1,55.58,55.58,0,0.0,0,0.0
cust_006718,2024-04-13,US,1,22.29,22.29,0,0.0,0,0.0
cust_006719,2024-04-24,US,0,0.0,0.0,0,0.0,0,0.0
cust_006720,2024-04-21,CA,1,230.69,230.69,0,0.0,0,0.0
cust_006721,2024-02-22,CA,1,290.58,290.58,0,0.0,0,0.0
cust_006722,2024-03-20,JP,1,77.18,77.18,0,0.0,0,0.0
cust_006723,2024-07-16,UK,1,49.39,49.39,0,0.0,0,0.0
cust_006724,2024-03-29,CA,1,324.63,324.63,0,0.0,0,0.0
cust_006725,2024-05-15,US,1,226.91,226.91,1,1.0,0,0.0
cust_006726,2024-02-10,MX,1,46.95,46.95,0,0.0,0,0.0
cust_006727,2024-03-27,US,1,17.22,17.22,0,0.0,0,0.0
cust_006728,2024-01-07,RU,1,79.5,79.5,0,0.0,0,0.0
cust_006729,2024-07-22,NG,1,452.71,452.71,0,0.0,0,0.0
cust_006730,2024-04-16,US,87,6969.45,80.11,9,0.1034,0,0.0
cust_006731,2024-08-21,AU,1,612.26,612.26,0,0.0,0,0.0
cust_006732,2024-05-27,US,1,102.68,102.68,0,0.0,0,0.0
cust_006733,2024-02-07,US,1,69.48,69.48,0,0.0,0,0.0
cust_006734,2024-08-09,UK,1,74.34,74.34,1,1.0,0,0.0
cust_006735,2024-01-21,CN,9,448.66,49.85,0,0.0,0,0.0
cust_006736,2024-05-05,UK,1,125.39,125.39,0,0.0,0,0.0
cust_006737,2024-04-24,US,1,155.15,155.15,0,0.0,0,0.0
cust_006738,2024-04-04,CA,1,63.03,63.03,0,0.0,0,0.0
cust_006739,2024-02-14,UK,1,52.9,52.9,0,0.0,0,0.0
cust_006740,2024-09-17,US,1,222.1,222.1,0,0.0,0,0.0
cust_006741,2024-07-20,US,1,151.4,151.4,1,1.0,0,0.0
cust_006742,2024-05-27,US,1,88.95,88.95,1,1.0,0,0.0
cust_006743,2024-07-16,CA,1,210.21,210.21,0,0.0,0,0.0
cust_006744,2024-03-20,IN,1,11851.15,11851.15,1,1.0,0,0.0
cust_006745,2024-03-28,FR,1,36.02,36.02,0,0.0,0,0.0
cust_006746,2024-02-26,US,1,270.39,270.39,0,0.0,0,0.0
cust_006747,2024-07-24,BR,1,161.53,161.53,1,1.0,0,0.0
cust_006748,2024-06-15,UK,1,34.24,34.24,0,0.0,0,0.0
cust_006749,2024-09-11,US,1,86.37,86.37,0,0.0,0,0.0
cust_006750,2024-04-28,CN,1,73.86,73.86,0,0.0,0,0.0
cust_006751,2024-03-28,DE,1,141.12,141.12,0,0.0,0,0.0
cust_006752,2024-02-26,CA,0,0.0,0.0,0,0.0,0,0.0
cust_006753,2024-07-18,US,3,6367.56,2122.52,1,0.3333,0,0.0
cust_006754,2024-01-24,US,2,3717.51,1858.76,0,0.0,0,0.0
cust_006755,2024-07-16,CA,1,50.96,50.96,1,1.0,0,0.0
cust_006756,2024-03-16,NG,1,13.7,13.7,0,0.0,0,0.0
cust_006757,2024-04-23,IN,1,20.92,20.92,0,0.0,0,0.0
cust_006758,2024-03-25,US,0,0.0,0.0,0,0.0,0,0.0
cust_006759,2024-04-17,IN,1,94.15,94.15,0,0.0,0,0.0
cust_006760,2024-06-24,US,0,0.0,0.0,0,0.0,0,0.0
cust_006761,2024-01-08,US,1,52.46,52.46,0,0.0,0,0.0
cust_006762,2024-04-01,BR,2,11420.16,5710.08,0,0.0,1,0.5
cust_006763,2024-02-05,IN,1,111.74,111.74,0,0.0,0,0.0
cust_006764,2024-02-07,FR,2,8615.39,4307.7,0,0.0,0,0.0
cust_006765,2024-05-16,US,1,153.74,153.74,0,0.0,0,0.0
cust_006766,2024-03-21,US,12,742.0,61.83,0,0.0,0,0.0
cust_006767,2024-01-22,CA,1,51.37,51.37,0,0.0,0,0.0
cust_006768,2024-02-05,CA,1,25.05,25.05,0,0.0,0,0.0
cust_006769,2024-04-05,IN,1,376.48,376.48,0,0.0,0,0.0
cust_006770,2024-01-24,FR,1,404.73,404.73,0,0.0,0,0.0
cust_006771,2024-06-09,DE,1,39.75,39.75,0,0.0,0,0.0
cust_006772,2024-09-10,DE,1,116.41,116.41,1,1.0,0,0.0
cust_006773,2024-02-13,US,1,157.53,157.53,0,0.0,0,0.0
cust_006774,2024-02-19,UK,1,79.65,79.65,0,0.0,0,0.0
cust_006775,2024-03-25,IN,1,151.85,151.85,0,0.0,0,0.0
cust_006776,2024-02-05,CA,1,48.03,48.03,0,0.0,0,0.0
cust_006777,2024-02-05,US,1,127.76,127.76,0,0.0,0,0.0
cust_006778,2024-01-29,MX,2,2582.89,1291.44,2,1.0,0,0.0
cust_006779,2024-02-11,US,1,325.48,325.48,0,0.0,0,0.0
cust_006780,2024-06-14,KR,1,149.69,149.69,0,0.0,0,0.0
cust_006781,2024-04-26,AU,1,13.36,13.36,0,0.0,0,0.0
cust_006782,2024-06-12,IN,1,541.59,541.59,0,0.0,0,0.0
cust_006783,2024-04-01,US,21,1856.87,88.42,0,0.0,1,0.0476
cust_006784,2024-04-02,CA,1,142.43,142.43,1,1.0,0,0.0
cust_006785,2024-03-18,US,1,35.76,35.76,0,0.0,0,0.0
cust_006786,2024-03-30,CN,1,58.74,58.74,0,0.0,0,0.0
cust_006787,2024-04-03,US,1,70.87,70.87,0,0.0,0,0.0
cust_006788,2024-06-11,UK,1,230.53,230.53,0,0.0,0,0.0
cust_006789,2024-03-03,IN,1,33.38,33.38,0,0.0,0,0.0
cust_006790,2024-03-23,US,2,798.26,399.13,0,0.0,0,0.0
cust_006791,2024-03-23,CA,1,42.27,42.27,0,0.0,0,0.0
cust_006792,2024-05-31,FR,1,25.89,25.89,0,0.0,0,0.0
cust_006793,2024-06-30,US,1,438.22,438.22,0,0.0,0,0.0
cust_006794,2024-04-09,US,1,114.73,114.73,0,0.0,0,0.0
cust_006795,2024-06-30,CA,1,29.61,29.61,0,0.0,0,0.0
cust_006796,2024-05-04,CA,1,114.05,114.05,0,0.0,0,0.0
cust_006797,2024-02-13,UK,1,97.3,97.3,0,0.0,0,0.0
cust_006798,2024-03-20,US,1,2908.76,2908.76,0,0.0,1,1.0
cust_006799,2024-05-19,UK,1,87.94,87.94,0,0.0,0,0.0
cust_006800,2024-02-05,US,7,452.65,64.66,1,0.1429,1,0.1429
cust_006801,2024-04-25,US,1,257.38,257.38,0,0.0,0,0.0
cust_006802,2024-04-06,CA,1,96.39,96.39,0,0.0,0,0.0
cust_006803,2024-06-17,UK,1,72.96,72.96,0,0.0,0,0.0
cust_006804,2024-02-02,UK,1,394.68,394.68,0,0.0,0,0.0
cust_006805,2024-02-15,US,1,45.17,45.17,0,0.0,0,0.0
cust_006806,2024-04-21,DE,1,126.78,126.78,0,0.0,0,0.0
cust_006807,2024-06-20,US,1,145.07,145.07,0,0.0,0,0.0
cust_006808,2024-05-03,US,1,11631.08,11631.08,0,0.0,0,0.0
cust_006809,2024-06-21,BR,2,9388.79,4694.4,0,0.0,1,0.5
cust_006810,2024-06-20,ZA,1,28.68,28.68,0,0.0,0,0.0
cust_006811,2024-08-29,ZA,2,20028.11,10014.06,0,0.0,1,0.5
cust_006812,2024-02-18,IN,1,103.14,103.14,0,0.0,0,0.0
cust_006813,2024-05-25,US,1,56.02,56.02,0,0.0,0,0.0
cust_006814,2024-05-14,BR,1,160.66,160.66,0,0.0,0,0.0
cust_006815,2024-03-30,DE,1,122.58,122.58,0,0.0,0,0.0
cust_006816,2024-02-16,ZA,1,17.02,17.02,0,0.0,0,0.0
cust_006817,2024-07-31,CA,20,1836.15,91.81,2,0.1,0,0.0
cust_006818,2024-02-07,CA,1,233.64,233.64,0,0.0,0,0.0
cust_006819,2024-05-13,US,1,1052.19,1052.19,0,0.0,0,0.0
cust_006820,2024-02-09,US,1,89.14,89.14,0,0.0,0,0.0
cust_006821,2024-02-16,DE,1,39.19,39.19,0,0.0,0,0.0
cust_006822,2024-04-02,ZA,1,216.89,216.89,0,0.0,0,0.0
cust_006823,2024-06-19,CA,1,107.69,107.69,1,1.0,0,0.0
cust_006824,2024-06-11,US,2,5770.49,2885.25,0,0.0,1,0.5
cust_006825,2024-01-14,UK,2,10652.54,5326.27,0,0.0,0,0.0
cust_006826,2024-07-02,US,1,262.64,262.64,0,0.0,0,0.0
cust_006827,2024-06-05,MX,0,0.0,0.0,0,0.0,0,0.0
cust_006828,2024-03-10,US,3,159.51,53.17,0,0.0,0,0.0
cust_006829,2024-03-31,US,1,253.91,253.91,0,0.0,0,0.0
cust_006830,2024-03-02,UK,1,590.97,590.97,1,1.0,0,0.0
cust_006831,2024-06-15,CA,1,305.14,305.14,0,0.0,0,0.0
cust_006832,2024-02-24,FR,1,44.68,44.68,0,0.0,0,0.0
cust_006833,2024-04-23,UK,1,50.57,50.57,0,0.0,0,0.0
cust_006834,2024-05-23,NG,1,44.11,44.11,0,0.0,0,0.0
cust_006835,2024-06-13,IN,1,1095.92,1095.92,0,0.0,0,0.0
cust_006836,2024-04-26,US,9,1076.07,119.56,1,0.1111,0,0.0
cust_006837,2024-09-17,US,1,37.65,37.65,0,0.0,0,0.0
cust_006838,2024-05-09,UK,1,58.41,58.41,0,0.0,0,0.0
cust_006839,2024-03-29,UK,1,145.55,145.55,1,1.0,0,0.0
cust_006840,2024-03-08,UK,1,111.67,111.67,0,0.0,0,0.0
cust_006841,2024-03-25,US,1,70.05,70.05,1,1.0,0,0.0
cust_006842,2024-06-15,US,1,69.63,69.63,0,0.0,0,0.0
cust_006843,2024-02-09,US,1,150.55,150.55,0,0.0,0,0.0
cust_006844,2024-03-06,FR,1,330.64,330.64,1,1.0,0,0.0
cust_006845,2024-06-06,IN,1,40.36,40.36,1,1.0,0,0.0
cust_006846,2024-03-11,US,0,0.0,0.0,0,0.0,0,0.0
cust_006847,2024-03-29,UK,1,25.48,25.48,0,0.0,0,0.0
cust_006848,2024-02-28,MX,1,69.48,69.48,0,0.0,0,0.0
cust_006849,2024-04-03,US,1,153.68,153.68,0,0.0,0,0.0
cust_006850,2024-07-31,US,1,33.98,33.98,0,0.0,0,0.0
cust_006851,2024-07-17,UK,1,292.78,292.78,0,0.0,0,0.0
cust_006852,2024-02-05,US,0,0.0,0.0,0,0.0,0,0.0
cust_006853,2024-05-16,US,3,526.79,175.6,0,0.0,0,0.0
cust_006854,2024-05-14,KR,1,39.38,39.38,0,0.0,0,0.0
cust_006855,2024-01-26,AU,3,6954.78,2318.26,0,0.0,1,0.3333
cust_006856,2024-02-04,FR,2,2253.53,1126.76,0,0.0,0,0.0
cust_006857,2024-06-06,CN,0,0.0,0.0,0,0.0,0,0.0
cust_006858,2024-01-18,US,1,62.03,62.03,0,0.0,0,0.0
cust_006859,2024-03-08,NG,1,311.51,311.51,0,0.0,0,0.0
cust_006860,2024-04-15,ZA,1,51.27,51.27,0,0.0,0,0.0
cust_006861,2024-01-15,IN,2,7400.16,3700.08,1,0.5,1,0.5
cust_006862,2024-03-21,RU,1,88.32,88.32,0,0.0,0,0.0
cust_006863,2024-04-03,BR,1,115.07,115.07,0,0.0,0,0.0
cust_006864,2024-04-17,US,1,45.0,45.0,0,0.0,0,0.0
cust_006865,2024-02-28,US,5,12623.77,2524.75,0,0.0,0,0.0
cust_006866,2024-02-25,DE,1,46.22,46.22,0,0.0,0,0.0
cust_006867,2024-05-19,CA,0,0.0,0.0,0,0.0,0,0.0
cust_006868,2024-05-12,UK,1,51.79,51.79,0,0.0,0,0.0
cust_006869,2024-03-19,US,1,139.35,139.35,0,0.0,0,0.0
cust_006870,2024-01-17,US,1,2922.89,2922.89,0,0.0,1,1.0
cust_006871,2024-02-15,US,1,650.31,650.31,0,0.0,0,0.0
cust_006872,2024-06-03,UK,1,1256.32,1256.32,0,0.0,0,0.0
cust_006873,2024-04-04,US,1,179.39,179.39,0,0.0,0,0.0
cust_006874,2024-02-25,US,4,9606.32,2401.58,0,0.0,0,0.0
cust_006875,2024-06-02,KR,4,6579.45,1644.86,0,0.0,0,0.0
cust_006876,2024-05-02,UK,2,5440.31,2720.16,0,0.0,0,0.0
cust_006877,2024-04-02,CN,0,0.0,0.0,0,0.0,0,0.0
cust_006878,2024-01-24,US,1,86.49,86.49,1,1.0,0,0.0
cust_006879,2024-04-01,UK,5,13104.15,2620.83,0,0.0,0,0.0
cust_006880,2024-02-25,DE,1,50.94,50.94,0,0.0,0,0.0
cust_006881,2024-05-25,ZA,1,226.4,226.4,0,0.0,0,0.0
cust_006882,2024-04-12,DE,1,126.6,126.6,0,0.0,0,0.0
cust_006883,2024-05-19,RU,1,45.77,45.77,0,0.0,0,0.0
cust_006884,2024-10-28,US,1,131.85,131.85,0,0.0,0,0.0
cust_006885,2024-04-03,US,20,5860.3,293.02,0,0.0,0,0.0
cust_006886,2024-02-22,NG,1,187.05,187.05,0,0.0,0,0.0
cust_006887,2024-03-13,CA,1,156.25,156.25,0,0.0,0,0.0
cust_006888,2024-08-06,US,1,380.04,380.04,0,0.0,0,0.0
cust_006889,2024-03-29,US,1,109.81,109.81,0,0.0,0,0.0
cust_006890,2024-03-17,FR,0,0.0,0.0,0,0.0,0,0.0
cust_006891,2024-04-27,US,1,115.55,115.55,0,0.0,0,0.0
cust_006892,2024-02-10,CA,1,444.61,444.61,0,0.0,0,0.0
cust_006893,2024-02-25,US,1,135.24,135.24,0,0.0,0,0.0
cust_006894,2024-03-13,US,1,23.19,23.19,0,0.0,0,0.0
cust_006895,2024-05-17,UK,5,1019.8,203.96,3,0.6,0,0.0
cust_006896,2024-04-08,US,1,43.4,43.4,0,0.0,0,0.0
cust_006897,2024-02-16,DE,1,41.22,41.22,0,0.0,0,0.0
cust_006898,2024-10-27,US,1,273.21,273.21,1,1.0,0,0.0
cust_006899,2024-04-25,FR,0,0.0,0.0,0,0.0,0,0.0
cust_006900,2024-04-06,CA,15,1470.07,98.0,0,0.0,0,0.0
cust_006901,2024-06-27,US,1,31.53,31.53,1,1.0,0,0.0
cust_006902,2024-03-11,IN,1,71.4,71.4,0,0.0,0,0.0
cust_006903,2024-04-16,UK,1,57.45,57.45,0,0.0,0,0.0
cust_006904,2024-02-09,US,1,82.14,82.14,0,0.0,0,0.0
cust_006905,2024-03-18,US,2,11255.81,5627.9,0,0.0,0,0.0
cust_006906,2024-03-09,CA,0,0.0,0.0,0,0.0,0,0.0
cust_006907,2024-05-08,US,1,168.61,168.61,0,0.0,0,0.0
cust_006908,2024-05-16,FR,1,113.15,113.15,0,0.0,0,0.0
cust_006909,2024-05-11,UK,1,34.14,34.14,0,0.0,0,0.0
cust_006910,2024-02-22,US,1,163.34,163.34,0,0.0,0,0.0
cust_006911,2024-02-07,US,3,951.03,317.01,0,0.0,0,0.0
cust_006912,2024-04-01,US,2,2121.69,1060.84,0,0.0,0,0.0
cust_006913,2024-02-15,US,0,0.0,0.0,0,0.0,0,0.0
cust_006914,2024-02-02,UK,2,13047.43,6523.72,0,0.0,0,0.0
cust_006915,2024-04-09,US,1,57.71,57.71,0,0.0,0,0.0
cust_006916,2024-05-15,CA,2,3056.57,1528.28,0,0.0,1,0.5
cust_006917,2024-05-02,US,1,165.03,165.03,0,0.0,0,0.0
cust_006918,2024-05-10,MX,1,1786.27,1786.27,0,0.0,0,0.0
cust_006919,2024-07-18,CA,2,12610.06,6305.03,0,0.0,1,0.5
cust_006920,2024-02-23,AU,1,87.22,87.22,0,0.0,0,0.0
cust_006921,2024-07-18,UK,2,11582.85,5791.42,0,0.0,1,0.5
cust_006922,2024-01-21,US,1,116.39,116.39,1,1.0,0,0.0
cust_006923,2024-06-23,UK,1,125.33,125.33,0,0.0,0,0.0
cust_006924,2024-08-24,UK,1,91.45,91.45,0,0.0,0,0.0
cust_006925,2024-04-14,IN,1,18.9,18.9,0,0.0,0,0.0
cust_006926,2024-02-28,RU,1,94.0,94.0,0,0.0,0,0.0
cust_006927,2024-03-07,US,1,27.57,27.57,0,0.0,0,0.0
cust_006928,2024-04-30,US,2,167.38,83.69,0,0.0,0,0.0
cust_006929,2024-06-15,FR,1,48.07,48.07,0,0.0,0,0.0
cust_006930,2024-04-10,US,1,192.71,192.71,0,0.0,0,0.0
cust_006931,2024-06-11,AU,1,59.01,59.01,0,0.0,0,0.0
cust_006932,2024-06-08,FR,1,515.42,515.42,0,0.0,0,0.0
cust_006933,2024-02-05,BR,1,83.22,83.22,1,1.0,0,0.0
cust_006934,2024-03-03,US,7,3596.03,513.72,0,0.0,3,0.4286
cust_006935,2024-02-04,US,1,424.25,424.25,0,0.0,0,0.0
cust_006936,2024-09-16,CA,1,31.21,31.21,1,1.0,0,0.0
cust_006937,2024-08-06,US,1,13.25,13.25,0,0.0,0,0.0
cust_006938,2024-02-29,JP,1,74.62,74.62,0,0.0,0,0.0
cust_006939,2024-07-09,UK,0,0.0,0.0,0,0.0,0,0.0
cust_006940,2024-06-03,UK,5,8982.62,1796.52,0,0.0,1,0.2
cust_006941,2024-01-21,US,1,94.5,94.5,0,0.0,0,0.0
cust_006942,2024-06-08,CA,1,153.65,153.65,0,0.0,0,0.0
cust_006943,2024-02-06,US,1,155.41,155.41,1,1.0,0,0.0
cust_006944,2024-04-01,UK,1,217.04,217.04,0,0.0,0,0.0
cust_006945,2024-02-19,US,1,160.33,160.33,0,0.0,0,0.0
cust_006946,2024-02-18,IN,1,36.77,36.77,0,0.0,0,0.0
cust_006947,2024-04-09,BR,2,166.83,83.42,0,0.0,0,0.0
cust_006948,2024-04-08,US,1,129.96,129.96,1,1.0,0,0.0
cust_006949,2024-04-23,US,1,22.75,22.75,0,0.0,0,0.0
cust_006950,2024-06-30,DE,1,330.86,330.86,1,1.0,0,0.0
cust_006951,2024-03-23,DE,1,50.93,50.93,0,0.0,1,1.0
cust_006952,2024-05-30,US,3,457.53,152.51,2,0.6667,0,0.0
cust_006953,2024-01-21,US,1,65.35,65.35,0,0.0,0,0.0
cust_006954,2024-06-17,FR,1,77.23,77.23,0,0.0,0,0.0
cust_006955,2024-08-10,CA,1,119.06,119.06,0,0.0,0,0.0
cust_006956,2024-06-24,UK,2,2539.28,1269.64,0,0.0,1,0.5
cust_006957,2024-08-24,US,1,230.0,230.0,0,0.0,0,0.0
cust_006958,2024-05-05,DE,1,45.45,45.45,1,1.0,0,0.0
cust_006959,2024-03-02,US,1,705.17,705.17,0,0.0,0,0.0
cust_006960,2024-06-23,IN,1,3853.62,3853.62,0,0.0,0,0.0
cust_006961,2024-01-16,FR,2,18183.9,9091.95,0,0.0,0,0.0
cust_006962,2024-03-03,UK,0,0.0,0.0,0,0.0,0,0.0
cust_006963,2024-02-05,US,1,15.33,15.33,0,0.0,0,0.0
cust_006964,2024-02-20,US,1,40.65,40.65,0,0.0,0,0.0
cust_006965,2024-05-22,DE,1,68.95,68.95,1,1.0,0,0.0
cust_006966,2024-03-10,NG,1,141.39,141.39,0,0.0,0,0.0
cust_006967,2024-03-27,KR,1,61.61,61.61,0,0.0,0,0.0
cust_006968,2024-03-29,BR,2,1145.53,572.76,0,0.0,0,0.0
cust_006969,2024-02-04,IN,1,73.22,73.22,0,0.0,0,0.0
cust_006970,2024-05-08,JP,1,74.23,74.23,0,0.0,0,0.0
cust_006971,2024-03-19,UK,1,98.46,98.46,0,0.0,0,0.0
cust_006972,2024-06-16,NG,5,18548.69,3709.74,0,0.0,2,0.4
cust_006973,2024-04-16,UK,1,122.04,122.04,0,0.0,0,0.0
cust_006974,2024-03-29,IN,1,269.64,269.64,0,0.0,0,0.0
cust_006975,2024-03-29,US,1,62.96,62.96,0,0.0,0,0.0
cust_006976,2024-06-30,CA,1,98.02,98.02,0,0.0,0,0.0
cust_006977,2024-06-19,US,6,52.76,8.79,0,0.0,3,0.5
cust_006978,2024-06-19,UK,1,133.64,133.64,0,0.0,0,0.0
cust_006979,2024-02-10,IN,1,165.33,165.33,0,0.0,0,0.0
cust_006980,2024-07-15,NG,1,125.12,125.12,0,0.0,0,0.0
cust_006981,2024-01-18,BR,1,229.05,229.05,0,0.0,0,0.0
cust_006982,2024-03-23,US,1,262.55,262.55,0,0.0,0,0.0
cust_006983,2024-03-07,FR,1,40.84,40.84,0,0.0,1,1.0
cust_006984,2024-02-16,CA,2,168.37,84.18,0,0.0,0,0.0
cust_006985,2024-05-08,US,3,402.74,134.25,0,0.0,0,0.0
cust_006986,2024-02-27,RU,1,235.56,235.56,0,0.0,0,0.0
cust_006987,2024-04-23,US,1,33.04,33.04,0,0.0,0,0.0
cust_006988,2024-04-02,BR,2,10011.91,5005.96,2,1.0,0,0.0
cust_006989,2024-03-18,US,1,497.84,497.84,0,0.0,0,0.0
cust_006990,2024-04-13,NG,1,211.72,211.72,0,0.0,0,0.0
cust_006991,2024-05-05,FR,1,226.96,226.96,0,0.0,0,0.0
cust_006992,2024-06-25,UK,1,50.74,50.74,0,0.0,0,0.0
cust_006993,2024-01-22,US,1,229.05,229.05,0,0.0,0,0.0
cust_006994,2024-01-18,US,0,0.0,0.0,0,0.0,0,0.0
cust_006995,2024-02-18,US,1,68.75,68.75,0,0.0,0,0.0
cust_006996,2024-03-23,AU,1,17.37,17.37,0,0.0,0,0.0
cust_006997,2024-03-06,IN,1,739.62,739.62,0,0.0,0,0.0
cust_006998,2024-03-23,US,1,33.03,33.03,0,0.0,0,0.0
cust_006999,2024-07-28,UK,1,58.75,58.75,0,0.0,0,0.0
cust_007000,2024-01-09,US,5,350.63,70.13,0,0.0,0,0.0
cust_007001,2024-02-17,DE,1,502.24,502.24,0,0.0,0,0.0
cust_007002,2024-04-04,US,1,66.66,66.66,0,0.0,0,0.0
cust_007003,2024-01-17,AU,1,185.08,185.08,0,0.0,0,0.0
cust_007004,2024-07-23,DE,1,156.28,156.28,0,0.0,0,0.0
cust_007005,2024-10-27,US,1,105.99,105.99,0,0.0,0,0.0
cust_007006,2024-01-28,US,1,208.08,208.08,0,0.0,0,0.0
cust_007007,2024-02-17,CA,1,169.8,169.8,0,0.0,0,0.0
cust_007008,2024-04-12,RU,1,51.7,51.7,0,0.0,0,0.0
cust_007009,2024-05-26,US,1,39.07,39.07,0,0.0,0,0.0
cust_007010,2024-03-19,UK,1,396.97,396.97,0,0.0,0,0.0
cust_007011,2024-07-14,IN,1,49.25,49.25,0,0.0,0,0.0
cust_007012,2024-07-20,US,5,672.22,134.44,0,0.0,0,0.0
cust_007013,2024-05-07,US,1,135.85,135.85,0,0.0,0,0.0
cust_007014,2024-05-04,UK,1,110.62,110.62,0,0.0,0,0.0
cust_007015,2024-02-17,US,1,60.04,60.04,0,0.0,0,0.0
cust_007016,2024-03-04,IN,1,36.64,36.64,0,0.0,0,0.0
cust_007017,2024-03-18,NG,2,4740.63,2370.32,0,0.0,0,0.0
cust_007018,2024-02-23,RU,1,26.72,26.72,1,1.0,0,0.0
cust_007019,2024-05-24,CA,1,241.46,241.46,0,0.0,0,0.0
cust_007020,2024-03-08,US,2,10491.67,5245.84,0,0.0,0,0.0
cust_007021,2024-02-01,UK,2,12365.3,6182.65,0,0.0,0,0.0
cust_007022,2024-02-26,US,5,348.28,69.66,0,0.0,0,0.0
cust_007023,2024-04-17,IN,1,140.44,140.44,0,0.0,0,0.0
cust_007024,2024-08-16,US,1,984.14,984.14,0,0.0,0,0.0
cust_007025,2024-07-05,US,3,5538.98,1846.33,1,0.3333,0,0.0
cust_007026,2024-06-25,US,1,20.65,20.65,0,0.0,0,0.0
cust_007027,2024-03-07,US,1,167.85,167.85,0,0.0,0,0.0
cust_007028,2024-03-14,DE,1,84.59,84.59,0,0.0,0,0.0
cust_007029,2024-02-17,ZA,1,18.89,18.89,0,0.0,0,0.0
cust_007030,2024-05-18,DE,1,93.69,93.69,0,0.0,0,0.0
cust_007031,2024-02-01,US,1,249.51,249.51,0,0.0,0,0.0
cust_007032,2024-03-22,UK,1,70.85,70.85,0,0.0,0,0.0
cust_007033,2024-02-06,IN,1,66.15,66.15,0,0.0,0,0.0
cust_007034,2024-04-29,JP,1,46.64,46.64,0,0.0,0,0.0
cust_007035,2024-06-20,FR,2,10417.37,5208.69,0,0.0,1,0.5
cust_007036,2024-03-07,US,1,100.3,100.3,0,0.0,0,0.0
cust_007037,2024-01-21,IN,3,15048.04,5016.01,0,0.0,2,0.6667
cust_007038,2024-06-19,US,1,113.31,113.31,0,0.0,0,0.0
cust_007039,2024-03-20,UK,1,88.24,88.24,0,0.0,0,0.0
cust_007040,2024-04-01,KR,2,15055.94,7527.97,1,0.5,1,0.5
cust_007041,2024-03-20,NG,3,257.6,85.87,0,0.0,0,0.0
cust_007042,2024-05-18,US,0,0.0,0.0,0,0.0,0,0.0
cust_007043,2024-02-26,FR,1,53.05,53.05,0,0.0,0,0.0
cust_007044,2024-02-02,US,2,22024.94,11012.47,1,0.5,0,0.0
cust_007045,2024-06-17,US,1,124.59,124.59,0,0.0,0,0.0
cust_007046,2024-01-30,JP,1,163.38,163.38,0,0.0,0,0.0
cust_007047,2024-02-29,BR,1,72.11,72.11,0,0.0,0,0.0
cust_007048,2024-04-05,US,1,509.0,509.0,0,0.0,0,0.0
cust_007049,2024-03-29,AU,0,0.0,0.0,0,0.0,0,0.0
cust_007050,2024-07-24,US,1,59.24,59.24,1,1.0,0,0.0
cust_007051,2024-04-22,CA,1,96.07,96.07,0,0.0,0,0.0
cust_007052,2024-07-18,ZA,1,50.12,50.12,0,0.0,0,0.0
cust_007053,2024-06-24,AU,1,40.07,40.07,0,0.0,0,0.0
cust_007054,2024-05-24,IN,3,18664.33,6221.44,0,0.0,2,0.6667
cust_007055,2024-04-28,UK,1,135.67,135.67,0,0.0,0,0.0
cust_007056,2024-02-07,FR,1,81.31,81.31,0,0.0,0,0.0
cust_007057,2024-01-12,KR,1,123.79,123.79,0,0.0,0,0.0
cust_007058,2024-05-28,US,1,222.81,222.81,0,0.0,0,0.0
cust_007059,2024-02-09,US,1,121.64,121.64,0,0.0,0,0.0
cust_007060,2024-05-31,UK,1,127.23,127.23,0,0.0,0,0.0
cust_007061,2024-05-13,CA,1,155.45,155.45,0,0.0,0,0.0
cust_007062,2024-02-03,US,1,29.5,29.5,0,0.0,0,0.0
cust_007063,2024-06-27,IN,1,1835.28,1835.28,0,0.0,0,0.0
cust_007064,2024-02-25,US,1,131.57,131.57,0,0.0,0,0.0
cust_007065,2024-01-13,ZA,1,215.44,215.44,0,0.0,0,0.0
cust_007066,2024-03-25,US,1,51.39,51.39,1,1.0,0,0.0
cust_007067,2024-02-25,BR,2,2128.58,1064.29,0,0.0,0,0.0
cust_007068,2024-05-23,KR,1,93.87,93.87,1,1.0,0,0.0
cust_007069,2024-04-14,CA,1,79.19,79.19,0,0.0,0,0.0
cust_007070,2024-01-08,US,3,6734.9,2244.97,0,0.0,1,0.3333
cust_007071,2024-02-16,NG,1,1032.0,1032.0,1,1.0,0,0.0
cust_007072,2024-08-22,UK,1,143.55,143.55,0,0.0,0,0.0
cust_007073,2024-03-02,CA,1,1170.2,1170.2,0,0.0,0,0.0
cust_007074,2024-03-31,US,2,5723.34,2861.67,0,0.0,1,0.5
cust_007075,2024-01-22,US,1,309.34,309.34,0,0.0,0,0.0
cust_007076,2024-01-16,CA,1,132.04,132.04,0,0.0,0,0.0
cust_007077,2024-04-15,DE,1,127.75,127.75,0,0.0,0,0.0
cust_007078,2024-02-24,MX,1,69.52,69.52,0,0.0,0,0.0
cust_007079,2024-03-08,IN,1,92.71,92.71,0,0.0,0,0.0
cust_007080,2024-03-30,US,1,161.84,161.84,0,0.0,0,0.0
cust_007081,2024-02-21,CA,2,7129.06,3564.53,0,0.0,0,0.0
cust_007082,2024-04-12,US,1,36.21,36.21,0,0.0,0,0.0
cust_007083,2024-08-10,US,1,95.35,95.35,0,0.0,0,0.0
cust_007084,2024-04-21,UK,1,92.98,92.98,0,0.0,0,0.0
cust_007085,2024-02-25,US,2,6588.65,3294.32,0,0.0,0,0.0
cust_007086,2024-01-18,US,1,782.78,782.78,0,0.0,0,0.0
cust_007087,2024-06-08,US,0,0.0,0.0,0,0.0,0,0.0
cust_007088,2024-01-09,US,1,499.57,499.57,0,0.0,0,0.0
cust_007089,2024-01-29,BR,1,988.46,988.46,0,0.0,0,0.0
cust_007090,2024-05-12,UK,1,156.73,156.73,0,0.0,0,0.0
cust_007091,2024-06-17,RU,1,84.59,84.59,0,0.0,0,0.0
cust_007092,2024-03-24,NG,1,88.42,88.42,0,0.0,0,0.0
cust_007093,2024-05-20,JP,1,121.22,121.22,0,0.0,0,0.0
cust_007094,2024-02-17,US,1,33.93,33.93,0,0.0,0,0.0
cust_007095,2024-01-21,US,1,162.97,162.97,0,0.0,0,0.0
cust_007096,2024-04-06,UK,0,0.0,0.0,0,0.0,0,0.0
cust_007097,2024-07-15,UK,1,86.76,86.76,0,0.0,0,0.0
cust_007098,2024-04-06,US,1,224.77,224.77,0,0.0,0,0.0
cust_007099,2024-05-20,US,1,46.46,46.46,0,0.0,0,0.0
cust_007100,2024-09-09,IN,1,126.0,126.0,0,0.0,0,0.0
cust_007101,2024-02-14,DE,1,81.1,81.1,0,0.0,0,0.0
cust_007102,2024-02-07,UK,1,287.96,287.96,0,0.0,0,0.0
cust_007103,2024-04-04,US,1,33.09,33.09,0,0.0,0,0.0
cust_007104,2024-03-21,IN,1,273.26,273.26,0,0.0,0,0.0
cust_007105,2024-04-11,DE,1,331.9,331.9,0,0.0,0,0.0
cust_007106,2024-02-18,FR,1,328.46,328.46,0,0.0,0,0.0
cust_007107,2024-01-09,BR,1,243.79,243.79,0,0.0,0,0.0
cust_007108,2024-02-26,IN,0,0.0,0.0,0,0.0,0,0.0
cust_007109,2024-03-06,UK,1,126.33,126.33,0,0.0,0,0.0
cust_007110,2024-07-06,US,1,297.49,297.49,0,0.0,0,0.0
cust_007111,2024-03-21,US,1,95.13,95.13,0,0.0,0,0.0
cust_007112,2024-08-28,UK,1,108.03,108.03,0,0.0,0,0.0
cust_007113,2024-06-25,JP,1,82.81,82.81,0,0.0,0,0.0
cust_007114,2024-04-28,IN,1,117.96,117.96,0,0.0,0,0.0
cust_007115,2024-05-12,IN,3,322.87,107.62,0,0.0,0,0.0
cust_007116,2024-08-18,US,1,61.57,61.57,0,0.0,0,0.0
cust_007117,2024-02-11,IN,1,67.64,67.64,0,0.0,0,0.0
cust_007118,2024-05-11,US,0,0.0,0.0,0,0.0,0,0.0
cust_007119,2024-06-12,US,10,1691.85,169.18,1,0.1,0,0.0
cust_007120,2024-04-15,IN,2,12265.1,6132.55,1,0.5,0,0.0
cust_007121,2024-03-17,US,2,11793.36,5896.68,0,0.0,0,0.0
cust_007122,2024-06-04,US,1,34.69,34.69,0,0.0,0,0.0
cust_007123,2024-05-06,US,1,260.02,260.02,0,0.0,0,0.0
cust_007124,2024-06-01,US,2,449.49,224.74,0,0.0,1,0.5
cust_007125,2024-04-24,UK,1,23.99,23.99,0,0.0,0,0.0
cust_007126,2024-04-21,DE,1,151.97,151.97,0,0.0,0,0.0
cust_007127,2024-04-19,US,1,42.29,42.29,0,0.0,0,0.0
cust_007128,2024-04-15,US,1,79.56,79.56,0,0.0,0,0.0
cust_007129,2024-05-01,UK,1,116.99,116.99,0,0.0,0,0.0
cust_007130,2024-03-15,US,1,171.21,171.21,0,0.0,0,0.0
cust_007131,2024-01-31,AU,1,208.46,208.46,0,0.0,0,0.0
cust_007132,2024-05-30,BR,2,10446.97,5223.49,0,0.0,1,0.5
cust_007133,2024-07-06,DE,1,85.84,85.84,0,0.0,0,0.0
cust_007134,2024-04-22,IN,1,132.98,132.98,0,0.0,0,0.0
cust_007135,2024-02-28,FR,1,260.24,260.24,0,0.0,0,0.0
cust_007136,2024-05-12,UK,1,169.5,169.5,0,0.0,0,0.0
cust_007137,2024-07-25,DE,1,24.58,24.58,0,0.0,0,0.0
cust_007138,2024-01-10,UK,1,90.49,90.49,0,0.0,0,0.0
cust_007139,2024-02-26,UK,1,65.04,65.04,0,0.0,0,0.0
cust_007140,2024-02-16,AU,1,161.83,161.83,0,0.0,0,0.0
cust_007141,2024-01-31,AU,3,14986.7,4995.57,0,0.0,2,0.6667
cust_007142,2024-05-25,UK,1,58.28,58.28,0,0.0,0,0.0
cust_007143,2024-07-12,CN,1,46.05,46.05,0,0.0,0,0.0
cust_007144,2024-03-14,CA,1,52.37,52.37,0,0.0,0,0.0
cust_007145,2024-01-28,CA,1,121.25,121.25,0,0.0,0,0.0
cust_007146,2024-04-07,CA,1,4533.13,4533.13,0,0.0,1,1.0
cust_007147,2024-05-22,AU,1,234.57,234.57,0,0.0,0,0.0
cust_007148,2024-03-15,KR,1,247.04,247.04,1,1.0,0,0.0
cust_007149,2024-05-10,DE,0,0.0,0.0,0,0.0,0,0.0
cust_007150,2024-03-31,US,1,182.14,182.14,0,0.0,0,0.0
cust_007151,2024-05-27,CA,1,406.52,406.52,0,0.0,0,0.0
cust_007152,2024-06-15,US,1,192.22,192.22,0,0.0,0,0.0
cust_007153,2024-06-20,DE,7,10877.17,1553.88,0,0.0,1,0.1429
cust_007154,2024-05-29,ZA,1,28.55,28.55,1,1.0,0,0.0
cust_007155,2024-08-13,JP,1,419.19,419.19,0,0.0,0,0.0
cust_007156,2024-04-03,CA,6,354.87,59.14,0,0.0,0,0.0
cust_007157,2024-04-03,US,1,67.96,67.96,0,0.0,0,0.0
cust_007158,2024-03-20,UK,2,3582.1,1791.05,1,0.5,0,0.0
cust_007159,2024-03-27,US,1,301.61,301.61,0,0.0,0,0.0
cust_007160,2024-07-27,ZA,0,0.0,0.0,0,0.0,0,0.0
cust_007161,2024-04-17,US,1,101.43,101.43,0,0.0,0,0.0
cust_007162,2024-06-06,BR,20,1681.42,84.07,1,0.05,0,0.0
cust_007163,2024-03-02,UK,2,1233.21,616.6,0,0.0,1,0.5
cust_007164,2024-06-09,DE,1,27.9,27.9,0,0.0,0,0.0
cust_007165,2024-05-11,CN,0,0.0,0.0,0,0.0,0,0.0
cust_007166,2024-02-19,IN,2,2259.25,1129.62,0,0.0,0,0.0
cust_007167,2024-06-29,IN,1,80.87,80.87,0,0.0,0,0.0
cust_007168,2024-02-09,US,1,29.06,29.06,0,0.0,0,0.0
cust_007169,2024-02-09,US,1,45.82,45.82,0,0.0,0,0.0
cust_007170,2024-06-13,CA,2,808.45,404.22,0,0.0,0,0.0
cust_007171,2024-03-12,UK,1,83.34,83.34,0,0.0,0,0.0
cust_007172,2024-04-27,IN,0,0.0,0.0,0,0.0,0,0.0
cust_007173,2024-02-08,UK,1,84.24,84.24,0,0.0,0,0.0
cust_007174,2024-02-13,US,1,24.66,24.66,0,0.0,0,0.0
cust_007175,2024-03-17,AU,1,107.32,107.32,0,0.0,0,0.0
cust_007176,2024-02-15,JP,1,54.08,54.08,0,0.0,0,0.0
cust_007177,2024-02-22,KR,1,32.79,32.79,0,0.0,0,0.0
cust_007178,2024-04-20,US,1,19.24,19.24,0,0.0,0,0.0
cust_007179,2024-07-12,US,1,147.16,147.16,0,0.0,0,0.0
cust_007180,2024-03-18,US,1,47.0,47.0,0,0.0,0,0.0
cust_007181,2024-03-12,CN,1,259.19,259.19,1,1.0,0,0.0
cust_007182,2024-05-24,IN,6,335.44,55.91,0,0.0,2,0.3333
cust_007183,2024-04-10,CN,1,368.62,368.62,0,0.0,0,0.0
cust_007184,2024-03-30,NG,1,243.26,243.26,0,0.0,0,0.0
cust_007185,2024-02-20,US,2,9867.5,4933.75,0,0.0,0,0.0
cust_007186,2024-03-12,UK,1,196.94,196.94,0,0.0,0,0.0
cust_007187,2024-05-23,UK,1,134.85,134.85,0,0.0,0,0.0
cust_007188,2024-03-31,CA,1,279.28,279.28,0,0.0,0,0.0
cust_007189,2024-02-08,ZA,1,45.41,45.41,0,0.0,0,0.0
cust_007190,2024-06-11,US,5,7341.11,1468.22,1,0.2,0,0.0
cust_007191,2024-04-15,AU,3,6560.59,2186.86,0,0.0,2,0.6667
cust_007192,2024-02-21,US,1,84.75,84.75,0,0.0,0,0.0
cust_007193,2024-03-11,FR,1,32.0,32.0,0,0.0,0,0.0
cust_007194,2024-05-31,US,1,2428.85,2428.85,0,0.0,1,1.0
cust_007195,2024-02-18,CA,1,96.02,96.02,0,0.0,0,0.0
cust_007196,2024-04-01,DE,2,1072.6,536.3,0,0.0,1,0.5
cust_007197,2024-05-17,UK,1,84.04,84.04,0,0.0,0,0.0
cust_007198,2024-04-10,KR,2,89.7,44.85,0,0.0,0,0.0
cust_007199,2024-04-07,DE,1,146.69,146.69,0,0.0,0,0.0
cust_007200,2024-02-16,US,1,356.23,356.23,0,0.0,0,0.0
cust_007201,2024-04-29,UK,2,17897.87,8948.94,0,0.0,0,0.0
cust_007202,2024-04-19,US,1,236.66,236.66,0,0.0,0,0.0
cust_007203,2024-01-18,US,1,240.01,240.01,0,0.0,1,1.0
cust_007204,2024-05-02,US,2,4394.66,2197.33,2,1.0,1,0.5
cust_007205,2024-07-07,US,1,86.12,86.12,0,0.0,0,0.0
cust_007206,2024-07-12,NG,1,107.45,107.45,0,0.0,0,0.0
cust_007207,2024-04-08,ZA,1,128.52,128.52,0,0.0,0,0.0
cust_007208,2024-03-11,US,1,83.21,83.21,0,0.0,0,0.0
cust_007209,2024-06-08,AU,1,141.5,141.5,0,0.0,0,0.0
cust_007210,2024-03-24,US,1,170.51,170.51,0,0.0,0,0.0
cust_007211,2024-03-05,CA,1,37.03,37.03,1,1.0,0,0.0
cust_007212,2024-08-12,US,1,80.23,80.23,0,0.0,0,0.0
cust_007213,2024-01-23,US,1,46.62,46.62,1,1.0,0,0.0
cust_007214,2024-06-29,UK,0,0.0,0.0,0,0.0,0,0.0
cust_007215,2024-03-15,DE,1,137.94,137.94,0,0.0,0,0.0
cust_007216,2024-05-12,CA,1,50.86,50.86,0,0.0,0,0.0
cust_007217,2024-04-05,BR,0,0.0,0.0,0,0.0,0,0.0
cust_007218,2024-05-27,US,1,376.07,376.07,0,0.0,0,0.0
cust_007219,2024-03-31,IN,1,149.04,149.04,1,1.0,0,0.0
cust_007220,2024-03-20,US,1,9.24,9.24,0,0.0,0,0.0
cust_007221,2024-04-25,US,5,279.33,55.87,1,0.2,0,0.0
cust_007222,2024-05-14,US,1,41.08,41.08,0,0.0,0,0.0
cust_007223,2024-03-10,US,1,133.41,133.41,0,0.0,0,0.0
cust_007224,2024-03-09,AU,1,83.66,83.66,0,0.0,0,0.0
cust_007225,2024-06-13,CA,1,399.76,399.76,0,0.0,0,0.0
cust_007226,2024-03-10,IN,2,10943.2,5471.6,0,0.0,0,0.0
cust_007227,2024-03-27,US,1,47.42,47.42,0,0.0,0,0.0
cust_007228,2024-05-27,US,0,0.0,0.0,0,0.0,0,0.0
cust_007229,2024-05-21,CA,1,59.31,59.31,0,0.0,0,0.0
cust_007230,2024-06-30,US,1,306.53,306.53,0,0.0,0,0.0
cust_007231,2024-03-03,US,1,98.23,98.23,0,0.0,0,0.0
cust_007232,2024-04-10,US,2,609.44,304.72,0,0.0,0,0.0
cust_007233,2024-04-23,RU,1,168.49,168.49,0,0.0,0,0.0
cust_007234,2024-06-08,UK,1,130.38,130.38,0,0.0,0,0.0
cust_007235,2024-02-02,US,5,389.71,77.94,1,0.2,0,0.0
cust_007236,2024-02-01,UK,1,178.58,178.58,0,0.0,0,0.0
cust_007237,2024-01-30,NG,21,1413.18,67.29,1,0.0476,0,0.0
cust_007238,2024-05-22,US,1,117.81,117.81,0,0.0,0,0.0
cust_007239,2024-05-24,US,1,109.16,109.16,0,0.0,0,0.0
cust_007240,2024-04-09,ZA,1,194.65,194.65,0,0.0,0,0.0
cust_007241,2024-01-28,JP,9,180.73,20.08,1,0.1111,2,0.2222
cust_007242,2024-08-16,CA,1,65.96,65.96,1,1.0,0,0.0
cust_007243,2024-04-16,US,1,194.39,194.39,0,0.0,0,0.0
cust_007244,2024-04-06,US,1,405.43,405.43,0,0.0,0,0.0
cust_007245,2024-05-23,JP,1,45.14,45.14,0,0.0,0,0.0
cust_007246,2024-03-28,DE,2,6957.61,3478.8,0,0.0,0,0.0
cust_007247,2024-03-06,UK,1,222.4,222.4,0,0.0,0,0.0
cust_007248,2024-02-17,US,1,431.97,431.97,0,0.0,0,0.0
cust_007249,2024-05-24,US,1,41.91,41.91,0,0.0,0,0.0
cust_007250,2024-04-03,FR,2,16159.41,8079.7,0,0.0,0,0.0
cust_007251,2024-05-09,IN,1,172.72,172.72,0,0.0,0,0.0
cust_007252,2024-05-23,UK,4,450.36,112.59,1,0.25,0,0.0
cust_007253,2024-05-23,IN,1,305.95,305.95,0,0.0,0,0.0
cust_007254,2024-07-04,FR,2,14058.08,7029.04,0,0.0,0,0.0
cust_007255,2024-04-22,IN,1,75.25,75.25,0,0.0,0,0.0
cust_007256,2024-05-03,US,1,57.58,57.58,0,0.0,0,0.0
cust_007257,2024-07-16,MX,1,126.36,126.36,0,0.0,0,0.0
cust_007258,2024-02-29,US,1,83.13,83.13,0,0.0,0,0.0
cust_007259,2024-02-09,CA,2,8087.73,4043.86,1,0.5,1,0.5
cust_007260,2024-06-06,US,1,259.47,259.47,0,0.0,0,0.0
cust_007261,2024-05-25,DE,0,0.0,0.0,0,0.0,0,0.0
cust_007262,2024-01-22,CA,1,62.39,62.39,0,0.0,0,0.0
cust_007263,2024-03-22,US,1,93.64,93.64,0,0.0,0,0.0
cust_007264,2024-04-06,CA,1,375.87,375.87,0,0.0,0,0.0
cust_007265,2024-06-09,CA,2,11082.16,5541.08,1,0.5,0,0.0
cust_007266,2024-05-02,UK,41,4031.93,98.34,4,0.0976,0,0.0
cust_007267,2024-02-19,US,1,253.51,253.51,0,0.0,0,0.0
cust_007268,2024-06-30,US,1,84.11,84.11,0,0.0,0,0.0
cust_007269,2024-06-13,KR,2,9318.66,4659.33,0,0.0,0,0.0
cust_007270,2024-02-11,US,1,55.51,55.51,0,0.0,0,0.0
cust_007271,2024-08-24,UK,1,231.97,231.97,0,0.0,0,0.0
cust_007272,2024-05-05,US,2,3613.08,1806.54,2,1.0,0,0.0
cust_007273,2024-06-04,FR,1,155.55,155.55,0,0.0,0,0.0
cust_007274,2024-04-24,IN,2,11514.07,5757.04,0,0.0,1,0.5
cust_007275,2024-04-27,FR,1,97.87,97.87,0,0.0,0,0.0
cust_007276,2024-05-15,IN,2,3498.3,1749.15,0,0.0,0,0.0
cust_007277,2024-05-23,CA,2,9800.37,4900.18,0,0.0,1,0.5
cust_007278,2024-06-22,KR,1,83.94,83.94,0,0.0,0,0.0
cust_007279,2024-05-08,DE,1,40.56,40.56,0,0.0,0,0.0
cust_007280,2024-04-15,DE,1,306.09,306.09,0,0.0,0,0.0
cust_007281,2024-03-10,DE,2,7801.03,3900.52,0,0.0,0,0.0
cust_007282,2024-02-03,UK,1,162.06,162.06,0,0.0,0,0.0
cust_007283,2024-06-01,IN,1,249.91,249.91,0,0.0,0,0.0
cust_007284,2024-05-27,IN,1,157.48,157.48,0,0.0,0,0.0
cust_007285,2024-06-25,NG,1,9.4,9.4,0,0.0,0,0.0
cust_007286,2024-07-29,KR,1,309.6,309.6,0,0.0,0,0.0
cust_007287,2024-03-19,CA,0,0.0,0.0,0,0.0,0,0.0
cust_007288,2024-01-24,IN,9,88.39,9.82,2,0.2222,2,0.2222
cust_007289,2024-03-12,US,2,116.83,58.42,0,0.0,0,0.0
cust_007290,2024-03-02,JP,2,10009.33,5004.66,1,0.5,0,0.0
cust_007291,2024-07-16,FR,0,0.0,0.0,0,0.0,0,0.0
cust_007292,2024-04-01,CN,1,51.48,51.48,0,0.0,0,0.0
cust_007293,2024-10-15,IN,2,4581.25,2290.62,1,0.5,0,0.0
cust_007294,2024-04-20,DE,1,176.23,176.23,0,0.0,0,0.0
cust_007295,2024-05-18,US,4,12376.52,3094.13,1,0.25,1,0.25
cust_007296,2024-06-08,IN,2,717.53,358.76,0,0.0,0,0.0
cust_007297,2024-01-17,UK,1,72.54,72.54,1,1.0,0,0.0
cust_007298,2024-01-06,CA,1,161.03,161.03,1,1.0,0,0.0
cust_007299,2024-02-24,US,1,343.8,343.8,0,0.0,0,0.0
cust_007300,2024-05-11,US,2,11172.49,5586.24,0,0.0,1,0.5
cust_007301,2024-03-25,BR,1,154.29,154.29,0,0.0,0,0.0
cust_007302,2024-03-11,CA,1,117.46,117.46,0,0.0,0,0.0
cust_007303,2024-06-22,US,1,492.69,492.69,0,0.0,0,0.0
cust_007304,2024-03-06,AU,2,186.09,93.04,0,0.0,0,0.0
cust_007305,2024-01-23,US,3,316.47,105.49,0,0.0,0,0.0
cust_007306,2024-03-23,US,1,48.17,48.17,0,0.0,0,0.0
cust_007307,2024-02-18,US,1,68.57,68.57,0,0.0,0,0.0
cust_007308,2024-04-24,US,2,2810.67,1405.33,1,0.5,0,0.0
cust_007309,2024-02-20,JP,1,106.16,106.16,0,0.0,0,0.0
cust_007310,2024-07-01,DE,0,0.0,0.0,0,0.0,0,0.0
cust_007311,2024-06-13,DE,2,13869.86,6934.93,0,0.0,0,0.0
cust_007312,2024-02-16,IN,1,34.15,34.15,0,0.0,0,0.0
cust_007313,2024-02-02,UK,1,161.93,161.93,0,0.0,0,0.0
cust_007314,2024-05-03,DE,2,2975.43,1487.72,0,0.0,0,0.0
cust_007315,2024-02-06,FR,1,164.36,164.36,0,0.0,0,0.0
cust_007316,2024-04-16,CA,1,1124.44,1124.44,1,1.0,0,0.0
cust_007317,2024-01-28,CA,3,5208.99,1736.33,0,0.0,2,0.6667
cust_007318,2024-05-03,US,1,147.5,147.5,0,0.0,0,0.0
cust_007319,2024-07-07,US,1,239.61,239.61,0,0.0,0,0.0
cust_007320,2024-04-09,US,0,0.0,0.0,0,0.0,0,0.0
cust_007321,2024-02-11,FR,1,83.79,83.79,0,0.0,0,0.0
cust_007322,2024-01-31,US,1,67.74,67.74,0,0.0,0,0.0
cust_007323,2024-05-01,DE,1,95.67,95.67,0,0.0,0,0.0
cust_007324,2024-01-20,CA,2,386.21,193.1,0,0.0,0,0.0
cust_007325,2024-03-10,UK,1,170.96,170.96,0,0.0,0,0.0
cust_007326,2024-01-27,IN,0,0.0,0.0,0,0.0,0,0.0
cust_007327,2024-01-18,US,1,139.95,139.95,0,0.0,0,0.0
cust_007328,2024-01-04,KR,1,51.46,51.46,1,1.0,0,0.0
cust_007329,2024-05-07,US,1,21.75,21.75,0,0.0,0,0.0
cust_007330,2024-02-09,AU,2,12723.98,6361.99,0,0.0,0,0.0
cust_007331,2024-03-29,US,1,76.77,76.77,0,0.0,0,0.0
cust_007332,2024-05-07,UK,1,99.44,99.44,0,0.0,0,0.0
cust_007333,2024-04-17,CA,1,168.93,168.93,0,0.0,0,0.0
cust_007334,2024-05-12,US,1,84.14,84.14,1,1.0,0,0.0
cust_007335,2024-03-14,US,1,59.21,59.21,1,1.0,0,0.0
cust_007336,2024-04-19,UK,1,77.36,77.36,0,0.0,0,0.0
cust_007337,2024-08-07,BR,8,230.05,28.76,0,0.0,2,0.25
cust_007338,2024-07-02,CA,1,115.02,115.02,0,0.0,0,0.0
cust_007339,2024-04-29,US,1,135.99,135.99,0,0.0,0,0.0
cust_007340,2024-02-09,US,1,74.82,74.82,0,0.0,0,0.0
cust_007341,2024-05-08,ZA,1,122.02,122.02,1,1.0,0,0.0
cust_007342,2024-03-21,US,1,33.12,33.12,1,1.0,0,0.0
cust_007343,2024-03-03,IN,1,1412.21,1412.21,0,0.0,0,0.0
cust_007344,2024-03-03,US,2,6770.54,3385.27,0,0.0,0,0.0
cust_007345,2024-05-06,UK,2,1866.27,933.14,0,0.0,0,0.0
cust_007346,2024-03-25,UK,3,182.02,60.67,0,0.0,0,0.0
cust_007347,2024-05-13,KR,0,0.0,0.0,0,0.0,0,0.0
cust_007348,2024-03-11,CA,8,5509.89,688.74,0,0.0,0,0.0
cust_007349,2024-06-07,US,3,3612.46,1204.15,0,0.0,2,0.6667
cust_007350,2024-02-09,IN,1,66.15,66.15,0,0.0,0,0.0
cust_007351,2024-05-17,US,1,372.05,372.05,0,0.0,0,0.0
cust_007352,2024-05-19,CN,1,51.41,51.41,0,0.0,0,0.0
cust_007353,2024-07-12,US,4,8490.0,2122.5,0,0.0,1,0.25
cust_007354,2024-03-01,NG,3,2885.57,961.86,1,0.3333,1,0.3333
cust_007355,2024-06-07,BR,1,412.4,412.4,0,0.0,0,0.0
cust_007356,2024-06-17,US,0,0.0,0.0,0,0.0,0,0.0
cust_007357,2024-03-11,KR,0,0.0,0.0,0,0.0,0,0.0
cust_007358,2024-03-08,ZA,1,161.35,161.35,1,1.0,0,0.0
cust_007359,2024-05-15,BR,15,1509.33,100.62,1,0.0667,2,0.1333
cust_007360,2024-03-16,UK,1,322.52,322.52,0,0.0,0,0.0
cust_007361,2024-08-16,DE,1,42.97,42.97,0,0.0,0,0.0
cust_007362,2024-02-26,US,1,45.56,45.56,0,0.0,0,0.0
cust_007363,2024-05-29,CN,1,85.87,85.87,0,0.0,0,0.0
cust_007364,2024-02-07,US,1,809.08,809.08,0,0.0,0,0.0
cust_007365,2024-05-04,FR,1,1346.85,1346.85,0,0.0,0,0.0
cust_007366,2024-04-20,BR,1,40.9,40.9,0,0.0,0,0.0
cust_007367,2024-05-17,KR,0,0.0,0.0,0,0.0,0,0.0
cust_007368,2024-04-02,BR,1,89.55,89.55,1,1.0,0,0.0
cust_007369,2024-07-01,BR,3,326.04,108.68,0,0.0,0,0.0
cust_007370,2024-07-13,DE,1,152.09,152.09,0,0.0,0,0.0
cust_007371,2024-02-04,IN,6,123.54,20.59,0,0.0,1,0.1667
cust_007372,2024-06-09,US,1,58.29,58.29,0,0.0,0,0.0
cust_007373,2024-01-21,KR,1,99.54,99.54,0,0.0,0,0.0
cust_007374,2024-02-07,UK,2,5601.45,2800.73,1,0.5,0,0.0
cust_007375,2024-02-23,AU,0,0.0,0.0,0,0.0,0,0.0
cust_007376,2024-03-09,UK,1,40.55,40.55,0,0.0,0,0.0
cust_007377,2024-04-23,UK,1,254.08,254.08,0,0.0,0,0.0
cust_007378,2024-03-04,UK,1,35.41,35.41,0,0.0,0,0.0
cust_007379,2024-03-18,ZA,1,362.39,362.39,0,0.0,0,0.0
cust_007380,2024-06-21,US,1,205.48,205.48,1,1.0,0,0.0
cust_007381,2024-05-10,CA,2,3871.39,1935.7,0,0.0,0,0.0
cust_007382,2024-04-23,US,1,234.51,234.51,0,0.0,0,0.0
cust_007383,2024-04-24,CA,2,11179.24,5589.62,0,0.0,1,0.5
cust_007384,2024-02-07,CA,1,226.93,226.93,0,0.0,0,0.0
cust_007385,2024-04-01,US,1,30.34,30.34,0,0.0,0,0.0
cust_007386,2024-01-14,DE,1,164.12,164.12,0,0.0,0,0.0
cust_007387,2024-01-09,BR,1,64.62,64.62,0,0.0,0,0.0
cust_007388,2024-04-22,BR,1,42.66,42.66,0,0.0,0,0.0
cust_007389,2024-03-31,FR,7,5721.43,817.35,0,0.0,1,0.1429
cust_007390,2024-01-04,US,1,158.99,158.99,0,0.0,0,0.0
cust_007391,2024-02-24,IN,2,2372.86,1186.43,0,0.0,1,0.5
cust_007392,2024-05-17,DE,1,327.69,327.69,0,0.0,0,0.0
cust_007393,2024-07-07,FR,1,302.89,302.89,0,0.0,0,0.0
cust_007394,2024-05-15,DE,1,17.25,17.25,0,0.0,0,0.0
cust_007395,2024-05-07,IN,1,17.3,17.3,0,0.0,0,0.0
cust_007396,2024-04-05,FR,3,6519.84,2173.28,1,0.3333,0,0.0
cust_007397,2024-04-26,JP,2,1179.48,589.74,1,0.5,0,0.0
cust_007398,2024-01-19,CA,1,25.79,25.79,0,0.0,0,0.0
cust_007399,2024-05-09,US,1,270.91,270.91,0,0.0,0,0.0
cust_007400,2024-03-12,BR,1,199.32,199.32,0,0.0,0,0.0
cust_007401,2024-06-04,DE,2,18653.42,9326.71,0,0.0,0,0.0
cust_007402,2024-07-06,DE,1,276.66,276.66,0,0.0,0,0.0
cust_007403,2024-04-27,US,1,10.61,10.61,0,0.0,0,0.0
cust_007404,2024-07-20,US,1,827.93,827.93,1,1.0,0,0.0
cust_007405,2024-05-06,AU,1,67.69,67.69,0,0.0,0,0.0
cust_007406,2024-01-26,US,1,67.06,67.06,1,1.0,0,0.0
cust_007407,2024-05-18,UK,2,2447.1,1223.55,1,0.5,1,0.5
cust_007408,2024-03-25,CA,2,5354.12,2677.06,0,0.0,0,0.0
cust_007409,2024-06-25,US,1,246.33,246.33,0,0.0,0,0.0
cust_007410,2024-01-21,IN,1,122.48,122.48,0,0.0,0,0.0
cust_007411,2024-01-16,US,0,0.0,0.0,0,0.0,0,0.0
cust_007412,2024-02-20,US,1,2999.82,2999.82,0,0.0,0,0.0
cust_007413,2024-01-27,ZA,1,109.08,109.08,0,0.0,0,0.0
cust_007414,2024-06-11,CA,2,2845.9,1422.95,1,0.5,1,0.5
cust_007415,2024-06-06,KR,1,221.95,221.95,0,0.0,0,0.0
cust_007416,2024-02-26,CA,1,960.53,960.53,0,0.0,0,0.0
cust_007417,2024-06-07,BR,1,397.17,397.17,0,0.0,0,0.0
cust_007418,2024-01-26,US,1,74.95,74.95,0,0.0,0,0.0
cust_007419,2024-07-14,US,1,36.04,36.04,0,0.0,0,0.0
cust_007420,2024-05-22,US,11,808.2,73.47,1,0.0909,0,0.0
cust_007421,2024-06-30,US,1,164.89,164.89,0,0.0,0,0.0
cust_007422,2024-03-30,MX,0,0.0,0.0,0,0.0,0,0.0
cust_007423,2024-01-17,CA,2,2328.09,1164.04,0,0.0,0,0.0
cust_007424,2024-04-06,IN,2,17283.01,8641.5,0,0.0,0,0.0
cust_007425,2024-03-04,CA,1,189.29,189.29,0,0.0,0,0.0
cust_007426,2024-04-05,US,1,80.71,80.71,0,0.0,0,0.0
cust_007427,2024-05-18,CN,0,0.0,0.0,0,0.0,0,0.0
cust_007428,2024-07-13,DE,14,1070.25,76.45,3,0.2143,0,0.0
cust_007429,2024-02-21,US,1,42.3,42.3,0,0.0,0,0.0
cust_007430,2024-06-17,UK,1,128.54,128.54,0,0.0,0,0.0
cust_007431,2024-02-05,US,1,33.04,33.04,0,0.0,0,0.0
cust_007432,2024-03-30,DE,1,45.86,45.86,0,0.0,0,0.0
cust_007433,2024-05-05,CA,1,238.09,238.09,0,0.0,0,0.0
cust_007434,2024-01-09,RU,7,659.1,94.16,0,0.0,0,0.0
cust_007435,2024-08-25,MX,1,51.84,51.84,1,1.0,0,0.0
cust_007436,2024-06-17,US,1,370.86,370.86,0,0.0,0,0.0
cust_007437,2024-03-28,US,1,52.84,52.84,0,0.0,0,0.0
cust_007438,2024-04-28,NG,1,188.85,188.85,0,0.0,0,0.0
cust_007439,2024-05-22,CA,1,78.13,78.13,0,0.0,0,0.0
cust_007440,2024-02-27,UK,4,7509.48,1877.37,0,0.0,0,0.0
cust_007441,2024-01-20,IN,2,8986.12,4493.06,0,0.0,0,0.0
cust_007442,2024-06-08,UK,1,71.63,71.63,0,0.0,0,0.0
cust_007443,2024-05-21,IN,1,131.3,131.3,0,0.0,0,0.0
cust_007444,2024-02-26,MX,0,0.0,0.0,0,0.0,0,0.0
cust_007445,2024-03-11,IN,1,219.71,219.71,1,1.0,0,0.0
cust_007446,2024-04-07,US,1,113.81,113.81,0,0.0,0,0.0
cust_007447,2024-05-17,US,1,85.42,85.42,0,0.0,0,0.0
cust_007448,2024-04-22,KR,1,180.77,180.77,0,0.0,0,0.0
cust_007449,2024-01-08,IN,1,61.56,61.56,0,0.0,0,0.0
cust_007450,2024-02-14,CA,1,36.73,36.73,0,0.0,0,0.0
cust_007451,2024-04-18,US,1,159.31,159.31,0,0.0,0,0.0
cust_007452,2024-04-11,RU,1,513.27,513.27,0,0.0,0,0.0
cust_007453,2024-03-06,UK,30,2953.8,98.46,7,0.2333,0,0.0
cust_007454,2024-03-11,ZA,0,0.0,0.0,0,0.0,0,0.0
cust_007455,2024-01-09,US,1,10.83,10.83,0,0.0,0,0.0
cust_007456,2024-09-23,US,1,24.27,24.27,0,0.0,0,0.0
cust_007457,2024-05-18,US,1,212.97,212.97,0,0.0,0,0.0
cust_007458,2024-04-27,UK,1,512.39,512.39,0,0.0,0,0.0
cust_007459,2024-05-25,KR,6,8419.85,1403.31,2,0.3333,0,0.0
cust_007460,2024-05-06,UK,1,43.29,43.29,0,0.0,0,0.0
cust_007461,2024-03-04,BR,2,1804.78,902.39,2,1.0,0,0.0
cust_007462,2024-01-22,FR,1,241.63,241.63,1,1.0,0,0.0
cust_007463,2024-02-09,US,2,1853.15,926.58,0,0.0,0,0.0
cust_007464,2024-01-14,IN,1,106.77,106.77,0,0.0,0,0.0
cust_007465,2024-06-02,JP,1,35.89,35.89,0,0.0,0,0.0
cust_007466,2024-07-24,IN,1,55.99,55.99,0,0.0,0,0.0
cust_007467,2024-05-23,US,1,286.69,286.69,0,0.0,0,0.0
cust_007468,2024-02-17,JP,2,4375.4,2187.7,0,0.0,0,0.0
cust_007469,2024-05-29,CA,1,313.15,313.15,1,1.0,0,0.0
cust_007470,2024-04-23,ZA,1,157.77,157.77,0,0.0,0,0.0
cust_007471,2024-06-21,DE,1,194.77,194.77,0,0.0,0,0.0
cust_007472,2024-08-24,UK,3,14171.49,4723.83,1,0.3333,1,0.3333
cust_007473,2024-03-15,UK,1,122.43,122.43,0,0.0,0,0.0
cust_007474,2024-02-02,NG,1,268.06,268.06,1,1.0,0,0.0
cust_007475,2024-04-06,ZA,1,37.55,37.55,0,0.0,0,0.0
cust_007476,2024-03-25,UK,1,144.75,144.75,0,0.0,0,0.0
cust_007477,2024-03-04,US,1,269.82,269.82,1,1.0,0,0.0
cust_007478,2024-03-25,US,1,432.73,432.73,0,0.0,0,0.0
cust_007479,2024-05-14,US,11,1110.56,100.96,1,0.0909,0,0.0
cust_007480,2024-01-18,US,1,56.72,56.72,0,0.0,0,0.0
cust_007481,2024-03-30,UK,1,28.24,28.24,0,0.0,0,0.0
cust_007482,2024-05-15,US,1,12821.94,12821.94,0,0.0,1,1.0
cust_007483,2024-07-16,CA,1,15.2,15.2,0,0.0,0,0.0
cust_007484,2024-04-04,MX,1,94.06,94.06,0,0.0,0,0.0
cust_007485,2024-03-22,US,1,46.72,46.72,1,1.0,0,0.0
cust_007486,2024-03-05,DE,1,107.17,107.17,0,0.0,0,0.0
cust_007487,2024-01-07,US,1,135.1,135.1,0,0.0,0,0.0
cust_007488,2024-01-27,IN,1,101.92,101.92,0,0.0,0,0.0
cust_007489,2024-06-12,CN,1,122.61,122.61,0,0.0,0,0.0
cust_007490,2024-05-14,US,8,1036.57,129.57,0,0.0,0,0.0
cust_007491,2024-02-10,BR,2,1068.48,534.24,1,0.5,1,0.5
cust_007492,2024-04-14,US,0,0.0,0.0,0,0.0,0,0.0
cust_007493,2024-03-18,UK,2,13843.92,6921.96,0,0.0,0,0.0
cust_007494,2024-01-05,US,1,159.32,159.32,0,0.0,0,0.0
cust_007495,2024-03-25,UK,1,53.22,53.22,0,0.0,0,0.0
cust_007496,2024-05-25,US,1,47.71,47.71,0,0.0,0,0.0
cust_007497,2024-05-04,DE,1,34.68,34.68,0,0.0,0,0.0
cust_007498,2024-07-26,US,1,419.19,419.19,0,0.0,0,0.0
cust_007499,2024-03-17,BR,7,9899.09,1414.16,0,0.0,2,0.2857
cust_007500,2024-04-22,US,1,157.34,157.34,0,0.0,0,0.0
cust_007501,2024-04-02,US,3,5576.63,1858.88,0,0.0,0,0.0
cust_007502,2024-03-17,CA,1,66.53,66.53,0,0.0,0,0.0
cust_007503,2024-02-09,DE,0,0.0,0.0,0,0.0,0,0.0
cust_007504,2024-03-27,NG,1,116.19,116.19,0,0.0,0,0.0
cust_007505,2024-05-07,BR,1,566.33,566.33,0,0.0,0,0.0
cust_007506,2024-07-13,CA,1,312.92,312.92,0,0.0,0,0.0
cust_007507,2024-04-17,KR,0,0.0,0.0,0,0.0,0,0.0
cust_007508,2024-08-10,US,1,192.15,192.15,0,0.0,0,0.0
cust_007509,2024-04-05,ZA,1,50.87,50.87,0,0.0,0,0.0
cust_007510,2024-05-11,UK,1,126.12,126.12,0,0.0,0,0.0
cust_007511,2024-03-11,US,1,127.34,127.34,0,0.0,0,0.0
cust_007512,2024-02-26,UK,0,0.0,0.0,0,0.0,0,0.0
cust_007513,2024-07-28,IN,1,95.72,95.72,0,0.0,0,0.0
cust_007514,2024-04-02,CA,4,1677.72,419.43,1,0.25,0,0.0
cust_007515,2024-02-10,US,1,457.29,457.29,0,0.0,0,0.0
cust_007516,2024-08-18,UK,1,168.27,168.27,1,1.0,0,0.0
cust_007517,2024-04-03,CA,2,9851.22,4925.61,0,0.0,0,0.0
cust_007518,2024-03-21,DE,1,3167.52,3167.52,0,0.0,0,0.0
cust_007519,2024-01-22,MX,1,46.8,46.8,0,0.0,0,0.0
cust_007520,2024-05-25,MX,2,14490.75,7245.38,0,0.0,0,0.0
cust_007521,2024-06-26,CA,1,116.13,116.13,0,0.0,0,0.0
cust_007522,2024-06-08,CA,1,77.69,77.69,0,0.0,0,0.0
cust_007523,2024-05-02,DE,2,9529.08,4764.54,0,0.0,0,0.0
cust_007524,2024-03-23,BR,1,189.66,189.66,0,0.0,0,0.0
cust_007525,2024-04-16,FR,1,107.98,107.98,0,0.0,0,0.0
cust_007526,2024-03-16,FR,1,153.86,153.86,0,0.0,0,0.0
cust_007527,2024-04-15,UK,1,422.08,422.08,0,0.0,0,0.0
cust_007528,2024-05-11,JP,1,203.99,203.99,0,0.0,0,0.0
cust_007529,2024-04-28,DE,1,2127.81,2127.81,0,0.0,0,0.0
cust_007530,2024-05-20,US,2,11019.29,5509.64,0,0.0,1,0.5
cust_007531,2024-02-03,IN,1,282.51,282.51,0,0.0,0,0.0
cust_007532,2024-01-18,US,1,320.34,320.34,0,0.0,0,0.0
cust_007533,2024-06-21,US,1,82.01,82.01,0,0.0,0,0.0
cust_007534,2024-07-24,IN,1,28.51,28.51,0,0.0,0,0.0
cust_007535,2024-05-02,IN,1,81.91,81.91,0,0.0,0,0.0
cust_007536,2024-04-01,MX,1,34.68,34.68,1,1.0,0,0.0
cust_007537,2024-05-02,KR,1,75.72,75.72,0,0.0,0,0.0
cust_007538,2024-05-25,UK,1,35.92,35.92,0,0.0,0,0.0
cust_007539,2024-06-04,US,1,134.62,134.62,0,0.0,0,0.0
cust_007540,2024-03-06,US,0,0.0,0.0,0,0.0,0,0.0
cust_007541,2024-03-20,KR,1,30.85,30.85,0,0.0,0,0.0
cust_007542,2024-04-05,UK,1,116.65,116.65,0,0.0,0,0.0
cust_007543,2024-07-25,US,1,44.92,44.92,1,1.0,0,0.0
cust_007544,2024-06-28,IN,1,50.99,50.99,0,0.0,0,0.0
cust_007545,2024-04-17,US,1,264.28,264.28,0,0.0,0,0.0
cust_007546,2024-03-21,IN,1,99.44,99.44,0,0.0,0,0.0
cust_007547,2024-02-11,NG,1,443.83,443.83,0,0.0,0,0.0
cust_007548,2024-06-15,FR,1,75.62,75.62,0,0.0,0,0.0
cust_007549,2024-01-21,UK,1,35.08,35.08,0,0.0,0,0.0
cust_007550,2024-08-19,US,1,147.97,147.97,0,0.0,0,0.0
cust_007551,2024-05-08,US,1,46.15,46.15,0,0.0,0,0.0
cust_007552,2024-06-19,US,1,31.99,31.99,0,0.0,0,0.0
cust_007553,2024-06-29,UK,1,45.42,45.42,0,0.0,0,0.0
cust_007554,2024-07-29,US,1,215.39,215.39,0,0.0,0,0.0
cust_007555,2024-03-23,IN,2,10536.29,5268.14,0,0.0,1,0.5
cust_007556,2024-04-05,UK,1,67.93,67.93,0,0.0,0,0.0
cust_007557,2024-06-21,CA,1,163.58,163.58,0,0.0,0,0.0
cust_007558,2024-05-09,US,7,2857.09,408.16,0,0.0,0,0.0
cust_007559,2024-05-03,UK,1,90.29,90.29,0,0.0,0,0.0
cust_007560,2024-02-03,FR,1,47.06,47.06,1,1.0,0,0.0
cust_007561,2024-04-20,US,2,1591.51,795.76,0,0.0,0,0.0
cust_007562,2024-01-18,CA,2,7292.86,3646.43,0,0.0,1,0.5
cust_007563,2024-01-22,IN,2,14485.84,7242.92,0,0.0,0,0.0
cust_007564,2024-06-08,DE,2,20282.71,10141.36,0,0.0,1,0.5
cust_007565,2024-04-17,CN,1,215.35,215.35,0,0.0,0,0.0
cust_007566,2024-05-04,AU,1,89.39,89.39,0,0.0,0,0.0
cust_007567,2024-05-09,FR,2,2277.25,1138.62,1,0.5,0,0.0
cust_007568,2024-07-22,JP,3,6258.23,2086.08,0,0.0,1,0.3333
cust_007569,2024-03-31,RU,2,15302.11,7651.06,0,0.0,0,0.0
cust_007570,2024-03-03,BR,1,270.48,270.48,0,0.0,0,0.0
cust_007571,2024-06-16,IN,1,91.71,91.71,0,0.0,0,0.0
cust_007572,2024-02-03,JP,2,4127.4,2063.7,0,0.0,0,0.0
cust_007573,2024-05-13,US,1,200.28,200.28,0,0.0,0,0.0
cust_007574,2024-03-12,MX,0,0.0,0.0,0,0.0,0,0.0
cust_007575,2024-02-27,US,0,0.0,0.0,0,0.0,0,0.0
cust_007576,2024-04-28,US,1,305.97,305.97,1,1.0,1,1.0
cust_007577,2024-03-26,US,1,120.39,120.39,1,1.0,0,0.0
cust_007578,2024-02-13,AU,1,53.87,53.87,0,0.0,0,0.0
cust_007579,2024-02-18,UK,0,0.0,0.0,0,0.0,0,0.0
cust_007580,2024-04-06,FR,2,12716.04,6358.02,1,0.5,0,0.0
cust_007581,2024-09-03,CA,1,59.37,59.37,0,0.0,0,0.0
cust_007582,2024-03-10,UK,1,48.43,48.43,0,0.0,0,0.0
cust_007583,2024-04-15,NG,1,127.3,127.3,0,0.0,0,0.0
cust_007584,2024-04-24,UK,1,256.0,256.0,0,0.0,0,0.0
cust_007585,2024-02-29,IN,2,2461.11,1230.56,0,0.0,0,0.0
cust_007586,2024-06-16,JP,1,42.22,42.22,0,0.0,0,0.0
cust_007587,2024-04-03,US,1,29.34,29.34,0,0.0,0,0.0
cust_007588,2024-04-09,UK,1,157.38,157.38,0,0.0,0,0.0
cust_007589,2024-06-07,US,1,519.57,519.57,0,0.0,0,0.0
cust_007590,2024-04-06,CA,2,11935.87,5967.94,0,0.0,0,0.0
cust_007591,2024-08-09,AU,1,59.37,59.37,0,0.0,0,0.0
cust_007592,2024-05-01,US,0,0.0,0.0,0,0.0,0,0.0
cust_007593,2024-05-22,US,7,689.18,98.45,7,1.0,0,0.0
cust_007594,2024-09-03,FR,1,102.18,102.18,1,1.0,0,0.0
cust_007595,2024-08-19,DE,1,59.34,59.34,0,0.0,0,0.0
cust_007596,2024-01-14,UK,1,39.46,39.46,0,0.0,0,0.0
cust_007597,2024-04-20,UK,1,48.41,48.41,0,0.0,0,0.0
cust_007598,2024-04-30,US,2,4032.7,2016.35,0,0.0,1,0.5
cust_007599,2024-01-05,US,1,115.16,115.16,1,1.0,0,0.0
cust_007600,2024-01-29,CA,1,61.83,61.83,0,0.0,0,0.0
cust_007601,2024-02-07,IN,1,73.91,73.91,0,0.0,0,0.0
cust_007602,2024-02-02,JP,2,2061.66,1030.83,1,0.5,1,0.5
cust_007603,2024-04-22,CA,0,0.0,0.0,0,0.0,0,0.0
cust_007604,2024-04-07,US,1,283.86,283.86,1,1.0,0,0.0
cust_007605,2024-05-24,US,1,72.52,72.52,0,0.0,0,0.0
cust_007606,2024-04-10,AU,0,0.0,0.0,0,0.0,0,0.0
cust_007607,2024-03-03,IN,1,97.33,97.33,0,0.0,0,0.0
cust_007608,2024-05-13,AU,2,14614.92,7307.46,0,0.0,0,0.0
cust_007609,2024-04-21,UK,1,103.07,103.07,0,0.0,0,0.0
cust_007610,2024-03-26,US,1,27.82,27.82,0,0.0,0,0.0
cust_007611,2024-06-20,NG,2,16161.16,8080.58,0,0.0,0,0.0
cust_007612,2024-03-15,US,3,587.2,195.73,0,0.0,0,0.0
cust_007613,2024-03-25,US,0,0.0,0.0,0,0.0,0,0.0
cust_007614,2024-04-08,IN,1,18.6,18.6,0,0.0,0,0.0
cust_007615,2024-04-01,FR,1,83.99,83.99,0,0.0,0,0.0
cust_007616,2024-06-04,CA,2,2489.34,1244.67,0,0.0,0,0.0
cust_007617,2024-03-06,IN,1,124.24,124.24,0,0.0,0,0.0
cust_007618,2024-06-21,UK,1,365.67,365.67,0,0.0,0,0.0
cust_007619,2024-04-01,BR,4,9773.09,2443.27,0,0.0,1,0.25
cust_007620,2024-07-10,AU,1,2041.22,2041.22,1,1.0,0,0.0
cust_007621,2024-01-30,FR,1,357.75,357.75,0,0.0,0,0.0
cust_007622,2024-06-05,US,0,0.0,0.0,0,0.0,0,0.0
cust_007623,2024-06-03,CA,1,117.33,117.33,0,0.0,0,0.0
cust_007624,2024-03-19,AU,1,359.35,359.35,0,0.0,0,0.0
cust_007625,2024-01-31,US,1,76.71,76.71,0,0.0,0,0.0
cust_007626,2024-03-27,US,2,1948.24,974.12,0,0.0,0,0.0
cust_007627,2024-05-27,RU,1,213.39,213.39,0,0.0,0,0.0
cust_007628,2024-03-20,JP,62,5921.64,95.51,5,0.0806,1,0.0161
cust_007629,2024-02-15,ZA,1,15.23,15.23,0,0.0,0,0.0
cust_007630,2024-04-09,CA,1,247.11,247.11,0,0.0,1,1.0
cust_007631,2024-06-15,US,1,22.36,22.36,0,0.0,0,0.0
cust_007632,2024-01-22,US,2,2341.06,1170.53,0,0.0,1,0.5
cust_007633,2024-03-01,DE,1,17.23,17.23,0,0.0,0,0.0
cust_007634,2024-04-22,BR,1,173.91,173.91,0,0.0,0,0.0
cust_007635,2024-02-18,UK,1,29.16,29.16,0,0.0,0,0.0
cust_007636,2024-04-12,UK,3,23857.55,7952.52,0,0.0,0,0.0
cust_007637,2024-09-23,JP,1,156.44,156.44,1,1.0,0,0.0
cust_007638,2024-10-13,US,1,68.01,68.01,0,0.0,0,0.0
cust_007639,2024-05-17,US,1,171.05,171.05,1,1.0,0,0.0
cust_007640,2024-04-08,KR,1,120.89,120.89,0,0.0,0,0.0
cust_007641,2024-07-15,CA,1,380.74,380.74,0,0.0,0,0.0
cust_007642,2024-04-10,AU,1,100.88,100.88,0,0.0,0,0.0
cust_007643,2024-04-23,MX,1,82.98,82.98,0,0.0,0,0.0
cust_007644,2024-01-09,BR,1,16.58,16.58,0,0.0,0,0.0
cust_007645,2024-07-06,UK,1,1339.18,1339.18,1,1.0,0,0.0
cust_007646,2024-02-29,IN,1,139.73,139.73,0,0.0,0,0.0
cust_007647,2024-07-11,IN,1,240.83,240.83,0,0.0,0,0.0
cust_007648,2024-02-19,CN,1,29.67,29.67,0,0.0,0,0.0
cust_007649,2024-03-16,US,1,46.38,46.38,0,0.0,0,0.0
cust_007650,2024-02-25,DE,1,161.99,161.99,0,0.0,0,0.0
cust_007651,2024-02-14,JP,1,285.41,285.41,0,0.0,0,0.0
cust_007652,2024-04-05,UK,1,29.04,29.04,0,0.0,0,0.0
cust_007653,2024-07-06,DE,8,12438.09,1554.76,1,0.125,0,0.0
cust_007654,2024-01-20,US,1,117.56,117.56,0,0.0,0,0.0
cust_007655,2024-03-28,US,2,21129.69,10564.84,0,0.0,1,0.5
cust_007656,2024-05-09,US,1,556.66,556.66,0,0.0,0,0.0
cust_007657,2024-04-01,CA,1,90.14,90.14,0,0.0,0,0.0
cust_007658,2024-04-06,US,1,157.14,157.14,0,0.0,0,0.0
cust_007659,2024-05-17,IN,2,5564.62,2782.31,0,0.0,1,0.5
cust_007660,2024-02-23,UK,1,505.55,505.55,0,0.0,0,0.0
cust_007661,2024-01-27,US,1,105.01,105.01,0,0.0,0,0.0
cust_007662,2024-06-22,US,1,168.94,168.94,0,0.0,0,0.0
cust_007663,2024-06-01,FR,1,236.93,236.93,0,0.0,0,0.0
cust_007664,2024-01-20,UK,1,69.94,69.94,0,0.0,0,0.0
cust_007665,2024-02-11,FR,1,177.01,177.01,0,0.0,0,0.0
cust_007666,2024-04-02,BR,1,88.51,88.51,0,0.0,0,0.0
cust_007667,2024-04-13,AU,1,140.68,140.68,0,0.0,0,0.0
cust_007668,2024-01-26,DE,1,19.89,19.89,0,0.0,0,0.0
cust_007669,2024-07-02,FR,1,137.32,137.32,0,0.0,0,0.0
cust_007670,2024-02-06,CA,1,256.71,256.71,0,0.0,0,0.0
cust_007671,2024-01-24,UK,2,485.6,242.8,0,0.0,0,0.0
cust_007672,2024-02-29,US,1,274.78,274.78,0,0.0,0,0.0
cust_007673,2024-03-21,KR,1,74.99,74.99,1,1.0,0,0.0
cust_007674,2024-06-01,JP,1,67.47,67.47,0,0.0,0,0.0
cust_007675,2024-06-04,DE,1,195.66,195.66,0,0.0,0,0.0
cust_007676,2024-06-17,IN,16,1334.0,83.38,3,0.1875,1,0.0625
cust_007677,2024-04-07,IN,15,2149.82,143.32,0,0.0,0,0.0
cust_007678,2024-04-14,US,0,0.0,0.0,0,0.0,0,0.0
cust_007679,2024-04-17,US,1,39.61,39.61,0,0.0,0,0.0
cust_007680,2024-03-29,US,1,87.76,87.76,0,0.0,0,0.0
cust_007681,2024-02-24,AU,5,2879.99,576.0,0,0.0,0,0.0
cust_007682,2024-01-11,IN,2,2001.46,1000.73,0,0.0,0,0.0
cust_007683,2024-07-20,UK,1,521.01,521.01,0,0.0,0,0.0
cust_007684,2024-02-15,US,1,75.94,75.94,0,0.0,0,0.0
cust_007685,2024-04-18,JP,1,57.27,57.27,0,0.0,0,0.0
cust_007686,2024-04-05,AU,1,364.66,364.66,0,0.0,0,0.0
cust_007687,2024-04-06,BR,1,73.06,73.06,0,0.0,0,0.0
cust_007688,2024-03-12,UK,3,2067.39,689.13,1,0.3333,1,0.3333
cust_007689,2024-04-27,CA,1,466.21,466.21,0,0.0,0,0.0
cust_007690,2024-07-17,IN,12,1680.61,140.05,2,0.1667,0,0.0
cust_007691,2024-05-07,US,1,74.87,74.87,0,0.0,0,0.0
cust_007692,2024-05-20,UK,1,265.72,265.72,0,0.0,0,0.0
cust_007693,2024-01-29,CA,1,129.4,129.4,0,0.0,0,0.0
cust_007694,2024-08-05,DE,1,160.45,160.45,1,1.0,0,0.0
cust_007695,2024-05-02,UK,1,273.7,273.7,0,0.0,0,0.0
cust_007696,2024-06-04,US,1,47.14,47.14,1,1.0,0,0.0
cust_007697,2024-03-29,UK,1,30.79,30.79,0,0.0,0,0.0
cust_007698,2024-10-17,CA,11,18408.92,1673.54,0,0.0,1,0.0909
cust_007699,2024-05-09,DE,2,186.93,93.46,0,0.0,0,0.0
cust_007700,2024-02-25,JP,1,156.67,156.67,0,0.0,0,0.0
cust_007701,2024-02-06,US,1,19.11,19.11,0,0.0,0,0.0
cust_007702,2024-01-17,CA,1,64.21,64.21,0,0.0,0,0.0
cust_007703,2024-05-22,UK,2,17389.22,8694.61,0,0.0,0,0.0
cust_007704,2024-03-16,DE,1,475.51,475.51,0,0.0,0,0.0
cust_007705,2024-06-08,NG,1,684.46,684.46,0,0.0,0,0.0
cust_007706,2024-06-30,CA,1,42.02,42.02,0,0.0,0,0.0
cust_007707,2024-03-18,JP,1,42.83,42.83,0,0.0,0,0.0
cust_007708,2024-01-30,US,1,33.58,33.58,1,1.0,0,0.0
cust_007709,2024-08-09,RU,1,80.98,80.98,0,0.0,0,0.0
cust_007710,2024-03-23,AU,1,226.78,226.78,0,0.0,0,0.0
cust_007711,2024-06-18,US,2,1225.48,612.74,0,0.0,0,0.0
cust_007712,2024-03-03,DE,9,1051.18,116.8,0,0.0,0,0.0
cust_007713,2024-02-02,CA,1,127.5,127.5,0,0.0,0,0.0
cust_007714,2024-05-03,KR,1,276.95,276.95,0,0.0,0,0.0
cust_007715,2024-04-08,US,1,85.48,85.48,0,0.0,0,0.0
cust_007716,2024-05-02,IN,1,598.14,598.14,1,1.0,0,0.0
cust_007717,2024-02-22,CA,1,8.29,8.29,0,0.0,0,0.0
cust_007718,2024-03-02,US,1,29.57,29.57,0,0.0,0,0.0
cust_007719,2024-08-14,BR,1,44.92,44.92,0,0.0,0,0.0
cust_007720,2024-08-01,FR,1,346.4,346.4,0,0.0,0,0.0
cust_007721,2024-03-31,CA,1,46.27,46.27,1,1.0,0,0.0
cust_007722,2024-01-24,MX,2,4323.3,2161.65,0,0.0,1,0.5
cust_007723,2024-03-01,CN,1,277.21,277.21,0,0.0,0,0.0
cust_007724,2024-03-28,BR,1,98.61,98.61,0,0.0,0,0.0
cust_007725,2024-06-17,US,4,6008.13,1502.03,0,0.0,2,0.5
cust_007726,2024-03-27,NG,1,90.73,90.73,0,0.0,0,0.0
cust_007727,2024-04-20,US,1,147.7,147.7,0,0.0,0,0.0
cust_007728,2024-03-12,IN,1,68.84,68.84,1,1.0,0,0.0
cust_007729,2024-02-20,KR,1,219.61,219.61,0,0.0,0,0.0
cust_007730,2024-06-29,US,7,417.87,59.7,0,0.0,2,0.2857
cust_007731,2024-10-18,US,1,20.91,20.91,0,0.0,0,0.0
cust_007732,2024-07-27,JP,1,618.23,618.23,0,0.0,0,0.0
cust_007733,2024-04-08,US,1,254.95,254.95,0,0.0,0,0.0
cust_007734,2024-05-16,US,1,381.29,381.29,0,0.0,0,0.0
cust_007735,2024-01-27,US,1,26.58,26.58,0,0.0,0,0.0
cust_007736,2024-03-17,FR,1,174.62,174.62,0,0.0,0,0.0
cust_007737,2024-02-27,CA,1,206.86,206.86,0,0.0,0,0.0
cust_007738,2024-05-06,UK,1,5958.81,5958.81,0,0.0,0,0.0
cust_007739,2024-03-14,RU,1,41.16,41.16,0,0.0,0,0.0
cust_007740,2024-04-07,FR,1,452.85,452.85,0,0.0,0,0.0
cust_007741,2024-04-06,IN,1,101.31,101.31,0,0.0,0,0.0
cust_007742,2024-01-22,US,1,214.35,214.35,0,0.0,0,0.0
cust_007743,2024-03-26,JP,7,1111.99,158.86,0,0.0,0,0.0
cust_007744,2024-02-10,US,2,12222.65,6111.32,0,0.0,1,0.5
cust_007745,2024-03-28,MX,1,121.94,121.94,1,1.0,0,0.0
cust_007746,2024-06-03,US,1,71.85,71.85,0,0.0,0,0.0
cust_007747,2024-03-13,BR,1,302.77,302.77,0,0.0,0,0.0
cust_007748,2024-04-26,RU,1,150.34,150.34,0,0.0,0,0.0
cust_007749,2024-03-08,US,1,53.94,53.94,1,1.0,0,0.0
cust_007750,2024-01-24,US,0,0.0,0.0,0,0.0,0,0.0
cust_007751,2024-03-29,US,6,83.01,13.84,0,0.0,2,0.3333
cust_007752,2024-02-20,US,1,158.53,158.53,0,0.0,0,0.0
cust_007753,2024-02-15,CA,0,0.0,0.0,0,0.0,0,0.0
cust_007754,2024-02-05,US,1,630.59,630.59,0,0.0,0,0.0
cust_007755,2024-04-30,US,1,152.05,152.05,0,0.0,0,0.0
cust_007756,2024-07-20,UK,1,27.49,27.49,0,0.0,0,0.0
cust_007757,2024-08-13,US,0,0.0,0.0,0,0.0,0,0.0
cust_007758,2024-02-25,AU,1,104.58,104.58,0,0.0,0,0.0
cust_007759,2024-02-15,US,1,67.75,67.75,1,1.0,0,0.0
cust_007760,2024-05-20,US,1,38.56,38.56,0,0.0,0,0.0
cust_007761,2024-05-01,US,1,277.19,277.19,0,0.0,0,0.0
cust_007762,2024-04-17,US,1,144.83,144.83,0,0.0,0,0.0
cust_007763,2024-06-02,US,1,254.7,254.7,0,0.0,0,0.0
cust_007764,2024-06-21,US,1,48.09,48.09,0,0.0,0,0.0
cust_007765,2024-03-26,US,1,318.78,318.78,0,0.0,0,0.0
cust_007766,2024-04-03,UK,1,27.15,27.15,0,0.0,0,0.0
cust_007767,2024-03-06,CA,1,80.82,80.82,0,0.0,0,0.0
cust_007768,2024-02-20,IN,4,244.16,61.04,0,0.0,0,0.0
cust_007769,2024-07-28,RU,1,126.83,126.83,0,0.0,0,0.0
cust_007770,2024-04-27,DE,1,272.3,272.3,0,0.0,0,0.0
cust_007771,2024-03-19,US,1,89.45,89.45,0,0.0,0,0.0
cust_007772,2024-04-17,UK,2,13983.87,6991.94,0,0.0,1,0.5
cust_007773,2024-05-04,FR,1,94.45,94.45,0,0.0,0,0.0
cust_007774,2024-03-15,CA,3,8591.55,2863.85,2,0.6667,0,0.0
cust_007775,2024-02-23,US,1,448.31,448.31,1,1.0,0,0.0
cust_007776,2024-01-23,AU,1,354.5,354.5,0,0.0,0,0.0
cust_007777,2024-03-08,US,1,125.77,125.77,0,0.0,0,0.0
cust_007778,2024-02-19,US,1,151.2,151.2,0,0.0,0,0.0
cust_007779,2024-05-11,FR,2,3949.74,1974.87,0,0.0,1,0.5
cust_007780,2024-04-07,KR,1,29.28,29.28,0,0.0,0,0.0
cust_007781,2024-08-14,NG,2,3437.85,1718.92,0,0.0,0,0.0
cust_007782,2024-06-17,KR,1,143.8,143.8,0,0.0,0,0.0
cust_007783,2024-03-03,UK,1,93.54,93.54,0,0.0,0,0.0
cust_007784,2024-05-31,UK,1,724.89,724.89,0,0.0,0,0.0
cust_007785,2024-06-16,US,1,40.61,40.61,0,0.0,0,0.0
cust_007786,2024-04-15,CA,1,52.58,52.58,0,0.0,0,0.0
cust_007787,2024-05-03,AU,1,298.58,298.58,0,0.0,0,0.0
cust_007788,2024-03-09,US,2,13825.55,6912.78,0,0.0,1,0.5
cust_007789,2024-02-22,US,1,59.36,59.36,0,0.0,0,0.0
cust_007790,2024-02-04,CN,1,175.41,175.41,0,0.0,0,0.0
cust_007791,2024-02-16,US,0,0.0,0.0,0,0.0,0,0.0
cust_007792,2024-02-09,US,2,5316.86,2658.43,1,0.5,0,0.0
cust_007793,2024-02-13,CN,1,124.3,124.3,0,0.0,0,0.0
cust_007794,2024-02-20,US,1,37.58,37.58,0,0.0,0,0.0
cust_007795,2024-02-17,BR,1,139.24,139.24,0,0.0,0,0.0
cust_007796,2024-01-11,US,1,63.0,63.0,0,0.0,0,0.0
cust_007797,2024-03-05,US,1,91.98,91.98,0,0.0,0,0.0
cust_007798,2024-02-19,US,2,3003.1,1501.55,0,0.0,0,0.0
cust_007799,2024-02-26,US,0,0.0,0.0,0,0.0,0,0.0
cust_007800,2024-06-23,UK,1,157.06,157.06,0,0.0,0,0.0
cust_007801,2024-03-12,FR,1,152.34,152.34,0,0.0,0,0.0
cust_007802,2024-05-13,CA,0,0.0,0.0,0,0.0,0,0.0
cust_007803,2024-02-05,UK,9,7629.87,847.76,1,0.1111,1,0.1111
cust_007804,2024-04-24,US,1,42.93,42.93,0,0.0,0,0.0
cust_007805,2024-07-08,DE,1,270.31,270.31,0,0.0,0,0.0
cust_007806,2024-01-24,US,1,189.19,189.19,0,0.0,0,0.0
cust_007807,2024-06-01,US,1,75.08,75.08,1,1.0,0,0.0
cust_007808,2024-03-22,KR,1,60.98,60.98,0,0.0,0,0.0
cust_007809,2024-06-06,MX,1,162.99,162.99,0,0.0,0,0.0
cust_007810,2024-05-20,US,29,2453.83,84.61,1,0.0345,0,0.0
cust_007811,2024-06-20,US,1,165.31,165.31,0,0.0,0,0.0
cust_007812,2024-06-10,IN,1,129.62,129.62,0,0.0,0,0.0
cust_007813,2024-03-16,UK,1,281.43,281.43,0,0.0,0,0.0
cust_007814,2024-04-06,NG,2,14106.27,7053.13,1,0.5,0,0.0
cust_007815,2024-01-26,UK,1,28.73,28.73,0,0.0,0,0.0
cust_007816,2024-04-07,US,1,56.67,56.67,0,0.0,0,0.0
cust_007817,2024-07-06,CA,1,196.94,196.94,0,0.0,0,0.0
cust_007818,2024-07-12,US,1,3441.68,3441.68,0,0.0,0,0.0
cust_007819,2024-04-07,UK,1,357.57,357.57,0,0.0,0,0.0
cust_007820,2024-09-01,IN,1,107.83,107.83,0,0.0,0,0.0
cust_007821,2024-05-18,MX,0,0.0,0.0,0,0.0,0,0.0
cust_007822,2024-02-15,US,1,221.43,221.43,0,0.0,0,0.0
cust_007823,2024-02-17,IN,1,48.3,48.3,0,0.0,0,0.0
cust_007824,2024-07-12,US,1,47.08,47.08,0,0.0,0,0.0
cust_007825,2024-01-21,NG,1,80.73,80.73,0,0.0,0,0.0
cust_007826,2024-06-06,US,2,2053.41,1026.7,0,0.0,0,0.0
cust_007827,2024-05-03,US,1,63.08,63.08,0,0.0,0,0.0
cust_007828,2024-02-22,US,2,2378.17,1189.08,1,0.5,1,0.5
cust_007829,2024-10-25,AU,2,19897.86,9948.93,0,0.0,1,0.5
cust_007830,2024-03-26,US,1,44.79,44.79,0,0.0,0,0.0
cust_007831,2024-03-16,IN,1,137.14,137.14,0,0.0,0,0.0
cust_007832,2024-03-30,US,1,56.8,56.8,0,0.0,0,0.0
cust_007833,2024-05-09,FR,2,13875.45,6937.72,0,0.0,0,0.0
cust_007834,2024-08-07,KR,1,94.84,94.84,0,0.0,0,0.0
cust_007835,2024-02-07,US,2,1334.3,667.15,0,0.0,0,0.0
cust_007836,2024-04-14,IN,1,319.7,319.7,0,0.0,0,0.0
cust_007837,2024-04-28,UK,11,8315.89,755.99,2,0.1818,1,0.0909
cust_007838,2024-02-12,CA,1,1257.47,1257.47,0,0.0,0,0.0
cust_007839,2024-04-24,US,6,11051.56,1841.93,1,0.1667,1,0.1667
cust_007840,2024-03-15,US,1,598.95,598.95,0,0.0,0,0.0
cust_007841,2024-02-11,AU,18,1301.93,72.33,1,0.0556,0,0.0
cust_007842,2024-07-07,US,1,121.37,121.37,0,0.0,0,0.0
cust_007843,2024-06-20,US,1,592.36,592.36,0,0.0,0,0.0
cust_007844,2024-04-09,US,1,128.68,128.68,0,0.0,0,0.0
cust_007845,2024-03-01,DE,1,104.92,104.92,0,0.0,0,0.0
cust_007846,2024-04-04,KR,1,210.38,210.38,0,0.0,0,0.0
cust_007847,2024-01-18,JP,1,141.89,141.89,0,0.0,0,0.0
cust_007848,2024-07-11,FR,1,75.47,75.47,0,0.0,0,0.0
cust_007849,2024-02-10,CN,4,9426.21,2356.55,0,0.0,1,0.25
cust_007850,2024-03-21,DE,0,0.0,0.0,0,0.0,0,0.0
cust_007851,2024-04-26,CA,1,61.78,61.78,0,0.0,0,0.0
cust_007852,2024-08-24,CA,1,243.64,243.64,0,0.0,0,0.0
cust_007853,2024-05-24,MX,1,25.84,25.84,0,0.0,0,0.0
cust_007854,2024-05-17,US,1,248.35,248.35,1,1.0,0,0.0
cust_007855,2024-07-09,CA,1,153.56,153.56,0,0.0,0,0.0
cust_007856,2024-03-31,AU,0,0.0,0.0,0,0.0,0,0.0
cust_007857,2024-05-01,US,2,2816.04,1408.02,0,0.0,0,0.0
cust_007858,2024-04-03,BR,1,57.64,57.64,0,0.0,0,0.0
cust_007859,2024-09-02,JP,1,66.88,66.88,0,0.0,0,0.0
cust_007860,2024-05-28,CA,5,684.44,136.89,0,0.0,0,0.0
cust_007861,2024-02-21,BR,4,205.83,51.46,0,0.0,0,0.0
cust_007862,2024-08-16,US,1,92.63,92.63,0,0.0,0,0.0
cust_007863,2024-02-26,MX,3,5725.89,1908.63,0,0.0,2,0.6667
cust_007864,2024-02-05,US,1,51.23,51.23,0,0.0,0,0.0
cust_007865,2024-07-07,US,1,315.5,315.5,0,0.0,0,0.0
cust_007866,2024-05-30,CA,1,217.62,217.62,0,0.0,0,0.0
cust_007867,2024-05-11,FR,1,55.99,55.99,1,1.0,0,0.0
cust_007868,2024-04-30,DE,0,0.0,0.0,0,0.0,0,0.0
cust_007869,2024-06-04,CA,1,1666.59,1666.59,0,0.0,0,0.0
cust_007870,2024-05-26,AU,1,106.77,106.77,0,0.0,0,0.0
cust_007871,2024-03-12,IN,1,161.31,161.31,0,0.0,0,0.0
cust_007872,2024-07-15,JP,2,15774.87,7887.44,0,0.0,1,0.5
cust_007873,2024-07-09,US,1,116.27,116.27,0,0.0,0,0.0
cust_007874,2024-03-10,ZA,0,0.0,0.0,0,0.0,0,0.0
cust_007875,2024-06-20,NG,1,261.52,261.52,1,1.0,0,0.0
cust_007876,2024-04-13,NG,1,80.86,80.86,0,0.0,0,0.0
cust_007877,2024-06-10,UK,1,66.74,66.74,0,0.0,0,0.0
cust_007878,2024-01-22,MX,2,2747.84,1373.92,0,0.0,1,0.5
cust_007879,2024-07-08,US,1,86.69,86.69,0,0.0,0,0.0
cust_007880,2024-02-18,US,1,45.18,45.18,1,1.0,0,0.0
cust_007881,2024-03-14,UK,1,209.39,209.39,0,0.0,0,0.0
cust_007882,2024-04-20,CN,2,13979.08,6989.54,0,0.0,0,0.0
cust_007883,2024-04-02,KR,1,183.26,183.26,0,0.0,0,0.0
cust_007884,2024-05-17,CA,2,7491.14,3745.57,0,0.0,0,0.0
cust_007885,2024-03-01,FR,2,4677.29,2338.65,0,0.0,0,0.0
cust_007886,2024-04-28,CA,1,117.75,117.75,0,0.0,0,0.0
cust_007887,2024-04-14,US,6,15.1,2.52,0,0.0,1,0.1667
cust_007888,2024-06-19,DE,1,58.58,58.58,0,0.0,0,0.0
cust_007889,2024-01-21,US,1,729.92,729.92,0,0.0,0,0.0
cust_007890,2024-04-13,DE,2,4057.68,2028.84,0,0.0,2,1.0
cust_007891,2024-04-15,US,1,20.97,20.97,0,0.0,0,0.0
cust_007892,2024-02-28,US,1,971.67,971.67,1,1.0,0,0.0
cust_007893,2024-02-10,DE,1,112.18,112.18,0,0.0,0,0.0
cust_007894,2024-04-21,UK,0,0.0,0.0,0,0.0,0,0.0
cust_007895,2024-02-22,BR,2,3958.11,1979.06,0,0.0,1,0.5
cust_007896,2024-03-27,DE,2,749.44,374.72,0,0.0,0,0.0
cust_007897,2024-04-19,US,1,57.87,57.87,1,1.0,0,0.0
cust_007898,2024-01-20,AU,1,105.52,105.52,0,0.0,0,0.0
cust_007899,2024-10-01,US,2,9624.87,4812.44,0,0.0,0,0.0
cust_007900,2024-05-10,FR,1,132.56,132.56,0,0.0,0,0.0
cust_007901,2024-03-12,UK,1,666.44,666.44,0,0.0,0,0.0
cust_007902,2024-04-13,US,4,11536.79,2884.2,0,0.0,0,0.0
cust_007903,2024-02-16,CA,1,190.71,190.71,0,0.0,0,0.0
cust_007904,2024-01-21,RU,1,179.59,179.59,1,1.0,0,0.0
cust_007905,2024-02-29,US,1,43.35,43.35,0,0.0,0,0.0
cust_007906,2024-02-26,ZA,1,83.58,83.58,0,0.0,0,0.0
cust_007907,2024-03-02,IN,1,60.23,60.23,0,0.0,0,0.0
cust_007908,2024-06-25,US,1,105.31,105.31,0,0.0,0,0.0
cust_007909,2024-05-29,DE,1,213.37,213.37,0,0.0,0,0.0
cust_007910,2024-02-24,FR,1,270.41,270.41,0,0.0,0,0.0
cust_007911,2024-01-13,CA,1,64.33,64.33,0,0.0,0,0.0
cust_007912,2024-05-30,US,1,52.66,52.66,0,0.0,0,0.0
cust_007913,2024-04-09,BR,0,0.0,0.0,0,0.0,0,0.0
cust_007914,2024-06-29,BR,1,67.97,67.97,0,0.0,0,0.0
cust_007915,2024-06-29,AU,1,132.55,132.55,1,1.0,0,0.0
cust_007916,2024-03-18,FR,1,314.19,314.19,0,0.0,0,0.0
cust_007917,2024-03-03,UK,1,70.44,70.44,0,0.0,0,0.0
cust_007918,2024-03-11,CA,1,41.27,41.27,0,0.0,0,0.0
cust_007919,2024-05-12,DE,1,232.46,232.46,1,1.0,0,0.0
cust_007920,2024-03-25,US,15,1386.55,92.44,2,0.1333,0,0.0
cust_007921,2024-02-23,IN,1,127.41,127.41,0,0.0,0,0.0
cust_007922,2024-02-27,US,1,57.01,57.01,0,0.0,0,0.0
cust_007923,2024-02-10,JP,2,992.3,496.15,1,0.5,1,0.5
cust_007924,2024-07-27,US,1,173.36,173.36,0,0.0,0,0.0
cust_007925,2024-08-11,AU,1,39.24,39.24,0,0.0,0,0.0
cust_007926,2024-03-05,US,1,186.17,186.17,0,0.0,0,0.0
cust_007927,2024-06-12,CN,1,273.3,273.3,0,0.0,0,0.0
cust_007928,2024-02-13,DE,2,5721.13,2860.56,0,0.0,0,0.0
cust_007929,2024-03-25,UK,1,70.57,70.57,0,0.0,0,0.0
cust_007930,2024-05-17,US,1,72.91,72.91,0,0.0,0,0.0
cust_007931,2024-06-02,IN,1,244.07,244.07,0,0.0,0,0.0
cust_007932,2024-05-02,UK,1,63.28,63.28,0,0.0,0,0.0
cust_007933,2024-02-17,AU,3,3689.4,1229.8,0,0.0,2,0.6667
cust_007934,2024-07-12,AU,1,30.41,30.41,0,0.0,0,0.0
cust_007935,2024-02-06,DE,1,272.2,272.2,0,0.0,0,0.0
cust_007936,2024-04-26,US,1,97.63,97.63,0,0.0,0,0.0
cust_007937,2024-09-25,US,1,270.57,270.57,0,0.0,0,0.0
cust_007938,2024-03-06,CA,1,36.14,36.14,0,0.0,0,0.0
cust_007939,2024-05-22,UK,0,0.0,0.0,0,0.0,0,0.0
cust_007940,2024-04-30,DE,1,77.99,77.99,0,0.0,0,0.0
cust_007941,2024-05-11,CA,0,0.0,0.0,0,0.0,0,0.0
cust_007942,2024-04-22,CA,1,155.85,155.85,0,0.0,0,0.0
cust_007943,2024-05-17,CA,14,1068.96,76.35,1,0.0714,0,0.0
cust_007944,2024-04-06,CA,1,38.29,38.29,0,0.0,0,0.0
cust_007945,2024-04-28,NG,1,84.83,84.83,0,0.0,0,0.0
cust_007946,2024-05-28,US,2,993.52,496.76,0,0.0,1,0.5
cust_007947,2024-08-01,US,0,0.0,0.0,0,0.0,0,0.0
cust_007948,2024-05-18,US,17,1606.59,94.51,1,0.0588,0,0.0
cust_007949,2024-03-09,US,1,156.27,156.27,0,0.0,0,0.0
cust_007950,2024-04-02,IN,1,50.94,50.94,0,0.0,0,0.0
cust_007951,2024-04-30,JP,1,271.71,271.71,0,0.0,0,0.0
cust_007952,2024-03-14,FR,1,740.82,740.82,0,0.0,0,0.0
cust_007953,2024-02-05,ZA,1,28.27,28.27,0,0.0,0,0.0
cust_007954,2024-03-22,US,0,0.0,0.0,0,0.0,0,0.0
cust_007955,2024-03-22,US,1,641.73,641.73,0,0.0,0,0.0
cust_007956,2024-02-15,US,1,168.34,168.34,0,0.0,0,0.0
cust_007957,2024-03-05,DE,1,101.0,101.0,0,0.0,0,0.0
cust_007958,2024-01-10,UK,1,201.5,201.5,0,0.0,0,0.0
cust_007959,2024-03-08,US,2,2004.41,1002.2,0,0.0,0,0.0
cust_007960,2024-04-19,US,1,99.8,99.8,1,1.0,0,0.0
cust_007961,2024-03-13,NG,1,564.09,564.09,0,0.0,0,0.0
cust_007962,2024-03-17,US,1,16729.72,16729.72,0,0.0,0,0.0
cust_007963,2024-09-13,US,1,390.59,390.59,0,0.0,0,0.0
cust_007964,2024-05-09,CA,0,0.0,0.0,0,0.0,0,0.0
cust_007965,2024-04-15,UK,1,119.87,119.87,0,0.0,0,0.0
cust_007966,2024-04-23,DE,1,49.02,49.02,0,0.0,0,0.0
cust_007967,2024-03-31,IN,1,202.64,202.64,0,0.0,0,0.0
cust_007968,2024-03-21,BR,0,0.0,0.0,0,0.0,0,0.0
cust_007969,2024-03-16,JP,1,110.22,110.22,0,0.0,0,0.0
cust_007970,2024-02-11,UK,7,367.24,52.46,4,0.5714,0,0.0
cust_007971,2024-06-25,JP,1,132.01,132.01,0,0.0,0,0.0
cust_007972,2024-02-25,IN,1,59.95,59.95,0,0.0,0,0.0
cust_007973,2024-05-12,JP,1,119.91,119.91,0,0.0,0,0.0
cust_007974,2024-01-11,UK,1,61.15,61.15,0,0.0,0,0.0
cust_007975,2024-03-14,US,1,687.45,687.45,0,0.0,1,1.0
cust_007976,2024-05-04,DE,3,8953.8,2984.6,0,0.0,1,0.3333
cust_007977,2024-05-26,KR,2,9620.26,4810.13,0,0.0,0,0.0
cust_007978,2024-02-01,CN,0,0.0,0.0,0,0.0,0,0.0
cust_007979,2024-03-19,US,4,11958.44,2989.61,0,0.0,0,0.0
cust_007980,2024-06-07,CA,1,182.03,182.03,0,0.0,0,0.0
cust_007981,2024-02-11,NG,0,0.0,0.0,0,0.0,0,0.0
cust_007982,2024-02-14,UK,1,77.4,77.4,0,0.0,0,0.0
cust_007983,2024-02-27,CA,1,45.41,45.41,0,0.0,0,0.0
cust_007984,2024-05-16,ZA,1,145.93,145.93,0,0.0,0,0.0
cust_007985,2024-04-20,CA,1,141.97,141.97,0,0.0,0,0.0
cust_007986,2024-05-05,US,1,67.78,67.78,0,0.0,0,0.0
cust_007987,2024-02-14,US,2,6858.77,3429.38,0,0.0,0,0.0
cust_007988,2024-01-27,UK,1,11.1,11.1,0,0.0,0,0.0
cust_007989,2024-07-30,CA,1,160.32,160.32,0,0.0,0,0.0
cust_007990,2024-02-28,RU,4,3002.56,750.64,0,0.0,0,0.0
cust_007991,2024-01-23,AU,3,21877.46,7292.49,0,0.0,0,0.0
cust_007992,2024-03-10,US,1,29.92,29.92,0,0.0,0,0.0
cust_007993,2024-05-23,BR,1,763.23,763.23,0,0.0,0,0.0
cust_007994,2024-05-23,US,1,403.56,403.56,0,0.0,0,0.0
cust_007995,2024-07-11,US,1,85.64,85.64,0,0.0,0,0.0
cust_007996,2024-02-13,CA,1,320.34,320.34,1,1.0,0,0.0
cust_007997,2024-05-30,CA,1,238.59,238.59,0,0.0,0,0.0
cust_007998,2024-01-26,US,1,144.96,144.96,0,0.0,0,0.0
cust_007999,2024-01-24,UK,1,44.88,44.88,0,0.0,0,0.0
cust_008000,2024-04-29,CN,1,48.71,48.71,0,0.0,0,0.0
cust_008001,2024-04-11,DE,2,270.11,135.06,0,0.0,0,0.0
cust_008002,2024-06-30,US,1,122.3,122.3,0,0.0,0,0.0
cust_008003,2024-02-11,CN,0,0.0,0.0,0,0.0,0,0.0
cust_008004,2024-08-04,US,2,1394.41,697.2,1,0.5,0,0.0
cust_008005,2024-05-24,US,1,1073.62,1073.62,0,0.0,1,1.0
cust_008006,2024-05-09,US,1,52.21,52.21,0,0.0,0,0.0
cust_008007,2024-02-02,US,1,49.75,49.75,0,0.0,0,0.0
cust_008008,2024-05-29,US,1,60.99,60.99,0,0.0,0,0.0
cust_008009,2024-07-13,US,7,2788.34,398.33,1,0.1429,0,0.0
cust_008010,2024-03-22,CA,1,67.44,67.44,0,0.0,0,0.0
cust_008011,2024-07-31,US,1,20.88,20.88,0,0.0,0,0.0
cust_008012,2024-01-30,US,1,464.59,464.59,1,1.0,0,0.0
cust_008013,2024-02-10,DE,1,27.17,27.17,0,0.0,0,0.0
cust_008014,2024-02-18,UK,1,263.3,263.3,1,1.0,0,0.0
cust_008015,2024-01-27,DE,1,45.22,45.22,0,0.0,0,0.0
cust_008016,2024-07-16,US,1,372.6,372.6,0,0.0,0,0.0
cust_008017,2024-01-30,FR,1,115.46,115.46,0,0.0,0,0.0
cust_008018,2024-02-22,KR,2,1303.8,651.9,0,0.0,1,0.5
cust_008019,2024-02-07,US,1,40.91,40.91,0,0.0,0,0.0
cust_008020,2024-07-03,IN,1,2232.46,2232.46,0,0.0,0,0.0
cust_008021,2024-05-19,AU,0,0.0,0.0,0,0.0,0,0.0
cust_008022,2024-02-20,CA,10,2288.28,228.83,0,0.0,0,0.0
cust_008023,2024-02-17,US,1,68.51,68.51,0,0.0,0,0.0
cust_008024,2024-07-07,US,1,25.44,25.44,1,1.0,0,0.0
cust_008025,2024-03-31,IN,1,70.52,70.52,1,1.0,0,0.0
cust_008026,2024-02-29,CA,1,968.72,968.72,0,0.0,0,0.0
cust_008027,2024-07-17,BR,1,214.37,214.37,0,0.0,0,0.0
cust_008028,2024-01-15,US,0,0.0,0.0,0,0.0,0,0.0
cust_008029,2024-02-04,US,1,33.66,33.66,0,0.0,0,0.0
cust_008030,2024-02-12,UK,2,151.05,75.53,0,0.0,0,0.0
cust_008031,2024-02-19,CA,0,0.0,0.0,0,0.0,0,0.0
cust_008032,2024-03-02,IN,1,342.52,342.52,0,0.0,0,0.0
cust_008033,2024-03-11,US,1,41.83,41.83,0,0.0,0,0.0
cust_008034,2024-07-07,IN,0,0.0,0.0,0,0.0,0,0.0
cust_008035,2024-04-06,BR,1,352.76,352.76,0,0.0,0,0.0
cust_008036,2024-01-28,RU,1,62.69,62.69,0,0.0,0,0.0
cust_008037,2024-03-25,NG,0,0.0,0.0,0,0.0,0,0.0
cust_008038,2024-02-10,CA,0,0.0,0.0,0,0.0,0,0.0
cust_008039,2024-02-23,NG,1,56.87,56.87,0,0.0,0,0.0
cust_008040,2024-07-18,CA,2,136.5,68.25,0,0.0,0,0.0
cust_008041,2024-05-02,US,1,81.37,81.37,0,0.0,0,0.0
cust_008042,2024-07-10,KR,1,60.08,60.08,0,0.0,0,0.0
cust_008043,2024-03-27,US,1,40.65,40.65,0,0.0,0,0.0
cust_008044,2024-01-21,US,2,161.78,80.89,0,0.0,0,0.0
cust_008045,2024-02-07,US,1,182.64,182.64,0,0.0,0,0.0
cust_008046,2024-07-08,CA,2,16963.15,8481.57,0,0.0,1,0.5
cust_008047,2024-06-07,CA,1,49.73,49.73,0,0.0,0,0.0
cust_008048,2024-05-13,IN,1,3806.42,3806.42,0,0.0,1,1.0
cust_008049,2024-06-09,US,1,103.13,103.13,0,0.0,0,0.0
cust_008050,2024-05-07,US,1,77.24,77.24,0,0.0,0,0.0
cust_008051,2024-04-04,US,0,0.0,0.0,0,0.0,0,0.0
cust_008052,2024-04-08,US,2,16012.62,8006.31,0,0.0,0,0.0
cust_008053,2024-01-24,US,1,25.43,25.43,0,0.0,0,0.0
cust_008054,2024-04-24,US,1,76.19,76.19,0,0.0,0,0.0
cust_008055,2024-03-05,ZA,1,185.1,185.1,0,0.0,0,0.0
cust_008056,2024-01-07,BR,1,161.82,161.82,0,0.0,0,0.0
cust_008057,2024-03-20,UK,2,7967.82,3983.91,0,0.0,0,0.0
cust_008058,2024-04-21,UK,1,109.77,109.77,0,0.0,0,0.0
cust_008059,2024-04-08,CN,1,147.04,147.04,0,0.0,0,0.0
cust_008060,2024-08-10,DE,1,317.37,317.37,0,0.0,0,0.0
cust_008061,2024-05-19,BR,1,114.12,114.12,0,0.0,0,0.0
cust_008062,2024-06-22,JP,1,19.53,19.53,1,1.0,0,0.0
cust_008063,2024-08-02,US,2,9757.33,4878.66,1,0.5,1,0.5
cust_008064,2024-02-28,US,2,5931.14,2965.57,0,0.0,0,0.0
cust_008065,2024-07-05,US,0,0.0,0.0,0,0.0,0,0.0
cust_008066,2024-02-24,IN,2,428.66,214.33,2,1.0,0,0.0
cust_008067,2024-02-20,RU,1,144.79,144.79,1,1.0,0,0.0
cust_008068,2024-04-23,US,1,111.46,111.46,0,0.0,0,0.0
cust_008069,2024-04-04,JP,1,135.67,135.67,0,0.0,0,0.0
cust_008070,2024-07-20,DE,1,32.65,32.65,0,0.0,0,0.0
cust_008071,2024-03-05,DE,1,355.0,355.0,0,0.0,0,0.0
cust_008072,2024-02-27,FR,2,4360.81,2180.4,0,0.0,1,0.5
cust_008073,2024-03-12,CA,1,40.29,40.29,0,0.0,0,0.0
cust_008074,2024-01-20,DE,1,159.6,159.6,1,1.0,0,0.0
cust_008075,2024-01-17,AU,1,116.09,116.09,0,0.0,0,0.0
cust_008076,2024-04-04,IN,1,526.39,526.39,0,0.0,0,0.0
cust_008077,2024-08-09,US,1,115.67,115.67,0,0.0,0,0.0
cust_008078,2024-01-29,CA,1,10.94,10.94,0,0.0,0,0.0
cust_008079,2024-04-14,IN,1,98.17,98.17,0,0.0,0,0.0
cust_008080,2024-07-20,NG,0,0.0,0.0,0,0.0,0,0.0
cust_008081,2024-02-21,US,1,49.32,49.32,0,0.0,0,0.0
cust_008082,2024-03-03,US,1,46.26,46.26,0,0.0,0,0.0
cust_008083,2024-05-27,UK,2,1591.01,795.5,0,0.0,0,0.0
cust_008084,2024-04-30,BR,1,92.79,92.79,0,0.0,0,0.0
cust_008085,2024-02-26,CA,1,74.57,74.57,0,0.0,0,0.0
cust_008086,2024-04-03,US,2,5989.66,2994.83,0,0.0,0,0.0
cust_008087,2024-05-16,DE,2,1858.7,929.35,0,0.0,1,0.5
cust_008088,2024-06-24,CA,0,0.0,0.0,0,0.0,0,0.0
cust_008089,2024-02-27,IN,1,135.88,135.88,0,0.0,0,0.0
cust_008090,2024-02-17,UK,1,16.71,16.71,0,0.0,0,0.0
cust_008091,2024-05-19,FR,1,27.03,27.03,0,0.0,0,0.0
cust_008092,2024-08-07,US,1,78.7,78.7,0,0.0,0,0.0
cust_008093,2024-05-15,US,1,416.31,416.31,0,0.0,0,0.0
cust_008094,2024-05-07,DE,1,175.06,175.06,0,0.0,0,0.0
cust_008095,2024-01-19,US,0,0.0,0.0,0,0.0,0,0.0
cust_008096,2024-02-29,US,1,85.88,85.88,0,0.0,0,0.0
cust_008097,2024-02-22,UK,1,36.09,36.09,0,0.0,0,0.0
cust_008098,2024-04-13,IN,1,186.39,186.39,0,0.0,0,0.0
cust_008099,2024-07-12,AU,1,159.5,159.5,0,0.0,0,0.0
cust_008100,2024-05-15,BR,1,34.56,34.56,0,0.0,0,0.0
cust_008101,2024-07-03,US,1,54.01,54.01,0,0.0,0,0.0
cust_008102,2024-07-05,US,1,44.96,44.96,0,0.0,0,0.0
cust_008103,2024-08-01,ZA,1,11.68,11.68,0,0.0,0,0.0
cust_008104,2024-02-07,US,1,501.81,501.81,0,0.0,0,0.0
cust_008105,2024-03-15,BR,1,44.36,44.36,0,0.0,0,0.0
cust_008106,2024-04-14,US,1,61.3,61.3,0,0.0,0,0.0
cust_008107,2024-03-27,CA,1,231.5,231.5,0,0.0,0,0.0
cust_008108,2024-05-06,IN,1,62.81,62.81,0,0.0,0,0.0
cust_008109,2024-04-30,CA,2,10167.59,5083.8,0,0.0,1,0.5
cust_008110,2024-04-16,CA,1,77.38,77.38,0,0.0,0,0.0
cust_008111,2024-03-03,US,4,291.64,72.91,1,0.25,0,0.0
cust_008112,2024-01-27,US,1,251.42,251.42,1,1.0,0,0.0
cust_008113,2024-02-25,CA,1,58.81,58.81,0,0.0,0,0.0
cust_008114,2024-02-13,BR,3,23758.0,7919.33,0,0.0,1,0.3333
cust_008115,2024-03-07,CA,4,6142.67,1535.67,1,0.25,1,0.25
cust_008116,2024-03-15,CA,1,29.05,29.05,0,0.0,0,0.0
cust_008117,2024-04-08,ZA,1,17.91,17.91,0,0.0,0,0.0
cust_008118,2024-02-16,UK,1,46.42,46.42,0,0.0,0,0.0
cust_008119,2024-03-31,UK,1,53.05,53.05,0,0.0,0,0.0
cust_008120,2024-04-21,US,1,39.49,39.49,0,0.0,0,0.0
cust_008121,2024-03-21,AU,1,141.99,141.99,0,0.0,0,0.0
cust_008122,2024-04-06,US,2,9232.5,4616.25,1,0.5,0,0.0
cust_008123,2024-06-07,US,1,398.76,398.76,0,0.0,0,0.0
cust_008124,2024-06-11,US,1,99.2,99.2,0,0.0,0,0.0
cust_008125,2024-04-18,US,1,19.4,19.4,0,0.0,0,0.0
cust_008126,2024-04-29,UK,1,157.57,157.57,0,0.0,0,0.0
cust_008127,2024-02-25,US,1,525.15,525.15,0,0.0,0,0.0
cust_008128,2024-04-18,UK,0,0.0,0.0,0,0.0,0,0.0
cust_008129,2024-03-09,CA,1,434.44,434.44,0,0.0,0,0.0
cust_008130,2024-04-11,US,1,249.52,249.52,0,0.0,0,0.0
cust_008131,2024-10-05,US,1,14951.82,14951.82,0,0.0,0,0.0
cust_008132,2024-06-06,US,1,157.12,157.12,0,0.0,0,0.0
cust_008133,2024-08-03,DE,2,934.82,467.41,0,0.0,0,0.0
cust_008134,2024-07-16,IN,1,104.97,104.97,0,0.0,0,0.0
cust_008135,2024-04-25,US,3,861.09,287.03,0,0.0,0,0.0
cust_008136,2024-06-09,US,176,17545.53,99.69,20,0.1136,0,0.0
cust_008137,2024-02-24,US,48,4690.69,97.72,4,0.0833,0,0.0
cust_008138,2024-05-01,NG,1,120.14,120.14,0,0.0,0,0.0
cust_008139,2024-04-01,CN,1,87.95,87.95,0,0.0,0,0.0
cust_008140,2024-01-25,CA,1,19.19,19.19,0,0.0,0,0.0
cust_008141,2024-06-17,RU,1,17.41,17.41,0,0.0,0,0.0
cust_008142,2024-08-09,US,0,0.0,0.0,0,0.0,0,0.0
cust_008143,2024-03-15,DE,1,84.02,84.02,0,0.0,0,0.0
cust_008144,2024-03-04,IN,1,102.79,102.79,0,0.0,0,0.0
cust_008145,2024-05-18,UK,1,125.26,125.26,0,0.0,0,0.0
cust_008146,2024-07-17,FR,1,144.65,144.65,0,0.0,0,0.0
cust_008147,2024-01-28,CA,1,391.69,391.69,0,0.0,0,0.0
cust_008148,2024-03-03,JP,0,0.0,0.0,0,0.0,0,0.0
cust_008149,2024-05-21,US,1,33.6,33.6,0,0.0,0,0.0
cust_008150,2024-02-19,US,1,95.51,95.51,0,0.0,0,0.0
cust_008151,2024-03-23,UK,1,151.45,151.45,0,0.0,0,0.0
cust_008152,2024-02-04,US,2,2764.34,1382.17,0,0.0,0,0.0
cust_008153,2024-05-30,US,1,156.48,156.48,0,0.0,0,0.0
cust_008154,2024-03-24,US,1,145.85,145.85,0,0.0,1,1.0
cust_008155,2024-04-15,UK,1,40.29,40.29,0,0.0,0,0.0
cust_008156,2024-03-13,FR,1,289.83,289.83,0,0.0,0,0.0
cust_008157,2024-03-05,CA,1,45.47,45.47,0,0.0,0,0.0
cust_008158,2024-06-17,UK,1,138.39,138.39,0,0.0,0,0.0
cust_008159,2024-05-13,US,2,1773.08,886.54,0,0.0,1,0.5
cust_008160,2024-01-30,CA,1,338.26,338.26,0,0.0,0,0.0
cust_008161,2024-06-17,US,1,157.11,157.11,0,0.0,0,0.0
cust_008162,2024-01-17,US,8,298.27,37.28,1,0.125,0,0.0
cust_008163,2024-05-22,UK,1,35.47,35.47,0,0.0,0,0.0
cust_008164,2024-03-08,US,12,691.8,57.65,0,0.0,0,0.0
cust_008165,2024-02-08,US,2,17099.3,8549.65,0,0.0,1,0.5
cust_008166,2024-03-10,CN,1,231.81,231.81,0,0.0,0,0.0
cust_008167,2024-03-16,IN,1,240.56,240.56,0,0.0,0,0.0
cust_008168,2024-03-24,ZA,999,94876.02,94.97,66,0.0661,5,0.005
cust_008169,2024-05-03,IN,2,14615.97,7307.98,2,1.0,0,0.0
cust_008170,2024-02-29,US,1,125.96,125.96,0,0.0,0,0.0
cust_008171,2024-04-05,DE,2,9299.16,4649.58,1,0.5,0,0.0
cust_008172,2024-04-26,JP,2,2674.0,1337.0,0,0.0,0,0.0
cust_008173,2024-02-03,RU,2,182.1,91.05,1,0.5,0,0.0
cust_008174,2024-07-18,CA,1,129.05,129.05,1,1.0,0,0.0
cust_008175,2024-06-01,US,1,6.81,6.81,0,0.0,0,0.0
cust_008176,2024-05-13,IN,1,33.47,33.47,0,0.0,0,0.0
cust_008177,2024-01-21,US,10,896.11,89.61,0,0.0,0,0.0
cust_008178,2024-01-19,US,1,149.65,149.65,0,0.0,0,0.0
cust_008179,2024-08-20,US,1,208.02,208.02,0,0.0,0,0.0
cust_008180,2024-02-11,US,1,145.53,145.53,0,0.0,0,0.0
cust_008181,2024-04-19,UK,1,45.47,45.47,0,0.0,0,0.0
cust_008182,2024-03-13,MX,1,88.14,88.14,0,0.0,0,0.0
cust_008183,2024-07-08,DE,2,11642.46,5821.23,0,0.0,0,0.0
cust_008184,2024-07-04,DE,1,21.41,21.41,0,0.0,0,0.0
cust_008185,2024-04-23,BR,1,827.57,827.57,0,0.0,0,0.0
cust_008186,2024-07-06,US,1,198.95,198.95,1,1.0,0,0.0
cust_008187,2024-07-03,IN,1,29.05,29.05,0,0.0,0,0.0
cust_008188,2024-01-30,FR,1,85.98,85.98,0,0.0,0,0.0
cust_008189,2024-04-21,US,1,202.07,202.07,1,1.0,0,0.0
cust_008190,2024-02-23,UK,2,18733.9,9366.95,0,0.0,1,0.5
cust_008191,2024-02-07,DE,1,717.35,717.35,0,0.0,0,0.0
cust_008192,2024-05-26,BR,0,0.0,0.0,0,0.0,0,0.0
cust_008193,2024-04-11,UK,1,71.87,71.87,0,0.0,0,0.0
cust_008194,2024-06-02,IN,1,37.78,37.78,0,0.0,0,0.0
cust_008195,2024-01-20,DE,1,764.1,764.1,0,0.0,0,0.0
cust_008196,2024-03-27,CN,2,121.23,60.61,0,0.0,0,0.0
cust_008197,2024-07-21,AU,1,59.5,59.5,0,0.0,0,0.0
cust_008198,2024-03-30,US,2,1990.24,995.12,0,0.0,1,0.5
cust_008199,2024-04-18,IN,2,2794.47,1397.24,0,0.0,0,0.0
cust_008200,2024-01-25,MX,5,683.23,136.65,1,0.2,0,0.0
cust_008201,2024-04-15,UK,1,111.42,111.42,0,0.0,0,0.0
cust_008202,2024-01-24,AU,1,240.77,240.77,0,0.0,0,0.0
cust_008203,2024-06-21,CA,0,0.0,0.0,0,0.0,0,0.0
cust_008204,2024-04-07,UK,1,239.87,239.87,0,0.0,0,0.0
cust_008205,2024-02-26,IN,1,56.25,56.25,0,0.0,0,0.0
cust_008206,2024-08-22,UK,1,30.01,30.01,0,0.0,0,0.0
cust_008207,2024-06-02,US,1,237.13,237.13,0,0.0,0,0.0
cust_008208,2024-04-26,AU,1,160.03,160.03,0,0.0,0,0.0
cust_008209,2024-04-20,CA,1,131.18,131.18,0,0.0,0,0.0
cust_008210,2024-02-20,CN,1,306.83,306.83,0,0.0,0,0.0
cust_008211,2024-08-20,US,1,176.05,176.05,0,0.0,0,0.0
cust_008212,2024-02-24,AU,1,37.43,37.43,0,0.0,0,0.0
cust_008213,2024-02-26,US,1,114.96,114.96,0,0.0,0,0.0
cust_008214,2024-04-08,AU,2,2330.3,1165.15,0,0.0,0,0.0
cust_008215,2024-04-04,NG,1,122.23,122.23,0,0.0,0,0.0
cust_008216,2024-04-03,AU,1,87.78,87.78,0,0.0,0,0.0
cust_008217,2024-06-20,IN,1,250.55,250.55,0,0.0,0,0.0
cust_008218,2024-03-11,US,3,599.32,199.77,0,0.0,0,0.0
cust_008219,2024-01-17,KR,1,328.0,328.0,0,0.0,0,0.0
cust_008220,2024-07-03,US,1,330.15,330.15,0,0.0,0,0.0
cust_008221,2024-05-12,US,1,99.13,99.13,0,0.0,0,0.0
cust_008222,2024-05-13,US,1,21.24,21.24,0,0.0,0,0.0
cust_008223,2024-09-04,FR,1,299.76,299.76,0,0.0,0,0.0
cust_008224,2024-03-14,BR,1,212.04,212.04,0,0.0,0,0.0
cust_008225,2024-05-02,BR,1,80.04,80.04,0,0.0,0,0.0
cust_008226,2024-02-04,CA,1,216.13,216.13,0,0.0,0,0.0
cust_008227,2024-06-29,IN,2,6205.19,3102.6,0,0.0,0,0.0
cust_008228,2024-03-31,RU,0,0.0,0.0,0,0.0,0,0.0
cust_008229,2024-02-07,DE,1,381.94,381.94,0,0.0,0,0.0
cust_008230,2024-03-31,UK,2,1896.54,948.27,1,0.5,0,0.0
cust_008231,2024-05-24,MX,1,142.85,142.85,0,0.0,0,0.0
cust_008232,2024-05-07,KR,2,2075.78,1037.89,0,0.0,0,0.0
cust_008233,2024-03-08,IN,1,160.19,160.19,0,0.0,0,0.0
cust_008234,2024-06-22,CA,1,96.27,96.27,0,0.0,0,0.0
cust_008235,2024-05-07,CN,2,1814.29,907.14,0,0.0,1,0.5
cust_008236,2024-03-22,AU,1,287.51,287.51,0,0.0,0,0.0
cust_008237,2024-04-20,US,1,146.98,146.98,0,0.0,0,0.0
cust_008238,2024-07-12,MX,2,6634.85,3317.42,0,0.0,2,1.0
cust_008239,2024-04-17,FR,1,24.45,24.45,0,0.0,0,0.0
cust_008240,2024-05-22,FR,1,52.06,52.06,0,0.0,0,0.0
cust_008241,2024-02-27,UK,2,7907.41,3953.7,0,0.0,0,0.0
cust_008242,2024-02-03,US,1,63.12,63.12,0,0.0,0,0.0
cust_008243,2024-06-30,US,1,112.96,112.96,0,0.0,0,0.0
cust_008244,2024-07-15,US,2,1689.97,844.98,1,0.5,0,0.0
cust_008245,2024-05-29,UK,1,21.83,21.83,0,0.0,0,0.0
cust_008246,2024-01-22,DE,1,72.92,72.92,0,0.0,0,0.0
cust_008247,2024-02-19,UK,1,59.75,59.75,0,0.0,0,0.0
cust_008248,2024-07-14,UK,1,52.73,52.73,0,0.0,0,0.0
cust_008249,2024-02-26,US,0,0.0,0.0,0,0.0,0,0.0
cust_008250,2024-05-21,AU,1,99.28,99.28,0,0.0,0,0.0
cust_008251,2024-07-23,AU,2,3251.55,1625.78,0,0.0,0,0.0
cust_008252,2024-01-12,UK,2,14355.62,7177.81,0,0.0,0,0.0
cust_008253,2024-03-04,US,1,87.9,87.9,1,1.0,0,0.0
cust_008254,2024-03-06,US,1,90.98,90.98,0,0.0,0,0.0
cust_008255,2024-03-21,DE,1,68.47,68.47,0,0.0,0,0.0
cust_008256,2024-02-22,AU,2,6845.21,3422.61,0,0.0,1,0.5
cust_008257,2024-03-26,AU,1,144.1,144.1,1,1.0,0,0.0
cust_008258,2024-06-07,NG,1,41.28,41.28,0,0.0,0,0.0
cust_008259,2024-06-12,FR,1,87.2,87.2,0,0.0,0,0.0
cust_008260,2024-05-19,CA,1,161.76,161.76,0,0.0,0,0.0
cust_008261,2024-04-17,US,4,9724.84,2431.21,0,0.0,0,0.0
cust_008262,2024-05-25,UK,1,74.72,74.72,0,0.0,0,0.0
cust_008263,2024-08-25,US,1,133.72,133.72,0,0.0,0,0.0
cust_008264,2024-07-10,US,1,522.84,522.84,0,0.0,0,0.0
cust_008265,2024-07-15,US,1,1276.5,1276.5,1,1.0,0,0.0
cust_008266,2024-09-05,US,2,12494.46,6247.23,0,0.0,0,0.0
cust_008267,2024-07-12,US,1,129.91,129.91,0,0.0,0,0.0
cust_008268,2024-06-06,BR,4,8031.65,2007.91,0,0.0,3,0.75
cust_008269,2024-02-21,CA,1,246.66,246.66,0,0.0,0,0.0
cust_008270,2024-02-08,UK,1,156.25,156.25,0,0.0,0,0.0
cust_008271,2024-03-22,US,1,678.05,678.05,0,0.0,0,0.0
cust_008272,2024-06-02,IN,1,363.63,363.63,0,0.0,0,0.0
cust_008273,2024-05-28,KR,1,448.81,448.81,0,0.0,0,0.0
cust_008274,2024-03-13,US,1,517.36,517.36,0,0.0,0,0.0
cust_008275,2024-02-17,JP,1,103.31,103.31,0,0.0,0,0.0
cust_008276,2024-02-23,CN,2,1049.81,524.9,0,0.0,1,0.5
cust_008277,2024-06-25,AU,1,34.89,34.89,0,0.0,0,0.0
cust_008278,2024-03-06,IN,1,227.57,227.57,0,0.0,0,0.0
cust_008279,2024-04-21,US,1,122.33,122.33,0,0.0,0,0.0
cust_008280,2024-02-26,US,1,99.49,99.49,0,0.0,0,0.0
cust_008281,2024-04-01,FR,1,88.53,88.53,0,0.0,0,0.0
cust_008282,2024-03-04,MX,1,180.09,180.09,0,0.0,0,0.0
cust_008283,2024-05-27,DE,1,72.96,72.96,0,0.0,1,1.0
cust_008284,2024-04-28,US,0,0.0,0.0,0,0.0,0,0.0
cust_008285,2024-02-23,US,1,55.76,55.76,1,1.0,0,0.0
cust_008286,2024-06-11,UK,1,92.37,92.37,0,0.0,0,0.0
cust_008287,2024-01-23,ZA,1,171.5,171.5,0,0.0,0,0.0
cust_008288,2024-06-10,US,1,2466.48,2466.48,0,0.0,0,0.0
cust_008289,2024-04-17,US,0,0.0,0.0,0,0.0,0,0.0
cust_008290,2024-04-29,CA,1,70.84,70.84,0,0.0,0,0.0
cust_008291,2024-05-06,US,2,1068.39,534.19,1,0.5,0,0.0
cust_008292,2024-02-25,US,1,23.26,23.26,0,0.0,0,0.0
cust_008293,2024-03-26,US,1,102.47,102.47,0,0.0,0,0.0
cust_008294,2024-03-07,CA,1,170.33,170.33,0,0.0,0,0.0
cust_008295,2024-02-03,US,1,62.83,62.83,0,0.0,0,0.0
cust_008296,2024-01-30,US,1,801.95,801.95,0,0.0,0,0.0
cust_008297,2024-02-07,CA,2,13926.99,6963.5,1,0.5,1,0.5
cust_008298,2024-03-22,FR,2,18499.92,9249.96,0,0.0,0,0.0
cust_008299,2024-04-28,DE,0,0.0,0.0,0,0.0,0,0.0
cust_008300,2024-03-30,DE,1,72.17,72.17,0,0.0,0,0.0
cust_008301,2024-06-23,CA,1,285.98,285.98,0,0.0,0,0.0
cust_008302,2024-05-26,AU,1,62.01,62.01,0,0.0,0,0.0
cust_008303,2024-06-01,US,0,0.0,0.0,0,0.0,0,0.0
cust_008304,2024-02-15,US,1,31.67,31.67,0,0.0,0,0.0
cust_008305,2024-07-20,DE,0,0.0,0.0,0,0.0,0,0.0
cust_008306,2024-05-22,US,1,190.82,190.82,0,0.0,0,0.0
cust_008307,2024-02-09,US,2,5374.81,2687.4,0,0.0,1,0.5
cust_008308,2024-03-10,US,4,8208.09,2052.02,0,0.0,2,0.5
cust_008309,2024-06-20,JP,1,340.52,340.52,0,0.0,0,0.0
cust_008310,2024-01-24,BR,1,24.73,24.73,0,0.0,0,0.0
cust_008311,2024-05-18,US,1,47.78,47.78,0,0.0,0,0.0
cust_008312,2024-04-16,US,1,365.94,365.94,1,1.0,0,0.0
cust_008313,2024-05-18,US,1,658.49,658.49,0,0.0,0,0.0
cust_008314,2024-05-13,US,1,27.69,27.69,0,0.0,0,0.0
cust_008315,2024-01-22,US,1,77.71,77.71,0,0.0,0,0.0
cust_008316,2024-07-06,US,1,84.18,84.18,0,0.0,0,0.0
cust_008317,2024-04-23,DE,0,0.0,0.0,0,0.0,0,0.0
cust_008318,2024-06-03,KR,1,174.74,174.74,0,0.0,0,0.0
cust_008319,2024-01-28,US,1,483.17,483.17,0,0.0,0,0.0
cust_008320,2024-03-19,US,1,153.5,153.5,0,0.0,0,0.0
cust_008321,2024-02-14,DE,1,19.67,19.67,0,0.0,0,0.0
cust_008322,2024-07-31,US,2,13073.16,6536.58,0,0.0,0,0.0
cust_008323,2024-06-28,US,0,0.0,0.0,0,0.0,0,0.0
cust_008324,2024-02-25,US,1,43.93,43.93,1,1.0,0,0.0
cust_008325,2024-05-09,IN,1,39.9,39.9,0,0.0,0,0.0
cust_008326,2024-01-27,US,1,74.9,74.9,1,1.0,0,0.0
cust_008327,2024-02-26,US,57,7304.5,128.15,5,0.0877,1,0.0175
cust_008328,2024-06-17,FR,1,82.5,82.5,0,0.0,0,0.0
cust_008329,2024-01-17,US,1,25.84,25.84,1,1.0,0,0.0
cust_008330,2024-04-03,NG,2,658.78,329.39,0,0.0,1,0.5
cust_008331,2024-04-05,CA,1,72.03,72.03,0,0.0,0,0.0
cust_008332,2024-07-10,US,1,99.24,99.24,0,0.0,0,0.0
cust_008333,2024-03-07,US,5,24005.96,4801.19,1,0.2,2,0.4
cust_008334,2024-09-13,NG,1,52.14,52.14,0,0.0,0,0.0
cust_008335,2024-03-26,US,1,2958.19,2958.19,0,0.0,0,0.0
cust_008336,2024-02-12,US,0,0.0,0.0,0,0.0,0,0.0
cust_008337,2024-01-05,US,1,224.01,224.01,0,0.0,0,0.0
cust_008338,2024-05-13,ZA,1,29.66,29.66,0,0.0,0,0.0
cust_008339,2024-03-28,KR,1,104.7,104.7,1,1.0,0,0.0
cust_008340,2024-01-23,DE,1,30.18,30.18,0,0.0,0,0.0
cust_008341,2024-05-01,US,1,27.34,27.34,0,0.0,0,0.0
cust_008342,2024-03-13,US,1,31.21,31.21,0,0.0,0,0.0
cust_008343,2024-05-08,US,1,88.88,88.88,0,0.0,0,0.0
cust_008344,2024-02-24,US,0,0.0,0.0,0,0.0,0,0.0
cust_008345,2024-04-01,MX,1,173.03,173.03,0,0.0,0,0.0
cust_008346,2024-04-08,IN,1,206.28,206.28,0,0.0,0,0.0
cust_008347,2024-04-02,US,1,169.13,169.13,0,0.0,0,0.0
cust_008348,2024-05-07,AU,1,303.02,303.02,0,0.0,0,0.0
cust_008349,2024-04-08,US,3,21894.81,7298.27,0,0.0,1,0.3333
cust_008350,2024-04-21,CA,3,4312.29,1437.43,1,0.3333,1,0.3333
cust_008351,2024-03-06,US,22,1272.23,57.83,1,0.0455,0,0.0
cust_008352,2024-02-12,UK,4,22119.51,5529.88,0,0.0,2,0.5
cust_008353,2024-02-02,US,1,144.66,144.66,0,0.0,0,0.0
cust_008354,2024-06-15,US,1,150.14,150.14,0,0.0,0,0.0
cust_008355,2024-02-16,CN,1,358.38,358.38,0,0.0,0,0.0
cust_008356,2024-02-07,RU,0,0.0,0.0,0,0.0,0,0.0
cust_008357,2024-11-16,CA,1,77.93,77.93,0,0.0,0,0.0
cust_008358,2024-04-25,AU,5,243.01,48.6,2,0.4,2,0.4
cust_008359,2024-08-05,US,1,520.37,520.37,0,0.0,0,0.0
cust_008360,2024-03-28,UK,1,139.13,139.13,0,0.0,0,0.0
cust_008361,2024-01-20,US,2,22824.6,11412.3,1,0.5,0,0.0
cust_008362,2024-01-09,US,1,217.1,217.1,0,0.0,0,0.0
cust_008363,2024-07-01,UK,2,14883.31,7441.66,0,0.0,0,0.0
cust_008364,2024-02-04,FR,1,98.66,98.66,0,0.0,0,0.0
cust_008365,2024-03-05,FR,1,87.84,87.84,0,0.0,0,0.0
cust_008366,2024-03-15,UK,1,136.23,136.23,0,0.0,0,0.0
cust_008367,2024-06-08,UK,1,110.96,110.96,0,0.0,0,0.0
cust_008368,2024-04-17,IN,1,305.53,305.53,0,0.0,0,0.0
cust_008369,2024-02-25,CN,2,23159.89,11579.94,0,0.0,1,0.5
cust_008370,2024-02-19,US,1,49.55,49.55,0,0.0,0,0.0
cust_008371,2024-01-18,UK,1,1072.76,1072.76,0,0.0,0,0.0
cust_008372,2024-07-29,RU,1,28.0,28.0,0,0.0,0,0.0
cust_008373,2024-03-28,CA,2,2035.29,1017.64,0,0.0,1,0.5
cust_008374,2024-01-09,AU,1,186.3,186.3,0,0.0,0,0.0
cust_008375,2024-05-14,UK,1,186.52,186.52,0,0.0,0,0.0
cust_008376,2024-03-24,CN,1,161.44,161.44,1,1.0,0,0.0
cust_008377,2024-09-01,NG,1,56.9,56.9,0,0.0,0,0.0
cust_008378,2024-05-30,UK,1,138.19,138.19,0,0.0,0,0.0
cust_008379,2024-02-21,US,1,5416.23,5416.23,0,0.0,0,0.0
cust_008380,2024-05-06,CA,1,76.81,76.81,0,0.0,0,0.0
cust_008381,2024-02-25,US,1,1876.26,1876.26,0,0.0,0,0.0
cust_008382,2024-05-30,US,0,0.0,0.0,0,0.0,0,0.0
cust_008383,2024-05-04,UK,1,61.84,61.84,0,0.0,0,0.0
cust_008384,2024-02-14,UK,1,29.2,29.2,0,0.0,0,0.0
cust_008385,2024-07-03,JP,1,254.17,254.17,1,1.0,0,0.0
cust_008386,2024-03-30,US,1,116.75,116.75,0,0.0,0,0.0
cust_008387,2024-02-09,US,1,254.2,254.2,0,0.0,0,0.0
cust_008388,2024-03-06,IN,1,171.34,171.34,0,0.0,0,0.0
cust_008389,2024-01-15,IN,54,4549.06,84.24,6,0.1111,0,0.0
cust_008390,2024-04-24,US,383,38924.54,101.63,26,0.0679,3,0.0078
cust_008391,2024-02-22,US,1,140.63,140.63,0,0.0,0,0.0
cust_008392,2024-03-15,US,4,8396.22,2099.05,0,0.0,1,0.25
cust_008393,2024-02-22,NG,2,2338.95,1169.48,0,0.0,1,0.5
cust_008394,2024-05-06,US,0,0.0,0.0,0,0.0,0,0.0
cust_008395,2024-02-12,CA,1,60.64,60.64,0,0.0,0,0.0
cust_008396,2024-04-03,MX,2,10260.2,5130.1,0,0.0,1,0.5
cust_008397,2024-09-03,US,1,117.7,117.7,0,0.0,0,0.0
cust_008398,2024-05-05,NG,1,113.84,113.84,0,0.0,0,0.0
cust_008399,2024-02-26,FR,1,106.94,106.94,0,0.0,0,0.0
cust_008400,2024-02-15,CA,1,120.41,120.41,0,0.0,0,0.0
cust_008401,2024-03-18,MX,1,108.69,108.69,0,0.0,0,0.0
cust_008402,2024-06-22,US,1,129.05,129.05,0,0.0,0,0.0
cust_008403,2024-06-13,JP,1,15.09,15.09,0,0.0,0,0.0
cust_008404,2024-09-23,US,1,20114.28,20114.28,0,0.0,0,0.0
cust_008405,2024-02-29,UK,1,82.13,82.13,0,0.0,0,0.0
cust_008406,2024-02-12,US,2,1586.95,793.48,0,0.0,0,0.0
cust_008407,2024-04-26,CA,1,29.88,29.88,0,0.0,0,0.0
cust_008408,2024-02-02,US,1,91.78,91.78,0,0.0,0,0.0
cust_008409,2024-06-13,US,1,53.45,53.45,0,0.0,0,0.0
cust_008410,2024-07-06,US,0,0.0,0.0,0,0.0,0,0.0
cust_008411,2024-03-15,US,1,37.84,37.84,0,0.0,0,0.0
cust_008412,2024-03-23,US,3,266.21,88.74,0,0.0,0,0.0
cust_008413,2024-04-06,DE,1,66.29,66.29,0,0.0,0,0.0
cust_008414,2024-04-11,IN,2,3558.35,1779.18,0,0.0,0,0.0
cust_008415,2024-05-17,DE,1,26.99,26.99,1,1.0,0,0.0
cust_008416,2024-02-17,DE,1,214.44,214.44,1,1.0,0,0.0
cust_008417,2024-06-07,US,0,0.0,0.0,0,0.0,0,0.0
cust_008418,2024-07-10,US,1,87.95,87.95,0,0.0,0,0.0
cust_008419,2024-03-17,FR,1,100.5,100.5,1,1.0,0,0.0
cust_008420,2024-04-22,CA,0,0.0,0.0,0,0.0,0,0.0
cust_008421,2024-04-19,IN,0,0.0,0.0,0,0.0,0,0.0
cust_008422,2024-08-02,US,1,55.66,55.66,0,0.0,0,0.0
cust_008423,2024-04-29,UK,2,4530.67,2265.34,0,0.0,1,0.5
cust_008424,2024-01-22,UK,5,18563.08,3712.62,0,0.0,2,0.4
cust_008425,2024-09-17,DE,1,41.06,41.06,0,0.0,0,0.0
cust_008426,2024-03-09,RU,1,94.24,94.24,0,0.0,0,0.0
cust_008427,2024-02-16,IN,1,122.32,122.32,0,0.0,0,0.0
cust_008428,2024-04-20,AU,1,53.07,53.07,0,0.0,0,0.0
cust_008429,2024-04-16,IN,1,58.68,58.68,0,0.0,0,0.0
cust_008430,2024-02-11,RU,1,33.0,33.0,0,0.0,0,0.0
cust_008431,2024-02-21,BR,1,15.7,15.7,0,0.0,0,0.0
cust_008432,2024-06-07,US,2,95.41,47.7,0,0.0,0,0.0
cust_008433,2024-06-05,US,1,207.15,207.15,0,0.0,0,0.0
cust_008434,2024-01-26,RU,1,233.08,233.08,0,0.0,0,0.0
cust_008435,2024-01-25,IN,1,2638.63,2638.63,0,0.0,0,0.0
cust_008436,2024-05-26,UK,12,869.24,72.44,2,0.1667,0,0.0
cust_008437,2024-02-28,DE,1,107.74,107.74,1,1.0,0,0.0
cust_008438,2024-02-11,US,1,93.97,93.97,0,0.0,0,0.0
cust_008439,2024-05-06,BR,1,230.47,230.47,0,0.0,0,0.0
cust_008440,2024-03-15,CA,1,33.88,33.88,0,0.0,0,0.0
cust_008441,2024-03-04,NG,1,58.72,58.72,0,0.0,0,0.0
cust_008442,2024-03-20,IN,1,558.24,558.24,0,0.0,0,0.0
cust_008443,2024-04-05,US,1,109.43,109.43,1,1.0,0,0.0
cust_008444,2024-03-04,KR,1,82.33,82.33,0,0.0,0,0.0
cust_008445,2024-04-06,UK,1,89.13,89.13,0,0.0,0,0.0
cust_008446,2024-06-15,AU,1,160.94,160.94,0,0.0,0,0.0
cust_008447,2024-08-22,US,1,89.75,89.75,0,0.0,0,0.0
cust_008448,2024-05-10,UK,1,62.1,62.1,0,0.0,0,0.0
cust_008449,2024-04-30,FR,1,34.74,34.74,1,1.0,0,0.0
cust_008450,2024-04-22,DE,1,111.42,111.42,0,0.0,0,0.0
cust_008451,2024-06-01,CN,0,0.0,0.0,0,0.0,0,0.0
cust_008452,2024-05-10,AU,1,121.66,121.66,0,0.0,0,0.0
cust_008453,2024-02-14,US,2,1028.08,514.04,1,0.5,0,0.0
cust_008454,2024-06-28,JP,0,0.0,0.0,0,0.0,0,0.0
cust_008455,2024-02-20,CN,1,162.92,162.92,0,0.0,0,0.0
cust_008456,2024-03-14,MX,1,104.16,104.16,0,0.0,0,0.0
cust_008457,2024-06-17,RU,1,1688.2,1688.2,0,0.0,0,0.0
cust_008458,2024-07-07,DE,1,20.11,20.11,0,0.0,0,0.0
cust_008459,2024-04-13,AU,1,33.48,33.48,0,0.0,0,0.0
cust_008460,2024-04-09,IN,0,0.0,0.0,0,0.0,0,0.0
cust_008461,2024-04-09,US,3,130.21,43.4,0,0.0,0,0.0
cust_008462,2024-03-01,BR,1,76.38,76.38,0,0.0,0,0.0
cust_008463,2024-02-21,US,0,0.0,0.0,0,0.0,0,0.0
cust_008464,2024-04-27,UK,2,8812.41,4406.21,0,0.0,1,0.5
cust_008465,2024-02-01,US,1,551.66,551.66,1,1.0,0,0.0
cust_008466,2024-02-28,US,1,418.83,418.83,0,0.0,0,0.0
cust_008467,2024-03-01,AU,1,58.11,58.11,0,0.0,0,0.0
cust_008468,2024-03-03,CA,1,901.86,901.86,0,0.0,0,0.0
cust_008469,2024-06-25,CA,1,90.95,90.95,1,1.0,0,0.0
cust_008470,2024-04-22,CA,1,32.22,32.22,0,0.0,0,0.0
cust_008471,2024-02-11,DE,1,98.39,98.39,0,0.0,0,0.0
cust_008472,2024-03-22,US,1,87.7,87.7,0,0.0,0,0.0
cust_008473,2024-03-02,CA,1,271.99,271.99,0,0.0,0,0.0
cust_008474,2024-01-19,US,1,583.37,583.37,0,0.0,0,0.0
cust_008475,2024-05-02,KR,1,81.98,81.98,0,0.0,0,0.0
cust_008476,2024-06-02,US,1,63.4,63.4,0,0.0,0,0.0
cust_008477,2024-05-29,CN,1,190.8,190.8,0,0.0,0,0.0
cust_008478,2024-07-04,US,1,102.54,102.54,0,0.0,0,0.0
cust_008479,2024-04-06,US,1,105.2,105.2,0,0.0,0,0.0
cust_008480,2024-01-30,RU,2,4785.62,2392.81,0,0.0,0,0.0
cust_008481,2024-03-18,IN,6,382.45,63.74,0,0.0,0,0.0
cust_008482,2024-03-11,US,5,504.56,100.91,1,0.2,1,0.2
cust_008483,2024-03-05,IN,1,35.62,35.62,0,0.0,0,0.0
cust_008484,2024-02-18,US,1,64.68,64.68,0,0.0,0,0.0
cust_008485,2024-03-29,US,1,108.65,108.65,0,0.0,0,0.0
cust_008486,2024-05-15,US,1,44.43,44.43,1,1.0,0,0.0
cust_008487,2024-06-16,US,1,393.94,393.94,1,1.0,0,0.0
cust_008488,2024-03-16,US,2,1573.56,786.78,0,0.0,1,0.5
cust_008489,2024-02-08,UK,1,38.86,38.86,0,0.0,0,0.0
cust_008490,2024-08-08,NG,1,26.84,26.84,0,0.0,0,0.0
cust_008491,2024-01-31,UK,162,16912.23,104.4,10,0.0617,0,0.0
cust_008492,2024-03-30,UK,1,163.29,163.29,0,0.0,0,0.0
cust_008493,2024-03-23,US,1,6952.37,6952.37,0,0.0,1,1.0
cust_008494,2024-02-09,ZA,1,202.57,202.57,0,0.0,0,0.0
cust_008495,2024-08-22,US,1,492.09,492.09,0,0.0,0,0.0
cust_008496,2024-02-04,US,0,0.0,0.0,0,0.0,0,0.0
cust_008497,2024-04-13,MX,1,206.72,206.72,0,0.0,0,0.0
cust_008498,2024-03-11,UK,3,204.7,68.23,0,0.0,0,0.0
cust_008499,2024-04-04,US,2,101.25,50.62,0,0.0,0,0.0
cust_008500,2024-05-17,FR,1,140.11,140.11,1,1.0,0,0.0
cust_008501,2024-06-08,US,1,56.92,56.92,0,0.0,0,0.0
cust_008502,2024-03-22,US,1,31.32,31.32,0,0.0,0,0.0
cust_008503,2024-01-19,IN,1,38.35,38.35,1,1.0,0,0.0
cust_008504,2024-07-01,ZA,25,2928.37,117.13,4,0.16,1,0.04
cust_008505,2024-07-20,KR,1,240.82,240.82,0,0.0,0,0.0
cust_008506,2024-04-02,IN,1,51.72,51.72,0,0.0,0,0.0
cust_008507,2024-05-06,US,1,43.71,43.71,0,0.0,0,0.0
cust_008508,2024-03-31,CA,1,63.79,63.79,0,0.0,0,0.0
cust_008509,2024-04-21,CN,1,163.43,163.43,0,0.0,0,0.0
cust_008510,2024-04-04,DE,1,55.87,55.87,0,0.0,0,0.0
cust_008511,2024-08-02,US,1,383.35,383.35,1,1.0,0,0.0
cust_008512,2024-04-16,KR,1,268.67,268.67,0,0.0,0,0.0
cust_008513,2024-05-29,RU,2,12223.6,6111.8,0,0.0,0,0.0
cust_008514,2024-06-03,US,2,992.88,496.44,1,0.5,1,0.5
cust_008515,2024-02-28,DE,2,20205.12,10102.56,0,0.0,1,0.5
cust_008516,2024-01-19,NG,1,206.29,206.29,0,0.0,0,0.0
cust_008517,2024-02-21,US,1,141.4,141.4,0,0.0,0,0.0
cust_008518,2024-02-02,CN,1,60.37,60.37,0,0.0,0,0.0
cust_008519,2024-07-30,US,1,12.4,12.4,0,0.0,0,0.0
cust_008520,2024-03-06,UK,2,1049.37,524.69,0,0.0,0,0.0
cust_008521,2024-05-15,MX,1,100.4,100.4,0,0.0,0,0.0
cust_008522,2024-03-07,MX,1,129.51,129.51,0,0.0,0,0.0
cust_008523,2024-03-26,US,2,271.1,135.55,0,0.0,0,0.0
cust_008524,2024-07-09,JP,1,99.2,99.2,0,0.0,0,0.0
cust_008525,2024-09-01,DE,1,128.28,128.28,0,0.0,0,0.0
cust_008526,2024-02-02,NG,1,112.97,112.97,0,0.0,0,0.0
cust_008527,2024-05-14,UK,1,98.39,98.39,0,0.0,0,0.0
cust_008528,2024-01-22,ZA,0,0.0,0.0,0,0.0,0,0.0
cust_008529,2024-04-06,FR,1,395.3,395.3,0,0.0,0,0.0
cust_008530,2024-05-05,FR,1,142.37,142.37,0,0.0,0,0.0
cust_008531,2024-02-09,UK,1,110.32,110.32,1,1.0,0,0.0
cust_008532,2024-04-16,UK,1,264.27,264.27,0,0.0,0,0.0
cust_008533,2024-02-13,US,1,156.05,156.05,0,0.0,0,0.0
cust_008534,2024-02-13,US,1,455.25,455.25,0,0.0,0,0.0
cust_008535,2024-07-13,RU,1,21.34,21.34,0,0.0,0,0.0
cust_008536,2024-07-29,IN,1,149.89,149.89,0,0.0,0,0.0
cust_008537,2024-08-14,CA,2,657.69,328.84,0,0.0,1,0.5
cust_008538,2024-04-29,US,1,39.55,39.55,0,0.0,0,0.0
cust_008539,2024-04-05,FR,0,0.0,0.0,0,0.0,0,0.0
cust_008540,2024-03-02,UK,1,284.48,284.48,0,0.0,0,0.0
cust_008541,2024-01-30,BR,3,6177.6,2059.2,0,0.0,0,0.0
cust_008542,2024-08-16,US,1,65.02,65.02,0,0.0,0,0.0
cust_008543,2024-02-26,US,1,62.82,62.82,0,0.0,0,0.0
cust_008544,2024-05-20,US,1,84.43,84.43,0,0.0,0,0.0
cust_008545,2024-04-16,US,1,520.25,520.25,0,0.0,0,0.0
cust_008546,2024-06-23,DE,1,897.09,897.09,0,0.0,0,0.0
cust_008547,2024-05-15,DE,1,141.85,141.85,0,0.0,0,0.0
cust_008548,2024-03-03,UK,1,242.38,242.38,1,1.0,0,0.0
cust_008549,2024-02-15,AU,0,0.0,0.0,0,0.0,0,0.0
cust_008550,2024-01-22,MX,1,207.09,207.09,0,0.0,0,0.0
cust_008551,2024-01-27,FR,1,36.08,36.08,0,0.0,0,0.0
cust_008552,2024-02-05,DE,1,142.66,142.66,1,1.0,0,0.0
cust_008553,2024-02-15,UK,1,77.45,77.45,0,0.0,0,0.0
cust_008554,2024-06-13,CA,2,12188.81,6094.4,0,0.0,1,0.5
cust_008555,2024-03-29,US,1,1785.09,1785.09,0,0.0,0,0.0
cust_008556,2024-06-30,US,0,0.0,0.0,0,0.0,0,0.0
cust_008557,2024-04-24,US,1,245.29,245.29,0,0.0,0,0.0
cust_008558,2024-03-16,CA,1,88.0,88.0,0,0.0,0,0.0
cust_008559,2024-04-07,US,6,4090.42,681.74,0,0.0,0,0.0
cust_008560,2024-03-08,UK,1,53.41,53.41,0,0.0,0,0.0
cust_008561,2024-05-06,BR,1,60.93,60.93,1,1.0,0,0.0
cust_008562,2024-02-26,UK,1,110.98,110.98,0,0.0,0,0.0
cust_008563,2024-03-04,US,1,22.48,22.48,0,0.0,0,0.0
cust_008564,2024-03-16,UK,3,13635.93,4545.31,0,0.0,0,0.0
cust_008565,2024-01-24,CA,1,15.35,15.35,0,0.0,0,0.0
cust_008566,2024-07-22,US,1,116.16,116.16,0,0.0,0,0.0
cust_008567,2024-04-22,IN,9,441.67,49.07,0,0.0,0,0.0
cust_008568,2024-06-29,US,1,17.34,17.34,0,0.0,0,0.0
cust_008569,2024-05-03,CA,1,199.37,199.37,0,0.0,0,0.0
cust_008570,2024-04-23,IN,2,8364.38,4182.19,0,0.0,0,0.0
cust_008571,2024-05-02,UK,3,10544.93,3514.98,0,0.0,1,0.3333
cust_008572,2024-02-09,KR,4,16034.81,4008.7,0,0.0,1,0.25
cust_008573,2024-04-07,US,0,0.0,0.0,0,0.0,0,0.0
cust_008574,2024-02-14,UK,1,73.3,73.3,0,0.0,0,0.0
cust_008575,2024-07-11,US,1,511.6,511.6,0,0.0,0,0.0
cust_008576,2024-03-05,RU,1,115.99,115.99,0,0.0,0,0.0
cust_008577,2024-02-22,US,1,64.06,64.06,1,1.0,0,0.0
cust_008578,2024-03-16,CA,3,6074.65,2024.88,0,0.0,1,0.3333
cust_008579,2024-02-03,UK,1,208.68,208.68,0,0.0,0,0.0
cust_008580,2024-02-03,RU,1,17.68,17.68,0,0.0,0,0.0
cust_008581,2024-07-04,CA,3,275.97,91.99,1,0.3333,0,0.0
cust_008582,2024-03-16,UK,1,59.03,59.03,0,0.0,0,0.0
cust_008583,2024-02-09,IN,1,61.84,61.84,0,0.0,0,0.0
cust_008584,2024-03-23,FR,1,181.15,181.15,0,0.0,0,0.0
cust_008585,2024-07-16,US,1,127.96,127.96,0,0.0,0,0.0
cust_008586,2024-02-11,US,2,4340.72,2170.36,0,0.0,0,0.0
cust_008587,2024-07-03,US,8,280.53,35.07,1,0.125,4,0.5
cust_008588,2024-02-22,UK,1,199.89,199.89,0,0.0,0,0.0
cust_008589,2024-03-04,IN,1,61.34,61.34,0,0.0,0,0.0
cust_008590,2024-04-30,RU,1,259.83,259.83,0,0.0,0,0.0
cust_008591,2024-07-20,CA,1,39.79,39.79,0,0.0,0,0.0
cust_008592,2024-02-17,US,1,17.55,17.55,1,1.0,0,0.0
cust_008593,2024-03-16,CA,0,0.0,0.0,0,0.0,0,0.0
cust_008594,2024-03-22,UK,1,377.99,377.99,0,0.0,0,0.0
cust_008595,2024-03-24,IN,6,461.49,76.92,0,0.0,0,0.0
cust_008596,2024-09-17,IN,1,98.08,98.08,0,0.0,0,0.0
cust_008597,2024-04-13,DE,2,16777.79,8388.9,0,0.0,0,0.0
cust_008598,2024-01-30,ZA,1,381.67,381.67,0,0.0,0,0.0
cust_008599,2024-04-23,US,1,449.72,449.72,0,0.0,0,0.0
cust_008600,2024-06-16,AU,6,540.5,90.08,0,0.0,2,0.3333
cust_008601,2024-04-25,JP,1,14946.89,14946.89,0,0.0,0,0.0
cust_008602,2024-04-28,US,1,347.55,347.55,0,0.0,0,0.0
cust_008603,2024-03-22,FR,1,90.21,90.21,0,0.0,0,0.0
cust_008604,2024-05-25,US,1,118.89,118.89,0,0.0,0,0.0
cust_008605,2024-03-28,CA,0,0.0,0.0,0,0.0,0,0.0
cust_008606,2024-02-17,US,9,1379.86,153.32,1,0.1111,0,0.0
cust_008607,2024-04-24,US,0,0.0,0.0,0,0.0,0,0.0
cust_008608,2024-01-12,IN,1,76.96,76.96,1,1.0,0,0.0
cust_008609,2024-06-15,UK,1,95.12,95.12,0,0.0,0,0.0
cust_008610,2024-03-22,US,0,0.0,0.0,0,0.0,0,0.0
cust_008611,2024-03-22,IN,1,92.38,92.38,0,0.0,0,0.0
cust_008612,2024-05-30,CA,1,546.66,546.66,0,0.0,0,0.0
cust_008613,2024-04-22,US,2,6150.16,3075.08,1,0.5,0,0.0
cust_008614,2024-02-10,BR,1,58.72,58.72,0,0.0,0,0.0
cust_008615,2024-03-30,ZA,1,115.8,115.8,0,0.0,0,0.0
cust_008616,2024-03-12,US,4,4720.15,1180.04,0,0.0,0,0.0
cust_008617,2024-03-09,ZA,1,86.73,86.73,0,0.0,0,0.0
cust_008618,2024-02-17,ZA,1,86.76,86.76,0,0.0,0,0.0
cust_008619,2024-05-23,UK,1,229.4,229.4,0,0.0,0,0.0
cust_008620,2024-08-11,CN,1,91.46,91.46,0,0.0,0,0.0
cust_008621,2024-06-15,AU,1,158.1,158.1,0,0.0,0,0.0
cust_008622,2024-06-17,BR,1,61.57,61.57,0,0.0,0,0.0
cust_008623,2024-01-28,US,1,234.2,234.2,0,0.0,0,0.0
cust_008624,2024-01-13,AU,1,2231.89,2231.89,0,0.0,0,0.0
cust_008625,2024-03-16,US,1,2094.87,2094.87,0,0.0,0,0.0
cust_008626,2024-04-17,FR,1,111.87,111.87,1,1.0,0,0.0
cust_008627,2024-08-02,US,0,0.0,0.0,0,0.0,0,0.0
cust_008628,2024-02-10,AU,1,501.16,501.16,0,0.0,0,0.0
cust_008629,2024-03-19,NG,1,58.81,58.81,0,0.0,0,0.0
cust_008630,2024-05-21,CA,1,121.25,121.25,0,0.0,0,0.0
cust_008631,2024-02-08,UK,1,71.64,71.64,0,0.0,0,0.0
cust_008632,2024-03-04,US,1,79.36,79.36,0,0.0,0,0.0
cust_008633,2024-03-15,US,0,0.0,0.0,0,0.0,0,0.0
cust_008634,2024-03-11,ZA,1,65.33,65.33,0,0.0,0,0.0
cust_008635,2024-06-15,FR,1,98.93,98.93,0,0.0,0,0.0
cust_008636,2024-02-29,AU,0,0.0,0.0,0,0.0,0,0.0
cust_008637,2024-05-30,BR,1,194.64,194.64,0,0.0,0,0.0
cust_008638,2024-05-01,IN,1,45.44,45.44,0,0.0,0,0.0
cust_008639,2024-02-13,UK,1,41.65,41.65,0,0.0,0,0.0
cust_008640,2024-02-24,US,1,218.77,218.77,0,0.0,0,0.0
cust_008641,2024-02-11,US,1,65.87,65.87,0,0.0,0,0.0
cust_008642,2024-01-19,BR,1,110.57,110.57,0,0.0,0,0.0
cust_008643,2024-04-17,JP,1,302.44,302.44,0,0.0,0,0.0
cust_008644,2024-04-10,US,1,418.31,418.31,0,0.0,0,0.0
cust_008645,2024-07-20,CA,1,95.77,95.77,0,0.0,0,0.0
cust_008646,2024-01-27,IN,1,158.39,158.39,0,0.0,0,0.0
cust_008647,2024-03-19,DE,1,299.96,299.96,0,0.0,0,0.0
cust_008648,2024-03-31,IN,1,69.66,69.66,0,0.0,0,0.0
cust_008649,2024-04-22,US,1,172.76,172.76,1,1.0,0,0.0
cust_008650,2024-06-05,DE,1,950.51,950.51,0,0.0,1,1.0
cust_008651,2024-06-03,FR,1,54.28,54.28,0,0.0,0,0.0
cust_008652,2024-06-12,US,7,847.06,121.01,0,0.0,1,0.1429
cust_008653,2024-02-17,IN,1,102.66,102.66,0,0.0,0,0.0
cust_008654,2024-07-24,UK,1,156.43,156.43,0,0.0,0,0.0
cust_008655,2024-08-16,NG,0,0.0,0.0,0,0.0,0,0.0
cust_008656,2024-03-24,MX,1,147.58,147.58,1,1.0,0,0.0
cust_008657,2024-04-03,IN,1,106.23,106.23,0,0.0,0,0.0
cust_008658,2024-07-06,UK,1,133.77,133.77,0,0.0,0,0.0
cust_008659,2024-05-03,CN,2,734.1,367.05,0,0.0,1,0.5
cust_008660,2024-05-02,US,2,69.7,34.85,0,0.0,0,0.0
cust_008661,2024-03-01,CA,2,1948.15,974.08,0,0.0,1,0.5
cust_008662,2024-10-27,UK,1,473.5,473.5,0,0.0,0,0.0
cust_008663,2024-04-07,US,1,181.26,181.26,1,1.0,0,0.0
cust_008664,2024-06-18,NG,1,225.25,225.25,0,0.0,0,0.0
cust_008665,2024-02-28,US,1,401.14,401.14,0,0.0,0,0.0
cust_008666,2024-06-25,AU,1,19.59,19.59,0,0.0,0,0.0
cust_008667,2024-07-13,FR,1,88.24,88.24,0,0.0,0,0.0
cust_008668,2024-07-20,DE,1,76.73,76.73,0,0.0,0,0.0
cust_008669,2024-05-30,US,2,3599.38,1799.69,0,0.0,0,0.0
cust_008670,2024-04-07,UK,1,56.92,56.92,0,0.0,0,0.0
cust_008671,2024-09-08,CN,10,3274.13,327.41,2,0.2,0,0.0
cust_008672,2024-04-26,UK,1,2235.74,2235.74,0,0.0,1,1.0
cust_008673,2024-02-02,US,1,56.93,56.93,0,0.0,0,0.0
cust_008674,2024-07-14,FR,2,542.96,271.48,0,0.0,1,0.5
cust_008675,2024-03-20,DE,1,78.7,78.7,0,0.0,0,0.0
cust_008676,2024-04-19,IN,1,275.74,275.74,0,0.0,0,0.0
cust_008677,2024-01-11,UK,1,1422.66,1422.66,1,1.0,0,0.0
cust_008678,2024-05-03,US,1,160.44,160.44,0,0.0,0,0.0
cust_008679,2024-04-02,US,1,93.44,93.44,0,0.0,0,0.0
cust_008680,2024-04-05,IN,2,7436.72,3718.36,0,0.0,1,0.5
cust_008681,2024-02-13,ZA,1,28.11,28.11,0,0.0,0,0.0
cust_008682,2024-05-18,AU,1,9816.63,9816.63,0,0.0,1,1.0
cust_008683,2024-02-13,DE,0,0.0,0.0,0,0.0,0,0.0
cust_008684,2024-04-11,CA,1,145.19,145.19,0,0.0,0,0.0
cust_008685,2024-04-05,DE,1,167.42,167.42,0,0.0,0,0.0
cust_008686,2024-05-13,CA,1,54.65,54.65,1,1.0,0,0.0
cust_008687,2024-03-28,JP,2,1177.47,588.74,0,0.0,0,0.0
cust_008688,2024-04-06,IN,1,61.5,61.5,0,0.0,0,0.0
cust_008689,2024-04-11,US,1,123.1,123.1,0,0.0,0,0.0
cust_008690,2024-05-05,CA,1,285.72,285.72,0,0.0,0,0.0
cust_008691,2024-06-02,US,3,7008.79,2336.26,0,0.0,0,0.0
cust_008692,2024-04-17,CA,1,69.56,69.56,0,0.0,0,0.0
cust_008693,2024-07-14,BR,1,267.45,267.45,0,0.0,0,0.0
cust_008694,2024-03-29,FR,1,79.12,79.12,0,0.0,0,0.0
cust_008695,2024-02-23,US,0,0.0,0.0,0,0.0,0,0.0
cust_008696,2024-08-15,FR,1,56.15,56.15,0,0.0,0,0.0
cust_008697,2024-05-26,US,3,400.64,133.55,0,0.0,0,0.0
cust_008698,2024-04-22,IN,1,39.59,39.59,0,0.0,0,0.0
cust_008699,2024-04-19,US,1,26.59,26.59,0,0.0,0,0.0
cust_008700,2024-03-13,IN,3,9001.84,3000.61,0,0.0,0,0.0
cust_008701,2024-01-27,JP,2,16064.02,8032.01,0,0.0,1,0.5
cust_008702,2024-07-27,US,0,0.0,0.0,0,0.0,0,0.0
cust_008703,2024-07-30,DE,2,55.1,27.55,0,0.0,0,0.0
cust_008704,2024-02-07,DE,1,183.66,183.66,0,0.0,0,0.0
cust_008705,2024-07-09,FR,1,58.24,58.24,0,0.0,0,0.0
cust_008706,2024-05-24,KR,1,155.05,155.05,0,0.0,0,0.0
cust_008707,2024-02-12,CA,2,14619.49,7309.74,0,0.0,0,0.0
cust_008708,2024-04-02,US,1,168.1,168.1,0,0.0,0,0.0
cust_008709,2024-03-17,DE,1,261.76,261.76,1,1.0,0,0.0
cust_008710,2024-04-04,CA,2,4837.59,2418.8,0,0.0,0,0.0
cust_008711,2024-03-12,BR,1,44.33,44.33,0,0.0,0,0.0
cust_008712,2024-02-21,AU,1,14.05,14.05,0,0.0,0,0.0
cust_008713,2024-04-04,FR,1,1542.65,1542.65,0,0.0,0,0.0
cust_008714,2024-05-09,UK,15,11012.55,734.17,3,0.2,1,0.0667
cust_008715,2024-03-13,CA,1,152.02,152.02,0,0.0,0,0.0
cust_008716,2024-08-25,RU,2,10553.32,5276.66,0,0.0,0,0.0
cust_008717,2024-04-27,UK,2,4405.84,2202.92,0,0.0,1,0.5
cust_008718,2024-07-21,IN,1,54.81,54.81,0,0.0,0,0.0
cust_008719,2024-02-12,DE,2,9089.49,4544.74,0,0.0,1,0.5
cust_008720,2024-02-19,US,1,101.04,101.04,0,0.0,0,0.0
cust_008721,2024-03-25,AU,1,161.15,161.15,0,0.0,0,0.0
cust_008722,2024-06-25,US,1,153.58,153.58,0,0.0,0,0.0
cust_008723,2024-04-25,ZA,1,44.62,44.62,0,0.0,0,0.0
cust_008724,2024-07-09,CA,1,90.5,90.5,0,0.0,0,0.0
cust_008725,2024-01-15,US,1,384.18,384.18,0,0.0,0,0.0
cust_008726,2024-04-20,AU,1,41.14,41.14,0,0.0,0,0.0
cust_008727,2024-11-06,JP,1,15.28,15.28,0,0.0,0,0.0
cust_008728,2024-02-03,US,1,264.11,264.11,0,0.0,0,0.0
cust_008729,2024-04-08,US,2,9145.52,4572.76,0,0.0,0,0.0
cust_008730,2024-03-23,CA,1,113.79,113.79,0,0.0,0,0.0
cust_008731,2024-03-26,IN,2,10861.1,5430.55,0,0.0,0,0.0
cust_008732,2024-01-21,US,1,207.13,207.13,1,1.0,0,0.0
cust_008733,2024-08-09,CA,1,100.12,100.12,0,0.0,0,0.0
cust_008734,2024-03-07,CA,1,75.2,75.2,0,0.0,0,0.0
cust_008735,2024-02-03,JP,0,0.0,0.0,0,0.0,0,0.0
cust_008736,2024-02-18,BR,1,74.0,74.0,0,0.0,0,0.0
cust_008737,2024-02-11,US,0,0.0,0.0,0,0.0,0,0.0
cust_008738,2024-02-06,DE,1,23.34,23.34,1,1.0,0,0.0
cust_008739,2024-04-01,CA,1,194.46,194.46,0,0.0,0,0.0
cust_008740,2024-06-15,UK,1,57.01,57.01,0,0.0,0,0.0
cust_008741,2024-06-04,US,6,11172.54,1862.09,0,0.0,1,0.1667
cust_008742,2024-03-05,FR,4,9989.27,2497.32,0,0.0,2,0.5
cust_008743,2024-04-08,JP,1,87.82,87.82,0,0.0,0,0.0
cust_008744,2024-03-16,US,1,163.92,163.92,0,0.0,0,0.0
cust_008745,2024-03-15,US,1,115.06,115.06,0,0.0,0,0.0
cust_008746,2024-01-30,IN,1,113.77,113.77,0,0.0,0,0.0
cust_008747,2024-02-26,ZA,2,5822.67,2911.34,0,0.0,0,0.0
cust_008748,2024-04-04,DE,1,351.77,351.77,0,0.0,0,0.0
cust_008749,2024-04-07,US,1,143.11,143.11,0,0.0,0,0.0
cust_008750,2024-07-06,NG,1,108.75,108.75,0,0.0,1,1.0
cust_008751,2024-06-16,CA,1,174.89,174.89,0,0.0,0,0.0
cust_008752,2024-06-06,CA,3,11083.94,3694.65,1,0.3333,1,0.3333
cust_008753,2024-05-22,US,0,0.0,0.0,0,0.0,0,0.0
cust_008754,2024-04-18,US,39,3256.59,83.5,6,0.1538,0,0.0
cust_008755,2024-09-05,IN,1,118.22,118.22,0,0.0,0,0.0
cust_008756,2024-06-12,BR,1,40.83,40.83,0,0.0,0,0.0
cust_008757,2024-02-13,FR,3,8267.04,2755.68,0,0.0,0,0.0
cust_008758,2024-03-07,MX,1,191.31,191.31,1,1.0,0,0.0
cust_008759,2024-06-14,CA,0,0.0,0.0,0,0.0,0,0.0
cust_008760,2024-01-30,IN,1,96.98,96.98,0,0.0,0,0.0
cust_008761,2024-04-11,IN,1,122.03,122.03,0,0.0,0,0.0
cust_008762,2024-04-27,UK,1,27.22,27.22,0,0.0,0,0.0
cust_008763,2024-09-05,US,1,101.38,101.38,0,0.0,0,0.0
cust_008764,2024-08-21,BR,1,125.31,125.31,0,0.0,0,0.0
cust_008765,2024-03-25,US,1,103.36,103.36,0,0.0,0,0.0
cust_008766,2024-01-10,MX,1,43.56,43.56,0,0.0,0,0.0
cust_008767,2024-04-28,JP,1,126.57,126.57,0,0.0,0,0.0
cust_008768,2024-01-06,US,0,0.0,0.0,0,0.0,0,0.0
cust_008769,2024-01-14,US,1,145.63,145.63,0,0.0,0,0.0
cust_008770,2024-03-03,FR,1,171.44,171.44,0,0.0,0,0.0
cust_008771,2024-01-08,CA,1,58.42,58.42,0,0.0,0,0.0
cust_008772,2024-02-19,IN,6,62.52,10.42,0,0.0,1,0.1667
cust_008773,2024-06-01,US,1,2420.96,2420.96,0,0.0,0,0.0
cust_008774,2024-03-16,NG,4,10981.81,2745.45,0,0.0,1,0.25
cust_008775,2024-04-07,CA,1,13702.37,13702.37,0,0.0,1,1.0
cust_008776,2024-02-12,CA,1,158.37,158.37,0,0.0,0,0.0
cust_008777,2024-07-01,ZA,1,178.86,178.86,0,0.0,0,0.0
cust_008778,2024-05-09,AU,1,80.54,80.54,0,0.0,0,0.0
cust_008779,2024-02-08,DE,1,88.76,88.76,0,0.0,0,0.0
cust_008780,2024-03-25,JP,1,42.4,42.4,0,0.0,0,0.0
cust_008781,2024-05-04,ZA,1,51.43,51.43,0,0.0,0,0.0
cust_008782,2024-02-05,BR,1,24.99,24.99,0,0.0,0,0.0
cust_008783,2024-01-27,BR,0,0.0,0.0,0,0.0,0,0.0
cust_008784,2024-02-08,US,4,320.12,80.03,0,0.0,0,0.0
cust_008785,2024-09-02,NG,1,206.77,206.77,0,0.0,0,0.0
cust_008786,2024-02-29,NG,1,212.7,212.7,0,0.0,0,0.0
cust_008787,2024-02-17,IN,1,70.48,70.48,0,0.0,0,0.0
cust_008788,2024-02-08,DE,1,30.06,30.06,1,1.0,0,0.0
cust_008789,2024-02-17,IN,2,1794.03,897.02,0,0.0,1,0.5
cust_008790,2024-03-07,CA,4,213.93,53.48,1,0.25,0,0.0
cust_008791,2024-01-26,US,1,87.25,87.25,0,0.0,0,0.0
cust_008792,2024-08-18,DE,0,0.0,0.0,0,0.0,0,0.0
cust_008793,2024-02-05,UK,1,114.74,114.74,0,0.0,0,0.0
cust_008794,2024-03-19,CA,1,40.45,40.45,0,0.0,0,0.0
cust_008795,2024-01-25,RU,1,107.23,107.23,1,1.0,0,0.0
cust_008796,2024-02-05,US,1,18.46,18.46,0,0.0,0,0.0
cust_008797,2024-02-15,MX,1,225.92,225.92,0,0.0,0,0.0
cust_008798,2024-10-20,CA,1,47.39,47.39,0,0.0,0,0.0
cust_008799,2024-03-10,MX,1,246.91,246.91,0,0.0,0,0.0
cust_008800,2024-02-02,US,1,243.14,243.14,0,0.0,0,0.0
cust_008801,2024-05-16,US,1,1181.99,1181.99,0,0.0,0,0.0
cust_008802,2024-06-12,IN,2,7996.09,3998.04,0,0.0,0,0.0
cust_008803,2024-05-03,CA,1,345.37,345.37,0,0.0,0,0.0
cust_008804,2024-02-06,FR,0,0.0,0.0,0,0.0,0,0.0
cust_008805,2024-01-22,IN,1,126.9,126.9,0,0.0,0,0.0
cust_008806,2024-05-24,CA,11,1099.16,99.92,1,0.0909,0,0.0
cust_008807,2024-05-26,RU,3,966.54,322.18,0,0.0,0,0.0
cust_008808,2024-01-20,US,1,91.14,91.14,0,0.0,0,0.0
cust_008809,2024-01-16,US,1,96.47,96.47,0,0.0,0,0.0
cust_008810,2024-04-19,BR,2,11943.45,5971.72,0,0.0,0,0.0
cust_008811,2024-02-18,UK,1,283.4,283.4,1,1.0,0,0.0
cust_008812,2024-04-20,CA,1,184.16,184.16,0,0.0,0,0.0
cust_008813,2024-04-23,IN,1,41.42,41.42,0,0.0,0,0.0
cust_008814,2024-06-02,US,1,52.51,52.51,0,0.0,0,0.0
cust_008815,2024-03-19,UK,2,76.42,38.21,0,0.0,0,0.0
cust_008816,2024-06-04,US,1,114.61,114.61,0,0.0,0,0.0
cust_008817,2024-04-09,US,1,43.6,43.6,0,0.0,0,0.0
cust_008818,2024-04-18,US,1,175.87,175.87,0,0.0,0,0.0
cust_008819,2024-03-17,US,1,32.82,32.82,0,0.0,0,0.0
cust_008820,2024-02-02,BR,1,66.38,66.38,0,0.0,0,0.0
cust_008821,2024-04-18,NG,3,7142.9,2380.97,0,0.0,1,0.3333
cust_008822,2024-07-19,US,1,32.68,32.68,0,0.0,0,0.0
cust_008823,2024-03-26,IN,1,46.58,46.58,0,0.0,0,0.0
cust_008824,2024-06-05,UK,1,25.88,25.88,0,0.0,0,0.0
cust_008825,2024-05-07,US,1,59.62,59.62,0,0.0,0,0.0
cust_008826,2024-04-14,US,1,85.61,85.61,0,0.0,0,0.0
cust_008827,2024-07-08,DE,1,91.5,91.5,0,0.0,0,0.0
cust_008828,2024-03-01,US,4,1056.54,264.14,0,0.0,0,0.0
cust_008829,2024-04-15,NG,1,63.61,63.61,0,0.0,0,0.0
cust_008830,2024-06-23,AU,1,23.45,23.45,0,0.0,0,0.0
cust_008831,2024-02-29,FR,0,0.0,0.0,0,0.0,0,0.0
cust_008832,2024-05-30,JP,4,4678.95,1169.74,1,0.25,2,0.5
cust_008833,2024-04-27,US,1,87.64,87.64,1,1.0,0,0.0
cust_008834,2024-02-28,IN,1,69.75,69.75,0,0.0,0,0.0
cust_008835,2024-02-22,US,0,0.0,0.0,0,0.0,0,0.0
cust_008836,2024-03-23,CA,7,500.3,71.47,1,0.1429,0,0.0
cust_008837,2024-02-19,UK,1,177.21,177.21,0,0.0,0,0.0
cust_008838,2024-04-21,US,1,80.51,80.51,0,0.0,0,0.0
cust_008839,2024-01-28,FR,1,205.97,205.97,0,0.0,0,0.0
cust_008840,2024-03-25,US,1,150.66,150.66,0,0.0,0,0.0
cust_008841,2024-01-25,US,1,191.16,191.16,0,0.0,0,0.0
cust_008842,2024-01-16,NG,2,1767.96,883.98,0,0.0,1,0.5
cust_008843,2024-05-03,US,3,17240.21,5746.74,0,0.0,1,0.3333
cust_008844,2024-01-18,US,1,69.47,69.47,0,0.0,0,0.0
cust_008845,2024-09-19,US,1,110.71,110.71,0,0.0,0,0.0
cust_008846,2024-04-11,CA,2,14924.99,7462.5,0,0.0,0,0.0
cust_008847,2024-05-26,BR,1,74.84,74.84,1,1.0,0,0.0
cust_008848,2024-05-18,JP,1,174.04,174.04,0,0.0,0,0.0
cust_008849,2024-04-12,FR,0,0.0,0.0,0,0.0,0,0.0
cust_008850,2024-01-22,CA,1,127.47,127.47,0,0.0,0,0.0
cust_008851,2024-02-23,NG,1,43.06,43.06,0,0.0,0,0.0
cust_008852,2024-05-23,AU,1,43.9,43.9,0,0.0,0,0.0
cust_008853,2024-04-28,NG,1,231.0,231.0,0,0.0,0,0.0
cust_008854,2024-07-26,US,1,83.3,83.3,0,0.0,0,0.0
cust_008855,2024-04-03,IN,1,35.31,35.31,0,0.0,0,0.0
cust_008856,2024-06-04,US,1,161.35,161.35,0,0.0,0,0.0
cust_008857,2024-03-17,CA,1,15.69,15.69,0,0.0,0,0.0
cust_008858,2024-03-21,NG,1,52.34,52.34,0,0.0,0,0.0
cust_008859,2024-06-25,FR,0,0.0,0.0,0,0.0,0,0.0
cust_008860,2024-01-24,AU,1,74.93,74.93,0,0.0,0,0.0
cust_008861,2024-04-29,US,1,123.01,123.01,0,0.0,0,0.0
cust_008862,2024-04-24,UK,1,35.92,35.92,0,0.0,0,0.0
cust_008863,2024-03-20,ZA,1,82.01,82.01,1,1.0,0,0.0
cust_008864,2024-03-16,US,2,370.25,185.12,0,0.0,0,0.0
cust_008865,2024-02-29,US,1,12.95,12.95,0,0.0,0,0.0
cust_008866,2024-09-01,UK,2,20829.96,10414.98,0,0.0,1,0.5
cust_008867,2024-03-01,AU,1,79.33,79.33,0,0.0,0,0.0
cust_008868,2024-06-03,CA,2,6392.29,3196.14,0,0.0,1,0.5
cust_008869,2024-05-11,US,1,134.24,134.24,0,0.0,0,0.0
cust_008870,2024-03-23,DE,2,98.83,49.42,1,0.5,0,0.0
cust_008871,2024-02-10,FR,1,51.72,51.72,0,0.0,0,0.0
cust_008872,2024-03-21,IN,1,123.04,123.04,0,0.0,0,0.0
cust_008873,2024-03-06,US,1,98.86,98.86,0,0.0,0,0.0
cust_008874,2024-05-19,US,1,637.39,637.39,0,0.0,0,0.0
cust_008875,2024-03-22,UK,1,42.2,42.2,0,0.0,0,0.0
cust_008876,2024-05-30,UK,1,85.88,85.88,0,0.0,0,0.0
cust_008877,2024-05-22,US,2,10244.57,5122.29,0,0.0,1,0.5
cust_008878,2024-06-16,JP,1,170.51,170.51,1,1.0,0,0.0
cust_008879,2024-07-22,CN,1,94.14,94.14,0,0.0,0,0.0
cust_008880,2024-04-22,US,22,11298.76,513.58,3,0.1364,1,0.0455
cust_008881,2024-08-25,CA,1,215.84,215.84,0,0.0,0,0.0
cust_008882,2024-05-29,UK,1,139.99,139.99,0,0.0,0,0.0
cust_008883,2024-03-28,UK,0,0.0,0.0,0,0.0,0,0.0
cust_008884,2024-03-23,IN,1,118.13,118.13,0,0.0,0,0.0
cust_008885,2024-09-03,UK,2,908.89,454.44,0,0.0,0,0.0
cust_008886,2024-05-29,UK,1,126.21,126.21,1,1.0,0,0.0
cust_008887,2024-05-03,US,1,40.49,40.49,0,0.0,0,0.0
cust_008888,2024-04-16,FR,18,1379.31,76.63,1,0.0556,0,0.0
cust_008889,2024-05-13,IN,11,750.36,68.21,2,0.1818,0,0.0
cust_008890,2024-05-25,US,1,53.21,53.21,0,0.0,0,0.0
cust_008891,2024-04-11,UK,1,51.49,51.49,0,0.0,0,0.0
cust_008892,2024-06-07,US,2,2793.66,1396.83,0,0.0,1,0.5
cust_008893,2024-04-29,UK,2,6627.49,3313.74,0,0.0,0,0.0
cust_008894,2024-07-06,US,1,689.64,689.64,0,0.0,0,0.0
cust_008895,2024-05-16,IN,1,1024.7,1024.7,0,0.0,0,0.0
cust_008896,2024-06-13,IN,1,119.88,119.88,0,0.0,0,0.0
cust_008897,2024-03-27,IN,1,127.48,127.48,0,0.0,0,0.0
cust_008898,2024-04-18,UK,1,31.93,31.93,0,0.0,0,0.0
cust_008899,2024-03-10,FR,15,1374.11,91.61,1,0.0667,0,0.0
cust_008900,2024-01-09,JP,2,1225.88,612.94,0,0.0,0,0.0
cust_008901,2024-06-14,UK,1,828.94,828.94,0,0.0,0,0.0
cust_008902,2024-03-10,UK,1,14.28,14.28,0,0.0,0,0.0
cust_008903,2024-04-11,NG,2,3027.67,1513.83,0,0.0,0,0.0
cust_008904,2024-05-26,IN,1,102.52,102.52,0,0.0,0,0.0
cust_008905,2024-04-17,CA,1,65.69,65.69,1,1.0,0,0.0
cust_008906,2024-02-08,FR,1,87.47,87.47,0,0.0,0,0.0
cust_008907,2024-03-12,US,2,2626.99,1313.5,0,0.0,0,0.0
cust_008908,2024-02-21,US,1,40.52,40.52,0,0.0,0,0.0
cust_008909,2024-02-03,DE,1,409.87,409.87,0,0.0,0,0.0
cust_008910,2024-06-19,IN,0,0.0,0.0,0,0.0,0,0.0
cust_008911,2024-04-28,UK,12,472.66,39.39,1,0.0833,0,0.0
cust_008912,2024-07-25,US,1,77.29,77.29,0,0.0,0,0.0
cust_008913,2024-05-16,MX,1,147.66,147.66,0,0.0,0,0.0
cust_008914,2024-05-06,FR,1,148.58,148.58,0,0.0,0,0.0
cust_008915,2024-03-25,UK,1,32.81,32.81,0,0.0,0,0.0
cust_008916,2024-07-04,US,1,17.31,17.31,0,0.0,0,0.0
cust_008917,2024-04-28,CA,1,69.08,69.08,0,0.0,0,0.0
cust_008918,2024-02-11,US,1,402.44,402.44,0,0.0,0,0.0
cust_008919,2024-02-19,UK,1,38.03,38.03,0,0.0,0,0.0
cust_008920,2024-02-21,ZA,1,385.79,385.79,1,1.0,0,0.0
cust_008921,2024-03-17,FR,1,225.26,225.26,1,1.0,0,0.0
cust_008922,2024-08-27,ZA,1,71.69,71.69,0,0.0,0,0.0
cust_008923,2024-05-14,UK,1,905.38,905.38,0,0.0,0,0.0
cust_008924,2024-03-19,US,1,183.15,183.15,0,0.0,0,0.0
cust_008925,2024-02-24,KR,1,1283.68,1283.68,0,0.0,0,0.0
cust_008926,2024-02-25,JP,2,11782.94,5891.47,0,0.0,0,0.0
cust_008927,2024-04-12,CA,0,0.0,0.0,0,0.0,0,0.0
cust_008928,2024-06-27,US,126,12378.57,98.24,10,0.0794,2,0.0159
cust_008929,2024-07-14,FR,0,0.0,0.0,0,0.0,0,0.0
cust_008930,2024-05-18,US,1,355.77,355.77,0,0.0,0,0.0
cust_008931,2024-05-06,RU,1,114.82,114.82,0,0.0,0,0.0
cust_008932,2024-01-19,DE,1,754.75,754.75,1,1.0,0,0.0
cust_008933,2024-02-22,US,1,30.17,30.17,0,0.0,0,0.0
cust_008934,2024-05-07,US,1,1005.8,1005.8,0,0.0,0,0.0
cust_008935,2024-08-01,US,1,735.09,735.09,0,0.0,0,0.0
cust_008936,2024-09-30,AU,10,522.38,52.24,0,0.0,0,0.0
cust_008937,2024-07-03,US,0,0.0,0.0,0,0.0,0,0.0
cust_008938,2024-01-26,CA,1,20.67,20.67,0,0.0,0,0.0
cust_008939,2024-01-23,UK,1,283.89,283.89,0,0.0,0,0.0
cust_008940,2024-03-23,CA,1,30.01,30.01,0,0.0,0,0.0
cust_008941,2024-07-07,DE,1,559.39,559.39,0,0.0,0,0.0
cust_008942,2024-03-11,US,1,59.63,59.63,0,0.0,0,0.0
cust_008943,2024-05-05,US,1,19.4,19.4,0,0.0,0,0.0
cust_008944,2024-08-30,US,3,6607.8,2202.6,0,0.0,0,0.0
cust_008945,2024-07-04,CN,1,41.3,41.3,1,1.0,0,0.0
cust_008946,2024-06-03,UK,1,390.01,390.01,0,0.0,0,0.0
cust_008947,2024-04-12,US,1,255.66,255.66,0,0.0,0,0.0
cust_008948,2024-03-22,CA,1,176.06,176.06,0,0.0,0,0.0
cust_008949,2024-04-30,US,1,27.37,27.37,1,1.0,0,0.0
cust_008950,2024-02-22,AU,1,72.27,72.27,0,0.0,0,0.0
cust_008951,2024-05-11,US,1,183.31,183.31,0,0.0,0,0.0
cust_008952,2024-08-04,ZA,1,38.84,38.84,0,0.0,0,0.0
cust_008953,2024-01-19,IN,6,478.47,79.74,1,0.1667,0,0.0
cust_008954,2024-01-19,IN,1,210.2,210.2,0,0.0,0,0.0
cust_008955,2024-05-07,US,0,0.0,0.0,0,0.0,0,0.0
cust_008956,2024-02-11,US,1,31.46,31.46,0,0.0,0,0.0
cust_008957,2024-03-17,US,1,56.35,56.35,0,0.0,0,0.0
cust_008958,2024-08-20,JP,1,36.65,36.65,0,0.0,0,0.0
cust_008959,2024-03-22,KR,1,87.48,87.48,0,0.0,0,0.0
cust_008960,2024-06-19,US,1,76.47,76.47,0,0.0,0,0.0
cust_008961,2024-03-26,ZA,1,179.73,179.73,0,0.0,0,0.0
cust_008962,2024-05-05,IN,1,96.7,96.7,0,0.0,0,0.0
cust_008963,2024-04-18,AU,1,76.97,76.97,0,0.0,0,0.0
cust_008964,2024-06-05,ZA,1,47.89,47.89,0,0.0,0,0.0
cust_008965,2024-02-11,KR,2,8165.67,4082.84,0,0.0,1,0.5
cust_008966,2024-05-29,CA,2,1590.36,795.18,0,0.0,1,0.5
cust_008967,2024-01-16,CA,1,53.88,53.88,0,0.0,0,0.0
cust_008968,2024-04-12,DE,1,122.48,122.48,0,0.0,0,0.0
cust_008969,2024-03-03,US,1,41.34,41.34,0,0.0,0,0.0
cust_008970,2024-09-30,UK,1,114.04,114.04,0,0.0,0,0.0
cust_008971,2024-05-16,BR,1,52.47,52.47,0,0.0,0,0.0
cust_008972,2024-02-05,US,1,71.89,71.89,0,0.0,0,0.0
cust_008973,2024-05-10,UK,2,12055.14,6027.57,0,0.0,0,0.0
cust_008974,2024-05-27,US,1,258.96,258.96,0,0.0,0,0.0
cust_008975,2024-03-22,IN,1,48.89,48.89,0,0.0,0,0.0
cust_008976,2024-06-12,US,1,66.4,66.4,0,0.0,0,0.0
cust_008977,2024-03-05,CN,1,84.54,84.54,0,0.0,0,0.0
cust_008978,2024-05-23,AU,1,73.22,73.22,0,0.0,0,0.0
cust_008979,2024-03-30,US,1,349.8,349.8,0,0.0,0,0.0
cust_008980,2024-09-28,US,1,294.6,294.6,0,0.0,0,0.0
cust_008981,2024-03-30,US,1,198.64,198.64,0,0.0,0,0.0
cust_008982,2024-08-19,US,1,161.36,161.36,1,1.0,0,0.0
cust_008983,2024-02-04,UK,1,406.06,406.06,0,0.0,0,0.0
cust_008984,2024-04-10,US,1,57.72,57.72,0,0.0,0,0.0
cust_008985,2024-01-21,CA,1,64.8,64.8,0,0.0,0,0.0
cust_008986,2024-06-15,US,1,89.67,89.67,0,0.0,0,0.0
cust_008987,2024-06-16,US,1,176.64,176.64,0,0.0,0,0.0
cust_008988,2024-05-16,MX,1,29.08,29.08,0,0.0,0,0.0
cust_008989,2024-03-14,NG,4,7658.45,1914.61,0,0.0,1,0.25
cust_008990,2024-01-25,US,1,143.61,143.61,0,0.0,0,0.0
cust_008991,2024-08-17,IN,2,220.29,110.14,0,0.0,0,0.0
cust_008992,2024-02-01,US,1,24.51,24.51,0,0.0,0,0.0
cust_008993,2024-03-29,AU,137,17266.22,126.03,10,0.073,2,0.0146
cust_008994,2024-07-05,BR,1,211.02,211.02,0,0.0,0,0.0
cust_008995,2024-03-23,DE,0,0.0,0.0,0,0.0,0,0.0
cust_008996,2024-02-15,DE,1,235.49,235.49,0,0.0,0,0.0
cust_008997,2024-04-24,JP,1,652.14,652.14,0,0.0,0,0.0
cust_008998,2024-04-13,US,9,768.5,85.39,0,0.0,0,0.0
cust_008999,2024-02-20,DE,1,39.31,39.31,0,0.0,0,0.0
cust_009000,2024-07-26,US,1,287.56,287.56,0,0.0,0,0.0
cust_009001,2024-04-09,US,1,19.73,19.73,0,0.0,0,0.0
cust_009002,2024-04-30,IN,1,147.37,147.37,0,0.0,0,0.0
cust_009003,2024-03-03,US,1,96.75,96.75,0,0.0,0,0.0
cust_009004,2024-04-14,US,1,22.94,22.94,0,0.0,0,0.0
cust_009005,2024-03-18,US,2,9900.91,4950.46,0,0.0,0,0.0
cust_009006,2024-03-22,KR,1,214.1,214.1,0,0.0,0,0.0
cust_009007,2024-06-05,US,1,74.2,74.2,0,0.0,0,0.0
cust_009008,2024-08-05,UK,0,0.0,0.0,0,0.0,0,0.0
cust_009009,2024-02-23,US,2,170.23,85.12,0,0.0,0,0.0
cust_009010,2024-05-05,CN,4,1165.41,291.35,0,0.0,1,0.25
cust_009011,2024-05-14,US,1,553.1,553.1,0,0.0,0,0.0
cust_009012,2024-05-08,CA,1,39.66,39.66,1,1.0,0,0.0
cust_009013,2024-02-13,CA,1,75.95,75.95,0,0.0,0,0.0
cust_009014,2024-01-22,DE,1,310.57,310.57,0,0.0,0,0.0
cust_009015,2024-03-08,NG,1,427.06,427.06,0,0.0,0,0.0
cust_009016,2024-05-26,US,1,195.49,195.49,0,0.0,0,0.0
cust_009017,2024-07-24,US,1,455.44,455.44,0,0.0,0,0.0
cust_009018,2024-01-23,UK,0,0.0,0.0,0,0.0,0,0.0
cust_009019,2024-05-30,UK,1,80.75,80.75,0,0.0,0,0.0
cust_009020,2024-02-10,NG,1,56.56,56.56,0,0.0,0,0.0
cust_009021,2024-08-31,US,1,354.54,354.54,0,0.0,0,0.0
cust_009022,2024-03-18,JP,1,72.01,72.01,0,0.0,0,0.0
cust_009023,2024-06-16,US,1,135.27,135.27,0,0.0,0,0.0
cust_009024,2024-03-16,US,0,0.0,0.0,0,0.0,0,0.0
cust_009025,2024-08-08,FR,1,216.43,216.43,0,0.0,0,0.0
cust_009026,2024-04-22,AU,5,13604.82,2720.96,0,0.0,1,0.2
cust_009027,2024-03-16,US,1,151.57,151.57,1,1.0,0,0.0
cust_009028,2024-01-07,ZA,1,54.62,54.62,0,0.0,0,0.0
cust_009029,2024-04-07,US,1,153.06,153.06,0,0.0,0,0.0
cust_009030,2024-07-22,NG,2,88.41,44.2,0,0.0,0,0.0
cust_009031,2024-02-27,US,3,4175.61,1391.87,0,0.0,1,0.3333
cust_009032,2024-05-26,US,1,86.68,86.68,0,0.0,0,0.0
cust_009033,2024-03-10,JP,1,69.27,69.27,0,0.0,0,0.0
cust_009034,2024-02-22,US,1,33.2,33.2,0,0.0,0,0.0
cust_009035,2024-01-29,CA,0,0.0,0.0,0,0.0,0,0.0
cust_009036,2024-04-02,BR,1,223.56,223.56,0,0.0,0,0.0
cust_009037,2024-04-12,US,1,48.72,48.72,0,0.0,0,0.0
cust_009038,2024-07-07,FR,1,205.8,205.8,0,0.0,0,0.0
cust_009039,2024-02-22,CA,1,29.05,29.05,0,0.0,0,0.0
cust_009040,2024-07-11,US,1,119.94,119.94,1,1.0,0,0.0
cust_009041,2024-01-14,US,1,36.77,36.77,0,0.0,0,0.0
cust_009042,2024-01-26,US,1,56.77,56.77,0,0.0,0,0.0
cust_009043,2024-03-23,UK,0,0.0,0.0,0,0.0,0,0.0
cust_009044,2024-01-13,UK,1,315.8,315.8,0,0.0,0,0.0
cust_009045,2024-02-21,FR,1,163.57,163.57,0,0.0,0,0.0
cust_009046,2024-05-17,UK,1,184.45,184.45,0,0.0,0,0.0
cust_009047,2024-02-23,UK,1,158.93,158.93,0,0.0,0,0.0
cust_009048,2024-06-11,BR,1,41.45,41.45,0,0.0,0,0.0
cust_009049,2024-04-04,UK,0,0.0,0.0,0,0.0,0,0.0
cust_009050,2024-04-08,ZA,1,330.89,330.89,0,0.0,0,0.0
cust_009051,2024-01-19,IN,1,33.73,33.73,0,0.0,0,0.0
cust_009052,2024-03-15,CN,1,91.36,91.36,0,0.0,0,0.0
cust_009053,2024-03-16,NG,1,112.74,112.74,0,0.0,0,0.0
cust_009054,2024-04-17,UK,1,38.96,38.96,0,0.0,0,0.0
cust_009055,2024-09-17,IN,1,167.54,167.54,0,0.0,0,0.0
cust_009056,2024-05-27,US,0,0.0,0.0,0,0.0,0,0.0
cust_009057,2024-03-02,CA,1,105.69,105.69,0,0.0,0,0.0
cust_009058,2024-05-20,UK,1,130.56,130.56,0,0.0,0,0.0
cust_009059,2024-03-20,CA,2,50.48,25.24,0,0.0,0,0.0
cust_009060,2024-05-10,US,1,67.12,67.12,0,0.0,0,0.0
cust_009061,2024-03-03,JP,1,69.51,69.51,0,0.0,0,0.0
cust_009062,2024-03-29,US,1,297.68,297.68,0,0.0,0,0.0
cust_009063,2024-06-01,AU,1,136.67,136.67,0,0.0,0,0.0
cust_009064,2024-02-13,MX,1,613.76,613.76,0,0.0,0,0.0
cust_009065,2024-01-07,US,0,0.0,0.0,0,0.0,0,0.0
cust_009066,2024-03-27,UK,1,16.33,16.33,0,0.0,0,0.0
cust_009067,2024-05-16,IN,1,63.27,63.27,0,0.0,0,0.0
cust_009068,2024-04-05,ZA,1,26.24,26.24,0,0.0,0,0.0
cust_009069,2024-03-19,JP,6,13737.2,2289.53,1,0.1667,0,0.0
cust_009070,2024-08-02,UK,1,32.74,32.74,1,1.0,0,0.0
cust_009071,2024-04-13,KR,1,78.06,78.06,0,0.0,0,0.0
cust_009072,2024-01-14,US,0,0.0,0.0,0,0.0,0,0.0
cust_009073,2024-04-21,US,2,13530.73,6765.36,0,0.0,1,0.5
cust_009074,2024-05-05,CA,1,128.38,128.38,0,0.0,0,0.0
cust_009075,2024-06-07,AU,1,22.78,22.78,0,0.0,0,0.0
cust_009076,2024-03-13,US,2,3485.93,1742.96,0,0.0,0,0.0
cust_009077,2024-04-10,FR,1,243.5,243.5,0,0.0,0,0.0
cust_009078,2024-02-16,US,1,149.08,149.08,0,0.0,0,0.0
cust_009079,2024-07-19,US,1,170.21,170.21,0,0.0,0,0.0
cust_009080,2024-02-27,KR,1,118.57,118.57,0,0.0,0,0.0
cust_009081,2024-04-24,DE,1,102.16,102.16,0,0.0,0,0.0
cust_009082,2024-04-26,UK,1,101.69,101.69,0,0.0,0,0.0
cust_009083,2024-01-14,FR,1,42.21,42.21,0,0.0,0,0.0
cust_009084,2024-04-01,UK,2,436.88,218.44,0,0.0,0,0.0
cust_009085,2024-05-15,US,1,156.15,156.15,1,1.0,0,0.0
cust_009086,2024-04-26,CA,1,478.12,478.12,0,0.0,0,0.0
cust_009087,2024-06-09,MX,1,32.42,32.42,0,0.0,0,0.0
cust_009088,2024-03-26,US,1,52.19,52.19,0,0.0,0,0.0
cust_009089,2024-07-14,US,1,166.88,166.88,0,0.0,0,0.0
cust_009090,2024-05-11,FR,1,189.94,189.94,0,0.0,0,0.0
cust_009091,2024-05-24,UK,1,154.0,154.0,0,0.0,0,0.0
cust_009092,2024-04-06,US,1,106.5,106.5,0,0.0,0,0.0
cust_009093,2024-06-07,CA,1,132.1,132.1,0,0.0,0,0.0
cust_009094,2024-01-18,CN,1,200.79,200.79,0,0.0,0,0.0
cust_009095,2024-05-18,US,4,20267.28,5066.82,0,0.0,1,0.25
cust_009096,2024-05-12,US,2,1203.0,601.5,0,0.0,1,0.5
cust_009097,2024-01-09,CA,2,4760.32,2380.16,2,1.0,0,0.0
cust_009098,2024-05-11,UK,1,273.98,273.98,0,0.0,0,0.0
cust_009099,2024-04-18,US,1,31.94,31.94,0,0.0,0,0.0
cust_009100,2024-03-17,IN,1,62.11,62.11,0,0.0,0,0.0
cust_009101,2024-03-20,IN,2,125.33,62.66,0,0.0,0,0.0
cust_009102,2024-01-22,IN,1,216.69,216.69,0,0.0,1,1.0
cust_009103,2024-02-19,UK,1,43.3,43.3,0,0.0,0,0.0
cust_009104,2024-03-04,US,1,110.1,110.1,0,0.0,0,0.0
cust_009105,2024-04-11,US,1,630.97,630.97,0,0.0,0,0.0
cust_009106,2024-03-06,BR,1,75.56,75.56,1,1.0,0,0.0
cust_009107,2024-04-29,IN,1,115.17,115.17,0,0.0,0,0.0
cust_009108,2024-06-17,UK,1,62.47,62.47,0,0.0,0,0.0
cust_009109,2024-04-22,IN,2,14498.06,7249.03,0,0.0,1,0.5
cust_009110,2024-02-17,US,1,9349.2,9349.2,0,0.0,0,0.0
cust_009111,2024-03-16,JP,2,7994.55,3997.27,0,0.0,0,0.0
cust_009112,2024-03-09,FR,1,148.99,148.99,0,0.0,0,0.0
cust_009113,2024-06-12,US,1,21.14,21.14,0,0.0,0,0.0
cust_009114,2024-05-16,US,1,358.43,358.43,0,0.0,0,0.0
cust_009115,2024-09-14,US,0,0.0,0.0,0,0.0,0,0.0
cust_009116,2024-08-24,US,1,68.74,68.74,0,0.0,0,0.0
cust_009117,2024-03-15,CA,1,176.22,176.22,0,0.0,0,0.0
cust_009118,2024-03-04,US,17,1644.79,96.75,1,0.0588,0,0.0
cust_009119,2024-05-30,DE,1,152.88,152.88,0,0.0,0,0.0
cust_009120,2024-02-09,CA,1,228.71,228.71,0,0.0,0,0.0
cust_009121,2024-05-24,US,1,197.78,197.78,1,1.0,0,0.0
cust_009122,2024-03-29,US,1,319.59,319.59,0,0.0,0,0.0
cust_009123,2024-03-16,US,0,0.0,0.0,0,0.0,0,0.0
cust_009124,2024-01-17,CA,1,52.12,52.12,0,0.0,0,0.0
cust_009125,2024-06-18,IN,1,86.23,86.23,0,0.0,0,0.0
cust_009126,2024-01-21,UK,2,505.13,252.56,0,0.0,0,0.0
cust_009127,2024-04-10,US,1,269.84,269.84,0,0.0,0,0.0
cust_009128,2024-03-21,CN,1,216.37,216.37,0,0.0,0,0.0
cust_009129,2024-02-22,UK,1,54.28,54.28,1,1.0,0,0.0
cust_009130,2024-03-19,UK,0,0.0,0.0,0,0.0,0,0.0
cust_009131,2024-04-01,UK,2,12499.95,6249.98,0,0.0,0,0.0
cust_009132,2024-05-22,US,1,20.0,20.0,0,0.0,0,0.0
cust_009133,2024-04-11,FR,1,347.79,347.79,0,0.0,0,0.0
cust_009134,2024-07-19,DE,1,153.1,153.1,0,0.0,0,0.0
cust_009135,2024-05-25,US,1,73.86,73.86,0,0.0,0,0.0
cust_009136,2024-02-29,US,1,67.95,67.95,0,0.0,0,0.0
cust_009137,2024-04-21,CA,1,119.27,119.27,0,0.0,0,0.0
cust_009138,2024-02-04,UK,0,0.0,0.0,0,0.0,0,0.0
cust_009139,2024-03-18,ZA,1,194.39,194.39,0,0.0,0,0.0
cust_009140,2024-04-02,CA,0,0.0,0.0,0,0.0,0,0.0
cust_009141,2024-01-25,NG,2,2811.24,1405.62,0,0.0,0,0.0
cust_009142,2024-03-01,US,0,0.0,0.0,0,0.0,0,0.0
cust_009143,2024-06-15,CA,1,164.28,164.28,0,0.0,0,0.0
cust_009144,2024-06-03,US,1,110.77,110.77,0,0.0,0,0.0
cust_009145,2024-03-12,CN,1,165.92,165.92,0,0.0,0,0.0
cust_009146,2024-08-26,CA,1,133.93,133.93,0,0.0,0,0.0
cust_009147,2024-06-11,DE,1,79.23,79.23,0,0.0,0,0.0
cust_009148,2024-05-21,US,1,545.88,545.88,1,1.0,0,0.0
cust_009149,2024-02-07,CA,2,12799.57,6399.79,0,0.0,0,0.0
cust_009150,2024-02-25,IN,1,123.42,123.42,0,0.0,0,0.0
cust_009151,2024-02-28,US,2,7383.17,3691.58,0,0.0,0,0.0
cust_009152,2024-01-18,FR,2,8662.28,4331.14,0,0.0,1,0.5
cust_009153,2024-04-21,UK,1,160.4,160.4,0,0.0,0,0.0
cust_009154,2024-02-13,CA,2,6665.11,3332.56,0,0.0,0,0.0
cust_009155,2024-06-13,UK,17,1293.84,76.11,1,0.0588,0,0.0
cust_009156,2024-05-05,DE,7,95.93,13.7,0,0.0,2,0.2857
cust_009157,2024-06-08,US,2,10654.66,5327.33,1,0.5,0,0.0
cust_009158,2024-02-29,CA,1,100.84,100.84,0,0.0,0,0.0
cust_009159,2024-05-16,NG,0,0.0,0.0,0,0.0,0,0.0
cust_009160,2024-07-13,US,1,97.18,97.18,0,0.0,0,0.0
cust_009161,2024-04-01,JP,1,41.24,41.24,0,0.0,0,0.0
cust_009162,2024-04-30,NG,1,121.68,121.68,1,1.0,0,0.0
cust_009163,2024-04-29,US,1,215.85,215.85,0,0.0,0,0.0
cust_009164,2024-06-09,US,1,162.2,162.2,0,0.0,0,0.0
cust_009165,2024-04-03,AU,1,32.04,32.04,0,0.0,0,0.0
cust_009166,2024-03-14,MX,1,35.99,35.99,0,0.0,0,0.0
cust_009167,2024-01-30,US,2,4786.0,2393.0,0,0.0,0,0.0
cust_009168,2024-03-01,RU,1,75.51,75.51,0,0.0,0,0.0
cust_009169,2024-01-13,US,8,312.15,39.02,0,0.0,4,0.5
cust_009170,2024-06-12,UK,2,1390.18,695.09,1,0.5,0,0.0
cust_009171,2024-01-18,NG,1,116.83,116.83,0,0.0,0,0.0
cust_009172,2024-05-19,US,1,686.2,686.2,0,0.0,0,0.0
cust_009173,2024-07-26,FR,0,0.0,0.0,0,0.0,0,0.0
cust_009174,2024-07-15,US,1,154.62,154.62,0,0.0,0,0.0
cust_009175,2024-03-14,UK,1,442.25,442.25,0,0.0,0,0.0
cust_009176,2024-02-07,MX,1,144.04,144.04,0,0.0,0,0.0
cust_009177,2024-05-28,US,1,118.28,118.28,0,0.0,0,0.0
cust_009178,2024-02-09,DE,1,455.56,455.56,0,0.0,0,0.0
cust_009179,2024-02-14,RU,1,170.01,170.01,0,0.0,0,0.0
cust_009180,2024-05-22,AU,3,3045.95,1015.32,0,0.0,0,0.0
cust_009181,2024-05-17,MX,1,326.43,326.43,0,0.0,0,0.0
cust_009182,2024-08-17,MX,1,211.72,211.72,1,1.0,0,0.0
cust_009183,2024-03-05,US,1,134.02,134.02,0,0.0,0,0.0
cust_009184,2024-03-27,IN,1,43.28,43.28,0,0.0,0,0.0
cust_009185,2024-03-13,UK,1,223.28,223.28,0,0.0,0,0.0
cust_009186,2024-02-06,DE,1,105.04,105.04,0,0.0,0,0.0
cust_009187,2024-03-22,FR,1,137.89,137.89,0,0.0,0,0.0
cust_009188,2024-03-14,US,2,4144.87,2072.44,0,0.0,1,0.5
cust_009189,2024-02-19,AU,0,0.0,0.0,0,0.0,0,0.0
cust_009190,2024-05-02,UK,3,156.37,52.12,0,0.0,0,0.0
cust_009191,2024-02-01,DE,1,386.05,386.05,0,0.0,0,0.0
cust_009192,2024-03-06,UK,1,21.53,21.53,0,0.0,0,0.0
cust_009193,2024-04-25,US,2,11245.84,5622.92,0,0.0,0,0.0
cust_009194,2024-09-23,DE,2,4451.76,2225.88,0,0.0,0,0.0
cust_009195,2024-03-13,CA,1,253.24,253.24,0,0.0,0,0.0
cust_009196,2024-01-21,JP,1,57.91,57.91,0,0.0,0,0.0
cust_009197,2024-05-31,AU,1,512.81,512.81,0,0.0,0,0.0
cust_009198,2024-03-06,JP,1,45.31,45.31,0,0.0,0,0.0
cust_009199,2024-06-02,AU,1,68.72,68.72,0,0.0,0,0.0
cust_009200,2024-07-20,RU,7,846.04,120.86,0,0.0,1,0.1429
cust_009201,2024-02-05,US,1,52.82,52.82,0,0.0,0,0.0
cust_009202,2024-03-19,IN,1,118.61,118.61,0,0.0,0,0.0
cust_009203,2024-07-19,US,1,95.81,95.81,0,0.0,0,0.0
cust_009204,2024-03-10,CA,1,26.64,26.64,0,0.0,0,0.0
cust_009205,2024-04-24,JP,1,79.43,79.43,0,0.0,0,0.0
cust_009206,2024-04-22,FR,1,189.24,189.24,0,0.0,0,0.0
cust_009207,2024-01-01,IN,1,41.87,41.87,1,1.0,0,0.0
cust_009208,2024-05-10,DE,1,322.06,322.06,0,0.0,0,0.0
cust_009209,2024-04-19,US,1,93.17,93.17,0,0.0,0,0.0
cust_009210,2024-05-18,CN,1,37.94,37.94,0,0.0,0,0.0
cust_009211,2024-03-17,US,2,1778.34,889.17,0,0.0,1,0.5
cust_009212,2024-04-10,US,1,204.97,204.97,0,0.0,0,0.0
cust_009213,2024-08-16,US,1,430.58,430.58,0,0.0,0,0.0
cust_009214,2024-01-11,CN,1,2172.77,2172.77,1,1.0,0,0.0
cust_009215,2024-07-03,UK,3,243.66,81.22,0,0.0,0,0.0
cust_009216,2024-02-28,CA,2,1404.14,702.07,0,0.0,0,0.0
cust_009217,2024-03-05,UK,1,104.6,104.6,0,0.0,0,0.0
cust_009218,2024-04-01,US,1,50.3,50.3,0,0.0,0,0.0
cust_009219,2024-06-22,US,2,2651.18,1325.59,0,0.0,0,0.0
cust_009220,2024-03-20,US,1,163.09,163.09,0,0.0,0,0.0
cust_009221,2024-01-24,CA,2,9349.17,4674.58,0,0.0,0,0.0
cust_009222,2024-07-22,US,2,12505.36,6252.68,0,0.0,1,0.5
cust_009223,2024-05-22,UK,0,0.0,0.0,0,0.0,0,0.0
cust_009224,2024-05-02,UK,1,85.36,85.36,0,0.0,0,0.0
cust_009225,2024-02-25,CA,1,291.89,291.89,0,0.0,0,0.0
cust_009226,2024-01-27,NG,1,132.18,132.18,0,0.0,0,0.0
cust_009227,2024-06-14,US,1,612.43,612.43,0,0.0,0,0.0
cust_009228,2024-02-01,CA,1,44.31,44.31,0,0.0,0,0.0
cust_009229,2024-05-07,US,1,60.55,60.55,0,0.0,0,0.0
cust_009230,2024-04-11,CN,1,4461.21,4461.21,0,0.0,1,1.0
cust_009231,2024-04-08,RU,1,72.96,72.96,0,0.0,0,0.0
cust_009232,2024-03-04,US,1,17.95,17.95,0,0.0,0,0.0
cust_009233,2024-05-06,US,1,56.28,56.28,0,0.0,0,0.0
cust_009234,2024-03-12,US,1,257.68,257.68,0,0.0,0,0.0
cust_009235,2024-03-28,US,2,1518.85,759.42,0,0.0,0,0.0
cust_009236,2024-04-08,US,1,110.34,110.34,0,0.0,0,0.0
cust_009237,2024-06-17,US,1,19.46,19.46,0,0.0,0,0.0
cust_009238,2024-05-21,US,4,740.48,185.12,0,0.0,0,0.0
cust_009239,2024-01-18,US,1,286.15,286.15,0,0.0,0,0.0
cust_009240,2024-07-11,UK,1,45.36,45.36,0,0.0,0,0.0
cust_009241,2024-05-19,US,1,126.52,126.52,0,0.0,0,0.0
cust_009242,2024-08-24,UK,3,338.34,112.78,0,0.0,0,0.0
cust_009243,2024-02-18,NG,1,82.28,82.28,0,0.0,0,0.0
cust_009244,2024-01-26,UK,1,133.78,133.78,1,1.0,0,0.0
cust_009245,2024-03-06,US,1,84.02,84.02,0,0.0,0,0.0
cust_009246,2024-04-30,RU,1,108.93,108.93,0,0.0,0,0.0
cust_009247,2024-01-25,US,2,1872.61,936.3,0,0.0,0,0.0
cust_009248,2024-02-22,US,1,251.1,251.1,0,0.0,0,0.0
cust_009249,2024-05-04,IN,1,64.34,64.34,0,0.0,0,0.0
cust_009250,2024-01-06,US,2,3719.02,1859.51,0,0.0,1,0.5
cust_009251,2024-03-17,CA,1,282.55,282.55,0,0.0,0,0.0
cust_009252,2024-05-04,AU,1,4495.8,4495.8,0,0.0,1,1.0
cust_009253,2024-04-02,CA,1,28.46,28.46,0,0.0,0,0.0
cust_009254,2024-02-25,BR,1,44.91,44.91,0,0.0,0,0.0
cust_009255,2024-05-11,US,1,101.5,101.5,0,0.0,0,0.0
cust_009256,2024-01-12,US,1,64.19,64.19,0,0.0,0,0.0
cust_009257,2024-08-19,UK,2,10840.0,5420.0,0,0.0,1,0.5
cust_009258,2024-02-23,UK,2,5783.17,2891.58,0,0.0,0,0.0
cust_009259,2024-01-19,FR,21,2113.61,100.65,3,0.1429,0,0.0
cust_009260,2024-05-10,DE,0,0.0,0.0,0,0.0,0,0.0
cust_009261,2024-07-19,US,30,2867.57,95.59,4,0.1333,0,0.0
cust_009262,2024-06-07,CN,1,1501.49,1501.49,1,1.0,0,0.0
cust_009263,2024-03-07,US,1,109.43,109.43,1,1.0,0,0.0
cust_009264,2024-08-07,ZA,1,351.84,351.84,0,0.0,0,0.0
cust_009265,2024-03-24,US,1,90.34,90.34,0,0.0,0,0.0
cust_009266,2024-08-04,DE,2,4322.68,2161.34,1,0.5,0,0.0
cust_009267,2024-03-04,IN,1,43.96,43.96,0,0.0,0,0.0
cust_009268,2024-08-29,IN,1,33.38,33.38,1,1.0,0,0.0
cust_009269,2024-05-14,AU,1,386.97,386.97,0,0.0,0,0.0
cust_009270,2024-09-26,IN,1,466.8,466.8,0,0.0,0,0.0
cust_009271,2024-04-02,IN,2,3829.82,1914.91,0,0.0,0,0.0
cust_009272,2024-04-15,NG,2,669.26,334.63,0,0.0,1,0.5
cust_009273,2024-03-10,US,0,0.0,0.0,0,0.0,0,0.0
cust_009274,2024-03-18,CA,1,107.91,107.91,0,0.0,0,0.0
cust_009275,2024-01-10,FR,1,84.63,84.63,0,0.0,0,0.0
cust_009276,2024-02-01,US,11,1863.63,169.42,1,0.0909,0,0.0
cust_009277,2024-02-28,US,1,131.6,131.6,0,0.0,0,0.0
cust_009278,2024-03-10,US,2,945.11,472.55,0,0.0,1,0.5
cust_009279,2024-04-29,US,1,65.4,65.4,0,0.0,0,0.0
cust_009280,2024-03-29,DE,1,148.55,148.55,0,0.0,0,0.0
cust_009281,2024-01-15,IN,4,9137.76,2284.44,0,0.0,2,0.5
cust_009282,2024-02-21,US,1,90.2,90.2,0,0.0,0,0.0
cust_009283,2024-01-28,CA,1,618.3,618.3,0,0.0,0,0.0
cust_009284,2024-03-28,US,2,1891.23,945.62,0,0.0,0,0.0
cust_009285,2024-01-30,CN,1,353.07,353.07,0,0.0,0,0.0
cust_009286,2024-01-21,FR,17,11512.49,677.21,2,0.1176,3,0.1765
cust_009287,2024-02-08,US,1,32.13,32.13,0,0.0,0,0.0
cust_009288,2024-05-23,US,3,138.4,46.13,0,0.0,0,0.0
cust_009289,2024-06-24,JP,2,1847.2,923.6,0,0.0,0,0.0
cust_009290,2024-04-09,CA,0,0.0,0.0,0,0.0,0,0.0
cust_009291,2024-08-02,UK,1,174.8,174.8,0,0.0,0,0.0
cust_009292,2024-02-06,IN,1,1840.8,1840.8,0,0.0,0,0.0
cust_009293,2024-08-09,UK,1,59.01,59.01,0,0.0,0,0.0
cust_009294,2024-02-13,RU,1,95.14,95.14,0,0.0,0,0.0
cust_009295,2024-02-20,NG,1,69.99,69.99,0,0.0,0,0.0
cust_009296,2024-04-04,US,1,1323.29,1323.29,0,0.0,0,0.0
cust_009297,2024-04-04,DE,2,6539.16,3269.58,0,0.0,0,0.0
cust_009298,2024-02-01,BR,1,40.11,40.11,0,0.0,0,0.0
cust_009299,2024-03-05,US,1,183.89,183.89,0,0.0,0,0.0
cust_009300,2024-05-01,NG,1,50.8,50.8,0,0.0,0,0.0
cust_009301,2024-08-11,UK,1,42.47,42.47,0,0.0,0,0.0
cust_009302,2024-06-10,US,4,11291.86,2822.96,0,0.0,2,0.5
cust_009303,2024-03-13,ZA,1,23.1,23.1,0,0.0,0,0.0
cust_009304,2024-04-05,DE,1,31.26,31.26,0,0.0,0,0.0
cust_009305,2024-06-25,US,1,167.53,167.53,0,0.0,0,0.0
cust_009306,2024-05-02,CA,1,50.57,50.57,0,0.0,0,0.0
cust_009307,2024-03-04,IN,1,435.22,435.22,1,1.0,0,0.0
cust_009308,2024-03-31,FR,1,323.43,323.43,0,0.0,0,0.0
cust_009309,2024-07-28,US,0,0.0,0.0,0,0.0,0,0.0
cust_009310,2024-02-18,IN,1,302.48,302.48,0,0.0,0,0.0
cust_009311,2024-07-13,JP,1,606.23,606.23,0,0.0,0,0.0
cust_009312,2024-05-15,BR,1,102.71,102.71,0,0.0,0,0.0
cust_009313,2024-02-08,US,1,463.1,463.1,0,0.0,0,0.0
cust_009314,2024-03-14,KR,1,116.44,116.44,0,0.0,0,0.0
cust_009315,2024-06-13,US,1,72.25,72.25,0,0.0,0,0.0
cust_009316,2024-05-31,AU,1,1177.1,1177.1,0,0.0,0,0.0
cust_009317,2024-04-22,US,1,351.34,351.34,0,0.0,0,0.0
cust_009318,2024-03-21,MX,1,74.79,74.79,1,1.0,0,0.0
cust_009319,2024-05-12,JP,1,53.16,53.16,0,0.0,0,0.0
cust_009320,2024-01-16,NG,7,610.15,87.16,1,0.1429,0,0.0
cust_009321,2024-07-06,US,0,0.0,0.0,0,0.0,0,0.0
cust_009322,2024-07-18,AU,1,32.07,32.07,0,0.0,0,0.0
cust_009323,2024-03-24,US,1,169.28,169.28,0,0.0,0,0.0
cust_009324,2024-05-07,UK,1,117.36,117.36,0,0.0,0,0.0
cust_009325,2024-02-10,RU,1,69.9,69.9,0,0.0,0,0.0
cust_009326,2024-06-06,FR,10,608.17,60.82,1,0.1,1,0.1
cust_009327,2024-02-14,IN,1,34.44,34.44,0,0.0,0,0.0
cust_009328,2024-04-28,US,1,1847.93,1847.93,1,1.0,0,0.0
cust_009329,2024-02-20,CA,0,0.0,0.0,0,0.0,0,0.0
cust_009330,2024-06-06,US,1,241.24,241.24,0,0.0,0,0.0
cust_009331,2024-06-27,US,1,106.5,106.5,0,0.0,0,0.0
cust_009332,2024-03-06,MX,1,57.16,57.16,1,1.0,0,0.0
cust_009333,2024-05-25,IN,1,95.7,95.7,0,0.0,0,0.0
cust_009334,2024-03-03,US,1,41.45,41.45,0,0.0,0,0.0
cust_009335,2024-02-12,UK,2,2817.41,1408.7,0,0.0,0,0.0
cust_009336,2024-05-31,US,1,47.95,47.95,0,0.0,0,0.0
cust_009337,2024-05-03,US,1,101.59,101.59,0,0.0,0,0.0
cust_009338,2024-03-11,BR,1,130.84,130.84,1,1.0,0,0.0
cust_009339,2024-03-08,US,1,288.64,288.64,0,0.0,0,0.0
cust_009340,2024-02-15,US,1,786.53,786.53,0,0.0,0,0.0
cust_009341,2024-05-30,US,3,4618.19,1539.4,0,0.0,2,0.6667
cust_009342,2024-06-04,FR,1,142.0,142.0,1,1.0,0,0.0
cust_009343,2024-04-16,US,1,696.55,696.55,0,0.0,1,1.0
cust_009344,2024-03-08,US,1,74.24,74.24,0,0.0,0,0.0
cust_009345,2024-03-06,RU,1,246.48,246.48,0,0.0,0,0.0
cust_009346,2024-03-05,CA,1,207.46,207.46,0,0.0,0,0.0
cust_009347,2024-03-25,US,1,92.44,92.44,0,0.0,0,0.0
cust_009348,2024-05-13,JP,1,52.36,52.36,1,1.0,0,0.0
cust_009349,2024-03-15,CA,1,61.51,61.51,0,0.0,0,0.0
cust_009350,2024-03-29,BR,1,71.83,71.83,0,0.0,1,1.0
cust_009351,2024-02-26,US,1,90.47,90.47,0,0.0,0,0.0
cust_009352,2024-01-14,US,1,130.48,130.48,0,0.0,0,0.0
cust_009353,2024-03-06,US,1,189.05,189.05,0,0.0,0,0.0
cust_009354,2024-07-20,CA,1,324.43,324.43,0,0.0,0,0.0
cust_009355,2024-02-08,UK,5,280.43,56.09,0,0.0,2,0.4
cust_009356,2024-04-18,UK,1,148.84,148.84,0,0.0,1,1.0
cust_009357,2024-02-21,UK,1,55.74,55.74,0,0.0,0,0.0
cust_009358,2024-04-09,UK,1,53.83,53.83,0,0.0,0,0.0
cust_009359,2024-01-27,UK,1,78.73,78.73,0,0.0,0,0.0
cust_009360,2024-04-09,US,1,67.17,67.17,0,0.0,0,0.0
cust_009361,2024-07-06,CA,4,8166.56,2041.64,0,0.0,0,0.0
cust_009362,2024-02-20,JP,0,0.0,0.0,0,0.0,0,0.0
cust_009363,2024-04-02,ZA,1,371.19,371.19,0,0.0,0,0.0
cust_009364,2024-04-19,US,2,5252.6,2626.3,0,0.0,1,0.5
cust_009365,2024-02-16,UK,2,2549.14,1274.57,0,0.0,1,0.5
cust_009366,2024-02-09,US,1,179.13,179.13,0,0.0,0,0.0
cust_009367,2024-02-13,CA,1,65.16,65.16,0,0.0,0,0.0
cust_009368,2024-04-03,UK,1,153.8,153.8,0,0.0,0,0.0
cust_009369,2024-01-25,NG,1,118.99,118.99,0,0.0,0,0.0
cust_009370,2024-08-04,CN,1,66.48,66.48,0,0.0,0,0.0
cust_009371,2024-05-15,US,1,64.59,64.59,0,0.0,0,0.0
cust_009372,2024-07-08,UK,3,4167.02,1389.01,0,0.0,1,0.3333
cust_009373,2024-06-03,CA,1,36.24,36.24,0,0.0,0,0.0
cust_009374,2024-02-17,IN,0,0.0,0.0,0,0.0,0,0.0
cust_009375,2024-05-06,FR,1,190.3,190.3,0,0.0,0,0.0
cust_009376,2024-04-08,US,5,54.9,10.98,0,0.0,0,0.0
cust_009377,2024-04-30,US,1,237.46,237.46,0,0.0,0,0.0
cust_009378,2024-04-18,DE,1,48.85,48.85,0,0.0,0,0.0
cust_009379,2024-05-24,CA,1,120.1,120.1,0,0.0,0,0.0
cust_009380,2024-08-12,DE,1,75.56,75.56,0,0.0,0,0.0
cust_009381,2024-07-13,US,1,64.56,64.56,0,0.0,0,0.0
cust_009382,2024-01-31,US,1,59.84,59.84,0,0.0,0,0.0
cust_009383,2024-03-27,US,1,88.78,88.78,0,0.0,0,0.0
cust_009384,2024-05-31,AU,2,2127.93,1063.96,0,0.0,1,0.5
cust_009385,2024-03-30,UK,1,88.36,88.36,0,0.0,0,0.0
cust_009386,2024-02-23,US,0,0.0,0.0,0,0.0,0,0.0
cust_009387,2024-06-04,US,1,411.8,411.8,0,0.0,1,1.0
cust_009388,2024-06-15,JP,1,168.95,168.95,0,0.0,0,0.0
cust_009389,2024-07-03,CA,1,212.11,212.11,1,1.0,0,0.0
cust_009390,2024-03-23,JP,3,3328.76,1109.59,0,0.0,2,0.6667
cust_009391,2024-06-20,MX,1,13.32,13.32,1,1.0,0,0.0
cust_009392,2024-03-27,US,1,18.41,18.41,0,0.0,0,0.0
cust_009393,2024-03-03,MX,0,0.0,0.0,0,0.0,0,0.0
cust_009394,2024-09-29,UK,1,34.5,34.5,0,0.0,0,0.0
cust_009395,2024-04-22,DE,11,1680.5,152.77,0,0.0,0,0.0
cust_009396,2024-01-11,UK,2,7096.3,3548.15,0,0.0,0,0.0
cust_009397,2024-02-27,IN,1,28.31,28.31,0,0.0,0,0.0
cust_009398,2024-03-30,DE,1,86.01,86.01,0,0.0,0,0.0
cust_009399,2024-04-26,US,1,52.62,52.62,1,1.0,0,0.0
cust_009400,2024-03-07,UK,1,133.27,133.27,0,0.0,0,0.0
cust_009401,2024-05-29,US,1,57.4,57.4,0,0.0,0,0.0
cust_009402,2024-06-17,US,1,251.4,251.4,0,0.0,0,0.0
cust_009403,2024-07-09,IN,1,59.22,59.22,0,0.0,0,0.0
cust_009404,2024-05-29,DE,2,1065.96,532.98,0,0.0,0,0.0
cust_009405,2024-03-07,US,1,55.07,55.07,0,0.0,0,0.0
cust_009406,2024-04-03,US,0,0.0,0.0,0,0.0,0,0.0
cust_009407,2024-03-26,KR,1,38.44,38.44,0,0.0,0,0.0
cust_009408,2024-07-03,CA,1,422.14,422.14,0,0.0,0,0.0
cust_009409,2024-04-27,DE,1,85.44,85.44,0,0.0,0,0.0
cust_009410,2024-02-19,US,1,511.95,511.95,0,0.0,0,0.0
cust_009411,2024-03-15,IN,1,55.54,55.54,1,1.0,0,0.0
cust_009412,2024-04-30,AU,1,149.02,149.02,0,0.0,0,0.0
cust_009413,2024-03-03,US,1,144.98,144.98,0,0.0,0,0.0
cust_009414,2024-02-16,CA,1,72.63,72.63,0,0.0,0,0.0
cust_009415,2024-03-12,US,1,28.62,28.62,0,0.0,0,0.0
cust_009416,2024-03-06,US,2,779.22,389.61,0,0.0,1,0.5
cust_009417,2024-03-15,IN,1,620.51,620.51,0,0.0,0,0.0
cust_009418,2024-05-30,IN,1,209.87,209.87,0,0.0,0,0.0
cust_009419,2024-02-13,CA,5,394.47,78.89,0,0.0,0,0.0
cust_009420,2024-05-10,CA,1,86.78,86.78,0,0.0,0,0.0
cust_009421,2024-03-27,UK,2,974.15,487.08,0,0.0,1,0.5
cust_009422,2024-05-07,CA,1,168.39,168.39,1,1.0,0,0.0
cust_009423,2024-07-27,US,1,104.51,104.51,0,0.0,0,0.0
cust_009424,2024-05-15,US,9,1159.69,128.85,0,0.0,0,0.0
cust_009425,2024-03-03,US,1,117.23,117.23,0,0.0,0,0.0
cust_009426,2024-05-09,RU,1,827.26,827.26,0,0.0,0,0.0
cust_009427,2024-04-10,US,1,80.24,80.24,0,0.0,0,0.0
cust_009428,2024-05-08,UK,1,40.23,40.23,0,0.0,0,0.0
cust_009429,2024-02-07,CA,1,224.5,224.5,0,0.0,0,0.0
cust_009430,2024-02-26,FR,1,71.14,71.14,0,0.0,0,0.0
cust_009431,2024-07-12,AU,1,99.74,99.74,0,0.0,0,0.0
cust_009432,2024-03-24,FR,1,135.99,135.99,0,0.0,0,0.0
cust_009433,2024-02-17,US,1,34.79,34.79,0,0.0,0,0.0
cust_009434,2024-06-27,US,0,0.0,0.0,0,0.0,0,0.0
cust_009435,2024-03-06,BR,9,642.35,71.37,2,0.2222,0,0.0
cust_009436,2024-03-09,NG,1,66.23,66.23,0,0.0,0,0.0
cust_009437,2024-03-17,RU,0,0.0,0.0,0,0.0,0,0.0
cust_009438,2024-06-09,JP,1,27.03,27.03,0,0.0,0,0.0
cust_009439,2024-02-28,UK,1,24.64,24.64,0,0.0,0,0.0
cust_009440,2024-02-26,US,1,68.25,68.25,1,1.0,0,0.0
cust_009441,2024-01-25,DE,2,13924.09,6962.04,0,0.0,1,0.5
cust_009442,2024-05-09,IN,1,28.8,28.8,0,0.0,0,0.0
cust_009443,2024-03-08,US,2,437.25,218.62,0,0.0,0,0.0
cust_009444,2024-04-04,IN,1,61.41,61.41,0,0.0,0,0.0
cust_009445,2024-02-14,ZA,9,8296.96,921.88,1,0.1111,0,0.0
cust_009446,2024-03-05,US,2,10842.79,5421.4,0,0.0,1,0.5
cust_009447,2024-02-24,UK,0,0.0,0.0,0,0.0,0,0.0
cust_009448,2024-04-25,UK,0,0.0,0.0,0,0.0,0,0.0
cust_009449,2024-04-08,US,1,259.04,259.04,0,0.0,0,0.0
cust_009450,2024-02-09,AU,1,102.49,102.49,0,0.0,0,0.0
cust_009451,2024-08-01,DE,1,47.66,47.66,0,0.0,0,0.0
cust_009452,2024-05-18,US,1,87.44,87.44,0,0.0,0,0.0
cust_009453,2024-05-07,JP,1,58.85,58.85,0,0.0,0,0.0
cust_009454,2024-04-27,UK,1,29.77,29.77,0,0.0,0,0.0
cust_009455,2024-02-05,CA,1,228.64,228.64,0,0.0,0,0.0
cust_009456,2024-02-21,DE,45,3551.87,78.93,4,0.0889,0,0.0
cust_009457,2024-01-11,NG,1,74.36,74.36,0,0.0,0,0.0
cust_009458,2024-03-14,US,1,35.62,35.62,0,0.0,0,0.0
cust_009459,2024-06-09,IN,1,28.13,28.13,0,0.0,0,0.0
cust_009460,2024-08-05,DE,1247,123619.17,99.13,88,0.0706,6,0.0048
cust_009461,2024-02-07,NG,11,1573.3,143.03,0,0.0,0,0.0
cust_009462,2024-02-21,AU,1,49.16,49.16,0,0.0,0,0.0
cust_009463,2024-03-25,RU,1,103.79,103.79,0,0.0,0,0.0
cust_009464,2024-06-01,US,1,166.57,166.57,0,0.0,0,0.0
cust_009465,2024-04-30,UK,1,58.56,58.56,0,0.0,0,0.0
cust_009466,2024-02-21,US,1,109.63,109.63,0,0.0,0,0.0
cust_009467,2024-01-29,CA,1,122.69,122.69,0,0.0,0,0.0
cust_009468,2024-01-30,BR,2,13961.53,6980.76,0,0.0,0,0.0
cust_009469,2024-02-12,CA,1,53.1,53.1,0,0.0,0,0.0
cust_009470,2024-01-18,US,1,190.64,190.64,0,0.0,0,0.0
cust_009471,2024-03-31,DE,1,40.4,40.4,0,0.0,0,0.0
cust_009472,2024-05-06,US,1,225.56,225.56,0,0.0,0,0.0
cust_009473,2024-04-02,US,1,54.47,54.47,0,0.0,0,0.0
cust_009474,2024-07-11,FR,1,58.64,58.64,0,0.0,0,0.0
cust_009475,2024-05-16,BR,1,183.35,183.35,0,0.0,0,0.0
cust_009476,2024-08-02,US,1,85.1,85.1,0,0.0,0,0.0
cust_009477,2024-02-01,CA,0,0.0,0.0,0,0.0,0,0.0
cust_009478,2024-01-03,CA,1,111.9,111.9,0,0.0,0,0.0
cust_009479,2024-03-18,US,1,102.36,102.36,0,0.0,0,0.0
cust_009480,2024-03-07,CA,1,155.89,155.89,0,0.0,0,0.0
cust_009481,2024-01-13,US,1,260.32,260.32,0,0.0,0,0.0
cust_009482,2024-02-23,BR,1,670.62,670.62,0,0.0,0,0.0
cust_009483,2024-09-19,FR,1,2150.21,2150.21,0,0.0,1,1.0
cust_009484,2024-06-23,US,1,137.03,137.03,0,0.0,0,0.0
cust_009485,2024-02-29,US,3,2136.77,712.26,1,0.3333,0,0.0
cust_009486,2024-08-10,US,1,136.56,136.56,0,0.0,0,0.0
cust_009487,2024-03-22,MX,1,17.33,17.33,0,0.0,0,0.0
cust_009488,2024-05-08,JP,0,0.0,0.0,0,0.0,0,0.0
cust_009489,2024-06-30,BR,1,60.47,60.47,0,0.0,0,0.0
cust_009490,2024-01-26,UK,1,67.72,67.72,0,0.0,0,0.0
cust_009491,2024-07-22,BR,1,545.9,545.9,0,0.0,0,0.0
cust_009492,2024-03-22,IN,1,220.73,220.73,0,0.0,0,0.0
cust_009493,2024-03-07,US,1,135.75,135.75,0,0.0,0,0.0
cust_009494,2024-07-05,UK,1,65.64,65.64,0,0.0,0,0.0
cust_009495,2024-05-19,UK,2,5365.81,2682.9,1,0.5,1,0.5
cust_009496,2024-04-06,UK,1,32.17,32.17,0,0.0,0,0.0
cust_009497,2024-06-10,US,2,739.07,369.54,0,0.0,1,0.5
cust_009498,2024-02-29,UK,1,11.66,11.66,0,0.0,0,0.0
cust_009499,2024-04-20,IN,1,209.45,209.45,0,0.0,0,0.0
cust_009500,2024-02-17,US,1,68.58,68.58,0,0.0,0,0.0
cust_009501,2024-05-07,US,2,7912.01,3956.0,0,0.0,1,0.5
cust_009502,2024-04-17,DE,2,2557.94,1278.97,0,0.0,1,0.5
cust_009503,2024-05-21,CA,0,0.0,0.0,0,0.0,0,0.0
cust_009504,2024-02-21,UK,0,0.0,0.0,0,0.0,0,0.0
cust_009505,2024-02-06,RU,0,0.0,0.0,0,0.0,0,0.0
cust_009506,2024-03-18,UK,1,76.46,76.46,1,1.0,0,0.0
cust_009507,2024-03-03,US,1,112.21,112.21,0,0.0,0,0.0
cust_009508,2024-04-11,US,2,7989.48,3994.74,0,0.0,0,0.0
cust_009509,2024-02-13,US,1,36.18,36.18,0,0.0,0,0.0
cust_009510,2024-03-07,US,1,504.52,504.52,0,0.0,0,0.0
cust_009511,2024-04-30,JP,1,777.07,777.07,0,0.0,0,0.0
cust_009512,2024-04-12,NG,1,24.54,24.54,0,0.0,0,0.0
cust_009513,2024-01-26,UK,2,10593.94,5296.97,1,0.5,1,0.5
cust_009514,2024-03-20,US,1,7302.43,7302.43,0,0.0,1,1.0
cust_009515,2024-04-05,US,1,50.89,50.89,1,1.0,0,0.0
cust_009516,2024-01-19,FR,1,289.5,289.5,0,0.0,0,0.0
cust_009517,2024-05-11,NG,1,96.2,96.2,0,0.0,0,0.0
cust_009518,2024-01-15,UK,2,3365.25,1682.62,0,0.0,1,0.5
cust_009519,2024-03-03,NG,1,143.05,143.05,0,0.0,0,0.0
cust_009520,2024-03-12,US,2,1493.44,746.72,0,0.0,1,0.5
cust_009521,2024-03-16,IN,1,284.87,284.87,0,0.0,0,0.0
cust_009522,2024-09-22,US,1,43.88,43.88,0,0.0,0,0.0
cust_009523,2024-03-27,CA,1,382.02,382.02,0,0.0,0,0.0
cust_009524,2024-04-23,IN,1,88.93,88.93,0,0.0,0,0.0
cust_009525,2024-03-01,IN,1,111.09,111.09,0,0.0,0,0.0
cust_009526,2024-05-26,AU,0,0.0,0.0,0,0.0,0,0.0
cust_009527,2024-02-28,US,1,47.23,47.23,0,0.0,0,0.0
cust_009528,2024-10-07,US,4,8728.34,2182.08,0,0.0,1,0.25
cust_009529,2024-04-11,DE,1,467.34,467.34,0,0.0,0,0.0
cust_009530,2024-04-01,IN,1,146.46,146.46,0,0.0,0,0.0
cust_009531,2024-09-10,MX,1,127.73,127.73,0,0.0,0,0.0
cust_009532,2024-01-27,AU,1,22.86,22.86,1,1.0,0,0.0
cust_009533,2024-04-17,CA,2,1549.54,774.77,0,0.0,0,0.0
cust_009534,2024-01-26,CA,1,24.75,24.75,0,0.0,0,0.0
cust_009535,2024-06-30,DE,1,98.06,98.06,0,0.0,0,0.0
cust_009536,2024-04-06,US,2,2403.77,1201.88,0,0.0,0,0.0
cust_009537,2024-04-12,UK,1,104.81,104.81,0,0.0,0,0.0
cust_009538,2024-05-01,US,1,273.64,273.64,0,0.0,0,0.0
cust_009539,2024-05-16,US,1,18.05,18.05,0,0.0,0,0.0
cust_009540,2024-03-02,BR,1,17.2,17.2,0,0.0,0,0.0
cust_009541,2024-01-26,CA,2,13979.61,6989.8,0,0.0,0,0.0
cust_009542,2024-01-30,JP,1,21.62,21.62,0,0.0,0,0.0
cust_009543,2024-04-24,NG,1,454.31,454.31,1,1.0,0,0.0
cust_009544,2024-03-17,BR,1,25.67,25.67,0,0.0,0,0.0
cust_009545,2024-06-12,AU,1,27.92,27.92,0,0.0,0,0.0
cust_009546,2024-04-07,US,1,32.76,32.76,0,0.0,0,0.0
cust_009547,2024-03-25,US,1,76.77,76.77,1,1.0,0,0.0
cust_009548,2024-06-23,DE,1,35.72,35.72,1,1.0,0,0.0
cust_009549,2024-05-25,US,2,261.32,130.66,0,0.0,0,0.0
cust_009550,2024-04-19,UK,2,7812.83,3906.42,1,0.5,1,0.5
cust_009551,2024-04-21,CN,1,61.65,61.65,0,0.0,0,0.0
cust_009552,2024-01-26,DE,1,59.61,59.61,0,0.0,0,0.0
cust_009553,2024-06-07,US,1,195.95,195.95,0,0.0,0,0.0
cust_009554,2024-06-02,FR,2,366.46,183.23,0,0.0,0,0.0
cust_009555,2024-04-02,AU,2,186.22,93.11,0,0.0,0,0.0
cust_009556,2024-06-19,RU,1,147.66,147.66,0,0.0,0,0.0
cust_009557,2024-06-25,DE,0,0.0,0.0,0,0.0,0,0.0
cust_009558,2024-06-06,US,1,71.35,71.35,0,0.0,0,0.0
cust_009559,2024-03-28,AU,1,57.58,57.58,0,0.0,0,0.0
cust_009560,2024-05-09,DE,1,43.19,43.19,0,0.0,0,0.0
cust_009561,2024-04-07,UK,2,10287.0,5143.5,0,0.0,0,0.0
cust_009562,2024-03-08,AU,1,35.94,35.94,0,0.0,0,0.0
cust_009563,2024-04-15,CA,1,575.85,575.85,0,0.0,0,0.0
cust_009564,2024-09-13,CN,0,0.0,0.0,0,0.0,0,0.0
cust_009565,2024-01-20,CN,1,170.66,170.66,0,0.0,0,0.0
cust_009566,2024-05-20,US,1,138.84,138.84,0,0.0,0,0.0
cust_009567,2024-07-13,UK,1,119.0,119.0,0,0.0,0,0.0
cust_009568,2024-03-06,US,2,82.72,41.36,0,0.0,0,0.0
cust_009569,2024-02-08,US,1,112.25,112.25,0,0.0,0,0.0
cust_009570,2024-02-19,US,1,139.44,139.44,0,0.0,0,0.0
cust_009571,2024-09-12,CA,1,132.58,132.58,0,0.0,0,0.0
cust_009572,2024-08-10,US,1,140.24,140.24,1,1.0,0,0.0
cust_009573,2024-05-13,AU,0,0.0,0.0,0,0.0,0,0.0
cust_009574,2024-06-03,US,1,212.11,212.11,0,0.0,0,0.0
cust_009575,2024-06-11,US,1,85.98,85.98,0,0.0,0,0.0
cust_009576,2024-02-23,US,2,4838.93,2419.46,0,0.0,1,0.5
cust_009577,2024-07-31,UK,2,708.64,354.32,0,0.0,0,0.0
cust_009578,2024-04-01,US,1,55.65,55.65,0,0.0,1,1.0
cust_009579,2024-03-16,JP,509,50295.99,98.81,46,0.0904,3,0.0059
cust_009580,2024-03-18,UK,4,8179.34,2044.84,0,0.0,1,0.25
cust_009581,2024-04-03,CN,5,505.68,101.14,0,0.0,0,0.0
cust_009582,2024-07-21,US,1,111.71,111.71,0,0.0,0,0.0
cust_009583,2024-04-08,US,1,55.75,55.75,0,0.0,0,0.0
cust_009584,2024-02-07,BR,2,2995.77,1497.88,0,0.0,1,0.5
cust_009585,2024-02-20,UK,1,220.19,220.19,0,0.0,0,0.0
cust_009586,2024-06-07,US,1,24.44,24.44,0,0.0,0,0.0
cust_009587,2024-05-17,US,1,54.9,54.9,0,0.0,0,0.0
cust_009588,2024-07-16,NG,1,133.03,133.03,0,0.0,0,0.0
cust_009589,2024-04-24,US,2,632.17,316.08,0,0.0,1,0.5
cust_009590,2024-02-01,UK,1,88.59,88.59,0,0.0,0,0.0
cust_009591,2024-06-24,NG,1,102.62,102.62,0,0.0,0,0.0
cust_009592,2024-06-22,DE,1,35.96,35.96,0,0.0,0,0.0
cust_009593,2024-02-18,AU,4,8040.66,2010.17,0,0.0,1,0.25
cust_009594,2024-08-02,CA,1,57.88,57.88,0,0.0,0,0.0
cust_009595,2024-02-11,DE,0,0.0,0.0,0,0.0,0,0.0
cust_009596,2024-03-14,IN,1,309.76,309.76,1,1.0,0,0.0
cust_009597,2024-01-03,US,2,1897.7,948.85,0,0.0,1,0.5
cust_009598,2024-03-10,IN,1,146.63,146.63,0,0.0,0,0.0
cust_009599,2024-06-18,CN,1,31.08,31.08,0,0.0,0,0.0
cust_009600,2024-03-02,US,1,100.94,100.94,0,0.0,0,0.0
cust_009601,2024-05-14,CA,1,181.1,181.1,0,0.0,0,0.0
cust_009602,2024-04-15,UK,1,554.6,554.6,0,0.0,0,0.0
cust_009603,2024-03-09,DE,1,199.72,199.72,0,0.0,0,0.0
cust_009604,2024-03-11,IN,1,174.43,174.43,0,0.0,0,0.0
cust_009605,2024-04-06,CA,1,59.79,59.79,0,0.0,0,0.0
cust_009606,2024-03-10,US,2,12710.05,6355.02,0,0.0,1,0.5
cust_009607,2024-01-06,US,1,109.32,109.32,0,0.0,0,0.0
cust_009608,2024-04-14,US,1,76.82,76.82,0,0.0,0,0.0
cust_009609,2024-08-07,FR,1,143.19,143.19,0,0.0,0,0.0
cust_009610,2024-06-18,UK,1,16.54,16.54,0,0.0,0,0.0
cust_009611,2024-04-20,UK,1,75.72,75.72,0,0.0,0,0.0
cust_009612,2024-04-29,UK,16,1343.69,83.98,1,0.0625,0,0.0
cust_009613,2024-05-01,UK,0,0.0,0.0,0,0.0,0,0.0
cust_009614,2024-05-13,FR,3,4448.21,1482.74,1,0.3333,1,0.3333
cust_009615,2024-05-05,DE,1,57.78,57.78,0,0.0,0,0.0
cust_009616,2024-02-20,AU,1,41.58,41.58,0,0.0,0,0.0
cust_009617,2024-07-09,US,1,45.73,45.73,0,0.0,0,0.0
cust_009618,2024-05-01,FR,1,123.59,123.59,1,1.0,0,0.0
cust_009619,2024-03-20,US,1,24.88,24.88,0,0.0,0,0.0
cust_009620,2024-04-14,US,1,106.73,106.73,0,0.0,0,0.0
cust_009621,2024-02-22,IN,1,199.92,199.92,0,0.0,0,0.0
cust_009622,2024-03-28,US,1,70.04,70.04,0,0.0,0,0.0
cust_009623,2024-03-07,US,1,100.94,100.94,0,0.0,0,0.0
cust_009624,2024-04-08,US,1,68.61,68.61,0,0.0,0,0.0
cust_009625,2024-06-16,IN,1,277.0,277.0,0,0.0,0,0.0
cust_009626,2024-05-10,US,1,154.29,154.29,0,0.0,0,0.0
cust_009627,2024-05-05,BR,1,133.77,133.77,0,0.0,0,0.0
cust_009628,2024-01-06,UK,1,47.86,47.86,0,0.0,0,0.0
cust_009629,2024-04-30,US,1,185.44,185.44,0,0.0,0,0.0
cust_009630,2024-02-26,CA,1,455.27,455.27,0,0.0,0,0.0
cust_009631,2024-01-23,AU,2,7668.47,3834.24,0,0.0,1,0.5
cust_009632,2024-05-22,DE,1,448.76,448.76,0,0.0,0,0.0
cust_009633,2024-04-11,US,1,223.32,223.32,0,0.0,0,0.0
cust_009634,2024-02-19,AU,1,75.68,75.68,0,0.0,0,0.0
cust_009635,2024-02-18,CA,1,20.0,20.0,0,0.0,0,0.0
cust_009636,2024-03-27,ZA,1,226.22,226.22,0,0.0,0,0.0
cust_009637,2024-01-05,CA,1,314.9,314.9,0,0.0,0,0.0
cust_009638,2024-04-01,US,1,281.53,281.53,0,0.0,0,0.0
cust_009639,2024-05-30,AU,1,67.14,67.14,0,0.0,0,0.0
cust_009640,2024-02-19,US,1,594.01,594.01,0,0.0,0,0.0
cust_009641,2024-05-09,FR,1,477.78,477.78,0,0.0,0,0.0
cust_009642,2024-07-23,CA,1,71.25,71.25,0,0.0,0,0.0
cust_009643,2024-04-05,US,2,649.22,324.61,1,0.5,0,0.0
cust_009644,2024-06-28,US,1,142.12,142.12,0,0.0,0,0.0
cust_009645,2024-03-18,US,1,22.68,22.68,0,0.0,0,0.0
cust_009646,2024-02-15,US,4,9321.37,2330.34,1,0.25,2,0.5
cust_009647,2024-03-17,CA,0,0.0,0.0,0,0.0,0,0.0
cust_009648,2024-03-14,DE,7,2493.71,356.24,1,0.1429,1,0.1429
cust_009649,2024-04-11,US,1,54.76,54.76,0,0.0,0,0.0
cust_009650,2024-03-20,US,1,289.07,289.07,0,0.0,0,0.0
cust_009651,2024-06-13,BR,1,77.26,77.26,0,0.0,0,0.0
cust_009652,2024-06-11,US,1,147.35,147.35,1,1.0,0,0.0
cust_009653,2024-03-31,BR,1,36.38,36.38,0,0.0,0,0.0
cust_009654,2024-03-20,US,1,323.18,323.18,0,0.0,0,0.0
cust_009655,2024-02-07,BR,1,136.68,136.68,0,0.0,0,0.0
cust_009656,2024-07-26,FR,1,58.73,58.73,0,0.0,0,0.0
cust_009657,2024-02-07,US,1,155.83,155.83,0,0.0,0,0.0
cust_009658,2024-07-18,US,1,207.25,207.25,0,0.0,0,0.0
cust_009659,2024-04-14,US,1,1290.39,1290.39,0,0.0,0,0.0
cust_009660,2024-02-06,US,1,49.31,49.31,0,0.0,0,0.0
cust_009661,2024-05-03,UK,1,166.63,166.63,0,0.0,0,0.0
cust_009662,2024-02-28,DE,1,497.91,497.91,0,0.0,0,0.0
cust_009663,2024-07-02,FR,1,218.37,218.37,1,1.0,0,0.0
cust_009664,2024-01-24,US,2,7234.7,3617.35,0,0.0,0,0.0
cust_009665,2024-06-20,FR,1,478.82,478.82,0,0.0,0,0.0
cust_009666,2024-05-05,US,5,16835.17,3367.03,1,0.2,0,0.0
cust_009667,2024-02-09,US,1,454.62,454.62,0,0.0,0,0.0
cust_009668,2024-01-17,US,1,73.52,73.52,0,0.0,0,0.0
cust_009669,2024-03-19,US,1,483.54,483.54,1,1.0,0,0.0
cust_009670,2024-03-21,US,1,278.32,278.32,0,0.0,0,0.0
cust_009671,2024-06-05,US,2,3813.44,1906.72,0,0.0,1,0.5
cust_009672,2024-01-20,UK,1,55.7,55.7,0,0.0,0,0.0
cust_009673,2024-01-11,CN,0,0.0,0.0,0,0.0,0,0.0
cust_009674,2024-09-18,IN,1,295.16,295.16,0,0.0,0,0.0
cust_009675,2024-05-15,CN,1,80.77,80.77,0,0.0,0,0.0
cust_009676,2024-07-21,US,1,261.88,261.88,0,0.0,0,0.0
cust_009677,2024-05-28,JP,1,42.51,42.51,0,0.0,0,0.0
cust_009678,2024-02-10,US,1,921.04,921.04,0,0.0,0,0.0
cust_009679,2024-04-25,US,1,528.25,528.25,0,0.0,0,0.0
cust_009680,2024-07-11,US,1,89.52,89.52,0,0.0,0,0.0
cust_009681,2024-07-12,UK,1,32.72,32.72,0,0.0,0,0.0
cust_009682,2024-01-28,US,1,183.19,183.19,0,0.0,0,0.0
cust_009683,2024-05-03,FR,1,130.47,130.47,0,0.0,0,0.0
cust_009684,2024-03-09,FR,1,74.22,74.22,0,0.0,0,0.0
cust_009685,2024-01-10,US,1,62.45,62.45,0,0.0,0,0.0
cust_009686,2024-05-05,AU,1,33.78,33.78,0,0.0,0,0.0
cust_009687,2024-02-23,US,1,280.11,280.11,0,0.0,0,0.0
cust_009688,2024-08-31,US,1,316.78,316.78,0,0.0,0,0.0
cust_009689,2024-03-29,US,1,278.14,278.14,0,0.0,0,0.0
cust_009690,2024-05-11,US,1,54.12,54.12,0,0.0,0,0.0
cust_009691,2024-05-01,US,0,0.0,0.0,0,0.0,0,0.0
cust_009692,2024-01-31,US,1,71.26,71.26,0,0.0,0,0.0
cust_009693,2024-05-10,US,1,280.12,280.12,0,0.0,0,0.0
cust_009694,2024-07-04,JP,1,876.82,876.82,0,0.0,0,0.0
cust_009695,2024-05-23,JP,1,81.93,81.93,0,0.0,0,0.0
cust_009696,2024-02-04,ZA,1,15.1,15.1,0,0.0,0,0.0
cust_009697,2024-05-28,US,1,35.4,35.4,0,0.0,0,0.0
cust_009698,2024-05-13,US,4,7125.43,1781.36,1,0.25,1,0.25
cust_009699,2024-03-29,CA,1,69.63,69.63,0,0.0,0,0.0
cust_009700,2024-03-01,IN,1,644.02,644.02,0,0.0,0,0.0
cust_009701,2024-06-29,US,1,548.31,548.31,0,0.0,0,0.0
cust_009702,2024-02-20,AU,1,187.64,187.64,0,0.0,0,0.0
cust_009703,2024-08-21,MX,1,66.37,66.37,0,0.0,0,0.0
cust_009704,2024-05-18,US,1,426.2,426.2,0,0.0,0,0.0
cust_009705,2024-01-18,MX,1,77.58,77.58,0,0.0,0,0.0
cust_009706,2024-05-13,US,1,229.98,229.98,0,0.0,0,0.0
cust_009707,2024-04-15,CA,0,0.0,0.0,0,0.0,0,0.0
cust_009708,2024-04-04,US,3,8162.4,2720.8,0,0.0,1,0.3333
cust_009709,2024-03-25,IN,1,36.27,36.27,0,0.0,0,0.0
cust_009710,2024-07-06,US,1,295.46,295.46,0,0.0,0,0.0
cust_009711,2024-03-08,CA,1,162.39,162.39,0,0.0,0,0.0
cust_009712,2024-03-27,US,1,201.52,201.52,0,0.0,0,0.0
cust_009713,2024-06-28,UK,1,13.76,13.76,0,0.0,0,0.0
cust_009714,2024-05-02,DE,1,1253.5,1253.5,0,0.0,0,0.0
cust_009715,2024-04-03,US,3,241.27,80.42,0,0.0,0,0.0
cust_009716,2024-04-28,CA,1,22.92,22.92,0,0.0,0,0.0
cust_009717,2024-02-12,KR,1,199.19,199.19,0,0.0,0,0.0
cust_009718,2024-02-26,NG,1,79.6,79.6,0,0.0,0,0.0
cust_009719,2024-04-28,ZA,1,347.56,347.56,0,0.0,0,0.0
cust_009720,2024-01-29,US,1,26.98,26.98,0,0.0,0,0.0
cust_009721,2024-07-20,CA,1,61.51,61.51,0,0.0,0,0.0
cust_009722,2024-01-24,AU,1,451.6,451.6,0,0.0,0,0.0
cust_009723,2024-02-28,CN,0,0.0,0.0,0,0.0,0,0.0
cust_009724,2024-03-29,US,1,47.28,47.28,0,0.0,0,0.0
cust_009725,2024-03-30,ZA,1,94.1,94.1,0,0.0,0,0.0
cust_009726,2024-03-06,UK,1,85.73,85.73,0,0.0,0,0.0
cust_009727,2024-07-14,AU,1,49.53,49.53,0,0.0,0,0.0
cust_009728,2024-06-01,CA,2,1543.71,771.86,0,0.0,0,0.0
cust_009729,2024-01-13,US,1,121.42,121.42,0,0.0,0,0.0
cust_009730,2024-06-29,US,1,79.81,79.81,0,0.0,0,0.0
cust_009731,2024-04-14,US,1,67.85,67.85,0,0.0,0,0.0
cust_009732,2024-04-21,IN,1,32.48,32.48,0,0.0,0,0.0
cust_009733,2024-08-03,CA,1,43.29,43.29,0,0.0,0,0.0
cust_009734,2024-03-11,UK,1,743.78,743.78,0,0.0,0,0.0
cust_009735,2024-08-25,IN,9,1448.81,160.98,1,0.1111,0,0.0
cust_009736,2024-06-05,CA,1,64.85,64.85,0,0.0,0,0.0
cust_009737,2024-05-18,US,1,313.97,313.97,1,1.0,0,0.0
cust_009738,2024-06-04,US,1,125.98,125.98,0,0.0,0,0.0
cust_009739,2024-01-20,UK,1,72.11,72.11,0,0.0,0,0.0
cust_009740,2024-05-07,UK,1,29.99,29.99,0,0.0,0,0.0
cust_009741,2024-04-01,RU,1,37.76,37.76,0,0.0,0,0.0
cust_009742,2024-06-20,MX,1,57.33,57.33,0,0.0,0,0.0
cust_009743,2024-05-27,CA,1,322.61,322.61,0,0.0,0,0.0
cust_009744,2024-04-15,US,1,876.03,876.03,0,0.0,0,0.0
cust_009745,2024-06-14,AU,1,121.76,121.76,0,0.0,0,0.0
cust_009746,2024-01-20,US,2,4146.18,2073.09,0,0.0,0,0.0
cust_009747,2024-05-01,CA,1,25.67,25.67,0,0.0,0,0.0
cust_009748,2024-05-16,ZA,2,8869.27,4434.64,0,0.0,1,0.5
cust_009749,2024-03-18,NG,2,5564.41,2782.2,0,0.0,1,0.5
cust_009750,2024-01-04,CN,1,142.2,142.2,0,0.0,0,0.0
cust_009751,2024-08-07,US,1,49.47,49.47,1,1.0,0,0.0
cust_009752,2024-01-06,UK,5,602.46,120.49,1,0.2,0,0.0
cust_009753,2024-03-24,AU,1,125.26,125.26,0,0.0,0,0.0
cust_009754,2024-03-08,US,1,110.73,110.73,0,0.0,0,0.0
cust_009755,2024-06-02,AU,3,7928.16,2642.72,1,0.3333,1,0.3333
cust_009756,2024-01-27,US,6,365.22,60.87,2,0.3333,0,0.0
cust_009757,2024-07-07,NG,1,34.82,34.82,0,0.0,0,0.0
cust_009758,2024-03-23,UK,1,27.56,27.56,0,0.0,0,0.0
cust_009759,2024-03-02,US,1,74.31,74.31,0,0.0,0,0.0
cust_009760,2024-06-16,RU,4,9502.16,2375.54,2,0.5,1,0.25
cust_009761,2024-05-21,FR,1,77.51,77.51,0,0.0,0,0.0
cust_009762,2024-03-12,UK,1,233.35,233.35,0,0.0,0,0.0
cust_009763,2024-02-09,KR,1,606.71,606.71,0,0.0,0,0.0
cust_009764,2024-04-21,IN,2,1229.45,614.72,0,0.0,0,0.0
cust_009765,2024-04-14,IN,0,0.0,0.0,0,0.0,0,0.0
cust_009766,2024-03-24,UK,2,1617.5,808.75,0,0.0,1,0.5
cust_009767,2024-05-05,BR,1,184.79,184.79,0,0.0,0,0.0
cust_009768,2024-07-31,IN,1,26.57,26.57,0,0.0,0,0.0
cust_009769,2024-04-06,IN,1,96.21,96.21,1,1.0,0,0.0
cust_009770,2024-01-28,CN,1,35.0,35.0,0,0.0,0,0.0
cust_009771,2024-03-14,US,1,140.65,140.65,0,0.0,0,0.0
cust_009772,2024-04-25,AU,0,0.0,0.0,0,0.0,0,0.0
cust_009773,2024-01-28,BR,0,0.0,0.0,0,0.0,0,0.0
cust_009774,2024-02-08,US,1,170.23,170.23,0,0.0,0,0.0
cust_009775,2024-05-24,FR,2,6686.94,3343.47,0,0.0,0,0.0
cust_009776,2024-05-20,BR,1,115.93,115.93,0,0.0,0,0.0
cust_009777,2024-08-14,CA,1,147.78,147.78,0,0.0,0,0.0
cust_009778,2024-02-22,US,1,372.79,372.79,1,1.0,0,0.0
cust_009779,2024-05-04,US,1,355.11,355.11,1,1.0,0,0.0
cust_009780,2024-03-19,US,1,189.53,189.53,0,0.0,0,0.0
cust_009781,2024-07-14,UK,1,311.52,311.52,0,0.0,0,0.0
cust_009782,2024-07-22,IN,1,37.69,37.69,0,0.0,0,0.0
cust_009783,2024-03-16,IN,37,3467.23,93.71,2,0.0541,0,0.0
cust_009784,2024-01-11,CA,1,159.19,159.19,1,1.0,0,0.0
cust_009785,2024-02-29,UK,2,11119.92,5559.96,0,0.0,1,0.5
cust_009786,2024-06-19,DE,1,47.18,47.18,0,0.0,0,0.0
cust_009787,2024-04-01,NG,1,50.83,50.83,1,1.0,0,0.0
cust_009788,2024-04-11,BR,56,6657.99,118.89,5,0.0893,0,0.0
cust_009789,2024-05-05,FR,1,78.65,78.65,0,0.0,0,0.0
cust_009790,2024-05-02,US,1,52.96,52.96,0,0.0,0,0.0
cust_009791,2024-07-11,MX,1,533.41,533.41,0,0.0,0,0.0
cust_009792,2024-04-27,JP,1,433.79,433.79,0,0.0,0,0.0
cust_009793,2024-04-07,MX,1,137.1,137.1,0,0.0,0,0.0
cust_009794,2024-04-08,IN,1,147.33,147.33,0,0.0,0,0.0
cust_009795,2024-01-18,US,1,71.36,71.36,0,0.0,0,0.0
cust_009796,2024-03-08,UK,1,39.28,39.28,0,0.0,0,0.0
cust_009797,2024-04-08,US,1,381.6,381.6,0,0.0,0,0.0
cust_009798,2024-03-18,UK,1,404.98,404.98,0,0.0,0,0.0
cust_009799,2024-01-08,UK,1,66.64,66.64,0,0.0,0,0.0
cust_009800,2024-07-06,CN,1,105.8,105.8,0,0.0,0,0.0
cust_009801,2024-03-23,CA,2,5040.62,2520.31,0,0.0,0,0.0
cust_009802,2024-02-28,UK,1,157.6,157.6,0,0.0,0,0.0
cust_009803,2024-02-27,IN,1,77.21,77.21,0,0.0,0,0.0
cust_009804,2024-02-19,US,1,105.54,105.54,0,0.0,0,0.0
cust_009805,2024-05-31,US,1,130.79,130.79,0,0.0,0,0.0
cust_009806,2024-02-16,FR,2,2724.51,1362.26,0,0.0,0,0.0
cust_009807,2024-05-01,US,0,0.0,0.0,0,0.0,0,0.0
cust_009808,2024-07-29,US,1,224.38,224.38,0,0.0,0,0.0
cust_009809,2024-02-25,CA,1,104.63,104.63,1,1.0,0,0.0
cust_009810,2024-05-07,US,5,8104.97,1620.99,0,0.0,2,0.4
cust_009811,2024-08-16,US,1,54.55,54.55,0,0.0,0,0.0
cust_009812,2024-05-01,CA,19,1570.6,82.66,2,0.1053,0,0.0
cust_009813,2024-07-22,KR,11,831.84,75.62,0,0.0,1,0.0909
cust_009814,2024-03-26,US,1,691.77,691.77,0,0.0,0,0.0
cust_009815,2024-05-06,UK,0,0.0,0.0,0,0.0,0,0.0
cust_009816,2024-05-15,CA,1,71.69,71.69,0,0.0,0,0.0
cust_009817,2024-03-15,FR,1,25.47,25.47,0,0.0,0,0.0
cust_009818,2024-06-02,CA,1,108.23,108.23,0,0.0,0,0.0
cust_009819,2024-06-17,FR,1,449.29,449.29,0,0.0,0,0.0
cust_009820,2024-01-21,JP,1,57.34,57.34,0,0.0,0,0.0
cust_009821,2024-06-13,US,1,515.97,515.97,0,0.0,0,0.0
cust_009822,2024-02-24,BR,0,0.0,0.0,0,0.0,0,0.0
cust_009823,2024-08-16,US,1,35.49,35.49,0,0.0,0,0.0
cust_009824,2024-08-06,BR,1,10099.72,10099.72,0,0.0,1,1.0
cust_009825,2024-01-30,IN,1,140.73,140.73,0,0.0,0,0.0
cust_009826,2024-01-20,CA,0,0.0,0.0,0,0.0,0,0.0
cust_009827,2024-02-01,UK,2,2784.08,1392.04,0,0.0,0,0.0
cust_009828,2024-03-30,CA,1,861.54,861.54,0,0.0,0,0.0
cust_009829,2024-02-11,US,3,7483.68,2494.56,0,0.0,2,0.6667
cust_009830,2024-03-05,CA,1,299.55,299.55,0,0.0,0,0.0
cust_009831,2024-05-07,IN,1,675.96,675.96,0,0.0,0,0.0
cust_009832,2024-03-05,UK,1,53.57,53.57,0,0.0,0,0.0
cust_009833,2024-02-13,UK,1,1862.55,1862.55,0,0.0,0,0.0
cust_009834,2024-06-10,US,1,94.73,94.73,0,0.0,0,0.0
cust_009835,2024-03-17,BR,1063,104400.24,98.21,82,0.0771,3,0.0028
cust_009836,2024-05-10,UK,1,195.29,195.29,0,0.0,0,0.0
cust_009837,2024-03-29,IN,1,155.89,155.89,0,0.0,0,0.0
cust_009838,2024-05-08,KR,1,171.82,171.82,0,0.0,0,0.0
cust_009839,2024-01-17,US,1,231.46,231.46,0,0.0,0,0.0
cust_009840,2024-07-31,US,1,144.23,144.23,0,0.0,0,0.0
cust_009841,2024-02-26,CN,1,39.86,39.86,0,0.0,0,0.0
cust_009842,2024-03-31,FR,2,6668.8,3334.4,0,0.0,0,0.0
cust_009843,2024-04-03,UK,4,9.94,2.48,1,0.25,3,0.75
cust_009844,2024-01-22,US,1,22.93,22.93,1,1.0,0,0.0
cust_009845,2024-05-20,CA,1,113.55,113.55,0,0.0,0,0.0
cust_009846,2024-04-20,AU,1,13.0,13.0,0,0.0,0,0.0
cust_009847,2024-05-22,UK,2,6881.23,3440.62,0,0.0,1,0.5
cust_009848,2024-07-17,JP,1,148.21,148.21,0,0.0,0,0.0
cust_009849,2024-01-09,US,1,92.42,92.42,0,0.0,0,0.0
cust_009850,2024-03-21,CA,1,2478.75,2478.75,0,0.0,0,0.0
cust_009851,2024-05-11,US,1,27.57,27.57,0,0.0,0,0.0
cust_009852,2024-01-25,CA,1,65.55,65.55,1,1.0,0,0.0
cust_009853,2024-01-02,JP,1,49.79,49.79,1,1.0,0,0.0
cust_009854,2024-07-20,US,1,138.58,138.58,0,0.0,0,0.0
cust_009855,2024-09-03,IN,1,55.17,55.17,0,0.0,0,0.0
cust_009856,2024-02-05,US,4,267.77,66.94,0,0.0,0,0.0
cust_009857,2024-04-23,UK,0,0.0,0.0,0,0.0,0,0.0
cust_009858,2024-06-11,US,1,228.21,228.21,0,0.0,0,0.0
cust_009859,2024-04-23,CA,1,55.29,55.29,0,0.0,0,0.0
cust_009860,2024-02-25,ZA,0,0.0,0.0,0,0.0,0,0.0
cust_009861,2024-07-15,US,1,169.61,169.61,1,1.0,0,0.0
cust_009862,2024-04-05,US,1,14.61,14.61,0,0.0,0,0.0
cust_009863,2024-02-03,US,1,371.01,371.01,0,0.0,0,0.0
cust_009864,2024-02-27,CA,1,52.34,52.34,0,0.0,0,0.0
cust_009865,2024-06-30,US,1,138.02,138.02,0,0.0,0,0.0
cust_009866,2024-06-20,MX,1,25.02,25.02,0,0.0,0,0.0
cust_009867,2024-05-11,DE,1,82.35,82.35,0,0.0,0,0.0
cust_009868,2024-03-26,IN,1,1594.29,1594.29,0,0.0,0,0.0
cust_009869,2024-01-20,US,4,541.74,135.44,0,0.0,0,0.0
cust_009870,2024-02-16,CA,2,2318.63,1159.32,0,0.0,1,0.5
cust_009871,2024-05-15,BR,1,103.58,103.58,0,0.0,0,0.0
cust_009872,2024-07-29,CA,1,320.81,320.81,0,0.0,0,0.0
cust_009873,2024-02-02,FR,1,17.36,17.36,0,0.0,0,0.0
cust_009874,2024-06-09,DE,1,451.86,451.86,0,0.0,0,0.0
cust_009875,2024-01-31,CN,0,0.0,0.0,0,0.0,0,0.0
cust_009876,2024-05-29,UK,1,848.86,848.86,0,0.0,0,0.0
cust_009877,2024-06-26,BR,1,237.17,237.17,0,0.0,0,0.0
cust_009878,2024-05-13,US,0,0.0,0.0,0,0.0,0,0.0
cust_009879,2024-05-21,CA,1,91.95,91.95,0,0.0,0,0.0
cust_009880,2024-04-01,IN,0,0.0,0.0,0,0.0,0,0.0
cust_009881,2024-03-01,UK,1,187.25,187.25,1,1.0,0,0.0
cust_009882,2024-01-12,US,1,335.31,335.31,0,0.0,0,0.0
cust_009883,2024-05-26,UK,1,39.15,39.15,0,0.0,0,0.0
cust_009884,2024-04-03,US,1,185.92,185.92,0,0.0,0,0.0
cust_009885,2024-06-11,CA,1,219.58,219.58,0,0.0,0,0.0
cust_009886,2024-08-01,US,1,92.79,92.79,0,0.0,0,0.0
cust_009887,2024-09-16,CA,23,10416.38,452.89,1,0.0435,0,0.0
cust_009888,2024-02-25,UK,1,61.08,61.08,0,0.0,0,0.0
cust_009889,2024-07-27,US,0,0.0,0.0,0,0.0,0,0.0
cust_009890,2024-04-20,IN,1,125.15,125.15,0,0.0,0,0.0
cust_009891,2024-03-01,US,1,50.35,50.35,0,0.0,0,0.0
cust_009892,2024-07-03,IN,1,225.28,225.28,0,0.0,0,0.0
cust_009893,2024-03-02,NG,1,276.85,276.85,0,0.0,0,0.0
cust_009894,2024-04-30,JP,1,150.83,150.83,0,0.0,0,0.0
cust_009895,2024-02-05,CA,1,104.2,104.2,1,1.0,0,0.0
cust_009896,2024-04-03,CA,1,146.22,146.22,0,0.0,0,0.0
cust_009897,2024-04-21,CA,1,349.31,349.31,0,0.0,0,0.0
cust_009898,2024-02-25,UK,2,2798.22,1399.11,0,0.0,1,0.5
cust_009899,2024-03-24,US,1,216.15,216.15,0,0.0,0,0.0
cust_009900,2024-04-03,US,2,1013.19,506.6,0,0.0,0,0.0
cust_009901,2024-03-12,RU,2,1930.26,965.13,0,0.0,1,0.5
cust_009902,2024-01-28,US,1,936.07,936.07,0,0.0,0,0.0
cust_009903,2024-01-22,US,1,2747.0,2747.0,0,0.0,0,0.0
cust_009904,2024-03-04,US,2,2278.77,1139.38,0,0.0,1,0.5
cust_009905,2024-03-12,US,1,74.9,74.9,0,0.0,0,0.0
cust_009906,2024-03-29,US,1,37.86,37.86,0,0.0,0,0.0
cust_009907,2024-04-17,UK,1,167.56,167.56,0,0.0,0,0.0
cust_009908,2024-01-27,CA,1,80.33,80.33,0,0.0,0,0.0
cust_009909,2024-08-07,NG,3,11348.52,3782.84,0,0.0,1,0.3333
cust_009910,2024-04-14,DE,2,1646.34,823.17,0,0.0,1,0.5
cust_009911,2024-08-14,BR,1,59.7,59.7,0,0.0,0,0.0
cust_009912,2024-03-14,CA,1,54.06,54.06,0,0.0,0,0.0
cust_009913,2024-02-20,US,2,216.83,108.42,0,0.0,0,0.0
cust_009914,2024-07-10,JP,1,72.44,72.44,0,0.0,0,0.0
cust_009915,2024-07-28,CA,1,38.2,38.2,0,0.0,0,0.0
cust_009916,2024-02-26,AU,1,34.54,34.54,0,0.0,0,0.0
cust_009917,2024-03-31,US,0,0.0,0.0,0,0.0,0,0.0
cust_009918,2024-01-09,UK,1,13.9,13.9,0,0.0,0,0.0
cust_009919,2024-02-25,US,1,1210.51,1210.51,0,0.0,0,0.0
cust_009920,2024-04-08,US,1,84.93,84.93,0,0.0,0,0.0
cust_009921,2024-08-19,DE,1,410.29,410.29,0,0.0,0,0.0
cust_009922,2024-02-22,BR,1,92.29,92.29,1,1.0,0,0.0
cust_009923,2024-01-24,JP,1,118.93,118.93,0,0.0,0,0.0
cust_009924,2024-03-13,BR,2,6696.79,3348.4,0,0.0,0,0.0
cust_009925,2024-05-08,BR,1,109.12,109.12,0,0.0,0,0.0
cust_009926,2024-02-10,BR,0,0.0,0.0,0,0.0,0,0.0
cust_009927,2024-01-14,DE,1,13.86,13.86,0,0.0,0,0.0
cust_009928,2024-05-30,FR,2,1664.66,832.33,0,0.0,0,0.0
cust_009929,2024-04-26,US,1,390.78,390.78,0,0.0,0,0.0
cust_009930,2024-04-20,MX,1,63.08,63.08,0,0.0,0,0.0
cust_009931,2024-04-24,CA,1,100.8,100.8,0,0.0,0,0.0
cust_009932,2024-04-14,US,1,239.36,239.36,0,0.0,0,0.0
cust_009933,2024-03-18,UK,1,47.37,47.37,0,0.0,0,0.0
cust_009934,2024-02-28,BR,1,65.5,65.5,0,0.0,0,0.0
cust_009935,2024-04-08,DE,1,173.08,173.08,0,0.0,0,0.0
cust_009936,2024-04-29,US,1,84.97,84.97,0,0.0,0,0.0
cust_009937,2024-01-15,UK,1,104.5,104.5,0,0.0,0,0.0
cust_009938,2024-02-02,FR,1,46.79,46.79,0,0.0,0,0.0
cust_009939,2024-06-13,DE,1,104.36,104.36,0,0.0,0,0.0
cust_009940,2024-04-11,US,1,49.25,49.25,0,0.0,0,0.0
cust_009941,2024-02-13,FR,1,42.41,42.41,0,0.0,0,0.0
cust_009942,2024-07-31,DE,1,100.52,100.52,0,0.0,0,0.0
cust_009943,2024-01-19,US,1,19.61,19.61,0,0.0,0,0.0
cust_009944,2024-09-23,US,1,77.06,77.06,0,0.0,0,0.0
cust_009945,2024-01-07,UK,0,0.0,0.0,0,0.0,0,0.0
cust_009946,2024-02-28,DE,1,164.9,164.9,1,1.0,0,0.0
cust_009947,2024-03-02,MX,6,509.16,84.86,1,0.1667,0,0.0
cust_009948,2024-04-15,ZA,1,89.9,89.9,0,0.0,0,0.0
cust_009949,2024-03-11,DE,1,47.6,47.6,0,0.0,0,0.0
cust_009950,2024-01-15,UK,1,116.16,116.16,0,0.0,0,0.0
cust_009951,2024-05-25,US,1,111.72,111.72,0,0.0,0,0.0
cust_009952,2024-05-14,IN,1,119.52,119.52,0,0.0,0,0.0
cust_009953,2024-05-05,CA,1,44.21,44.21,0,0.0,0,0.0
cust_009954,2024-02-29,DE,1,21.17,21.17,0,0.0,0,0.0
cust_009955,2024-03-08,KR,1,78.86,78.86,1,1.0,0,0.0
cust_009956,2024-05-19,US,1,41.55,41.55,1,1.0,0,0.0
cust_009957,2024-04-13,UK,1,254.44,254.44,0,0.0,0,0.0
cust_009958,2024-05-05,IN,1,122.96,122.96,0,0.0,0,0.0
cust_009959,2024-01-26,UK,1,157.37,157.37,0,0.0,0,0.0
cust_009960,2024-03-14,US,1,38.28,38.28,0,0.0,0,0.0
cust_009961,2024-05-21,IN,0,0.0,0.0,0,0.0,0,0.0
cust_009962,2024-04-28,US,1,240.69,240.69,0,0.0,0,0.0
cust_009963,2024-07-24,UK,1,144.83,144.83,0,0.0,0,0.0
cust_009964,2024-02-04,KR,1,71.79,71.79,0,0.0,0,0.0
cust_009965,2024-06-17,CA,1,69.59,69.59,1,1.0,0,0.0
cust_009966,2024-07-15,US,1,117.98,117.98,0,0.0,0,0.0
cust_009967,2024-05-25,BR,1,103.29,103.29,0,0.0,0,0.0
cust_009968,2024-04-11,US,1,211.62,211.62,1,1.0,0,0.0
cust_009969,2024-05-07,US,13,1982.85,152.53,2,0.1538,1,0.0769
cust_009970,2024-04-25,KR,1,87.0,87.0,0,0.0,0,0.0
cust_009971,2024-04-19,AU,1,83.39,83.39,1,1.0,0,0.0
cust_009972,2024-06-06,US,1,83.0,83.0,0,0.0,0,0.0
cust_009973,2024-05-30,IN,1,26.27,26.27,0,0.0,0,0.0
cust_009974,2024-05-08,CA,1,483.94,483.94,0,0.0,0,0.0
cust_009975,2024-01-19,NG,1,130.66,130.66,0,0.0,0,0.0
cust_009976,2024-02-29,CA,1,416.8,416.8,0,0.0,0,0.0
cust_009977,2024-03-30,DE,1,132.73,132.73,1,1.0,0,0.0
cust_009978,2024-02-19,US,1,296.73,296.73,0,0.0,0,0.0
cust_009979,2024-06-24,US,4,480.28,120.07,0,0.0,0,0.0
cust_009980,2024-04-24,US,1,131.65,131.65,0,0.0,0,0.0
cust_009981,2024-03-19,IN,1,196.56,196.56,0,0.0,0,0.0
cust_009982,2024-07-29,CA,2,1641.89,820.94,1,0.5,0,0.0
cust_009983,2024-03-16,US,1,372.57,372.57,0,0.0,0,0.0
cust_009984,2024-04-06,US,2,2177.05,1088.53,0,0.0,1,0.5
cust_009985,2024-05-06,UK,1,72.59,72.59,0,0.0,0,0.0
cust_009986,2024-03-03,US,15,1819.29,121.29,1,0.0667,1,0.0667
cust_009987,2024-02-14,JP,1,237.06,237.06,0,0.0,0,0.0
cust_009988,2024-01-09,BR,1,513.27,513.27,0,0.0,0,0.0
cust_009989,2024-05-09,IN,4,11780.35,2945.09,1,0.25,0,0.0
cust_009990,2024-04-23,RU,1,174.41,174.41,1,1.0,0,0.0
cust_009991,2024-05-09,IN,1,701.44,701.44,1,1.0,0,0.0
cust_009992,2024-03-25,CA,2,2301.14,1150.57,0,0.0,1,0.5
cust_009993,2024-01-20,IN,3,4177.48,1392.49,1,0.3333,1,0.3333
cust_009994,2024-05-25,US,1,624.44,624.44,0,0.0,0,0.0
cust_009995,2024-02-25,US,1,359.12,359.12,0,0.0,0,0.0
cust_009996,2024-02-18,CA,1,38.81,38.81,0,0.0,0,0.0
cust_009997,2024-02-07,US,1,33.49,33.49,0,0.0,0,0.0
cust_009998,2024-08-08,BR,1,1202.31,1202.31,0,0.0,0,0.0
cust_009999,2024-03-03,US,4,10472.47,2618.12,0,0.0,1,0.25
