id,first_seen,transaction_count,customer_count,fraud_count
dev_000000,2024-10-09 00:00:00,3,3,0
dev_000001,2024-06-09 00:00:00,0,0,0
dev_000002,2024-11-09 00:00:00,4,4,0
dev_000003,2024-09-11 00:00:00,2,2,0
dev_000004,2024-02-04 00:00:00,3,3,1
dev_000005,2024-12-22 00:00:00,3,3,0
dev_000006,2024-10-04 00:00:00,2,2,0
dev_000007,2024-10-13 00:00:00,1,1,0
dev_000008,2024-02-16 00:00:00,0,0,0
dev_000009,2024-06-13 00:00:00,4,3,0
dev_000010,2024-05-15 00:00:00,2,2,1
dev_000011,2024-12-04 00:00:00,4,4,0
dev_000012,2024-08-23 00:00:00,3,3,0
dev_000013,2024-10-27 00:00:00,0,0,0
dev_000014,2024-06-10 00:00:00,5,3,0
dev_000015,2024-03-23 00:00:00,3,3,0
dev_000016,2024-07-21 00:00:00,1,1,0
dev_000017,2024-01-24 00:00:00,1,1,0
dev_000018,2024-10-29 00:00:00,3,3,0
dev_000019,2024-08-18 00:00:00,21,2,0
dev_000020,2024-10-03 00:00:00,3,3,0
dev_000021,2024-05-09 00:00:00,5,5,0
dev_000022,2024-12-20 00:00:00,1,1,0
dev_000023,2024-11-21 00:00:00,1,1,0
dev_000024,2024-10-11 00:00:00,2,2,1
dev_000025,2024-03-12 00:00:00,9,6,0
dev_000026,2024-06-19 00:00:00,8,6,0
dev_000027,2024-01-16 00:00:00,1,1,0
dev_000028,2024-02-26 00:00:00,3,3,0
dev_000029,2024-09-06 00:00:00,5,5,0
dev_000030,2024-09-28 00:00:00,1,1,0
dev_000031,2024-12-19 00:00:00,4,2,0
dev_000032,2024-04-28 00:00:00,1,1,0
dev_000033,2024-05-15 00:00:00,2,2,0
dev_000034,2024-06-20 00:00:00,2,2,0
dev_000035,2024-03-10 00:00:00,2,2,0
dev_000036,2024-02-17 00:00:00,1,1,0
dev_000037,2024-06-22 00:00:00,5,3,0
dev_000038,2024-03-23 00:00:00,0,0,0
dev_000039,2024-09-01 00:00:00,4,4,1
dev_000040,2024-06-08 00:00:00,1,1,0
dev_000041,2024-10-30 00:00:00,3,3,1
dev_000042,2024-09-12 00:00:00,0,0,0
dev_000043,2024-04-24 00:00:00,0,0,0
dev_000044,2024-10-30 00:00:00,1,1,1
dev_000045,2024-10-20 00:00:00,1,1,0
dev_000046,2024-05-21 00:00:00,8,2,0
dev_000047,2024-04-15 00:00:00,3,3,0
dev_000048,2024-09-06 00:00:00,3,3,0
dev_000049,2024-02-21 00:00:00,4,2,0
dev_000050,2024-03-13 00:00:00,4,4,0
dev_000051,2024-01-03 00:00:00,2,2,0
dev_000052,2024-10-14 00:00:00,3,3,1
dev_000053,2024-08-30 00:00:00,3,3,0
dev_000054,2024-09-14 00:00:00,1,1,1
dev_000055,2024-10-11 00:00:00,5,5,0
dev_000056,2024-06-16 00:00:00,1,1,0
dev_000057,2024-07-26 00:00:00,3,3,0
dev_000058,2024-02-21 00:00:00,9,2,0
dev_000059,2024-02-11 00:00:00,0,0,0
dev_000060,2024-08-31 00:00:00,0,0,0
dev_000061,2024-06-20 00:00:00,8,2,0
dev_000062,2024-07-25 00:00:00,1,1,0
dev_000063,2024-10-06 00:00:00,1,1,0
dev_000064,2024-08-19 00:00:00,3,3,0
dev_000065,2024-07-21 00:00:00,13,2,0
dev_000066,2024-07-23 00:00:00,2,2,0
dev_000067,2024-04-20 00:00:00,1,1,1
dev_000068,2024-01-12 00:00:00,2,2,0
dev_000069,2024-06-08 00:00:00,4,2,0
dev_000070,2024-03-19 00:00:00,3,3,0
dev_000071,2024-05-29 00:00:00,1,1,0
dev_000072,2024-11-07 00:00:00,1,1,0
dev_000073,2024-03-26 00:00:00,4,4,0
dev_000074,2024-01-22 00:00:00,0,0,0
dev_000075,2024-04-12 00:00:00,0,0,0
dev_000076,2024-04-17 00:00:00,0,0,0
dev_000077,2024-08-29 00:00:00,4,4,0
dev_000078,2024-07-22 00:00:00,3,3,0
dev_000079,2024-10-13 00:00:00,2,2,1
dev_000080,2024-08-30 00:00:00,4,4,0
dev_000081,2024-05-28 00:00:00,10,3,0
dev_000082,2024-10-24 00:00:00,0,0,0
dev_000083,2024-03-01 00:00:00,4,4,0
dev_000084,2024-01-09 00:00:00,3,3,0
dev_000085,2024-02-02 00:00:00,0,0,0
dev_000086,2024-09-20 00:00:00,541,8,0
dev_000087,2024-06-17 00:00:00,3,3,0
dev_000088,2024-02-28 00:00:00,1,1,0
dev_000089,2024-07-01 00:00:00,1,1,0
dev_000090,2024-02-25 00:00:00,2,2,0
dev_000091,2024-09-11 00:00:00,2,2,0
dev_000092,2024-06-11 00:00:00,2,2,0
dev_000093,2024-05-19 00:00:00,2,2,0
dev_000094,2024-04-20 00:00:00,1,1,0
dev_000095,2024-08-18 00:00:00,7,5,0
dev_000096,2024-05-12 00:00:00,1,1,0
dev_000097,2024-02-01 00:00:00,0,0,0
dev_000098,2024-02-13 00:00:00,1,1,0
dev_000099,2024-12-17 00:00:00,5,3,0
dev_000100,2024-11-27 00:00:00,2,2,0
dev_000101,2024-09-12 00:00:00,1,1,0
dev_000102,2024-04-07 00:00:00,2,2,1
dev_000103,2024-12-19 00:00:00,18,4,0
dev_000104,2024-10-11 00:00:00,4,4,0
dev_000105,2024-09-18 00:00:00,2,2,0
dev_000106,2024-06-13 00:00:00,3,3,1
dev_000107,2024-04-09 00:00:00,1,1,0
dev_000108,2024-02-05 00:00:00,0,0,0
dev_000109,2024-11-25 00:00:00,0,0,0
dev_000110,2024-06-15 00:00:00,13,5,0
dev_000111,2024-03-14 00:00:00,0,0,0
dev_000112,2024-04-21 00:00:00,2,2,0
dev_000113,2024-07-30 00:00:00,3,3,0
dev_000114,2024-03-05 00:00:00,3,3,0
dev_000115,2024-11-08 00:00:00,4,3,0
dev_000116,2024-10-03 00:00:00,3,3,0
dev_000117,2024-09-19 00:00:00,27,2,0
dev_000118,2024-06-06 00:00:00,2,2,0
dev_000119,2024-08-16 00:00:00,5,2,0
dev_000120,2024-08-01 00:00:00,2,2,0
dev_000121,2024-08-25 00:00:00,4,4,0
dev_000122,2024-01-31 00:00:00,15,4,0
dev_000123,2024-05-31 00:00:00,2,2,1
dev_000124,2024-01-16 00:00:00,0,0,0
dev_000125,2024-06-29 00:00:00,4,4,0
dev_000126,2024-04-30 00:00:00,1,1,0
dev_000127,2024-02-22 00:00:00,3,3,0
dev_000128,2024-02-07 00:00:00,0,0,0
dev_000129,2024-08-02 00:00:00,14,2,0
dev_000130,2024-03-03 00:00:00,1,1,0
dev_000131,2024-12-03 00:00:00,2,2,0
dev_000132,2024-07-31 00:00:00,1,1,0
dev_000133,2024-05-06 00:00:00,4,4,0
dev_000134,2024-08-03 00:00:00,2,2,1
dev_000135,2024-01-09 00:00:00,20,3,0
dev_000136,2024-12-15 00:00:00,0,0,0
dev_000137,2024-06-25 00:00:00,3,3,0
dev_000138,2024-10-12 00:00:00,2,2,0
dev_000139,2024-01-31 00:00:00,1,1,0
dev_000140,2024-06-26 00:00:00,15,2,0
dev_000141,2024-06-28 00:00:00,1,1,0
dev_000142,2024-12-08 00:00:00,0,0,0
dev_000143,2024-07-27 00:00:00,3,3,0
dev_000144,2024-06-21 00:00:00,2,2,0
dev_000145,2024-04-07 00:00:00,3,2,0
dev_000146,2024-05-01 00:00:00,0,0,0
dev_000147,2024-07-09 00:00:00,1,1,0
dev_000148,2024-06-09 00:00:00,2,1,0
dev_000149,2024-01-08 00:00:00,2,2,0
dev_000150,2024-10-28 00:00:00,4,4,0
dev_000151,2024-11-23 00:00:00,2,2,0
dev_000152,2024-02-21 00:00:00,3,3,1
dev_000153,2024-07-21 00:00:00,3,3,0
dev_000154,2024-02-09 00:00:00,6,6,0
dev_000155,2024-09-02 00:00:00,3,3,0
dev_000156,2024-04-12 00:00:00,4,2,0
dev_000157,2024-08-28 00:00:00,5,5,0
dev_000158,2024-09-22 00:00:00,2,2,0
dev_000159,2024-10-07 00:00:00,4,4,0
dev_000160,2024-02-09 00:00:00,90,3,0
dev_000161,2024-11-30 00:00:00,1,1,0
dev_000162,2024-03-25 00:00:00,1,1,0
dev_000163,2024-01-14 00:00:00,8,4,0
dev_000164,2024-07-21 00:00:00,1,1,0
dev_000165,2024-05-15 00:00:00,8,3,0
dev_000166,2024-10-29 00:00:00,1,1,0
dev_000167,2024-10-22 00:00:00,2,2,0
dev_000168,2024-04-25 00:00:00,1,1,0
dev_000169,2024-12-13 00:00:00,1,1,0
dev_000170,2024-04-16 00:00:00,5,5,0
dev_000171,2024-07-06 00:00:00,1,1,0
dev_000172,2024-04-03 00:00:00,0,0,0
dev_000173,2024-12-07 00:00:00,4,4,0
dev_000174,2024-03-01 00:00:00,3,3,0
dev_000175,2024-01-17 00:00:00,4,4,0
dev_000176,2024-06-07 00:00:00,0,0,0
dev_000177,2024-12-28 00:00:00,8,8,1
dev_000178,2024-11-21 00:00:00,3,3,0
dev_000179,2024-09-30 00:00:00,3,3,0
dev_000180,2024-11-21 00:00:00,2,2,0
dev_000181,2024-11-22 00:00:00,1,1,0
dev_000182,2024-07-08 00:00:00,1,1,0
dev_000183,2024-04-25 00:00:00,0,0,0
dev_000184,2024-10-08 00:00:00,0,0,0
dev_000185,2024-08-29 00:00:00,10,7,0
dev_000186,2024-05-16 00:00:00,2,2,2
dev_000187,2024-02-04 00:00:00,2,2,0
dev_000188,2024-09-29 00:00:00,1,1,0
dev_000189,2024-04-05 00:00:00,0,0,0
dev_000190,2024-12-07 00:00:00,2,2,0
dev_000191,2024-03-28 00:00:00,0,0,0
dev_000192,2024-02-14 00:00:00,2,2,0
dev_000193,2024-10-30 00:00:00,5,3,0
dev_000194,2024-02-25 00:00:00,1,1,1
dev_000195,2024-03-06 00:00:00,0,0,0
dev_000196,2024-08-06 00:00:00,1,1,0
dev_000197,2024-11-15 00:00:00,0,0,0
dev_000198,2024-03-12 00:00:00,8,4,0
dev_000199,2024-04-23 00:00:00,2,2,0
dev_000200,2024-10-10 00:00:00,2,2,0
dev_000201,2024-12-20 00:00:00,1,1,0
dev_000202,2024-07-01 00:00:00,2,2,0
dev_000203,2024-02-22 00:00:00,1,1,0
dev_000204,2024-01-06 00:00:00,2,2,0
dev_000205,2024-03-24 00:00:00,4,3,0
dev_000206,2024-02-18 00:00:00,2,2,0
dev_000207,2024-09-04 00:00:00,0,0,0
dev_000208,2024-02-14 00:00:00,3,3,0
dev_000209,2024-07-03 00:00:00,2,2,0
dev_000210,2024-09-10 00:00:00,4,4,0
dev_000211,2024-07-31 00:00:00,3,3,1
dev_000212,2024-03-13 00:00:00,4,4,0
dev_000213,2024-10-20 00:00:00,0,0,0
dev_000214,2024-09-18 00:00:00,1,1,0
dev_000215,2024-09-26 00:00:00,4,4,0
dev_000216,2024-02-17 00:00:00,0,0,0
dev_000217,2024-02-15 00:00:00,3,3,1
dev_000218,2024-12-04 00:00:00,2,2,0
dev_000219,2024-05-25 00:00:00,2,2,0
dev_000220,2024-04-19 00:00:00,1,1,0
dev_000221,2024-06-27 00:00:00,3,3,0
dev_000222,2024-08-29 00:00:00,1,1,1
dev_000223,2024-12-14 00:00:00,1,1,0
dev_000224,2024-04-14 00:00:00,1,1,1
dev_000225,2024-12-03 00:00:00,404,1,0
dev_000226,2024-01-10 00:00:00,2,2,0
dev_000227,2024-07-21 00:00:00,1,1,0
dev_000228,2024-08-19 00:00:00,1,1,0
dev_000229,2024-02-08 00:00:00,2,2,0
dev_000230,2024-02-21 00:00:00,1,1,0
dev_000231,2024-06-01 00:00:00,1,1,0
dev_000232,2024-12-18 00:00:00,11,3,0
dev_000233,2024-08-05 00:00:00,1,1,0
dev_000234,2024-12-06 00:00:00,2,2,0
dev_000235,2024-10-20 00:00:00,5,5,0
dev_000236,2024-06-19 00:00:00,1,1,0
dev_000237,2024-10-13 00:00:00,1,1,0
dev_000238,2024-01-07 00:00:00,2,2,0
dev_000239,2024-02-09 00:00:00,6,3,0
dev_000240,2024-10-29 00:00:00,0,0,0
dev_000241,2024-10-17 00:00:00,2,2,0
dev_000242,2024-03-25 00:00:00,6,5,0
dev_000243,2024-07-12 00:00:00,1,1,0
dev_000244,2024-08-09 00:00:00,0,0,0
dev_000245,2024-11-12 00:00:00,1,1,0
dev_000246,2024-08-08 00:00:00,3,3,0
dev_000247,2024-05-30 00:00:00,0,0,0
dev_000248,2024-05-16 00:00:00,2,2,0
dev_000249,2024-06-04 00:00:00,1,1,0
dev_000250,2024-08-25 00:00:00,4,4,0
dev_000251,2024-11-12 00:00:00,1,1,0
dev_000252,2024-06-14 00:00:00,5,5,1
dev_000253,2024-03-31 00:00:00,4,4,0
dev_000254,2024-03-27 00:00:00,3,3,0
dev_000255,2024-09-29 00:00:00,2,2,0
dev_000256,2024-10-25 00:00:00,3,3,0
dev_000257,2024-02-08 00:00:00,2,2,0
dev_000258,2024-01-25 00:00:00,4,3,0
dev_000259,2024-08-04 00:00:00,0,0,0
dev_000260,2024-02-23 00:00:00,0,0,0
dev_000261,2024-10-28 00:00:00,8,4,0
dev_000262,2024-04-23 00:00:00,1,1,0
dev_000263,2024-02-22 00:00:00,3,3,0
dev_000264,2024-12-02 00:00:00,2,2,0
dev_000265,2024-03-01 00:00:00,1,1,0
dev_000266,2024-04-13 00:00:00,4,4,0
dev_000267,2024-02-26 00:00:00,2,2,0
dev_000268,2024-02-12 00:00:00,2,2,0
dev_000269,2024-01-08 00:00:00,1,1,0
dev_000270,2024-01-21 00:00:00,2,2,0
dev_000271,2024-03-04 00:00:00,2,2,0
dev_000272,2024-01-20 00:00:00,6,6,0
dev_000273,2024-08-03 00:00:00,21,3,1
dev_000274,2024-09-05 00:00:00,3,3,0
dev_000275,2024-05-23 00:00:00,1,1,0
dev_000276,2024-04-26 00:00:00,2,2,0
dev_000277,2024-07-03 00:00:00,0,0,0
dev_000278,2024-11-15 00:00:00,1,1,0
dev_000279,2024-11-06 00:00:00,4,4,1
dev_000280,2024-01-16 00:00:00,1,1,0
dev_000281,2024-03-07 00:00:00,3,3,1
dev_000282,2024-03-27 00:00:00,2,2,0
dev_000283,2024-04-01 00:00:00,2,2,0
dev_000284,2024-07-27 00:00:00,5,1,0
dev_000285,2024-05-31 00:00:00,0,0,0
dev_000286,2024-01-18 00:00:00,11,2,0
dev_000287,2024-05-16 00:00:00,4,4,0
dev_000288,2024-07-10 00:00:00,1,1,0
dev_000289,2024-02-07 00:00:00,2,2,1
dev_000290,2024-10-31 00:00:00,2,2,0
dev_000291,2024-01-19 00:00:00,1,1,0
dev_000292,2024-12-03 00:00:00,2,2,0
dev_000293,2024-02-06 00:00:00,3,3,0
dev_000294,2024-11-03 00:00:00,2,2,0
dev_000295,2024-11-25 00:00:00,2,2,0
dev_000296,2024-12-23 00:00:00,3,3,0
dev_000297,2024-10-19 00:00:00,0,0,0
dev_000298,2024-10-11 00:00:00,3,3,0
dev_000299,2024-08-22 00:00:00,3,3,0
dev_000300,2024-10-11 00:00:00,3,3,0
dev_000301,2024-02-19 00:00:00,1,1,0
dev_000302,2024-07-14 00:00:00,8,3,0
dev_000303,2024-07-06 00:00:00,3,3,0
dev_000304,2024-11-09 00:00:00,0,0,0
dev_000305,2024-06-17 00:00:00,2,2,0
dev_000306,2024-05-20 00:00:00,22,4,0
dev_000307,2024-08-21 00:00:00,4,4,1
dev_000308,2024-04-07 00:00:00,28,5,0
dev_000309,2024-02-21 00:00:00,50,3,1
dev_000310,2024-06-23 00:00:00,0,0,0
dev_000311,2024-06-01 00:00:00,3,3,0
dev_000312,2024-03-25 00:00:00,45,1,0
dev_000313,2024-05-14 00:00:00,3,3,0
dev_000314,2024-05-13 00:00:00,1,1,0
dev_000315,2024-04-29 00:00:00,0,0,0
dev_000316,2024-05-18 00:00:00,1,1,0
dev_000317,2024-09-07 00:00:00,2,2,0
dev_000318,2024-04-18 00:00:00,0,0,0
dev_000319,2024-12-12 00:00:00,4,4,0
dev_000320,2024-11-30 00:00:00,1,1,0
dev_000321,2024-06-24 00:00:00,1,1,0
dev_000322,2024-04-29 00:00:00,0,0,0
dev_000323,2024-07-14 00:00:00,5,5,0
dev_000324,2024-11-05 00:00:00,2,2,0
dev_000325,2024-08-26 00:00:00,0,0,0
dev_000326,2024-10-20 00:00:00,2,2,0
dev_000327,2024-07-13 00:00:00,1,1,0
dev_000328,2024-08-19 00:00:00,1,1,0
dev_000329,2024-04-15 00:00:00,4,4,0
dev_000330,2024-09-25 00:00:00,3,1,0
dev_000331,2024-03-14 00:00:00,6,5,0
dev_000332,2024-09-10 00:00:00,15,5,0
dev_000333,2024-11-10 00:00:00,5,3,0
dev_000334,2024-02-18 00:00:00,2,2,0
dev_000335,2024-08-12 00:00:00,2,2,0
dev_000336,2024-02-04 00:00:00,0,0,0
dev_000337,2024-09-21 00:00:00,3,3,0
dev_000338,2024-01-31 00:00:00,0,0,0
dev_000339,2024-12-07 00:00:00,5,3,0
dev_000340,2024-02-20 00:00:00,3,3,0
dev_000341,2024-12-15 00:00:00,2,2,0
dev_000342,2024-10-19 00:00:00,4,4,0
dev_000343,2024-08-04 00:00:00,1,1,0
dev_000344,2024-10-12 00:00:00,0,0,0
dev_000345,2024-10-17 00:00:00,4,4,0
dev_000346,2024-12-11 00:00:00,2,2,0
dev_000347,2024-04-02 00:00:00,3,3,0
dev_000348,2024-08-03 00:00:00,445,2,0
dev_000349,2024-02-04 00:00:00,4,4,0
dev_000350,2024-08-12 00:00:00,1,1,0
dev_000351,2024-03-03 00:00:00,1,1,0
dev_000352,2024-07-25 00:00:00,1,1,0
dev_000353,2024-07-27 00:00:00,3,3,0
dev_000354,2024-06-19 00:00:00,5,4,0
dev_000355,2024-07-09 00:00:00,0,0,0
dev_000356,2024-10-05 00:00:00,1,1,0
dev_000357,2024-10-18 00:00:00,280,3,0
dev_000358,2024-06-28 00:00:00,3,3,0
dev_000359,2024-08-06 00:00:00,2,2,0
dev_000360,2024-12-05 00:00:00,1,1,0
dev_000361,2024-02-13 00:00:00,0,0,0
dev_000362,2024-02-12 00:00:00,0,0,0
dev_000363,2024-02-02 00:00:00,3,3,0
dev_000364,2024-08-28 00:00:00,1,1,0
dev_000365,2024-06-01 00:00:00,2,2,0
dev_000366,2024-10-09 00:00:00,4,4,1
dev_000367,2024-09-01 00:00:00,1,1,0
dev_000368,2024-05-01 00:00:00,2,2,0
dev_000369,2024-11-23 00:00:00,2,2,0
dev_000370,2024-10-05 00:00:00,2,2,0
dev_000371,2024-04-08 00:00:00,3,3,0
dev_000372,2024-05-12 00:00:00,1,1,0
dev_000373,2024-04-24 00:00:00,1,1,0
dev_000374,2024-02-27 00:00:00,2,2,0
dev_000375,2024-02-23 00:00:00,1,1,0
dev_000376,2024-12-07 00:00:00,1,1,0
dev_000377,2024-06-08 00:00:00,2,2,0
dev_000378,2024-05-19 00:00:00,1,1,0
dev_000379,2024-09-23 00:00:00,4,2,0
dev_000380,2024-07-20 00:00:00,6,3,0
dev_000381,2024-12-07 00:00:00,7,6,0
dev_000382,2024-10-11 00:00:00,1,1,0
dev_000383,2024-06-23 00:00:00,5,5,0
dev_000384,2024-05-17 00:00:00,2,2,0
dev_000385,2024-12-26 00:00:00,0,0,0
dev_000386,2024-09-18 00:00:00,3,3,0
dev_000387,2024-12-13 00:00:00,2,2,0
dev_000388,2024-02-13 00:00:00,1,1,0
dev_000389,2024-11-06 00:00:00,3,3,0
dev_000390,2024-08-20 00:00:00,3,3,0
dev_000391,2024-02-14 00:00:00,2,2,0
dev_000392,2024-08-02 00:00:00,6,2,0
dev_000393,2024-09-07 00:00:00,1,1,0
dev_000394,2024-01-05 00:00:00,2,2,0
dev_000395,2024-06-14 00:00:00,4,4,0
dev_000396,2024-10-28 00:00:00,1,1,0
dev_000397,2024-04-17 00:00:00,1,1,0
dev_000398,2024-06-16 00:00:00,1,1,0
dev_000399,2024-06-10 00:00:00,25,2,0
dev_000400,2024-04-20 00:00:00,2,2,0
dev_000401,2024-12-01 00:00:00,0,0,0
dev_000402,2024-10-12 00:00:00,1,1,0
dev_000403,2024-02-10 00:00:00,3,3,0
dev_000404,2024-12-29 00:00:00,2,2,0
dev_000405,2024-11-16 00:00:00,2,2,0
dev_000406,2024-04-13 00:00:00,1,1,0
dev_000407,2024-11-01 00:00:00,1,1,0
dev_000408,2024-02-08 00:00:00,4,4,1
dev_000409,2024-12-30 00:00:00,2,2,0
dev_000410,2024-08-30 00:00:00,6,4,1
dev_000411,2024-08-25 00:00:00,41,5,0
dev_000412,2024-02-03 00:00:00,0,0,0
dev_000413,2024-11-23 00:00:00,3,3,0
dev_000414,2024-01-11 00:00:00,2,2,0
dev_000415,2024-03-28 00:00:00,6,4,0
dev_000416,2024-02-22 00:00:00,2,2,0
dev_000417,2024-10-10 00:00:00,10,4,0
dev_000418,2024-03-13 00:00:00,2,2,0
dev_000419,2024-11-28 00:00:00,3,3,0
dev_000420,2024-08-27 00:00:00,7,3,0
dev_000421,2024-01-14 00:00:00,2,2,0
dev_000422,2024-01-02 00:00:00,0,0,0
dev_000423,2024-01-19 00:00:00,6,3,0
dev_000424,2024-08-09 00:00:00,2,2,0
dev_000425,2024-10-19 00:00:00,1,1,0
dev_000426,2024-03-28 00:00:00,0,0,0
dev_000427,2024-11-06 00:00:00,1,1,0
dev_000428,2024-01-21 00:00:00,1,1,0
dev_000429,2024-10-19 00:00:00,1,1,0
dev_000430,2024-12-04 00:00:00,2,2,0
dev_000431,2024-10-08 00:00:00,6,3,0
dev_000432,2024-09-11 00:00:00,4,3,0
dev_000433,2024-11-01 00:00:00,4,4,0
dev_000434,2024-01-15 00:00:00,4,4,1
dev_000435,2024-03-14 00:00:00,5,4,1
dev_000436,2024-02-15 00:00:00,2,2,0
dev_000437,2024-07-03 00:00:00,1,1,0
dev_000438,2024-09-28 00:00:00,5,3,0
dev_000439,2024-08-17 00:00:00,2,2,0
dev_000440,2024-11-06 00:00:00,1,1,0
dev_000441,2024-02-26 00:00:00,2,2,0
dev_000442,2024-09-25 00:00:00,1,1,0
dev_000443,2024-03-11 00:00:00,2,2,0
dev_000444,2024-04-08 00:00:00,5,5,0
dev_000445,2024-09-16 00:00:00,1,1,0
dev_000446,2024-12-23 00:00:00,2,2,0
dev_000447,2024-08-11 00:00:00,1,1,0
dev_000448,2024-01-20 00:00:00,8,3,0
dev_000449,2024-08-12 00:00:00,1,1,0
dev_000450,2024-01-16 00:00:00,1,1,0
dev_000451,2024-11-18 00:00:00,5,5,0
dev_000452,2024-09-15 00:00:00,2,2,0
dev_000453,2024-03-04 00:00:00,1,1,1
dev_000454,2024-02-03 00:00:00,3,3,0
dev_000455,2024-03-07 00:00:00,1,1,0
dev_000456,2024-12-23 00:00:00,1,1,0
dev_000457,2024-06-16 00:00:00,1,1,0
dev_000458,2024-10-13 00:00:00,2,2,0
dev_000459,2024-08-20 00:00:00,1,1,0
dev_000460,2024-07-27 00:00:00,1,1,0
dev_000461,2024-02-22 00:00:00,2,2,0
dev_000462,2024-12-11 00:00:00,3,3,0
dev_000463,2024-04-19 00:00:00,1,1,0
dev_000464,2024-07-29 00:00:00,1,1,0
dev_000465,2024-09-12 00:00:00,2,2,0
dev_000466,2024-08-24 00:00:00,1,1,0
dev_000467,2024-12-09 00:00:00,3,3,0
dev_000468,2024-02-24 00:00:00,2,2,0
dev_000469,2024-07-04 00:00:00,7,4,0
dev_000470,2024-05-27 00:00:00,0,0,0
dev_000471,2024-06-22 00:00:00,2,2,0
dev_000472,2024-02-13 00:00:00,2,2,0
dev_000473,2024-02-18 00:00:00,4,3,1
dev_000474,2024-04-11 00:00:00,3,2,0
dev_000475,2024-04-21 00:00:00,3,3,1
dev_000476,2024-06-05 00:00:00,0,0,0
dev_000477,2024-08-11 00:00:00,0,0,0
dev_000478,2024-08-19 00:00:00,4,3,0
dev_000479,2024-05-30 00:00:00,7,2,0
dev_000480,2024-05-29 00:00:00,3,3,0
dev_000481,2024-03-20 00:00:00,1,1,0
dev_000482,2024-08-02 00:00:00,2,2,0
dev_000483,2024-04-25 00:00:00,3,3,0
dev_000484,2024-01-14 00:00:00,0,0,0
dev_000485,2024-06-01 00:00:00,2,2,0
dev_000486,2024-06-22 00:00:00,3,3,0
dev_000487,2024-03-23 00:00:00,4,4,0
dev_000488,2024-07-27 00:00:00,2,2,0
dev_000489,2024-07-25 00:00:00,1,1,0
dev_000490,2024-09-13 00:00:00,0,0,0
dev_000491,2024-08-24 00:00:00,2,2,0
dev_000492,2024-08-26 00:00:00,0,0,0
dev_000493,2024-04-25 00:00:00,1,1,0
dev_000494,2024-10-14 00:00:00,0,0,0
dev_000495,2024-07-19 00:00:00,1,1,0
dev_000496,2024-06-06 00:00:00,1,1,0
dev_000497,2024-08-16 00:00:00,3,3,1
dev_000498,2024-05-11 00:00:00,0,0,0
dev_000499,2024-07-06 00:00:00,2,2,0
dev_000500,2024-09-25 00:00:00,0,0,0
dev_000501,2024-11-19 00:00:00,1,1,0
dev_000502,2024-12-02 00:00:00,0,0,0
dev_000503,2024-07-02 00:00:00,3,3,0
dev_000504,2024-07-08 00:00:00,3,3,0
dev_000505,2024-10-18 00:00:00,1,1,0
dev_000506,2024-04-24 00:00:00,3,3,0
dev_000507,2024-11-01 00:00:00,4,4,0
dev_000508,2024-06-29 00:00:00,3,3,0
dev_000509,2024-02-12 00:00:00,2,2,0
dev_000510,2024-01-27 00:00:00,29,5,0
dev_000511,2024-11-03 00:00:00,1,1,0
dev_000512,2024-01-21 00:00:00,1,1,1
dev_000513,2024-04-12 00:00:00,0,0,0
dev_000514,2024-05-01 00:00:00,2,2,0
dev_000515,2024-03-04 00:00:00,2,2,0
dev_000516,2024-04-24 00:00:00,6,3,0
dev_000517,2024-09-28 00:00:00,8,3,0
dev_000518,2024-01-06 00:00:00,2,2,0
dev_000519,2024-10-28 00:00:00,2,2,1
dev_000520,2024-11-08 00:00:00,0,0,0
dev_000521,2024-05-15 00:00:00,1,1,0
dev_000522,2024-02-26 00:00:00,3,2,0
dev_000523,2024-08-07 00:00:00,2,2,0
dev_000524,2024-02-13 00:00:00,0,0,0
dev_000525,2024-05-13 00:00:00,3,3,0
dev_000526,2024-12-15 00:00:00,3,3,0
dev_000527,2024-12-29 00:00:00,1,1,0
dev_000528,2024-10-08 00:00:00,7,3,0
dev_000529,2024-04-23 00:00:00,1,1,0
dev_000530,2024-09-07 00:00:00,1,1,0
dev_000531,2024-09-14 00:00:00,2,2,2
dev_000532,2024-05-21 00:00:00,3,2,0
dev_000533,2024-08-21 00:00:00,2,2,0
dev_000534,2024-01-04 00:00:00,0,0,0
dev_000535,2024-03-17 00:00:00,0,0,0
dev_000536,2024-07-10 00:00:00,1,1,0
dev_000537,2024-02-29 00:00:00,5,3,0
dev_000538,2024-03-01 00:00:00,5,5,0
dev_000539,2024-11-01 00:00:00,1,1,0
dev_000540,2024-12-27 00:00:00,3,2,0
dev_000541,2024-07-21 00:00:00,4,4,1
dev_000542,2024-11-02 00:00:00,1,1,0
dev_000543,2024-12-27 00:00:00,2,2,0
dev_000544,2024-02-21 00:00:00,1,1,0
dev_000545,2024-06-12 00:00:00,3,3,0
dev_000546,2024-05-23 00:00:00,1,1,0
dev_000547,2024-01-30 00:00:00,4,4,0
dev_000548,2024-10-02 00:00:00,17,3,0
dev_000549,2024-06-07 00:00:00,21,1,0
dev_000550,2024-06-20 00:00:00,2,2,0
dev_000551,2024-02-24 00:00:00,1,1,0
dev_000552,2024-03-07 00:00:00,1,1,0
dev_000553,2024-11-27 00:00:00,3,3,1
dev_000554,2024-01-17 00:00:00,4,4,0
dev_000555,2024-03-25 00:00:00,5,5,0
dev_000556,2024-04-16 00:00:00,1,1,0
dev_000557,2024-06-27 00:00:00,3,3,0
dev_000558,2024-08-02 00:00:00,2,2,0
dev_000559,2024-06-29 00:00:00,1,1,0
dev_000560,2024-01-31 00:00:00,0,0,0
dev_000561,2024-03-29 00:00:00,3,3,0
dev_000562,2024-11-03 00:00:00,3,3,0
dev_000563,2024-08-20 00:00:00,17,3,0
dev_000564,2024-08-24 00:00:00,5,3,0
dev_000565,2024-09-01 00:00:00,2,2,0
dev_000566,2024-10-05 00:00:00,3,3,0
dev_000567,2024-01-22 00:00:00,5,5,0
dev_000568,2024-05-13 00:00:00,6,5,0
dev_000569,2024-07-15 00:00:00,3,3,0
dev_000570,2024-05-03 00:00:00,1,1,0
dev_000571,2024-11-04 00:00:00,2,2,0
dev_000572,2024-06-25 00:00:00,7,7,0
dev_000573,2024-10-07 00:00:00,3,3,0
dev_000574,2024-11-06 00:00:00,15,3,0
dev_000575,2024-07-03 00:00:00,2,2,0
dev_000576,2024-11-27 00:00:00,1,1,0
dev_000577,2024-08-02 00:00:00,1,1,1
dev_000578,2024-11-06 00:00:00,4,4,1
dev_000579,2024-05-04 00:00:00,0,0,0
dev_000580,2024-07-01 00:00:00,1,1,0
dev_000581,2024-07-12 00:00:00,2,2,0
dev_000582,2024-02-08 00:00:00,0,0,0
dev_000583,2024-05-25 00:00:00,3,3,0
dev_000584,2024-11-30 00:00:00,2,2,0
dev_000585,2024-08-18 00:00:00,3,3,0
dev_000586,2024-03-05 00:00:00,6,6,2
dev_000587,2024-05-03 00:00:00,1,1,0
dev_000588,2024-03-10 00:00:00,4,4,0
dev_000589,2024-01-10 00:00:00,4,3,0
dev_000590,2024-12-04 00:00:00,2,2,0
dev_000591,2024-06-12 00:00:00,4,4,0
dev_000592,2024-04-22 00:00:00,0,0,0
dev_000593,2024-08-06 00:00:00,2,2,0
dev_000594,2024-01-03 00:00:00,0,0,0
dev_000595,2024-04-11 00:00:00,0,0,0
dev_000596,2024-09-13 00:00:00,1,1,0
dev_000597,2024-08-19 00:00:00,3,3,0
dev_000598,2024-12-24 00:00:00,1,1,0
dev_000599,2024-08-14 00:00:00,5,3,0
dev_000600,2024-06-23 00:00:00,1,1,1
dev_000601,2024-10-04 00:00:00,1,1,0
dev_000602,2024-11-25 00:00:00,2,2,0
dev_000603,2024-09-20 00:00:00,2,1,0
dev_000604,2024-12-17 00:00:00,2,2,1
dev_000605,2024-10-12 00:00:00,2,2,0
dev_000606,2024-11-12 00:00:00,2,2,0
dev_000607,2024-02-11 00:00:00,5,4,0
dev_000608,2024-09-24 00:00:00,2,2,0
dev_000609,2024-06-09 00:00:00,3,3,0
dev_000610,2024-07-20 00:00:00,1,1,0
dev_000611,2024-08-26 00:00:00,1,1,0
dev_000612,2024-12-19 00:00:00,2,2,0
dev_000613,2024-12-25 00:00:00,2,2,0
dev_000614,2024-04-15 00:00:00,3,3,0
dev_000615,2024-09-24 00:00:00,1,1,0
dev_000616,2024-09-30 00:00:00,1,1,1
dev_000617,2024-05-06 00:00:00,6,5,0
dev_000618,2024-02-15 00:00:00,3,3,0
dev_000619,2024-01-15 00:00:00,1,1,0
dev_000620,2024-10-10 00:00:00,2,2,0
dev_000621,2024-06-27 00:00:00,3,3,1
dev_000622,2024-12-25 00:00:00,1,1,0
dev_000623,2024-06-18 00:00:00,1,1,0
dev_000624,2024-12-22 00:00:00,1,1,0
dev_000625,2024-05-30 00:00:00,1,1,0
dev_000626,2024-10-16 00:00:00,3,3,0
dev_000627,2024-01-31 00:00:00,2,2,0
dev_000628,2024-07-21 00:00:00,3,3,0
dev_000629,2024-10-19 00:00:00,3,3,0
dev_000630,2024-12-03 00:00:00,4,4,0
dev_000631,2024-10-27 00:00:00,2,2,0
dev_000632,2024-01-14 00:00:00,4,4,0
dev_000633,2024-05-16 00:00:00,5,5,0
dev_000634,2024-01-18 00:00:00,1,1,0
dev_000635,2024-02-09 00:00:00,1,1,0
dev_000636,2024-09-03 00:00:00,6,4,0
dev_000637,2024-09-17 00:00:00,3,3,0
dev_000638,2024-10-09 00:00:00,4,4,1
dev_000639,2024-11-11 00:00:00,0,0,0
dev_000640,2024-09-26 00:00:00,1,1,0
dev_000641,2024-10-19 00:00:00,1,1,0
dev_000642,2024-01-18 00:00:00,2,2,0
dev_000643,2024-03-26 00:00:00,3,3,0
dev_000644,2024-08-14 00:00:00,3,3,0
dev_000645,2024-11-09 00:00:00,2,2,0
dev_000646,2024-01-02 00:00:00,2,2,0
dev_000647,2024-07-06 00:00:00,2,2,0
dev_000648,2024-09-04 00:00:00,3,3,0
dev_000649,2024-01-11 00:00:00,4,4,2
dev_000650,2024-05-26 00:00:00,1,1,0
dev_000651,2024-11-22 00:00:00,5,5,0
dev_000652,2024-09-02 00:00:00,1,1,0
dev_000653,2024-03-27 00:00:00,5,5,0
dev_000654,2024-11-07 00:00:00,3,3,1
dev_000655,2024-05-07 00:00:00,1,1,0
dev_000656,2024-11-07 00:00:00,4,4,0
dev_000657,2024-04-19 00:00:00,0,0,0
dev_000658,2024-08-03 00:00:00,41,3,0
dev_000659,2024-05-24 00:00:00,1,1,0
dev_000660,2024-04-10 00:00:00,5,5,0
dev_000661,2024-11-19 00:00:00,3,2,0
dev_000662,2024-03-09 00:00:00,2,2,0
dev_000663,2024-01-31 00:00:00,5,5,0
dev_000664,2024-05-04 00:00:00,3,3,0
dev_000665,2024-09-18 00:00:00,3,3,0
dev_000666,2024-10-21 00:00:00,2,2,0
dev_000667,2024-12-30 00:00:00,11,3,0
dev_000668,2024-04-18 00:00:00,1,1,0
dev_000669,2024-05-28 00:00:00,2,2,0
dev_000670,2024-02-19 00:00:00,2,2,0
dev_000671,2024-07-28 00:00:00,2,2,0
dev_000672,2024-12-30 00:00:00,1,1,0
dev_000673,2024-09-12 00:00:00,17,4,1
dev_000674,2024-08-05 00:00:00,1,1,0
dev_000675,2024-05-23 00:00:00,2,2,0
dev_000676,2024-11-30 00:00:00,5,2,0
dev_000677,2024-06-30 00:00:00,0,0,0
dev_000678,2024-02-19 00:00:00,1,1,0
dev_000679,2024-05-13 00:00:00,11,1,0
dev_000680,2024-01-25 00:00:00,1,1,0
dev_000681,2024-03-14 00:00:00,1,1,0
dev_000682,2024-01-07 00:00:00,1,1,0
dev_000683,2024-06-14 00:00:00,51,2,0
dev_000684,2024-08-19 00:00:00,2,2,0
dev_000685,2024-05-05 00:00:00,7,5,0
dev_000686,2024-06-02 00:00:00,3,3,0
dev_000687,2024-12-16 00:00:00,2,2,0
dev_000688,2024-10-01 00:00:00,1,1,0
dev_000689,2024-07-16 00:00:00,0,0,0
dev_000690,2024-04-13 00:00:00,1,1,0
dev_000691,2024-11-23 00:00:00,3,3,0
dev_000692,2024-03-26 00:00:00,2,2,0
dev_000693,2024-04-28 00:00:00,6,1,0
dev_000694,2024-11-27 00:00:00,4,4,0
dev_000695,2024-07-12 00:00:00,4,2,0
dev_000696,2024-09-27 00:00:00,2,1,0
dev_000697,2024-08-03 00:00:00,2,2,0
dev_000698,2024-08-26 00:00:00,1,1,0
dev_000699,2024-04-19 00:00:00,2,2,0
dev_000700,2024-03-29 00:00:00,6,3,0
dev_000701,2024-04-27 00:00:00,1,1,0
dev_000702,2024-02-26 00:00:00,0,0,0
dev_000703,2024-11-15 00:00:00,2,2,0
dev_000704,2024-04-13 00:00:00,3,3,0
dev_000705,2024-07-23 00:00:00,3,3,0
dev_000706,2024-10-16 00:00:00,3,3,0
dev_000707,2024-10-13 00:00:00,1,1,0
dev_000708,2024-06-09 00:00:00,2,2,0
dev_000709,2024-06-22 00:00:00,1,1,0
dev_000710,2024-12-29 00:00:00,4,3,0
dev_000711,2024-09-03 00:00:00,1,1,0
dev_000712,2024-10-24 00:00:00,0,0,0
dev_000713,2024-11-25 00:00:00,0,0,0
dev_000714,2024-10-14 00:00:00,0,0,0
dev_000715,2024-03-08 00:00:00,1,1,0
dev_000716,2024-07-24 00:00:00,2,2,0
dev_000717,2024-02-07 00:00:00,3,3,0
dev_000718,2024-08-26 00:00:00,3,3,1
dev_000719,2024-12-14 00:00:00,1,1,0
dev_000720,2024-07-06 00:00:00,1,1,0
dev_000721,2024-06-07 00:00:00,3,3,1
dev_000722,2024-01-14 00:00:00,3,3,0
dev_000723,2024-12-16 00:00:00,2,2,0
dev_000724,2024-02-07 00:00:00,1,1,0
dev_000725,2024-01-15 00:00:00,5,5,0
dev_000726,2024-03-30 00:00:00,2,2,1
dev_000727,2024-01-24 00:00:00,2,2,0
dev_000728,2024-06-15 00:00:00,34,5,0
dev_000729,2024-07-07 00:00:00,3,3,0
dev_000730,2024-04-24 00:00:00,4,4,0
dev_000731,2024-01-19 00:00:00,2,2,0
dev_000732,2024-02-10 00:00:00,5,3,0
dev_000733,2024-05-20 00:00:00,2,2,0
dev_000734,2024-01-23 00:00:00,0,0,0
dev_000735,2024-09-11 00:00:00,2,2,0
dev_000736,2024-03-16 00:00:00,44,3,0
dev_000737,2024-04-20 00:00:00,3,3,0
dev_000738,2024-05-23 00:00:00,4,2,0
dev_000739,2024-06-01 00:00:00,3,3,0
dev_000740,2024-01-01 00:00:00,1,1,0
dev_000741,2024-02-10 00:00:00,2,2,0
dev_000742,2024-11-10 00:00:00,20,2,0
dev_000743,2024-01-01 00:00:00,2,2,0
dev_000744,2024-07-04 00:00:00,1,1,0
dev_000745,2024-06-27 00:00:00,3,3,0
dev_000746,2024-05-01 00:00:00,4,4,1
dev_000747,2024-06-06 00:00:00,1,1,0
dev_000748,2024-10-11 00:00:00,1,1,0
dev_000749,2024-11-03 00:00:00,3,3,0
dev_000750,2024-04-05 00:00:00,2,2,0
dev_000751,2024-04-27 00:00:00,0,0,0
dev_000752,2024-03-29 00:00:00,0,0,0
dev_000753,2024-06-24 00:00:00,1,1,0
dev_000754,2024-09-06 00:00:00,1,1,0
dev_000755,2024-03-24 00:00:00,503,1,0
dev_000756,2024-04-30 00:00:00,2,2,0
dev_000757,2024-12-05 00:00:00,1,1,0
dev_000758,2024-01-18 00:00:00,2,2,0
dev_000759,2024-06-17 00:00:00,2,2,0
dev_000760,2024-09-16 00:00:00,0,0,0
dev_000761,2024-02-24 00:00:00,3,3,0
dev_000762,2024-01-18 00:00:00,2,2,0
dev_000763,2024-02-20 00:00:00,1,1,0
dev_000764,2024-12-01 00:00:00,1,1,0
dev_000765,2024-01-04 00:00:00,4,4,0
dev_000766,2024-03-09 00:00:00,1,1,0
dev_000767,2024-01-12 00:00:00,2,2,0
dev_000768,2024-02-10 00:00:00,1,1,0
dev_000769,2024-08-14 00:00:00,2,2,0
dev_000770,2024-03-29 00:00:00,2,2,0
dev_000771,2024-07-26 00:00:00,0,0,0
dev_000772,2024-08-03 00:00:00,0,0,0
dev_000773,2024-11-06 00:00:00,2,2,0
dev_000774,2024-01-02 00:00:00,2,2,0
dev_000775,2024-11-07 00:00:00,2,2,1
dev_000776,2024-08-13 00:00:00,2,2,0
dev_000777,2024-02-29 00:00:00,1,1,0
dev_000778,2024-10-09 00:00:00,1,1,0
dev_000779,2024-11-08 00:00:00,2,2,0
dev_000780,2024-04-02 00:00:00,0,0,0
dev_000781,2024-12-01 00:00:00,2,2,0
dev_000782,2024-06-14 00:00:00,3,3,0
dev_000783,2024-08-08 00:00:00,5,5,0
dev_000784,2024-12-25 00:00:00,1,1,0
dev_000785,2024-05-11 00:00:00,0,0,0
dev_000786,2024-10-23 00:00:00,2,2,0
dev_000787,2024-04-26 00:00:00,2,1,0
dev_000788,2024-10-18 00:00:00,3,3,0
dev_000789,2024-08-07 00:00:00,5,3,0
dev_000790,2024-03-19 00:00:00,4,4,1
dev_000791,2024-05-31 00:00:00,2,2,0
dev_000792,2024-04-25 00:00:00,1,1,0
dev_000793,2024-01-29 00:00:00,2,2,0
dev_000794,2024-01-11 00:00:00,1,1,0
dev_000795,2024-05-06 00:00:00,1,1,0
dev_000796,2024-01-07 00:00:00,2,2,0
dev_000797,2024-03-01 00:00:00,3,3,0
dev_000798,2024-09-21 00:00:00,0,0,0
dev_000799,2024-09-15 00:00:00,10,2,0
dev_000800,2024-09-26 00:00:00,5,5,0
dev_000801,2024-04-25 00:00:00,0,0,0
dev_000802,2024-11-20 00:00:00,2,2,1
dev_000803,2024-08-04 00:00:00,1,1,1
dev_000804,2024-02-15 00:00:00,0,0,0
dev_000805,2024-02-22 00:00:00,0,0,0
dev_000806,2024-09-09 00:00:00,2,2,0
dev_000807,2024-03-04 00:00:00,3,3,0
dev_000808,2024-07-04 00:00:00,5,5,0
dev_000809,2024-12-27 00:00:00,2,2,0
dev_000810,2024-01-02 00:00:00,3,3,0
dev_000811,2024-01-07 00:00:00,10,6,1
dev_000812,2024-12-28 00:00:00,4,4,0
dev_000813,2024-08-01 00:00:00,2,2,0
dev_000814,2024-02-16 00:00:00,3,3,0
dev_000815,2024-11-23 00:00:00,1,1,0
dev_000816,2024-11-17 00:00:00,0,0,0
dev_000817,2024-07-14 00:00:00,1,1,0
dev_000818,2024-08-14 00:00:00,1,1,0
dev_000819,2024-04-09 00:00:00,5,2,0
dev_000820,2024-01-19 00:00:00,3,3,0
dev_000821,2024-08-05 00:00:00,2,2,0
dev_000822,2024-04-17 00:00:00,1,1,0
dev_000823,2024-08-30 00:00:00,0,0,0
dev_000824,2024-11-01 00:00:00,8,8,1
dev_000825,2024-01-07 00:00:00,2,2,0
dev_000826,2024-08-05 00:00:00,2,2,0
dev_000827,2024-03-25 00:00:00,4,4,0
dev_000828,2024-11-14 00:00:00,0,0,0
dev_000829,2024-04-02 00:00:00,1,1,0
dev_000830,2024-08-10 00:00:00,2,2,0
dev_000831,2024-07-21 00:00:00,1,1,0
dev_000832,2024-05-24 00:00:00,1,1,0
dev_000833,2024-09-04 00:00:00,12,2,0
dev_000834,2024-09-21 00:00:00,3,3,0
dev_000835,2024-07-25 00:00:00,1,1,0
dev_000836,2024-10-03 00:00:00,8,8,1
dev_000837,2024-12-24 00:00:00,1,1,0
dev_000838,2024-06-02 00:00:00,3,3,0
dev_000839,2024-07-06 00:00:00,1,1,0
dev_000840,2024-01-05 00:00:00,4,4,0
dev_000841,2024-10-17 00:00:00,2,2,0
dev_000842,2024-07-08 00:00:00,2,2,0
dev_000843,2024-05-28 00:00:00,0,0,0
dev_000844,2024-02-04 00:00:00,3,3,0
dev_000845,2024-11-20 00:00:00,1,1,0
dev_000846,2024-05-24 00:00:00,0,0,0
dev_000847,2024-09-06 00:00:00,1,1,1
dev_000848,2024-02-24 00:00:00,2,2,0
dev_000849,2024-12-16 00:00:00,9,2,0
dev_000850,2024-03-06 00:00:00,3,3,0
dev_000851,2024-03-13 00:00:00,1,1,0
dev_000852,2024-11-09 00:00:00,3,3,1
dev_000853,2024-11-29 00:00:00,1,1,0
dev_000854,2024-03-18 00:00:00,2,2,0
dev_000855,2024-06-20 00:00:00,1,1,0
dev_000856,2024-09-24 00:00:00,4,2,0
dev_000857,2024-11-16 00:00:00,2,2,0
dev_000858,2024-05-18 00:00:00,3,3,0
dev_000859,2024-07-07 00:00:00,12,7,0
dev_000860,2024-09-27 00:00:00,3,3,0
dev_000861,2024-09-23 00:00:00,1,1,0
dev_000862,2024-10-12 00:00:00,1,1,0
dev_000863,2024-07-27 00:00:00,5,5,0
dev_000864,2024-02-08 00:00:00,1,1,0
dev_000865,2024-11-25 00:00:00,2,2,0
dev_000866,2024-11-11 00:00:00,2,2,0
dev_000867,2024-10-18 00:00:00,6,6,2
dev_000868,2024-02-06 00:00:00,2,2,0
dev_000869,2024-03-15 00:00:00,2,2,0
dev_000870,2024-09-28 00:00:00,2,2,0
dev_000871,2024-01-09 00:00:00,1,1,0
dev_000872,2024-12-23 00:00:00,0,0,0
dev_000873,2024-05-17 00:00:00,6,4,0
dev_000874,2024-09-19 00:00:00,3,3,0
dev_000875,2024-11-19 00:00:00,94,3,0
dev_000876,2024-05-24 00:00:00,0,0,0
dev_000877,2024-04-26 00:00:00,1,1,0
dev_000878,2024-08-10 00:00:00,0,0,0
dev_000879,2024-07-31 00:00:00,3,2,0
dev_000880,2024-05-29 00:00:00,4,4,0
dev_000881,2024-08-07 00:00:00,1,1,0
dev_000882,2024-12-07 00:00:00,1,1,0
dev_000883,2024-06-19 00:00:00,2,2,0
dev_000884,2024-03-12 00:00:00,2,2,0
dev_000885,2024-05-17 00:00:00,2,2,0
dev_000886,2024-05-23 00:00:00,0,0,0
dev_000887,2024-02-17 00:00:00,16,2,0
dev_000888,2024-02-29 00:00:00,4,3,0
dev_000889,2024-09-06 00:00:00,6,3,0
dev_000890,2024-05-03 00:00:00,1,1,1
dev_000891,2024-12-14 00:00:00,3,2,0
dev_000892,2024-03-29 00:00:00,32,5,1
dev_000893,2024-02-06 00:00:00,91,3,0
dev_000894,2024-10-02 00:00:00,2,2,0
dev_000895,2024-11-17 00:00:00,2,2,0
dev_000896,2024-04-11 00:00:00,4,4,1
dev_000897,2024-03-14 00:00:00,1,1,0
dev_000898,2024-03-08 00:00:00,1,1,0
dev_000899,2024-07-09 00:00:00,1,1,0
dev_000900,2024-06-19 00:00:00,3,3,0
dev_000901,2024-04-04 00:00:00,5,4,0
dev_000902,2024-01-17 00:00:00,2,2,1
dev_000903,2024-06-24 00:00:00,2,2,0
dev_000904,2024-12-16 00:00:00,1,1,0
dev_000905,2024-08-26 00:00:00,10,3,0
dev_000906,2024-06-29 00:00:00,2,2,1
dev_000907,2024-02-10 00:00:00,0,0,0
dev_000908,2024-04-02 00:00:00,2,2,0
dev_000909,2024-04-17 00:00:00,2,2,0
dev_000910,2024-10-06 00:00:00,2,2,0
dev_000911,2024-11-15 00:00:00,1,1,0
dev_000912,2024-11-25 00:00:00,7,3,0
dev_000913,2024-12-25 00:00:00,1,1,0
dev_000914,2024-12-24 00:00:00,5,5,1
dev_000915,2024-12-13 00:00:00,3,2,0
dev_000916,2024-01-27 00:00:00,1,1,0
dev_000917,2024-02-20 00:00:00,3,3,0
dev_000918,2024-04-21 00:00:00,3,3,0
dev_000919,2024-07-20 00:00:00,2,2,0
dev_000920,2024-02-05 00:00:00,1,1,0
dev_000921,2024-11-04 00:00:00,3,3,0
dev_000922,2024-08-13 00:00:00,5,3,0
dev_000923,2024-07-16 00:00:00,1,1,0
dev_000924,2024-03-01 00:00:00,2,2,0
dev_000925,2024-04-02 00:00:00,0,0,0
dev_000926,2024-02-28 00:00:00,1,1,0
dev_000927,2024-11-06 00:00:00,1,1,0
dev_000928,2024-08-01 00:00:00,2,2,0
dev_000929,2024-09-25 00:00:00,1,1,0
dev_000930,2024-04-18 00:00:00,0,0,0
dev_000931,2024-05-15 00:00:00,2,2,0
dev_000932,2024-05-27 00:00:00,2,2,0
dev_000933,2024-10-04 00:00:00,1,1,0
dev_000934,2024-10-08 00:00:00,1,1,0
dev_000935,2024-03-16 00:00:00,2,2,0
dev_000936,2024-12-09 00:00:00,0,0,0
dev_000937,2024-02-14 00:00:00,0,0,0
dev_000938,2024-11-23 00:00:00,7,5,1
dev_000939,2024-02-06 00:00:00,2,2,0
dev_000940,2024-04-06 00:00:00,3,3,0
dev_000941,2024-11-04 00:00:00,4,3,0
dev_000942,2024-03-06 00:00:00,2,2,0
dev_000943,2024-05-30 00:00:00,1,1,0
dev_000944,2024-06-13 00:00:00,4,4,0
dev_000945,2024-03-30 00:00:00,0,0,0
dev_000946,2024-09-16 00:00:00,14,6,0
dev_000947,2024-11-06 00:00:00,4,2,0
dev_000948,2024-11-15 00:00:00,2,2,0
dev_000949,2024-05-03 00:00:00,3,3,0
dev_000950,2024-07-12 00:00:00,0,0,0
dev_000951,2024-03-31 00:00:00,2,2,0
dev_000952,2024-03-30 00:00:00,2,2,0
dev_000953,2024-02-28 00:00:00,1,1,0
dev_000954,2024-12-09 00:00:00,0,0,0
dev_000955,2024-11-20 00:00:00,0,0,0
dev_000956,2024-10-10 00:00:00,1,1,0
dev_000957,2024-07-07 00:00:00,1,1,0
dev_000958,2024-06-28 00:00:00,6,5,1
dev_000959,2024-07-12 00:00:00,1,1,0
dev_000960,2024-07-14 00:00:00,2,2,0
dev_000961,2024-06-07 00:00:00,2,2,0
dev_000962,2024-02-18 00:00:00,4,4,0
dev_000963,2024-02-15 00:00:00,0,0,0
dev_000964,2024-12-13 00:00:00,2,2,0
dev_000965,2024-06-24 00:00:00,1,1,0
dev_000966,2024-12-13 00:00:00,1,1,0
dev_000967,2024-02-29 00:00:00,1,1,0
dev_000968,2024-07-21 00:00:00,1,1,0
dev_000969,2024-03-16 00:00:00,0,0,0
dev_000970,2024-04-02 00:00:00,507,1,0
dev_000971,2024-01-11 00:00:00,4,4,0
dev_000972,2024-02-13 00:00:00,3,3,1
dev_000973,2024-11-30 00:00:00,0,0,0
dev_000974,2024-04-27 00:00:00,1,1,0
dev_000975,2024-08-09 00:00:00,3,3,0
dev_000976,2024-06-18 00:00:00,2,2,0
dev_000977,2024-05-26 00:00:00,2,2,0
dev_000978,2024-07-13 00:00:00,4,3,0
dev_000979,2024-03-09 00:00:00,3,3,0
dev_000980,2024-12-26 00:00:00,3,3,0
dev_000981,2024-10-25 00:00:00,3,3,0
dev_000982,2024-09-27 00:00:00,0,0,0
dev_000983,2024-06-20 00:00:00,0,0,0
dev_000984,2024-02-25 00:00:00,2,2,0
dev_000985,2024-12-02 00:00:00,0,0,0
dev_000986,2024-05-04 00:00:00,4,4,0
dev_000987,2024-01-19 00:00:00,1,1,0
dev_000988,2024-05-04 00:00:00,1,1,0
dev_000989,2024-10-16 00:00:00,4,2,0
dev_000990,2024-08-15 00:00:00,2,2,0
dev_000991,2024-10-01 00:00:00,1,1,0
dev_000992,2024-10-16 00:00:00,14,3,0
dev_000993,2024-03-18 00:00:00,22,7,0
dev_000994,2024-12-03 00:00:00,1,1,0
dev_000995,2024-06-08 00:00:00,1,1,0
dev_000996,2024-08-21 00:00:00,3,3,0
dev_000997,2024-01-01 00:00:00,35,3,0
dev_000998,2024-12-28 00:00:00,3,3,0
dev_000999,2024-04-12 00:00:00,4,4,1
dev_001000,2024-01-23 00:00:00,6,6,0
dev_001001,2024-06-16 00:00:00,1,1,0
dev_001002,2024-02-17 00:00:00,5,5,0
dev_001003,2024-02-25 00:00:00,49,2,0
dev_001004,2024-08-18 00:00:00,3,3,1
dev_001005,2024-05-23 00:00:00,4,4,1
dev_001006,2024-12-02 00:00:00,0,0,0
dev_001007,2024-04-26 00:00:00,6,4,0
dev_001008,2024-09-22 00:00:00,2,2,0
dev_001009,2024-06-17 00:00:00,6,6,0
dev_001010,2024-08-28 00:00:00,1,1,0
dev_001011,2024-08-06 00:00:00,2,1,0
dev_001012,2024-06-21 00:00:00,0,0,0
dev_001013,2024-12-12 00:00:00,0,0,0
dev_001014,2024-05-05 00:00:00,1,1,0
dev_001015,2024-03-05 00:00:00,3,3,0
dev_001016,2024-09-04 00:00:00,0,0,0
dev_001017,2024-11-04 00:00:00,1,1,1
dev_001018,2024-01-15 00:00:00,2,2,0
dev_001019,2024-06-13 00:00:00,2,2,0
dev_001020,2024-11-21 00:00:00,2,2,0
dev_001021,2024-09-30 00:00:00,3,1,0
dev_001022,2024-12-28 00:00:00,9,5,0
dev_001023,2024-07-12 00:00:00,2,2,0
dev_001024,2024-08-28 00:00:00,1,1,0
dev_001025,2024-04-20 00:00:00,1,1,0
dev_001026,2024-12-11 00:00:00,0,0,0
dev_001027,2024-05-13 00:00:00,6,5,1
dev_001028,2024-09-26 00:00:00,3,3,0
dev_001029,2024-05-27 00:00:00,6,2,0
dev_001030,2024-07-24 00:00:00,0,0,0
dev_001031,2024-09-19 00:00:00,0,0,0
dev_001032,2024-07-04 00:00:00,1,1,0
dev_001033,2024-11-27 00:00:00,2,2,0
dev_001034,2024-06-02 00:00:00,1,1,0
dev_001035,2024-08-24 00:00:00,1,1,0
dev_001036,2024-05-04 00:00:00,4,4,0
dev_001037,2024-05-28 00:00:00,5,5,0
dev_001038,2024-06-09 00:00:00,1,1,0
dev_001039,2024-02-15 00:00:00,1,1,0
dev_001040,2024-02-03 00:00:00,1,1,0
dev_001041,2024-08-31 00:00:00,2,2,0
dev_001042,2024-08-27 00:00:00,7,3,0
dev_001043,2024-08-29 00:00:00,2,2,0
dev_001044,2024-01-08 00:00:00,2,2,1
dev_001045,2024-04-29 00:00:00,5,5,0
dev_001046,2024-03-13 00:00:00,3,3,0
dev_001047,2024-10-11 00:00:00,1,1,0
dev_001048,2024-11-10 00:00:00,1,1,0
dev_001049,2024-03-31 00:00:00,3,3,0
dev_001050,2024-08-31 00:00:00,7,3,0
dev_001051,2024-02-17 00:00:00,4,4,0
dev_001052,2024-04-10 00:00:00,3,3,0
dev_001053,2024-02-20 00:00:00,2,2,0
dev_001054,2024-04-13 00:00:00,1,1,0
dev_001055,2024-09-03 00:00:00,2,2,1
dev_001056,2024-11-28 00:00:00,0,0,0
dev_001057,2024-03-14 00:00:00,2,1,0
dev_001058,2024-07-16 00:00:00,3,3,0
dev_001059,2024-09-13 00:00:00,0,0,0
dev_001060,2024-12-13 00:00:00,4,4,0
dev_001061,2024-08-10 00:00:00,2,2,0
dev_001062,2024-04-03 00:00:00,3,3,0
dev_001063,2024-08-16 00:00:00,3,3,0
dev_001064,2024-04-26 00:00:00,2,2,0
dev_001065,2024-12-22 00:00:00,38,1,0
dev_001066,2024-05-25 00:00:00,3,3,0
dev_001067,2024-09-07 00:00:00,4,3,0
dev_001068,2024-01-09 00:00:00,2,2,0
dev_001069,2024-05-26 00:00:00,160,5,0
dev_001070,2024-11-15 00:00:00,1,1,0
dev_001071,2024-08-10 00:00:00,4,4,0
dev_001072,2024-06-11 00:00:00,1,1,0
dev_001073,2024-12-07 00:00:00,1,1,0
dev_001074,2024-11-07 00:00:00,2,2,0
dev_001075,2024-04-27 00:00:00,2,2,0
dev_001076,2024-07-17 00:00:00,5,5,0
dev_001077,2024-06-27 00:00:00,1,1,0
dev_001078,2024-08-18 00:00:00,2,2,0
dev_001079,2024-05-01 00:00:00,2,2,0
dev_001080,2024-03-30 00:00:00,9,4,0
dev_001081,2024-11-29 00:00:00,1,1,0
dev_001082,2024-12-03 00:00:00,2,2,0
dev_001083,2024-11-03 00:00:00,2,2,0
dev_001084,2024-12-23 00:00:00,3,3,0
dev_001085,2024-09-28 00:00:00,2,2,0
dev_001086,2024-10-06 00:00:00,7013,5,0
dev_001087,2024-10-05 00:00:00,2,2,0
dev_001088,2024-06-24 00:00:00,0,0,0
dev_001089,2024-06-15 00:00:00,0,0,0
dev_001090,2024-03-28 00:00:00,3,2,0
dev_001091,2024-08-23 00:00:00,3,3,0
dev_001092,2024-04-15 00:00:00,1,1,0
dev_001093,2024-04-04 00:00:00,3,3,0
dev_001094,2024-08-01 00:00:00,8,6,1
dev_001095,2024-05-29 00:00:00,3,3,0
dev_001096,2024-03-20 00:00:00,0,0,0
dev_001097,2024-10-24 00:00:00,1,1,0
dev_001098,2024-11-10 00:00:00,1,1,0
dev_001099,2024-03-02 00:00:00,4,4,0
dev_001100,2024-01-03 00:00:00,1,1,0
dev_001101,2024-05-02 00:00:00,8,7,0
dev_001102,2024-10-18 00:00:00,1,1,0
dev_001103,2024-11-02 00:00:00,2,2,0
dev_001104,2024-02-20 00:00:00,0,0,0
dev_001105,2024-10-09 00:00:00,2,2,0
dev_001106,2024-02-12 00:00:00,3,3,0
dev_001107,2024-05-22 00:00:00,5,5,0
dev_001108,2024-12-30 00:00:00,0,0,0
dev_001109,2024-03-11 00:00:00,4,4,0
dev_001110,2024-02-26 00:00:00,13,5,0
dev_001111,2024-06-03 00:00:00,2,2,0
dev_001112,2024-08-14 00:00:00,1,1,0
dev_001113,2024-12-06 00:00:00,4,1,0
dev_001114,2024-12-23 00:00:00,1,1,0
dev_001115,2024-01-26 00:00:00,2,2,0
dev_001116,2024-02-20 00:00:00,3,3,0
dev_001117,2024-10-15 00:00:00,1,1,0
dev_001118,2024-04-08 00:00:00,2,2,0
dev_001119,2024-11-18 00:00:00,3,3,0
dev_001120,2024-08-30 00:00:00,1,1,0
dev_001121,2024-02-10 00:00:00,2,2,0
dev_001122,2024-10-30 00:00:00,4,4,0
dev_001123,2024-03-05 00:00:00,2,2,0
dev_001124,2024-06-03 00:00:00,0,0,0
dev_001125,2024-07-20 00:00:00,2,2,0
dev_001126,2024-07-01 00:00:00,1,1,0
dev_001127,2024-09-07 00:00:00,4,1,0
dev_001128,2024-08-26 00:00:00,5,2,0
dev_001129,2024-12-28 00:00:00,0,0,0
dev_001130,2024-12-30 00:00:00,3,3,0
dev_001131,2024-07-07 00:00:00,1,1,0
dev_001132,2024-02-04 00:00:00,2,2,0
dev_001133,2024-09-22 00:00:00,8,4,0
dev_001134,2024-12-22 00:00:00,3,3,0
dev_001135,2024-04-26 00:00:00,1,1,0
dev_001136,2024-06-17 00:00:00,1,1,0
dev_001137,2024-06-04 00:00:00,5,1,0
dev_001138,2024-01-19 00:00:00,1,1,0
dev_001139,2024-09-02 00:00:00,3,3,0
dev_001140,2024-05-08 00:00:00,0,0,0
dev_001141,2024-10-14 00:00:00,1,1,0
dev_001142,2024-10-30 00:00:00,0,0,0
dev_001143,2024-10-26 00:00:00,1,1,0
dev_001144,2024-06-01 00:00:00,1,1,0
dev_001145,2024-04-27 00:00:00,3,3,0
dev_001146,2024-09-30 00:00:00,2,2,0
dev_001147,2024-10-19 00:00:00,17,3,0
dev_001148,2024-06-28 00:00:00,3,3,0
dev_001149,2024-11-21 00:00:00,7,1,0
dev_001150,2024-02-22 00:00:00,2,2,0
dev_001151,2024-11-16 00:00:00,1,1,0
dev_001152,2024-02-05 00:00:00,3,2,0
dev_001153,2024-02-26 00:00:00,1,1,0
dev_001154,2024-07-13 00:00:00,3,3,0
dev_001155,2024-01-25 00:00:00,1,1,0
dev_001156,2024-01-20 00:00:00,28,5,1
dev_001157,2024-01-01 00:00:00,14,2,0
dev_001158,2024-06-08 00:00:00,0,0,0
dev_001159,2024-10-09 00:00:00,1,1,0
dev_001160,2024-01-13 00:00:00,1,1,0
dev_001161,2024-08-26 00:00:00,2,2,0
dev_001162,2024-10-27 00:00:00,6,6,0
dev_001163,2024-03-02 00:00:00,3,3,0
dev_001164,2024-02-23 00:00:00,2,2,0
dev_001165,2024-11-10 00:00:00,1,1,0
dev_001166,2024-10-27 00:00:00,2,2,0
dev_001167,2024-07-15 00:00:00,3,3,0
dev_001168,2024-10-26 00:00:00,2,2,0
dev_001169,2024-02-03 00:00:00,2,2,0
dev_001170,2024-05-23 00:00:00,2,2,0
dev_001171,2024-09-26 00:00:00,4,4,0
dev_001172,2024-04-03 00:00:00,2,2,0
dev_001173,2024-10-01 00:00:00,0,0,0
dev_001174,2024-07-03 00:00:00,0,0,0
dev_001175,2024-09-30 00:00:00,32,3,0
dev_001176,2024-06-18 00:00:00,0,0,0
dev_001177,2024-05-14 00:00:00,4,2,0
dev_001178,2024-03-21 00:00:00,1,1,0
dev_001179,2024-03-17 00:00:00,0,0,0
dev_001180,2024-10-01 00:00:00,2,2,0
dev_001181,2024-02-13 00:00:00,0,0,0
dev_001182,2024-02-01 00:00:00,1,1,0
dev_001183,2024-03-05 00:00:00,6,4,0
dev_001184,2024-03-05 00:00:00,6,6,0
dev_001185,2024-10-27 00:00:00,5,5,0
dev_001186,2024-05-25 00:00:00,3,3,0
dev_001187,2024-12-27 00:00:00,0,0,0
dev_001188,2024-02-20 00:00:00,4,4,0
dev_001189,2024-08-26 00:00:00,3,3,0
dev_001190,2024-06-12 00:00:00,2,2,0
dev_001191,2024-05-23 00:00:00,2,2,0
dev_001192,2024-11-15 00:00:00,1,1,0
dev_001193,2024-12-22 00:00:00,5,4,0
dev_001194,2024-11-14 00:00:00,8,2,0
dev_001195,2024-03-11 00:00:00,3,3,0
dev_001196,2024-03-21 00:00:00,6,5,0
dev_001197,2024-08-27 00:00:00,3,2,0
dev_001198,2024-04-15 00:00:00,1,1,0
dev_001199,2024-09-25 00:00:00,2,2,0
dev_001200,2024-07-25 00:00:00,5,5,1
dev_001201,2024-07-20 00:00:00,2,2,1
dev_001202,2024-10-29 00:00:00,2,2,0
dev_001203,2024-09-16 00:00:00,3,3,0
dev_001204,2024-01-10 00:00:00,6,2,0
dev_001205,2024-01-19 00:00:00,2,2,0
dev_001206,2024-08-07 00:00:00,1,1,0
dev_001207,2024-06-26 00:00:00,3,3,0
dev_001208,2024-04-04 00:00:00,2,2,0
dev_001209,2024-06-01 00:00:00,2,2,1
dev_001210,2024-10-03 00:00:00,2,2,0
dev_001211,2024-10-28 00:00:00,0,0,0
dev_001212,2024-07-23 00:00:00,1,1,0
dev_001213,2024-05-20 00:00:00,5,5,0
dev_001214,2024-04-08 00:00:00,3,3,0
dev_001215,2024-07-09 00:00:00,6,2,0
dev_001216,2024-04-24 00:00:00,0,0,0
dev_001217,2024-07-24 00:00:00,1,1,0
dev_001218,2024-09-03 00:00:00,4,4,0
dev_001219,2024-01-25 00:00:00,1,1,0
dev_001220,2024-01-01 00:00:00,1,1,0
dev_001221,2024-03-18 00:00:00,4,3,0
dev_001222,2024-11-22 00:00:00,3,3,1
dev_001223,2024-08-23 00:00:00,0,0,0
dev_001224,2024-03-03 00:00:00,4,4,0
dev_001225,2024-11-20 00:00:00,2,2,0
dev_001226,2024-06-20 00:00:00,3,1,0
dev_001227,2024-06-22 00:00:00,3,3,0
dev_001228,2024-12-07 00:00:00,11,2,0
dev_001229,2024-01-22 00:00:00,5,4,0
dev_001230,2024-03-19 00:00:00,4,4,0
dev_001231,2024-08-01 00:00:00,5,5,1
dev_001232,2024-03-12 00:00:00,5,1,0
dev_001233,2024-09-05 00:00:00,3,3,0
dev_001234,2024-03-19 00:00:00,4,4,1
dev_001235,2024-02-06 00:00:00,1,1,0
dev_001236,2024-03-16 00:00:00,1,1,0
dev_001237,2024-06-03 00:00:00,0,0,0
dev_001238,2024-03-05 00:00:00,3,3,0
dev_001239,2024-02-19 00:00:00,0,0,0
dev_001240,2024-11-10 00:00:00,0,0,0
dev_001241,2024-04-26 00:00:00,1,1,0
dev_001242,2024-05-11 00:00:00,1,1,0
dev_001243,2024-01-21 00:00:00,5,5,0
dev_001244,2024-05-10 00:00:00,0,0,0
dev_001245,2024-04-06 00:00:00,2,2,0
dev_001246,2024-08-10 00:00:00,1,1,0
dev_001247,2024-03-15 00:00:00,1,1,0
dev_001248,2024-11-20 00:00:00,1,1,0
dev_001249,2024-12-05 00:00:00,2,2,1
dev_001250,2024-02-06 00:00:00,2,2,0
dev_001251,2024-02-09 00:00:00,1,1,0
dev_001252,2024-02-12 00:00:00,2,2,0
dev_001253,2024-08-14 00:00:00,1,1,0
dev_001254,2024-02-14 00:00:00,4,4,0
dev_001255,2024-11-07 00:00:00,0,0,0
dev_001256,2024-10-02 00:00:00,2,1,0
dev_001257,2024-10-26 00:00:00,3,3,1
dev_001258,2024-07-11 00:00:00,1,1,0
dev_001259,2024-12-29 00:00:00,0,0,0
dev_001260,2024-01-17 00:00:00,3,3,0
dev_001261,2024-05-26 00:00:00,0,0,0
dev_001262,2024-04-28 00:00:00,6955,6,0
dev_001263,2024-12-12 00:00:00,2,2,0
dev_001264,2024-07-29 00:00:00,0,0,0
dev_001265,2024-10-21 00:00:00,5,4,0
dev_001266,2024-03-03 00:00:00,2,2,0
dev_001267,2024-12-23 00:00:00,2,2,0
dev_001268,2024-07-01 00:00:00,2,2,0
dev_001269,2024-06-29 00:00:00,1,1,0
dev_001270,2024-12-20 00:00:00,1,1,0
dev_001271,2024-05-18 00:00:00,0,0,0
dev_001272,2024-05-25 00:00:00,1,1,0
dev_001273,2024-08-01 00:00:00,12,2,0
dev_001274,2024-02-16 00:00:00,5,4,0
dev_001275,2024-04-27 00:00:00,1,1,0
dev_001276,2024-03-11 00:00:00,3,3,0
dev_001277,2024-02-07 00:00:00,2,2,0
dev_001278,2024-11-12 00:00:00,0,0,0
dev_001279,2024-08-03 00:00:00,1,1,0
dev_001280,2024-05-10 00:00:00,1,1,0
dev_001281,2024-05-29 00:00:00,4,4,0
dev_001282,2024-06-06 00:00:00,1,1,0
dev_001283,2024-08-19 00:00:00,1,1,0
dev_001284,2024-12-04 00:00:00,1,1,0
dev_001285,2024-12-06 00:00:00,0,0,0
dev_001286,2024-05-22 00:00:00,0,0,0
dev_001287,2024-04-30 00:00:00,3,3,1
dev_001288,2024-06-13 00:00:00,0,0,0
dev_001289,2024-07-26 00:00:00,3,3,0
dev_001290,2024-06-17 00:00:00,2,2,0
dev_001291,2024-08-28 00:00:00,5,5,0
dev_001292,2024-07-21 00:00:00,0,0,0
dev_001293,2024-04-27 00:00:00,6,4,0
dev_001294,2024-05-06 00:00:00,1,1,0
dev_001295,2024-05-18 00:00:00,8,3,1
dev_001296,2024-02-04 00:00:00,3,3,0
dev_001297,2024-03-01 00:00:00,5,4,0
dev_001298,2024-09-20 00:00:00,1,1,0
dev_001299,2024-05-22 00:00:00,1,1,0
dev_001300,2024-03-19 00:00:00,2,2,0
dev_001301,2024-07-24 00:00:00,4,4,0
dev_001302,2024-10-02 00:00:00,90,4,0
dev_001303,2024-04-03 00:00:00,0,0,0
dev_001304,2024-10-28 00:00:00,3,3,0
dev_001305,2024-12-04 00:00:00,0,0,0
dev_001306,2024-08-06 00:00:00,1,1,0
dev_001307,2024-09-01 00:00:00,0,0,0
dev_001308,2024-01-20 00:00:00,1,1,0
dev_001309,2024-12-11 00:00:00,0,0,0
dev_001310,2024-05-23 00:00:00,5,3,0
dev_001311,2024-12-03 00:00:00,1,1,0
dev_001312,2024-07-30 00:00:00,0,0,0
dev_001313,2024-01-02 00:00:00,22,3,0
dev_001314,2024-01-15 00:00:00,2,2,0
dev_001315,2024-09-05 00:00:00,5,3,0
dev_001316,2024-07-24 00:00:00,1,1,0
dev_001317,2024-01-10 00:00:00,1,1,0
dev_001318,2024-09-28 00:00:00,1,1,0
dev_001319,2024-11-07 00:00:00,2,2,0
dev_001320,2024-06-30 00:00:00,1,1,0
dev_001321,2024-06-19 00:00:00,0,0,0
dev_001322,2024-01-02 00:00:00,9,4,0
dev_001323,2024-10-14 00:00:00,1,1,0
dev_001324,2024-04-30 00:00:00,0,0,0
dev_001325,2024-11-16 00:00:00,2,2,1
dev_001326,2024-05-16 00:00:00,4,3,0
dev_001327,2024-07-25 00:00:00,5,2,0
dev_001328,2024-04-08 00:00:00,1,1,0
dev_001329,2024-02-28 00:00:00,3,3,0
dev_001330,2024-10-09 00:00:00,16,3,0
dev_001331,2024-06-30 00:00:00,5,1,0
dev_001332,2024-07-14 00:00:00,2,2,0
dev_001333,2024-12-18 00:00:00,2,2,1
dev_001334,2024-12-17 00:00:00,1,1,0
dev_001335,2024-11-08 00:00:00,1,1,0
dev_001336,2024-03-09 00:00:00,1,1,0
dev_001337,2024-08-04 00:00:00,0,0,0
dev_001338,2024-11-16 00:00:00,41,3,0
dev_001339,2024-05-16 00:00:00,2,2,0
dev_001340,2024-02-06 00:00:00,3,3,0
dev_001341,2024-10-23 00:00:00,2,2,1
dev_001342,2024-06-24 00:00:00,1,1,0
dev_001343,2024-07-25 00:00:00,1,1,0
dev_001344,2024-12-24 00:00:00,4,4,0
dev_001345,2024-08-09 00:00:00,3,3,0
dev_001346,2024-06-04 00:00:00,0,0,0
dev_001347,2024-05-15 00:00:00,2,2,0
dev_001348,2024-06-01 00:00:00,1,1,0
dev_001349,2024-02-13 00:00:00,0,0,0
dev_001350,2024-10-17 00:00:00,3,3,0
dev_001351,2024-11-01 00:00:00,2,2,0
dev_001352,2024-04-13 00:00:00,0,0,0
dev_001353,2024-04-20 00:00:00,0,0,0
dev_001354,2024-11-15 00:00:00,1,1,0
dev_001355,2024-01-09 00:00:00,2,2,0
dev_001356,2024-07-08 00:00:00,1,1,0
dev_001357,2024-06-18 00:00:00,1,1,0
dev_001358,2024-09-08 00:00:00,2,2,0
dev_001359,2024-02-29 00:00:00,0,0,0
dev_001360,2024-08-31 00:00:00,507,2,0
dev_001361,2024-05-17 00:00:00,5,1,0
dev_001362,2024-08-13 00:00:00,1,1,0
dev_001363,2024-01-15 00:00:00,1,1,0
dev_001364,2024-06-17 00:00:00,2,2,0
dev_001365,2024-07-09 00:00:00,0,0,0
dev_001366,2024-03-19 00:00:00,1,1,0
dev_001367,2024-02-20 00:00:00,1,1,0
dev_001368,2024-03-09 00:00:00,2,2,0
dev_001369,2024-05-05 00:00:00,1,1,0
dev_001370,2024-02-05 00:00:00,1,1,0
dev_001371,2024-12-11 00:00:00,1,1,0
dev_001372,2024-05-27 00:00:00,4,4,0
dev_001373,2024-10-22 00:00:00,1,1,0
dev_001374,2024-12-21 00:00:00,2,2,1
dev_001375,2024-01-30 00:00:00,14,3,0
dev_001376,2024-08-25 00:00:00,6,4,0
dev_001377,2024-11-14 00:00:00,4,4,0
dev_001378,2024-08-19 00:00:00,4,4,1
dev_001379,2024-06-05 00:00:00,0,0,0
dev_001380,2024-06-06 00:00:00,3,3,0
dev_001381,2024-01-14 00:00:00,2,2,0
dev_001382,2024-07-14 00:00:00,3,3,0
dev_001383,2024-12-28 00:00:00,6,5,0
dev_001384,2024-12-15 00:00:00,4,4,0
dev_001385,2024-01-15 00:00:00,2,2,0
dev_001386,2024-09-14 00:00:00,13,4,0
dev_001387,2024-04-20 00:00:00,3,3,0
dev_001388,2024-11-25 00:00:00,0,0,0
dev_001389,2024-01-17 00:00:00,1,1,0
dev_001390,2024-12-07 00:00:00,2,2,0
dev_001391,2024-11-01 00:00:00,2,2,0
dev_001392,2024-02-12 00:00:00,3,3,0
dev_001393,2024-01-22 00:00:00,0,0,0
dev_001394,2024-10-31 00:00:00,3,3,0
dev_001395,2024-02-26 00:00:00,0,0,0
dev_001396,2024-07-14 00:00:00,0,0,0
dev_001397,2024-11-30 00:00:00,2,2,1
dev_001398,2024-07-26 00:00:00,2,2,0
dev_001399,2024-05-24 00:00:00,2,2,0
dev_001400,2024-06-11 00:00:00,5,5,0
dev_001401,2024-01-24 00:00:00,3,3,0
dev_001402,2024-12-19 00:00:00,1,1,0
dev_001403,2024-04-23 00:00:00,0,0,0
dev_001404,2024-03-10 00:00:00,2,2,0
dev_001405,2024-04-14 00:00:00,5,5,0
dev_001406,2024-12-17 00:00:00,14,4,0
dev_001407,2024-02-04 00:00:00,3,3,0
dev_001408,2024-11-12 00:00:00,0,0,0
dev_001409,2024-09-15 00:00:00,0,0,0
dev_001410,2024-10-29 00:00:00,1,1,0
dev_001411,2024-12-22 00:00:00,2,2,1
dev_001412,2024-11-03 00:00:00,3,1,0
dev_001413,2024-12-10 00:00:00,5,2,0
dev_001414,2024-02-16 00:00:00,1,1,0
dev_001415,2024-10-17 00:00:00,0,0,0
dev_001416,2024-07-18 00:00:00,2,2,0
dev_001417,2024-07-17 00:00:00,19,3,0
dev_001418,2024-11-24 00:00:00,3,3,1
dev_001419,2024-12-20 00:00:00,2,2,0
dev_001420,2024-09-14 00:00:00,3,3,1
dev_001421,2024-06-25 00:00:00,3,3,0
dev_001422,2024-06-15 00:00:00,4,4,0
dev_001423,2024-05-21 00:00:00,4,4,1
dev_001424,2024-05-11 00:00:00,2,2,0
dev_001425,2024-05-22 00:00:00,0,0,0
dev_001426,2024-02-02 00:00:00,4,3,0
dev_001427,2024-01-29 00:00:00,5,5,0
dev_001428,2024-10-11 00:00:00,5,2,0
dev_001429,2024-06-11 00:00:00,5,1,0
dev_001430,2024-12-05 00:00:00,2,2,0
dev_001431,2024-08-11 00:00:00,5,5,0
dev_001432,2024-01-13 00:00:00,3,3,0
dev_001433,2024-02-27 00:00:00,0,0,0
dev_001434,2024-03-16 00:00:00,4,4,1
dev_001435,2024-12-22 00:00:00,4,4,0
dev_001436,2024-03-20 00:00:00,2,2,0
dev_001437,2024-07-07 00:00:00,11,2,0
dev_001438,2024-12-07 00:00:00,2,2,0
dev_001439,2024-12-22 00:00:00,3,2,0
dev_001440,2024-03-27 00:00:00,3,3,1
dev_001441,2024-01-18 00:00:00,1,1,0
dev_001442,2024-02-26 00:00:00,5,4,0
dev_001443,2024-01-24 00:00:00,2,2,0
dev_001444,2024-03-12 00:00:00,2,2,0
dev_001445,2024-07-26 00:00:00,0,0,0
dev_001446,2024-11-29 00:00:00,2,2,0
dev_001447,2024-07-15 00:00:00,3,3,0
dev_001448,2024-08-16 00:00:00,3,3,0
dev_001449,2024-03-14 00:00:00,4,4,0
dev_001450,2024-10-19 00:00:00,1,1,0
dev_001451,2024-08-13 00:00:00,1,1,0
dev_001452,2024-11-11 00:00:00,2,2,0
dev_001453,2024-12-12 00:00:00,2,2,0
dev_001454,2024-05-06 00:00:00,1,1,0
dev_001455,2024-02-03 00:00:00,1,1,0
dev_001456,2024-03-23 00:00:00,1,1,0
dev_001457,2024-06-08 00:00:00,1,1,0
dev_001458,2024-12-11 00:00:00,1,1,0
dev_001459,2024-05-18 00:00:00,0,0,0
dev_001460,2024-10-08 00:00:00,2,1,0
dev_001461,2024-07-16 00:00:00,0,0,0
dev_001462,2024-03-07 00:00:00,4,4,0
dev_001463,2024-04-27 00:00:00,1,1,0
dev_001464,2024-08-26 00:00:00,3,3,0
dev_001465,2024-09-02 00:00:00,2,2,0
dev_001466,2024-06-07 00:00:00,2,2,0
dev_001467,2024-03-24 00:00:00,2,2,0
dev_001468,2024-09-20 00:00:00,0,0,0
dev_001469,2024-03-02 00:00:00,2,2,0
dev_001470,2024-12-07 00:00:00,2,2,0
dev_001471,2024-03-09 00:00:00,5,5,1
dev_001472,2024-02-09 00:00:00,1,1,0
dev_001473,2024-06-30 00:00:00,8,4,0
dev_001474,2024-07-08 00:00:00,6,5,0
dev_001475,2024-07-04 00:00:00,4,4,0
dev_001476,2024-06-08 00:00:00,3,3,1
dev_001477,2024-12-29 00:00:00,1,1,0
dev_001478,2024-06-26 00:00:00,5,2,0
dev_001479,2024-06-23 00:00:00,7,5,0
dev_001480,2024-06-02 00:00:00,1,1,0
dev_001481,2024-01-25 00:00:00,2,2,0
dev_001482,2024-08-04 00:00:00,4,4,0
dev_001483,2024-03-24 00:00:00,1,1,0
dev_001484,2024-08-20 00:00:00,2,2,0
dev_001485,2024-01-19 00:00:00,1,1,0
dev_001486,2024-12-24 00:00:00,1,1,0
dev_001487,2024-06-20 00:00:00,1,1,0
dev_001488,2024-11-23 00:00:00,29,3,0
dev_001489,2024-06-22 00:00:00,3,3,1
dev_001490,2024-01-23 00:00:00,0,0,0
dev_001491,2024-10-27 00:00:00,1,1,0
dev_001492,2024-08-24 00:00:00,3,3,0
dev_001493,2024-10-12 00:00:00,2,2,0
dev_001494,2024-06-05 00:00:00,2,2,0
dev_001495,2024-08-20 00:00:00,1,1,0
dev_001496,2024-11-08 00:00:00,130,5,0
dev_001497,2024-08-18 00:00:00,4,3,0
dev_001498,2024-05-06 00:00:00,4,3,0
dev_001499,2024-08-29 00:00:00,5,4,0
dev_001500,2024-09-02 00:00:00,3,3,0
dev_001501,2024-12-16 00:00:00,0,0,0
dev_001502,2024-05-15 00:00:00,8,5,0
dev_001503,2024-06-04 00:00:00,3,3,0
dev_001504,2024-10-23 00:00:00,1,1,0
dev_001505,2024-07-03 00:00:00,2,2,0
dev_001506,2024-09-25 00:00:00,4,4,0
dev_001507,2024-06-16 00:00:00,5,4,0
dev_001508,2024-03-19 00:00:00,4,3,0
dev_001509,2024-09-28 00:00:00,2,2,0
dev_001510,2024-02-17 00:00:00,4,2,0
dev_001511,2024-03-13 00:00:00,3,1,0
dev_001512,2024-08-16 00:00:00,3,3,0
dev_001513,2024-09-29 00:00:00,4,4,1
dev_001514,2024-11-22 00:00:00,0,0,0
dev_001515,2024-04-09 00:00:00,0,0,0
dev_001516,2024-02-10 00:00:00,0,0,0
dev_001517,2024-12-14 00:00:00,2,2,0
dev_001518,2024-02-26 00:00:00,2,2,1
dev_001519,2024-03-13 00:00:00,1,1,0
dev_001520,2024-04-16 00:00:00,2,2,0
dev_001521,2024-07-12 00:00:00,2,2,0
dev_001522,2024-11-18 00:00:00,3,3,0
dev_001523,2024-10-04 00:00:00,2,2,0
dev_001524,2024-09-15 00:00:00,2,2,0
dev_001525,2024-03-04 00:00:00,5,5,0
dev_001526,2024-05-10 00:00:00,1,1,0
dev_001527,2024-06-23 00:00:00,1,1,0
dev_001528,2024-02-23 00:00:00,0,0,0
dev_001529,2024-04-09 00:00:00,3,3,0
dev_001530,2024-04-22 00:00:00,1,1,0
dev_001531,2024-02-16 00:00:00,2,2,0
dev_001532,2024-07-19 00:00:00,4,4,0
dev_001533,2024-09-14 00:00:00,1,1,1
dev_001534,2024-01-26 00:00:00,5,3,1
dev_001535,2024-06-24 00:00:00,1,1,0
dev_001536,2024-10-12 00:00:00,6,2,0
dev_001537,2024-09-30 00:00:00,1,1,0
dev_001538,2024-10-24 00:00:00,0,0,0
dev_001539,2024-06-12 00:00:00,5,5,1
dev_001540,2024-10-26 00:00:00,2,2,0
dev_001541,2024-03-28 00:00:00,0,0,0
dev_001542,2024-05-11 00:00:00,0,0,0
dev_001543,2024-03-05 00:00:00,1,1,0
dev_001544,2024-06-19 00:00:00,1,1,1
dev_001545,2024-05-23 00:00:00,0,0,0
dev_001546,2024-03-28 00:00:00,1,1,0
dev_001547,2024-10-01 00:00:00,10,2,0
dev_001548,2024-04-24 00:00:00,2,2,0
dev_001549,2024-04-09 00:00:00,5,3,0
dev_001550,2024-02-17 00:00:00,3,3,0
dev_001551,2024-06-09 00:00:00,0,0,0
dev_001552,2024-04-20 00:00:00,1,1,0
dev_001553,2024-05-14 00:00:00,1,1,0
dev_001554,2024-03-27 00:00:00,0,0,0
dev_001555,2024-10-05 00:00:00,5,5,0
dev_001556,2024-12-05 00:00:00,0,0,0
dev_001557,2024-06-30 00:00:00,1,1,0
dev_001558,2024-08-22 00:00:00,14,4,0
dev_001559,2024-11-12 00:00:00,2,2,0
dev_001560,2024-12-30 00:00:00,0,0,0
dev_001561,2024-08-11 00:00:00,1,1,0
dev_001562,2024-11-20 00:00:00,2,2,0
dev_001563,2024-11-27 00:00:00,32,2,0
dev_001564,2024-10-15 00:00:00,184,9,1
dev_001565,2024-06-17 00:00:00,1,1,0
dev_001566,2024-01-30 00:00:00,0,0,0
dev_001567,2024-01-06 00:00:00,10,4,0
dev_001568,2024-06-23 00:00:00,2,2,0
dev_001569,2024-06-29 00:00:00,5,5,1
dev_001570,2024-05-28 00:00:00,3,3,0
dev_001571,2024-07-26 00:00:00,4,4,0
dev_001572,2024-07-20 00:00:00,3,3,1
dev_001573,2024-11-01 00:00:00,1,1,0
dev_001574,2024-02-09 00:00:00,2,2,0
dev_001575,2024-03-23 00:00:00,2,2,0
dev_001576,2024-10-16 00:00:00,2,2,0
dev_001577,2024-11-05 00:00:00,0,0,0
dev_001578,2024-12-29 00:00:00,1,1,0
dev_001579,2024-11-14 00:00:00,1,1,0
dev_001580,2024-11-20 00:00:00,4,4,0
dev_001581,2024-04-24 00:00:00,1,1,0
dev_001582,2024-05-26 00:00:00,2,2,0
dev_001583,2024-04-07 00:00:00,1,1,0
dev_001584,2024-08-09 00:00:00,5,4,2
dev_001585,2024-12-08 00:00:00,3,3,0
dev_001586,2024-05-05 00:00:00,20,3,0
dev_001587,2024-07-22 00:00:00,3,3,0
dev_001588,2024-04-18 00:00:00,3,3,1
dev_001589,2024-03-02 00:00:00,1,1,0
dev_001590,2024-03-12 00:00:00,2,1,0
dev_001591,2024-01-22 00:00:00,4,4,0
dev_001592,2024-12-12 00:00:00,2,2,0
dev_001593,2024-05-27 00:00:00,10,2,0
dev_001594,2024-10-31 00:00:00,2,2,0
dev_001595,2024-09-05 00:00:00,1,1,0
dev_001596,2024-03-11 00:00:00,1,1,0
dev_001597,2024-03-05 00:00:00,14,2,0
dev_001598,2024-10-23 00:00:00,2,2,0
dev_001599,2024-04-06 00:00:00,2,2,0
dev_001600,2024-11-29 00:00:00,2,2,0
dev_001601,2024-02-21 00:00:00,2,2,0
dev_001602,2024-09-04 00:00:00,2,2,0
dev_001603,2024-10-24 00:00:00,2,2,0
dev_001604,2024-03-26 00:00:00,3,3,1
dev_001605,2024-04-10 00:00:00,2,2,1
dev_001606,2024-12-18 00:00:00,1,1,0
dev_001607,2024-04-06 00:00:00,2,2,0
dev_001608,2024-06-05 00:00:00,23,3,0
dev_001609,2024-06-06 00:00:00,4,4,0
dev_001610,2024-04-02 00:00:00,1,1,0
dev_001611,2024-10-10 00:00:00,0,0,0
dev_001612,2024-10-08 00:00:00,3,3,0
dev_001613,2024-05-18 00:00:00,2,2,0
dev_001614,2024-10-31 00:00:00,1,1,0
dev_001615,2024-03-18 00:00:00,1,1,0
dev_001616,2024-01-02 00:00:00,1,1,0
dev_001617,2024-07-27 00:00:00,1,1,0
dev_001618,2024-12-28 00:00:00,2,2,0
dev_001619,2024-01-15 00:00:00,2,2,0
dev_001620,2024-03-16 00:00:00,0,0,0
dev_001621,2024-07-08 00:00:00,3,3,0
dev_001622,2024-10-22 00:00:00,4,4,0
dev_001623,2024-02-02 00:00:00,10,3,0
dev_001624,2024-05-24 00:00:00,5,2,0
dev_001625,2024-09-29 00:00:00,2,2,0
dev_001626,2024-05-15 00:00:00,5,5,0
dev_001627,2024-03-09 00:00:00,3,1,0
dev_001628,2024-03-12 00:00:00,1,1,0
dev_001629,2024-05-29 00:00:00,0,0,0
dev_001630,2024-06-23 00:00:00,10,2,0
dev_001631,2024-11-10 00:00:00,24,5,1
dev_001632,2024-08-22 00:00:00,2,2,1
dev_001633,2024-09-08 00:00:00,1,1,0
dev_001634,2024-12-24 00:00:00,2,2,0
dev_001635,2024-05-30 00:00:00,3,3,0
dev_001636,2024-05-27 00:00:00,2,2,0
dev_001637,2024-12-03 00:00:00,2,2,0
dev_001638,2024-03-30 00:00:00,5,2,0
dev_001639,2024-09-23 00:00:00,2,2,0
dev_001640,2024-10-02 00:00:00,2,2,0
dev_001641,2024-02-05 00:00:00,4,4,0
dev_001642,2024-06-19 00:00:00,1,1,0
dev_001643,2024-03-14 00:00:00,0,0,0
dev_001644,2024-03-08 00:00:00,1,1,1
dev_001645,2024-06-18 00:00:00,2,2,0
dev_001646,2024-04-15 00:00:00,1,1,0
dev_001647,2024-10-17 00:00:00,7,6,0
dev_001648,2024-11-27 00:00:00,2,2,0
dev_001649,2024-10-19 00:00:00,1,1,0
dev_001650,2024-04-07 00:00:00,5,4,0
dev_001651,2024-04-10 00:00:00,5,4,0
dev_001652,2024-04-02 00:00:00,4,4,0
dev_001653,2024-02-19 00:00:00,3,3,0
dev_001654,2024-12-10 00:00:00,29,4,1
dev_001655,2024-05-26 00:00:00,1,1,0
dev_001656,2024-03-23 00:00:00,2,2,0
dev_001657,2024-11-05 00:00:00,2,2,0
dev_001658,2024-05-25 00:00:00,3,3,0
dev_001659,2024-01-13 00:00:00,0,0,0
dev_001660,2024-02-29 00:00:00,1,1,0
dev_001661,2024-08-21 00:00:00,2,2,0
dev_001662,2024-10-12 00:00:00,2,2,0
dev_001663,2024-03-17 00:00:00,2,2,0
dev_001664,2024-11-30 00:00:00,2,2,0
dev_001665,2024-11-06 00:00:00,1,1,0
dev_001666,2024-11-05 00:00:00,7,1,0
dev_001667,2024-03-24 00:00:00,1,1,0
dev_001668,2024-01-19 00:00:00,2,2,0
dev_001669,2024-11-12 00:00:00,5,3,0
dev_001670,2024-04-21 00:00:00,1,1,0
dev_001671,2024-08-13 00:00:00,2,2,0
dev_001672,2024-10-04 00:00:00,1,1,0
dev_001673,2024-02-16 00:00:00,2,2,0
dev_001674,2024-10-12 00:00:00,1,1,0
dev_001675,2024-12-08 00:00:00,1,1,0
dev_001676,2024-09-22 00:00:00,2,2,0
dev_001677,2024-06-10 00:00:00,4,4,0
dev_001678,2024-11-15 00:00:00,2,2,0
dev_001679,2024-07-11 00:00:00,2,2,0
dev_001680,2024-09-28 00:00:00,2,2,0
dev_001681,2024-10-26 00:00:00,7,3,0
dev_001682,2024-09-30 00:00:00,6,3,0
dev_001683,2024-04-15 00:00:00,1,1,0
dev_001684,2024-02-13 00:00:00,3,1,0
dev_001685,2024-03-27 00:00:00,4,4,0
dev_001686,2024-07-02 00:00:00,1,1,0
dev_001687,2024-07-03 00:00:00,0,0,0
dev_001688,2024-07-31 00:00:00,6,5,0
dev_001689,2024-05-24 00:00:00,2,2,1
dev_001690,2024-10-14 00:00:00,0,0,0
dev_001691,2024-11-29 00:00:00,0,0,0
dev_001692,2024-03-31 00:00:00,1,1,0
dev_001693,2024-09-25 00:00:00,2,2,0
dev_001694,2024-09-04 00:00:00,2,2,0
dev_001695,2024-07-09 00:00:00,1,1,0
dev_001696,2024-03-09 00:00:00,2,2,0
dev_001697,2024-10-17 00:00:00,0,0,0
dev_001698,2024-12-16 00:00:00,1,1,0
dev_001699,2024-09-20 00:00:00,3,3,0
dev_001700,2024-12-01 00:00:00,3,3,0
dev_001701,2024-12-25 00:00:00,0,0,0
dev_001702,2024-05-08 00:00:00,482,1,0
dev_001703,2024-08-20 00:00:00,4,1,0
dev_001704,2024-06-21 00:00:00,2,2,0
dev_001705,2024-12-26 00:00:00,2,2,0
dev_001706,2024-02-04 00:00:00,2,2,0
dev_001707,2024-05-30 00:00:00,4,4,1
dev_001708,2024-11-15 00:00:00,8,2,0
dev_001709,2024-04-13 00:00:00,3,3,0
dev_001710,2024-10-14 00:00:00,2,2,0
dev_001711,2024-05-19 00:00:00,1,1,1
dev_001712,2024-12-23 00:00:00,2,2,0
dev_001713,2024-11-18 00:00:00,1,1,0
dev_001714,2024-04-19 00:00:00,2,1,0
dev_001715,2024-10-08 00:00:00,2,2,0
dev_001716,2024-05-02 00:00:00,2,2,0
dev_001717,2024-08-09 00:00:00,2,2,1
dev_001718,2024-08-28 00:00:00,2,2,0
dev_001719,2024-10-29 00:00:00,3,3,0
dev_001720,2024-01-09 00:00:00,1,1,0
dev_001721,2024-03-21 00:00:00,1,1,0
dev_001722,2024-09-16 00:00:00,2,2,0
dev_001723,2024-07-24 00:00:00,3,3,0
dev_001724,2024-06-29 00:00:00,2,2,0
dev_001725,2024-01-21 00:00:00,2,2,0
dev_001726,2024-05-07 00:00:00,1,1,0
dev_001727,2024-11-11 00:00:00,4,4,0
dev_001728,2024-01-12 00:00:00,6,1,0
dev_001729,2024-05-24 00:00:00,2,2,0
dev_001730,2024-12-10 00:00:00,1,1,0
dev_001731,2024-01-19 00:00:00,42,5,0
dev_001732,2024-09-30 00:00:00,5,3,0
dev_001733,2024-04-04 00:00:00,1,1,0
dev_001734,2024-11-12 00:00:00,1,1,0
dev_001735,2024-09-29 00:00:00,1,1,0
dev_001736,2024-11-19 00:00:00,0,0,0
dev_001737,2024-03-19 00:00:00,1,1,0
dev_001738,2024-07-12 00:00:00,2,2,0
dev_001739,2024-10-11 00:00:00,0,0,0
dev_001740,2024-03-30 00:00:00,1,1,0
dev_001741,2024-03-25 00:00:00,1,1,0
dev_001742,2024-01-10 00:00:00,2,2,0
dev_001743,2024-12-15 00:00:00,12,2,0
dev_001744,2024-09-16 00:00:00,4,4,0
dev_001745,2024-08-19 00:00:00,0,0,0
dev_001746,2024-09-28 00:00:00,0,0,0
dev_001747,2024-07-13 00:00:00,3,3,1
dev_001748,2024-06-22 00:00:00,5,4,0
dev_001749,2024-06-13 00:00:00,4,4,1
dev_001750,2024-08-21 00:00:00,3,3,0
dev_001751,2024-03-14 00:00:00,3,3,0
dev_001752,2024-11-20 00:00:00,1,1,0
dev_001753,2024-10-23 00:00:00,0,0,0
dev_001754,2024-05-07 00:00:00,1,1,0
dev_001755,2024-07-30 00:00:00,0,0,0
dev_001756,2024-02-21 00:00:00,5,4,0
dev_001757,2024-12-20 00:00:00,11,5,0
dev_001758,2024-11-25 00:00:00,5,3,0
dev_001759,2024-12-02 00:00:00,2,2,0
dev_001760,2024-05-01 00:00:00,2,2,1
dev_001761,2024-03-02 00:00:00,1,1,0
dev_001762,2024-03-18 00:00:00,1,1,0
dev_001763,2024-02-02 00:00:00,1,1,0
dev_001764,2024-02-13 00:00:00,1,1,0
dev_001765,2024-01-27 00:00:00,10,2,0
dev_001766,2024-12-27 00:00:00,12,4,0
dev_001767,2024-01-28 00:00:00,2,2,0
dev_001768,2024-02-18 00:00:00,2,2,0
dev_001769,2024-10-28 00:00:00,0,0,0
dev_001770,2024-07-30 00:00:00,11,4,0
dev_001771,2024-10-09 00:00:00,10,2,0
dev_001772,2024-08-18 00:00:00,2,2,1
dev_001773,2024-11-17 00:00:00,4,4,0
dev_001774,2024-08-21 00:00:00,2,2,0
dev_001775,2024-07-09 00:00:00,6,3,0
dev_001776,2024-09-17 00:00:00,2,2,0
dev_001777,2024-06-12 00:00:00,6,5,1
dev_001778,2024-05-06 00:00:00,10,2,0
dev_001779,2024-06-19 00:00:00,2,2,0
dev_001780,2024-03-02 00:00:00,1,1,0
dev_001781,2024-10-17 00:00:00,3,3,0
dev_001782,2024-04-05 00:00:00,0,0,0
dev_001783,2024-02-26 00:00:00,2,2,1
dev_001784,2024-03-30 00:00:00,1,1,0
dev_001785,2024-11-03 00:00:00,4,2,0
dev_001786,2024-04-30 00:00:00,1,1,0
dev_001787,2024-09-07 00:00:00,2,2,0
dev_001788,2024-11-08 00:00:00,3,3,0
dev_001789,2024-01-29 00:00:00,1,1,0
dev_001790,2024-10-06 00:00:00,1,1,0
dev_001791,2024-04-22 00:00:00,1,1,0
dev_001792,2024-03-20 00:00:00,3,3,0
dev_001793,2024-09-08 00:00:00,7,5,1
dev_001794,2024-11-28 00:00:00,0,0,0
dev_001795,2024-04-17 00:00:00,57,1,0
dev_001796,2024-07-26 00:00:00,0,0,0
dev_001797,2024-04-15 00:00:00,3,1,0
dev_001798,2024-07-21 00:00:00,2,2,0
dev_001799,2024-08-14 00:00:00,0,0,0
dev_001800,2024-08-10 00:00:00,2,1,0
dev_001801,2024-08-15 00:00:00,0,0,0
dev_001802,2024-02-19 00:00:00,1,1,0
dev_001803,2024-09-10 00:00:00,2,2,0
dev_001804,2024-09-03 00:00:00,1,1,0
dev_001805,2024-09-06 00:00:00,20,2,0
dev_001806,2024-01-28 00:00:00,3,3,0
dev_001807,2024-06-12 00:00:00,0,0,0
dev_001808,2024-05-29 00:00:00,1,1,0
dev_001809,2024-02-01 00:00:00,1,1,0
dev_001810,2024-03-22 00:00:00,10,3,0
dev_001811,2024-06-09 00:00:00,2,2,0
dev_001812,2024-09-28 00:00:00,0,0,0
dev_001813,2024-03-27 00:00:00,2,2,0
dev_001814,2024-10-29 00:00:00,1,1,0
dev_001815,2024-07-18 00:00:00,2,2,0
dev_001816,2024-10-04 00:00:00,3,3,1
dev_001817,2024-06-21 00:00:00,1,1,0
dev_001818,2024-07-01 00:00:00,56,4,0
dev_001819,2024-08-14 00:00:00,0,0,0
dev_001820,2024-12-04 00:00:00,2,2,0
dev_001821,2024-06-28 00:00:00,0,0,0
dev_001822,2024-07-11 00:00:00,8,5,0
dev_001823,2024-08-07 00:00:00,8,5,1
dev_001824,2024-09-26 00:00:00,4,4,0
dev_001825,2024-01-27 00:00:00,1,1,0
dev_001826,2024-07-07 00:00:00,2,2,0
dev_001827,2024-06-24 00:00:00,1,1,0
dev_001828,2024-12-02 00:00:00,0,0,0
dev_001829,2024-06-29 00:00:00,2,2,0
dev_001830,2024-06-19 00:00:00,1,1,1
dev_001831,2024-12-17 00:00:00,5,5,0
dev_001832,2024-06-13 00:00:00,0,0,0
dev_001833,2024-03-07 00:00:00,1,1,0
dev_001834,2024-03-20 00:00:00,2,2,0
dev_001835,2024-02-04 00:00:00,49,1,0
dev_001836,2024-01-01 00:00:00,7,4,0
dev_001837,2024-06-06 00:00:00,4,4,0
dev_001838,2024-10-07 00:00:00,1,1,0
dev_001839,2024-09-24 00:00:00,4,4,1
dev_001840,2024-01-12 00:00:00,2,2,0
dev_001841,2024-07-27 00:00:00,3,3,0
dev_001842,2024-02-26 00:00:00,2,2,0
dev_001843,2024-12-09 00:00:00,6,3,0
dev_001844,2024-03-02 00:00:00,0,0,0
dev_001845,2024-08-16 00:00:00,2,2,0
dev_001846,2024-04-29 00:00:00,5,4,0
dev_001847,2024-08-22 00:00:00,2,2,0
dev_001848,2024-05-30 00:00:00,0,0,0
dev_001849,2024-10-04 00:00:00,4,4,0
dev_001850,2024-03-25 00:00:00,1,1,0
dev_001851,2024-11-26 00:00:00,2,2,0
dev_001852,2024-07-01 00:00:00,2,2,0
dev_001853,2024-10-02 00:00:00,1,1,0
dev_001854,2024-11-06 00:00:00,3,3,0
dev_001855,2024-12-30 00:00:00,7,7,0
dev_001856,2024-03-22 00:00:00,2,2,0
dev_001857,2024-04-14 00:00:00,0,0,0
dev_001858,2024-04-01 00:00:00,63,1,0
dev_001859,2024-04-05 00:00:00,2,2,0
dev_001860,2024-07-31 00:00:00,1,1,0
dev_001861,2024-12-28 00:00:00,1,1,0
dev_001862,2024-12-27 00:00:00,3,3,0
dev_001863,2024-07-11 00:00:00,3,3,0
dev_001864,2024-08-21 00:00:00,1,1,0
dev_001865,2024-11-09 00:00:00,17,1,0
dev_001866,2024-12-06 00:00:00,2,2,0
dev_001867,2024-03-15 00:00:00,6,6,1
dev_001868,2024-07-11 00:00:00,0,0,0
dev_001869,2024-10-30 00:00:00,4,4,0
dev_001870,2024-04-20 00:00:00,5,1,0
dev_001871,2024-06-09 00:00:00,0,0,0
dev_001872,2024-12-25 00:00:00,32,3,0
dev_001873,2024-12-25 00:00:00,2,2,0
dev_001874,2024-11-26 00:00:00,5,5,1
dev_001875,2024-10-18 00:00:00,4,4,0
dev_001876,2024-04-08 00:00:00,3,3,1
dev_001877,2024-04-27 00:00:00,19,5,0
dev_001878,2024-07-18 00:00:00,0,0,0
dev_001879,2024-07-23 00:00:00,7,1,0
dev_001880,2024-07-03 00:00:00,14,3,0
dev_001881,2024-08-20 00:00:00,4,4,0
dev_001882,2024-05-29 00:00:00,4,4,0
dev_001883,2024-09-30 00:00:00,1,1,0
dev_001884,2024-05-01 00:00:00,4,4,0
dev_001885,2024-04-30 00:00:00,2,2,1
dev_001886,2024-02-16 00:00:00,4,4,1
dev_001887,2024-03-09 00:00:00,3,3,0
dev_001888,2024-11-06 00:00:00,0,0,0
dev_001889,2024-06-11 00:00:00,2,2,0
dev_001890,2024-03-24 00:00:00,3,1,0
dev_001891,2024-10-04 00:00:00,3,3,0
dev_001892,2024-07-21 00:00:00,3,3,0
dev_001893,2024-01-08 00:00:00,2,2,0
dev_001894,2024-04-25 00:00:00,1,1,0
dev_001895,2024-03-05 00:00:00,2,2,0
dev_001896,2024-08-27 00:00:00,15,4,1
dev_001897,2024-04-10 00:00:00,0,0,0
dev_001898,2024-01-24 00:00:00,0,0,0
dev_001899,2024-01-21 00:00:00,3,3,0
dev_001900,2024-07-31 00:00:00,1,1,1
dev_001901,2024-01-08 00:00:00,6,2,0
dev_001902,2024-11-05 00:00:00,0,0,0
dev_001903,2024-02-26 00:00:00,4,4,0
dev_001904,2024-08-09 00:00:00,8,4,1
dev_001905,2024-06-11 00:00:00,1,1,0
dev_001906,2024-06-10 00:00:00,1,1,0
dev_001907,2024-01-27 00:00:00,7,7,0
dev_001908,2024-10-20 00:00:00,5,5,1
dev_001909,2024-11-21 00:00:00,2,2,0
dev_001910,2024-01-05 00:00:00,6,3,0
dev_001911,2024-03-06 00:00:00,1,1,0
dev_001912,2024-11-25 00:00:00,0,0,0
dev_001913,2024-07-19 00:00:00,1,1,0
dev_001914,2024-02-24 00:00:00,4,4,0
dev_001915,2024-03-15 00:00:00,0,0,0
dev_001916,2024-08-28 00:00:00,8,3,1
dev_001917,2024-09-21 00:00:00,2,2,0
dev_001918,2024-08-06 00:00:00,1,1,0
dev_001919,2024-12-13 00:00:00,2,2,0
dev_001920,2024-06-29 00:00:00,2,2,0
dev_001921,2024-04-19 00:00:00,2,2,0
dev_001922,2024-06-23 00:00:00,4,4,0
dev_001923,2024-05-11 00:00:00,1,1,0
dev_001924,2024-03-22 00:00:00,8,5,0
dev_001925,2024-01-17 00:00:00,1,1,0
dev_001926,2024-05-08 00:00:00,5,4,0
dev_001927,2024-09-16 00:00:00,2,2,0
dev_001928,2024-01-07 00:00:00,1,1,0
dev_001929,2024-06-09 00:00:00,6,3,0
dev_001930,2024-08-23 00:00:00,0,0,0
dev_001931,2024-08-10 00:00:00,2,2,0
dev_001932,2024-10-10 00:00:00,3,3,2
dev_001933,2024-10-22 00:00:00,3,3,0
dev_001934,2024-09-16 00:00:00,1,1,0
dev_001935,2024-02-07 00:00:00,1,1,0
dev_001936,2024-06-22 00:00:00,2,2,0
dev_001937,2024-08-08 00:00:00,0,0,0
dev_001938,2024-03-30 00:00:00,1,1,0
dev_001939,2024-01-16 00:00:00,3,3,0
dev_001940,2024-03-22 00:00:00,1,1,0
dev_001941,2024-06-15 00:00:00,7,4,1
dev_001942,2024-05-31 00:00:00,2,2,0
dev_001943,2024-03-05 00:00:00,1,1,0
dev_001944,2024-10-27 00:00:00,0,0,0
dev_001945,2024-12-03 00:00:00,3,1,0
dev_001946,2024-03-14 00:00:00,1,1,0
dev_001947,2024-12-05 00:00:00,1,1,0
dev_001948,2024-01-07 00:00:00,0,0,0
dev_001949,2024-12-03 00:00:00,1,1,0
dev_001950,2024-12-13 00:00:00,8,1,0
dev_001951,2024-01-05 00:00:00,2,2,0
dev_001952,2024-10-05 00:00:00,0,0,0
dev_001953,2024-12-20 00:00:00,3,3,0
dev_001954,2024-11-26 00:00:00,0,0,0
dev_001955,2024-12-20 00:00:00,3,3,0
dev_001956,2024-07-19 00:00:00,3,3,0
dev_001957,2024-01-29 00:00:00,3,3,0
dev_001958,2024-11-06 00:00:00,1,1,0
dev_001959,2024-08-12 00:00:00,3,3,1
dev_001960,2024-08-12 00:00:00,2,2,0
dev_001961,2024-06-01 00:00:00,2,2,0
dev_001962,2024-07-27 00:00:00,2,2,0
dev_001963,2024-02-26 00:00:00,2,2,1
dev_001964,2024-09-27 00:00:00,6,4,0
dev_001965,2024-01-28 00:00:00,2,2,0
dev_001966,2024-09-23 00:00:00,4,4,0
dev_001967,2024-11-05 00:00:00,0,0,0
dev_001968,2024-06-21 00:00:00,0,0,0
dev_001969,2024-07-05 00:00:00,4,4,0
dev_001970,2024-04-23 00:00:00,2,2,0
dev_001971,2024-12-19 00:00:00,4,4,0
dev_001972,2024-09-24 00:00:00,2,2,0
dev_001973,2024-05-14 00:00:00,4,4,0
dev_001974,2024-03-04 00:00:00,2,2,0
dev_001975,2024-03-21 00:00:00,120,4,0
dev_001976,2024-06-18 00:00:00,7,4,0
dev_001977,2024-12-10 00:00:00,0,0,0
dev_001978,2024-09-24 00:00:00,1,1,0
dev_001979,2024-03-19 00:00:00,3,3,1
dev_001980,2024-11-09 00:00:00,1,1,0
dev_001981,2024-05-18 00:00:00,3,3,0
dev_001982,2024-11-06 00:00:00,2,2,0
dev_001983,2024-03-29 00:00:00,1,1,0
dev_001984,2024-08-13 00:00:00,0,0,0
dev_001985,2024-12-04 00:00:00,0,0,0
dev_001986,2024-04-04 00:00:00,0,0,0
dev_001987,2024-09-09 00:00:00,15,5,0
dev_001988,2024-12-26 00:00:00,2,2,0
dev_001989,2024-02-24 00:00:00,1,1,0
dev_001990,2024-02-02 00:00:00,2,2,0
dev_001991,2024-09-03 00:00:00,3,3,0
dev_001992,2024-05-04 00:00:00,0,0,0
dev_001993,2024-01-27 00:00:00,24,3,0
dev_001994,2024-06-22 00:00:00,7,1,0
dev_001995,2024-10-02 00:00:00,1,1,0
dev_001996,2024-04-14 00:00:00,25,3,0
dev_001997,2024-05-02 00:00:00,1,1,0
dev_001998,2024-11-04 00:00:00,3,3,1
dev_001999,2024-07-08 00:00:00,2,2,0
dev_002000,2024-11-03 00:00:00,6,6,0
dev_002001,2024-06-11 00:00:00,3,3,1
dev_002002,2024-12-13 00:00:00,5,3,0
dev_002003,2024-08-25 00:00:00,2,2,1
dev_002004,2024-02-12 00:00:00,0,0,0
dev_002005,2024-11-19 00:00:00,3,3,0
dev_002006,2024-06-27 00:00:00,3,3,0
dev_002007,2024-02-21 00:00:00,1,1,0
dev_002008,2024-02-25 00:00:00,1,1,1
dev_002009,2024-09-07 00:00:00,2,2,0
dev_002010,2024-01-18 00:00:00,2,2,0
dev_002011,2024-04-14 00:00:00,6,5,0
dev_002012,2024-02-21 00:00:00,1,1,0
dev_002013,2024-06-09 00:00:00,1,1,0
dev_002014,2024-05-31 00:00:00,3,3,2
dev_002015,2024-07-09 00:00:00,0,0,0
dev_002016,2024-04-12 00:00:00,195,7,1
dev_002017,2024-01-12 00:00:00,3,3,1
dev_002018,2024-08-12 00:00:00,1,1,0
dev_002019,2024-05-16 00:00:00,4,4,0
dev_002020,2024-08-25 00:00:00,3,3,0
dev_002021,2024-02-09 00:00:00,1,1,0
dev_002022,2024-01-06 00:00:00,4,3,0
dev_002023,2024-03-31 00:00:00,2,2,0
dev_002024,2024-06-15 00:00:00,3,3,0
dev_002025,2024-05-23 00:00:00,3,3,0
dev_002026,2024-10-22 00:00:00,6,6,0
dev_002027,2024-05-17 00:00:00,0,0,0
dev_002028,2024-07-12 00:00:00,1,1,0
dev_002029,2024-08-04 00:00:00,1,1,0
dev_002030,2024-01-08 00:00:00,4,4,1
dev_002031,2024-07-07 00:00:00,4,4,0
dev_002032,2024-05-05 00:00:00,0,0,0
dev_002033,2024-06-02 00:00:00,2,2,0
dev_002034,2024-02-06 00:00:00,2,2,0
dev_002035,2024-10-12 00:00:00,0,0,0
dev_002036,2024-12-09 00:00:00,3,3,0
dev_002037,2024-01-09 00:00:00,2,2,0
dev_002038,2024-08-07 00:00:00,10,7,0
dev_002039,2024-10-05 00:00:00,24,3,0
dev_002040,2024-04-13 00:00:00,1,1,0
dev_002041,2024-10-14 00:00:00,4,4,0
dev_002042,2024-08-18 00:00:00,0,0,0
dev_002043,2024-12-05 00:00:00,0,0,0
dev_002044,2024-12-24 00:00:00,3,3,0
dev_002045,2024-01-16 00:00:00,4,4,0
dev_002046,2024-06-11 00:00:00,1,1,0
dev_002047,2024-07-18 00:00:00,1,1,0
dev_002048,2024-02-23 00:00:00,3,3,0
dev_002049,2024-05-02 00:00:00,1,1,0
dev_002050,2024-12-26 00:00:00,0,0,0
dev_002051,2024-01-06 00:00:00,3,3,0
dev_002052,2024-06-14 00:00:00,0,0,0
dev_002053,2024-11-03 00:00:00,8,2,0
dev_002054,2024-04-28 00:00:00,7,2,0
dev_002055,2024-06-24 00:00:00,3,3,0
dev_002056,2024-12-22 00:00:00,19,1,0
dev_002057,2024-06-22 00:00:00,0,0,0
dev_002058,2024-02-17 00:00:00,4,4,0
dev_002059,2024-01-19 00:00:00,4,4,0
dev_002060,2024-12-11 00:00:00,1,1,0
dev_002061,2024-04-07 00:00:00,25,6,0
dev_002062,2024-07-02 00:00:00,2,2,0
dev_002063,2024-02-03 00:00:00,0,0,0
dev_002064,2024-06-03 00:00:00,1,1,0
dev_002065,2024-12-05 00:00:00,5,4,0
dev_002066,2024-07-02 00:00:00,1,1,0
dev_002067,2024-12-20 00:00:00,6,6,0
dev_002068,2024-04-04 00:00:00,1,1,0
dev_002069,2024-07-03 00:00:00,1,1,0
dev_002070,2024-11-09 00:00:00,2,2,1
dev_002071,2024-06-12 00:00:00,3,3,1
dev_002072,2024-04-12 00:00:00,1,1,0
dev_002073,2024-11-08 00:00:00,2,2,0
dev_002074,2024-05-22 00:00:00,2,2,0
dev_002075,2024-07-12 00:00:00,3,3,0
dev_002076,2024-12-22 00:00:00,0,0,0
dev_002077,2024-03-09 00:00:00,1,1,0
dev_002078,2024-04-20 00:00:00,1,1,0
dev_002079,2024-01-12 00:00:00,13,3,1
dev_002080,2024-05-23 00:00:00,1,1,0
dev_002081,2024-03-14 00:00:00,1,1,0
dev_002082,2024-09-05 00:00:00,3,3,0
dev_002083,2024-03-07 00:00:00,4,4,0
dev_002084,2024-09-03 00:00:00,4,3,0
dev_002085,2024-04-06 00:00:00,2,2,0
dev_002086,2024-05-09 00:00:00,10,5,0
dev_002087,2024-05-07 00:00:00,5,4,0
dev_002088,2024-09-18 00:00:00,3,3,0
dev_002089,2024-06-19 00:00:00,0,0,0
dev_002090,2024-05-11 00:00:00,0,0,0
dev_002091,2024-11-07 00:00:00,0,0,0
dev_002092,2024-07-27 00:00:00,0,0,0
dev_002093,2024-03-19 00:00:00,1,1,0
dev_002094,2024-11-24 00:00:00,1,1,0
dev_002095,2024-05-05 00:00:00,0,0,0
dev_002096,2024-01-15 00:00:00,0,0,0
dev_002097,2024-06-29 00:00:00,3,3,0
dev_002098,2024-02-15 00:00:00,3,2,0
dev_002099,2024-03-28 00:00:00,6,4,1
dev_002100,2024-09-29 00:00:00,3,3,1
dev_002101,2024-02-17 00:00:00,2,2,0
dev_002102,2024-10-21 00:00:00,1,1,0
dev_002103,2024-12-07 00:00:00,1,1,0
dev_002104,2024-08-09 00:00:00,1,1,0
dev_002105,2024-09-16 00:00:00,1,1,0
dev_002106,2024-09-17 00:00:00,11,6,0
dev_002107,2024-12-28 00:00:00,3,3,0
dev_002108,2024-05-04 00:00:00,5,3,0
dev_002109,2024-02-29 00:00:00,2,2,0
dev_002110,2024-07-08 00:00:00,2,2,0
dev_002111,2024-07-13 00:00:00,2,2,0
dev_002112,2024-03-05 00:00:00,4,3,0
dev_002113,2024-08-11 00:00:00,2,2,0
dev_002114,2024-01-06 00:00:00,5,5,0
dev_002115,2024-12-04 00:00:00,1,1,0
dev_002116,2024-04-06 00:00:00,1,1,0
dev_002117,2024-01-15 00:00:00,3,3,0
dev_002118,2024-02-09 00:00:00,4,2,0
dev_002119,2024-03-28 00:00:00,1,1,0
dev_002120,2024-04-09 00:00:00,2,2,0
dev_002121,2024-01-12 00:00:00,1,1,0
dev_002122,2024-04-11 00:00:00,0,0,0
dev_002123,2024-03-11 00:00:00,7,2,0
dev_002124,2024-05-18 00:00:00,2,2,0
dev_002125,2024-05-20 00:00:00,3,3,0
dev_002126,2024-05-03 00:00:00,7,7,1
dev_002127,2024-04-29 00:00:00,3,3,1
dev_002128,2024-02-02 00:00:00,6,2,0
dev_002129,2024-01-10 00:00:00,2,2,0
dev_002130,2024-03-14 00:00:00,0,0,0
dev_002131,2024-10-03 00:00:00,2,2,0
dev_002132,2024-12-27 00:00:00,0,0,0
dev_002133,2024-12-04 00:00:00,2,2,0
dev_002134,2024-07-03 00:00:00,3,3,0
dev_002135,2024-07-13 00:00:00,2,2,0
dev_002136,2024-04-24 00:00:00,1,1,0
dev_002137,2024-10-09 00:00:00,9,4,0
dev_002138,2024-10-06 00:00:00,2,2,0
dev_002139,2024-11-04 00:00:00,0,0,0
dev_002140,2024-11-22 00:00:00,1,1,0
dev_002141,2024-06-07 00:00:00,22,3,1
dev_002142,2024-10-06 00:00:00,1,1,0
dev_002143,2024-10-21 00:00:00,1,1,0
dev_002144,2024-04-22 00:00:00,1,1,0
dev_002145,2024-12-05 00:00:00,3,3,0
dev_002146,2024-02-04 00:00:00,3,3,0
dev_002147,2024-12-28 00:00:00,7,3,0
dev_002148,2024-10-08 00:00:00,3,3,0
dev_002149,2024-02-04 00:00:00,12,2,0
dev_002150,2024-08-27 00:00:00,4,4,0
dev_002151,2024-01-13 00:00:00,1,1,0
dev_002152,2024-10-08 00:00:00,7,3,1
dev_002153,2024-10-18 00:00:00,1,1,0
dev_002154,2024-08-07 00:00:00,5,5,0
dev_002155,2024-11-08 00:00:00,1,1,0
dev_002156,2024-02-05 00:00:00,0,0,0
dev_002157,2024-04-10 00:00:00,3,3,0
dev_002158,2024-05-31 00:00:00,8,2,1
dev_002159,2024-01-16 00:00:00,7,5,0
dev_002160,2024-06-12 00:00:00,1,1,0
dev_002161,2024-04-06 00:00:00,2,2,0
dev_002162,2024-05-23 00:00:00,1,1,0
dev_002163,2024-06-04 00:00:00,2,2,0
dev_002164,2024-11-16 00:00:00,0,0,0
dev_002165,2024-04-08 00:00:00,3,3,0
dev_002166,2024-11-22 00:00:00,1,1,1
dev_002167,2024-06-04 00:00:00,0,0,0
dev_002168,2024-04-29 00:00:00,3,3,0
dev_002169,2024-07-02 00:00:00,2,2,0
dev_002170,2024-06-01 00:00:00,8,3,0
dev_002171,2024-04-03 00:00:00,1,1,0
dev_002172,2024-07-02 00:00:00,1,1,0
dev_002173,2024-02-25 00:00:00,0,0,0
dev_002174,2024-05-08 00:00:00,6,4,0
dev_002175,2024-07-25 00:00:00,1,1,0
dev_002176,2024-05-30 00:00:00,3,3,0
dev_002177,2024-10-27 00:00:00,4,1,0
dev_002178,2024-04-03 00:00:00,2,2,0
dev_002179,2024-12-19 00:00:00,1,1,0
dev_002180,2024-10-13 00:00:00,1,1,0
dev_002181,2024-12-19 00:00:00,2,2,0
dev_002182,2024-11-01 00:00:00,66,2,0
dev_002183,2024-02-21 00:00:00,2,2,0
dev_002184,2024-07-11 00:00:00,0,0,0
dev_002185,2024-03-03 00:00:00,4,4,1
dev_002186,2024-10-25 00:00:00,5,5,0
dev_002187,2024-08-01 00:00:00,1,1,0
dev_002188,2024-04-06 00:00:00,0,0,0
dev_002189,2024-12-05 00:00:00,1,1,0
dev_002190,2024-02-12 00:00:00,4,4,0
dev_002191,2024-07-24 00:00:00,2,2,0
dev_002192,2024-09-20 00:00:00,1,1,0
dev_002193,2024-01-22 00:00:00,2,2,0
dev_002194,2024-08-06 00:00:00,3,3,0
dev_002195,2024-10-24 00:00:00,11,4,0
dev_002196,2024-01-25 00:00:00,0,0,0
dev_002197,2024-07-05 00:00:00,1,1,1
dev_002198,2024-04-04 00:00:00,1,1,0
dev_002199,2024-08-29 00:00:00,2,2,0
dev_002200,2024-02-13 00:00:00,3,3,0
dev_002201,2024-12-08 00:00:00,1,1,0
dev_002202,2024-11-22 00:00:00,2,2,0
dev_002203,2024-03-08 00:00:00,4,4,1
dev_002204,2024-04-27 00:00:00,0,0,0
dev_002205,2024-08-02 00:00:00,7,4,0
dev_002206,2024-09-19 00:00:00,1,1,0
dev_002207,2024-06-10 00:00:00,1,1,0
dev_002208,2024-02-27 00:00:00,0,0,0
dev_002209,2024-02-08 00:00:00,18,5,0
dev_002210,2024-12-30 00:00:00,509,1,0
dev_002211,2024-06-15 00:00:00,0,0,0
dev_002212,2024-11-14 00:00:00,1,1,0
dev_002213,2024-06-25 00:00:00,3,3,1
dev_002214,2024-12-02 00:00:00,1,1,0
dev_002215,2024-02-02 00:00:00,1,1,1
dev_002216,2024-02-11 00:00:00,1,1,1
dev_002217,2024-12-05 00:00:00,1,1,0
dev_002218,2024-12-11 00:00:00,2,1,0
dev_002219,2024-04-24 00:00:00,3,3,0
dev_002220,2024-05-09 00:00:00,3,3,0
dev_002221,2024-06-14 00:00:00,2,2,0
dev_002222,2024-05-31 00:00:00,2,2,0
dev_002223,2024-03-10 00:00:00,0,0,0
dev_002224,2024-11-23 00:00:00,3,1,0
dev_002225,2024-04-02 00:00:00,3,3,1
dev_002226,2024-09-14 00:00:00,3,1,0
dev_002227,2024-01-25 00:00:00,2,2,0
dev_002228,2024-01-15 00:00:00,345,5,0
dev_002229,2024-08-26 00:00:00,4,4,1
dev_002230,2024-05-03 00:00:00,7,4,0
dev_002231,2024-08-27 00:00:00,4,4,0
dev_002232,2024-02-04 00:00:00,1,1,0
dev_002233,2024-12-12 00:00:00,2,2,0
dev_002234,2024-09-30 00:00:00,3,3,0
dev_002235,2024-11-15 00:00:00,1,1,0
dev_002236,2024-02-19 00:00:00,1,1,0
dev_002237,2024-04-26 00:00:00,0,0,0
dev_002238,2024-05-14 00:00:00,3,3,0
dev_002239,2024-07-15 00:00:00,6,2,0
dev_002240,2024-04-18 00:00:00,2,2,0
dev_002241,2024-01-23 00:00:00,1,1,0
dev_002242,2024-05-14 00:00:00,1,1,0
dev_002243,2024-04-02 00:00:00,4,4,1
dev_002244,2024-05-20 00:00:00,5,2,0
dev_002245,2024-03-12 00:00:00,3,3,0
dev_002246,2024-04-05 00:00:00,2,2,0
dev_002247,2024-08-16 00:00:00,1,1,0
dev_002248,2024-05-21 00:00:00,2,2,0
dev_002249,2024-05-06 00:00:00,2,2,0
dev_002250,2024-07-13 00:00:00,4,4,0
dev_002251,2024-10-08 00:00:00,1,1,0
dev_002252,2024-05-18 00:00:00,2,2,0
dev_002253,2024-08-02 00:00:00,1,1,0
dev_002254,2024-12-18 00:00:00,2,2,0
dev_002255,2024-07-09 00:00:00,3,3,0
dev_002256,2024-11-28 00:00:00,1,1,0
dev_002257,2024-10-16 00:00:00,4,4,0
dev_002258,2024-01-22 00:00:00,6,6,2
dev_002259,2024-06-05 00:00:00,5,4,0
dev_002260,2024-09-11 00:00:00,2,1,0
dev_002261,2024-12-26 00:00:00,2,2,0
dev_002262,2024-06-16 00:00:00,3,2,0
dev_002263,2024-02-03 00:00:00,1,1,0
dev_002264,2024-07-24 00:00:00,1,1,0
dev_002265,2024-02-16 00:00:00,1,1,0
dev_002266,2024-10-01 00:00:00,3,3,1
dev_002267,2024-07-04 00:00:00,0,0,0
dev_002268,2024-09-21 00:00:00,1,1,0
dev_002269,2024-11-13 00:00:00,1,1,0
dev_002270,2024-08-17 00:00:00,13,3,0
dev_002271,2024-08-11 00:00:00,3,3,0
dev_002272,2024-10-02 00:00:00,1,1,0
dev_002273,2024-11-03 00:00:00,4,4,0
dev_002274,2024-11-13 00:00:00,4,4,0
dev_002275,2024-01-14 00:00:00,2,2,0
dev_002276,2024-07-22 00:00:00,18,1,0
dev_002277,2024-03-19 00:00:00,1,1,0
dev_002278,2024-11-10 00:00:00,0,0,0
dev_002279,2024-08-24 00:00:00,1,1,0
dev_002280,2024-06-02 00:00:00,0,0,0
dev_002281,2024-03-09 00:00:00,3,3,0
dev_002282,2024-05-03 00:00:00,6,4,0
dev_002283,2024-09-13 00:00:00,22,4,0
dev_002284,2024-03-15 00:00:00,2,2,0
dev_002285,2024-02-04 00:00:00,2,2,1
dev_002286,2024-11-20 00:00:00,24,3,0
dev_002287,2024-10-05 00:00:00,0,0,0
dev_002288,2024-03-13 00:00:00,9,5,0
dev_002289,2024-04-16 00:00:00,398,2,0
dev_002290,2024-12-20 00:00:00,1,1,0
dev_002291,2024-09-15 00:00:00,4,4,0
dev_002292,2024-08-10 00:00:00,1,1,0
dev_002293,2024-04-22 00:00:00,1,1,0
dev_002294,2024-04-19 00:00:00,1,1,0
dev_002295,2024-01-15 00:00:00,0,0,0
dev_002296,2024-09-22 00:00:00,2,2,0
dev_002297,2024-01-16 00:00:00,1,1,0
dev_002298,2024-01-02 00:00:00,5,5,0
dev_002299,2024-09-23 00:00:00,1,1,0
dev_002300,2024-12-12 00:00:00,26,4,0
dev_002301,2024-10-03 00:00:00,1,1,0
dev_002302,2024-06-21 00:00:00,1,1,0
dev_002303,2024-06-26 00:00:00,4,4,0
dev_002304,2024-06-08 00:00:00,0,0,0
dev_002305,2024-04-28 00:00:00,1,1,0
dev_002306,2024-07-09 00:00:00,2,2,0
dev_002307,2024-06-06 00:00:00,6,6,0
dev_002308,2024-08-06 00:00:00,13,4,0
dev_002309,2024-11-23 00:00:00,2,2,0
dev_002310,2024-12-29 00:00:00,1,1,0
dev_002311,2024-01-29 00:00:00,0,0,0
dev_002312,2024-05-20 00:00:00,3,3,0
dev_002313,2024-03-06 00:00:00,3,3,1
dev_002314,2024-05-08 00:00:00,0,0,0
dev_002315,2024-04-14 00:00:00,2,2,0
dev_002316,2024-03-04 00:00:00,4,4,0
dev_002317,2024-10-05 00:00:00,6,1,0
dev_002318,2024-06-30 00:00:00,4,4,0
dev_002319,2024-12-01 00:00:00,3,3,0
dev_002320,2024-01-12 00:00:00,0,0,0
dev_002321,2024-01-25 00:00:00,1,1,0
dev_002322,2024-05-27 00:00:00,0,0,0
dev_002323,2024-01-30 00:00:00,4,2,0
dev_002324,2024-04-05 00:00:00,26,2,0
dev_002325,2024-12-25 00:00:00,2,2,0
dev_002326,2024-03-17 00:00:00,4,4,0
dev_002327,2024-03-13 00:00:00,1,1,0
dev_002328,2024-07-28 00:00:00,2,2,0
dev_002329,2024-06-30 00:00:00,0,0,0
dev_002330,2024-07-30 00:00:00,1,1,0
dev_002331,2024-05-17 00:00:00,6,6,0
dev_002332,2024-10-28 00:00:00,6,3,1
dev_002333,2024-02-20 00:00:00,2,2,0
dev_002334,2024-06-05 00:00:00,3,3,0
dev_002335,2024-09-08 00:00:00,1,1,0
dev_002336,2024-11-12 00:00:00,17,1,0
dev_002337,2024-05-14 00:00:00,0,0,0
dev_002338,2024-07-26 00:00:00,2,2,0
dev_002339,2024-01-26 00:00:00,3,3,0
dev_002340,2024-03-03 00:00:00,2,2,0
dev_002341,2024-01-26 00:00:00,1,1,0
dev_002342,2024-09-22 00:00:00,3,3,0
dev_002343,2024-04-15 00:00:00,1,1,0
dev_002344,2024-09-21 00:00:00,16,7,0
dev_002345,2024-01-25 00:00:00,13,3,0
dev_002346,2024-11-10 00:00:00,0,0,0
dev_002347,2024-10-31 00:00:00,0,0,0
dev_002348,2024-02-02 00:00:00,3,3,0
dev_002349,2024-01-09 00:00:00,5,5,0
dev_002350,2024-01-21 00:00:00,1,1,0
dev_002351,2024-11-07 00:00:00,2,2,0
dev_002352,2024-03-26 00:00:00,1,1,0
dev_002353,2024-07-19 00:00:00,4,4,0
dev_002354,2024-06-04 00:00:00,0,0,0
dev_002355,2024-10-17 00:00:00,0,0,0
dev_002356,2024-06-27 00:00:00,1,1,0
dev_002357,2024-07-01 00:00:00,1,1,0
dev_002358,2024-12-27 00:00:00,2,2,0
dev_002359,2024-02-24 00:00:00,3,3,0
dev_002360,2024-10-30 00:00:00,17,2,0
dev_002361,2024-01-19 00:00:00,2,2,0
dev_002362,2024-06-23 00:00:00,8,4,0
dev_002363,2024-11-19 00:00:00,5,5,1
dev_002364,2024-08-30 00:00:00,3,3,1
dev_002365,2024-09-07 00:00:00,0,0,0
dev_002366,2024-04-06 00:00:00,2,2,0
dev_002367,2024-06-01 00:00:00,1,1,0
dev_002368,2024-05-13 00:00:00,1,1,0
dev_002369,2024-07-09 00:00:00,2,2,1
dev_002370,2024-06-17 00:00:00,2,2,0
dev_002371,2024-04-29 00:00:00,3,3,0
dev_002372,2024-04-21 00:00:00,0,0,0
dev_002373,2024-04-01 00:00:00,2,2,0
dev_002374,2024-05-13 00:00:00,8,3,0
dev_002375,2024-02-24 00:00:00,4,2,0
dev_002376,2024-11-14 00:00:00,1,1,0
dev_002377,2024-08-07 00:00:00,3,3,0
dev_002378,2024-02-18 00:00:00,6,4,0
dev_002379,2024-09-10 00:00:00,11,3,0
dev_002380,2024-11-05 00:00:00,0,0,0
dev_002381,2024-03-27 00:00:00,17,4,0
dev_002382,2024-02-24 00:00:00,3,3,0
dev_002383,2024-01-04 00:00:00,2,1,0
dev_002384,2024-01-18 00:00:00,1,1,0
dev_002385,2024-10-05 00:00:00,5,3,0
dev_002386,2024-12-26 00:00:00,0,0,0
dev_002387,2024-01-17 00:00:00,1,1,0
dev_002388,2024-09-30 00:00:00,2,2,0
dev_002389,2024-01-27 00:00:00,3,3,0
dev_002390,2024-08-04 00:00:00,1,1,0
dev_002391,2024-10-02 00:00:00,36,4,0
dev_002392,2024-05-11 00:00:00,2,2,0
dev_002393,2024-01-04 00:00:00,2,2,0
dev_002394,2024-08-05 00:00:00,3,3,1
dev_002395,2024-12-27 00:00:00,2,2,0
dev_002396,2024-04-04 00:00:00,3,3,1
dev_002397,2024-03-10 00:00:00,3,3,0
dev_002398,2024-02-15 00:00:00,2,2,0
dev_002399,2024-07-21 00:00:00,0,0,0
dev_002400,2024-08-05 00:00:00,4,4,0
dev_002401,2024-10-16 00:00:00,14,4,0
dev_002402,2024-10-01 00:00:00,1,1,0
dev_002403,2024-11-21 00:00:00,11,4,0
dev_002404,2024-10-21 00:00:00,2,2,0
dev_002405,2024-03-31 00:00:00,3,3,0
dev_002406,2024-07-21 00:00:00,2,2,0
dev_002407,2024-04-18 00:00:00,2,2,0
dev_002408,2024-04-30 00:00:00,8,7,1
dev_002409,2024-12-06 00:00:00,21,2,0
dev_002410,2024-09-05 00:00:00,2,2,0
dev_002411,2024-12-21 00:00:00,0,0,0
dev_002412,2024-06-01 00:00:00,1,1,0
dev_002413,2024-07-15 00:00:00,0,0,0
dev_002414,2024-06-26 00:00:00,2,2,0
dev_002415,2024-02-09 00:00:00,1,1,0
dev_002416,2024-03-27 00:00:00,10,3,0
dev_002417,2024-07-11 00:00:00,1,1,0
dev_002418,2024-01-25 00:00:00,0,0,0
dev_002419,2024-12-05 00:00:00,4,4,1
dev_002420,2024-02-15 00:00:00,3,3,0
dev_002421,2024-03-13 00:00:00,1,1,0
dev_002422,2024-10-06 00:00:00,3,3,0
dev_002423,2024-02-05 00:00:00,4,4,0
dev_002424,2024-11-24 00:00:00,4,4,0
dev_002425,2024-09-21 00:00:00,1,1,0
dev_002426,2024-01-26 00:00:00,1,1,0
dev_002427,2024-09-09 00:00:00,0,0,0
dev_002428,2024-08-18 00:00:00,206,3,0
dev_002429,2024-10-03 00:00:00,2,2,0
dev_002430,2024-10-29 00:00:00,16,4,0
dev_002431,2024-09-19 00:00:00,3,3,0
dev_002432,2024-08-01 00:00:00,6,6,1
dev_002433,2024-04-27 00:00:00,2,2,0
dev_002434,2024-09-11 00:00:00,1,1,0
dev_002435,2024-12-15 00:00:00,5,5,0
dev_002436,2024-08-02 00:00:00,2,2,0
dev_002437,2024-08-30 00:00:00,4,4,1
dev_002438,2024-06-08 00:00:00,1,1,0
dev_002439,2024-10-02 00:00:00,1,1,0
dev_002440,2024-12-30 00:00:00,1,1,0
dev_002441,2024-02-28 00:00:00,0,0,0
dev_002442,2024-03-14 00:00:00,1,1,0
dev_002443,2024-07-15 00:00:00,2,2,0
dev_002444,2024-06-24 00:00:00,0,0,0
dev_002445,2024-07-27 00:00:00,0,0,0
dev_002446,2024-01-18 00:00:00,1,1,0
dev_002447,2024-05-27 00:00:00,3,3,0
dev_002448,2024-07-31 00:00:00,4,4,0
dev_002449,2024-08-01 00:00:00,6,2,0
dev_002450,2024-08-27 00:00:00,2,2,0
dev_002451,2024-09-19 00:00:00,2,2,0
dev_002452,2024-08-22 00:00:00,3,3,0
dev_002453,2024-10-15 00:00:00,1,1,0
dev_002454,2024-08-16 00:00:00,1,1,0
dev_002455,2024-07-15 00:00:00,1,1,0
dev_002456,2024-08-09 00:00:00,4,4,0
dev_002457,2024-02-06 00:00:00,1,1,0
dev_002458,2024-04-09 00:00:00,1,1,0
dev_002459,2024-07-11 00:00:00,1,1,0
dev_002460,2024-11-14 00:00:00,5,4,0
dev_002461,2024-09-04 00:00:00,16,2,0
dev_002462,2024-02-02 00:00:00,1,1,0
dev_002463,2024-08-04 00:00:00,2,1,0
dev_002464,2024-03-21 00:00:00,1,1,0
dev_002465,2024-09-24 00:00:00,0,0,0
dev_002466,2024-10-29 00:00:00,1,1,0
dev_002467,2024-08-04 00:00:00,3,3,0
dev_002468,2024-08-03 00:00:00,2,2,0
dev_002469,2024-05-03 00:00:00,1,1,0
dev_002470,2024-06-11 00:00:00,1,1,0
dev_002471,2024-11-11 00:00:00,0,0,0
dev_002472,2024-09-21 00:00:00,1,1,0
dev_002473,2024-07-08 00:00:00,1,1,0
dev_002474,2024-05-14 00:00:00,2,2,0
dev_002475,2024-01-19 00:00:00,2,2,0
dev_002476,2024-02-22 00:00:00,4,3,0
dev_002477,2024-03-11 00:00:00,19,3,0
dev_002478,2024-05-16 00:00:00,3,3,1
dev_002479,2024-12-10 00:00:00,2,2,0
dev_002480,2024-07-03 00:00:00,4,3,0
dev_002481,2024-03-26 00:00:00,2,2,0
dev_002482,2024-02-08 00:00:00,1,1,0
dev_002483,2024-05-03 00:00:00,2,2,0
dev_002484,2024-10-24 00:00:00,4,4,0
dev_002485,2024-05-19 00:00:00,5,4,0
dev_002486,2024-10-08 00:00:00,0,0,0
dev_002487,2024-10-19 00:00:00,1,1,0
dev_002488,2024-02-10 00:00:00,2,2,0
dev_002489,2024-08-10 00:00:00,156,1,0
dev_002490,2024-12-16 00:00:00,5,3,0
dev_002491,2024-05-26 00:00:00,3,3,0
dev_002492,2024-01-19 00:00:00,0,0,0
dev_002493,2024-12-03 00:00:00,3,3,0
dev_002494,2024-11-18 00:00:00,3,3,0
dev_002495,2024-07-09 00:00:00,1,1,0
dev_002496,2024-07-20 00:00:00,45,1,0
dev_002497,2024-03-18 00:00:00,1,1,1
dev_002498,2024-10-26 00:00:00,3,3,0
dev_002499,2024-06-30 00:00:00,1,1,0
dev_002500,2024-01-13 00:00:00,6,5,1
dev_002501,2024-09-06 00:00:00,7,3,0
dev_002502,2024-12-12 00:00:00,3,3,0
dev_002503,2024-10-29 00:00:00,1,1,0
dev_002504,2024-04-11 00:00:00,14,6,0
dev_002505,2024-01-20 00:00:00,1,1,0
dev_002506,2024-12-09 00:00:00,3,3,0
dev_002507,2024-12-08 00:00:00,6,3,0
dev_002508,2024-07-13 00:00:00,2,2,0
dev_002509,2024-08-22 00:00:00,1,1,0
dev_002510,2024-06-17 00:00:00,3,3,0
dev_002511,2024-06-02 00:00:00,8,1,0
dev_002512,2024-02-13 00:00:00,2,2,0
dev_002513,2024-02-05 00:00:00,1,1,0
dev_002514,2024-03-25 00:00:00,0,0,0
dev_002515,2024-11-01 00:00:00,0,0,0
dev_002516,2024-02-23 00:00:00,4,4,0
dev_002517,2024-03-23 00:00:00,3,3,0
dev_002518,2024-07-19 00:00:00,1,1,0
dev_002519,2024-03-19 00:00:00,3,3,0
dev_002520,2024-02-29 00:00:00,3,3,0
dev_002521,2024-07-24 00:00:00,0,0,0
dev_002522,2024-05-14 00:00:00,2,2,0
dev_002523,2024-08-16 00:00:00,1,1,0
dev_002524,2024-11-28 00:00:00,1,1,0
dev_002525,2024-02-25 00:00:00,3,3,0
dev_002526,2024-11-29 00:00:00,1,1,0
dev_002527,2024-11-25 00:00:00,2,2,0
dev_002528,2024-10-29 00:00:00,0,0,0
dev_002529,2024-08-18 00:00:00,36,5,0
dev_002530,2024-08-14 00:00:00,4,3,0
dev_002531,2024-08-21 00:00:00,1,1,0
dev_002532,2024-09-09 00:00:00,10,4,0
dev_002533,2024-01-07 00:00:00,2,1,0
dev_002534,2024-12-15 00:00:00,1,1,0
dev_002535,2024-08-01 00:00:00,1,1,0
dev_002536,2024-10-12 00:00:00,5,2,0
dev_002537,2024-05-17 00:00:00,1,1,0
dev_002538,2024-01-05 00:00:00,10,1,0
dev_002539,2024-07-05 00:00:00,1,1,0
dev_002540,2024-07-04 00:00:00,1,1,0
dev_002541,2024-06-08 00:00:00,1,1,0
dev_002542,2024-05-03 00:00:00,6,5,0
dev_002543,2024-04-01 00:00:00,2,2,0
dev_002544,2024-07-11 00:00:00,2,2,0
dev_002545,2024-05-16 00:00:00,1,1,1
dev_002546,2024-12-20 00:00:00,4,4,0
dev_002547,2024-03-04 00:00:00,1,1,0
dev_002548,2024-04-26 00:00:00,2,2,0
dev_002549,2024-04-17 00:00:00,1,1,0
dev_002550,2024-07-17 00:00:00,1,1,0
dev_002551,2024-07-01 00:00:00,2,2,1
dev_002552,2024-08-22 00:00:00,5,4,0
dev_002553,2024-12-12 00:00:00,3,3,0
dev_002554,2024-04-14 00:00:00,2,2,1
dev_002555,2024-09-09 00:00:00,3,3,0
dev_002556,2024-01-10 00:00:00,0,0,0
dev_002557,2024-04-05 00:00:00,2,2,0
dev_002558,2024-06-18 00:00:00,0,0,0
dev_002559,2024-01-12 00:00:00,0,0,0
dev_002560,2024-08-13 00:00:00,5,3,0
dev_002561,2024-09-04 00:00:00,0,0,0
dev_002562,2024-09-29 00:00:00,8,6,2
dev_002563,2024-07-07 00:00:00,4,3,0
dev_002564,2024-08-08 00:00:00,3,3,0
dev_002565,2024-05-24 00:00:00,5,1,0
dev_002566,2024-01-16 00:00:00,1,1,0
dev_002567,2024-02-06 00:00:00,2,2,0
dev_002568,2024-08-27 00:00:00,3,3,0
dev_002569,2024-12-29 00:00:00,2,2,0
dev_002570,2024-01-06 00:00:00,0,0,0
dev_002571,2024-07-22 00:00:00,54,3,0
dev_002572,2024-10-01 00:00:00,1,1,0
dev_002573,2024-10-28 00:00:00,2,2,0
dev_002574,2024-07-17 00:00:00,0,0,0
dev_002575,2024-08-14 00:00:00,1,1,0
dev_002576,2024-09-11 00:00:00,4,4,0
dev_002577,2024-11-09 00:00:00,4,4,0
dev_002578,2024-02-14 00:00:00,2,2,0
dev_002579,2024-12-04 00:00:00,1,1,0
dev_002580,2024-01-10 00:00:00,2,2,0
dev_002581,2024-11-01 00:00:00,1,1,0
dev_002582,2024-01-29 00:00:00,1,1,0
dev_002583,2024-03-12 00:00:00,3,3,0
dev_002584,2024-01-02 00:00:00,1,1,0
dev_002585,2024-06-11 00:00:00,0,0,0
dev_002586,2024-05-02 00:00:00,2,2,0
dev_002587,2024-03-01 00:00:00,3,3,0
dev_002588,2024-06-13 00:00:00,1,1,1
dev_002589,2024-05-26 00:00:00,2,2,0
dev_002590,2024-10-07 00:00:00,5,5,0
dev_002591,2024-11-21 00:00:00,9,2,0
dev_002592,2024-08-26 00:00:00,1,1,0
dev_002593,2024-02-15 00:00:00,10,5,1
dev_002594,2024-04-17 00:00:00,1,1,0
dev_002595,2024-11-29 00:00:00,2,2,0
dev_002596,2024-02-02 00:00:00,2,2,0
dev_002597,2024-05-28 00:00:00,1,1,0
dev_002598,2024-12-10 00:00:00,3,3,0
dev_002599,2024-12-12 00:00:00,2,2,0
dev_002600,2024-05-30 00:00:00,3,3,0
dev_002601,2024-08-31 00:00:00,2,2,0
dev_002602,2024-06-15 00:00:00,4,4,0
dev_002603,2024-10-02 00:00:00,1,1,0
dev_002604,2024-01-12 00:00:00,3,2,0
dev_002605,2024-02-22 00:00:00,2,2,0
dev_002606,2024-08-12 00:00:00,2,2,0
dev_002607,2024-03-25 00:00:00,2,2,0
dev_002608,2024-08-31 00:00:00,4,1,0
dev_002609,2024-05-08 00:00:00,5,3,0
dev_002610,2024-11-19 00:00:00,3,3,0
dev_002611,2024-10-26 00:00:00,2,2,1
dev_002612,2024-06-28 00:00:00,2,2,0
dev_002613,2024-10-09 00:00:00,6,5,0
dev_002614,2024-04-08 00:00:00,1,1,0
dev_002615,2024-06-29 00:00:00,122,1,0
dev_002616,2024-03-13 00:00:00,0,0,0
dev_002617,2024-11-10 00:00:00,2,2,0
dev_002618,2024-10-27 00:00:00,0,0,0
dev_002619,2024-11-25 00:00:00,0,0,0
dev_002620,2024-11-16 00:00:00,0,0,0
dev_002621,2024-12-16 00:00:00,2,2,0
dev_002622,2024-03-24 00:00:00,2,2,0
dev_002623,2024-12-06 00:00:00,1,1,0
dev_002624,2024-07-27 00:00:00,1,1,0
dev_002625,2024-06-03 00:00:00,4,4,0
dev_002626,2024-07-23 00:00:00,4,3,0
dev_002627,2024-05-05 00:00:00,0,0,0
dev_002628,2024-04-15 00:00:00,1,1,0
dev_002629,2024-03-29 00:00:00,1,1,0
dev_002630,2024-01-31 00:00:00,1,1,0
dev_002631,2024-06-30 00:00:00,2,2,0
dev_002632,2024-11-20 00:00:00,1,1,0
dev_002633,2024-08-18 00:00:00,2,2,0
dev_002634,2024-07-09 00:00:00,2,2,0
dev_002635,2024-06-05 00:00:00,3,3,0
dev_002636,2024-06-18 00:00:00,0,0,0
dev_002637,2024-03-17 00:00:00,1,1,0
dev_002638,2024-10-27 00:00:00,2,2,0
dev_002639,2024-03-13 00:00:00,2,2,0
dev_002640,2024-09-18 00:00:00,12,4,0
dev_002641,2024-10-04 00:00:00,3,3,1
dev_002642,2024-07-28 00:00:00,1,1,1
dev_002643,2024-11-10 00:00:00,11,6,1
dev_002644,2024-04-16 00:00:00,12,4,0
dev_002645,2024-11-17 00:00:00,2,2,1
dev_002646,2024-09-23 00:00:00,3,3,0
dev_002647,2024-10-18 00:00:00,4,4,0
dev_002648,2024-08-30 00:00:00,2,2,1
dev_002649,2024-11-04 00:00:00,1,1,0
dev_002650,2024-12-28 00:00:00,0,0,0
dev_002651,2024-06-02 00:00:00,5,5,0
dev_002652,2024-10-24 00:00:00,4,2,0
dev_002653,2024-09-28 00:00:00,0,0,0
dev_002654,2024-06-14 00:00:00,4,4,0
dev_002655,2024-12-04 00:00:00,2,2,0
dev_002656,2024-05-23 00:00:00,4,2,0
dev_002657,2024-07-25 00:00:00,3,3,0
dev_002658,2024-02-08 00:00:00,1,1,0
dev_002659,2024-03-23 00:00:00,3,3,0
dev_002660,2024-11-02 00:00:00,1,1,0
dev_002661,2024-05-24 00:00:00,2,2,0
dev_002662,2024-05-23 00:00:00,0,0,0
dev_002663,2024-03-30 00:00:00,4,4,0
dev_002664,2024-06-28 00:00:00,6,4,0
dev_002665,2024-10-21 00:00:00,5,5,0
dev_002666,2024-11-22 00:00:00,2,2,0
dev_002667,2024-01-26 00:00:00,2,2,0
dev_002668,2024-07-28 00:00:00,3,3,0
dev_002669,2024-06-19 00:00:00,1,1,0
dev_002670,2024-08-12 00:00:00,4,2,0
dev_002671,2024-06-12 00:00:00,4,4,1
dev_002672,2024-05-25 00:00:00,1,1,0
dev_002673,2024-06-21 00:00:00,2,2,0
dev_002674,2024-07-31 00:00:00,4,2,0
dev_002675,2024-07-01 00:00:00,0,0,0
dev_002676,2024-06-21 00:00:00,5,4,0
dev_002677,2024-10-25 00:00:00,0,0,0
dev_002678,2024-09-29 00:00:00,8,4,1
dev_002679,2024-05-04 00:00:00,1,1,0
dev_002680,2024-10-19 00:00:00,3,3,0
dev_002681,2024-11-07 00:00:00,2,2,0
dev_002682,2024-02-26 00:00:00,1,1,0
dev_002683,2024-07-31 00:00:00,3,3,0
dev_002684,2024-04-14 00:00:00,5,3,0
dev_002685,2024-09-26 00:00:00,2,2,0
dev_002686,2024-03-28 00:00:00,10,3,1
dev_002687,2024-09-02 00:00:00,2,2,0
dev_002688,2024-04-03 00:00:00,3,3,0
dev_002689,2024-07-05 00:00:00,0,0,0
dev_002690,2024-12-12 00:00:00,3,3,0
dev_002691,2024-05-19 00:00:00,5,5,0
dev_002692,2024-11-15 00:00:00,1,1,0
dev_002693,2024-12-26 00:00:00,8,2,0
dev_002694,2024-11-15 00:00:00,4,1,0
dev_002695,2024-03-01 00:00:00,2,2,0
dev_002696,2024-10-26 00:00:00,3,3,0
dev_002697,2024-01-12 00:00:00,2,2,0
dev_002698,2024-05-23 00:00:00,1,1,0
dev_002699,2024-11-13 00:00:00,3,3,0
dev_002700,2024-09-08 00:00:00,1,1,0
dev_002701,2024-07-13 00:00:00,7,4,1
dev_002702,2024-05-21 00:00:00,14,3,1
dev_002703,2024-10-23 00:00:00,6,4,0
dev_002704,2024-09-15 00:00:00,1,1,0
dev_002705,2024-06-19 00:00:00,3,3,0
dev_002706,2024-11-21 00:00:00,1,1,0
dev_002707,2024-03-24 00:00:00,3,3,0
dev_002708,2024-03-03 00:00:00,0,0,0
dev_002709,2024-08-22 00:00:00,26,4,0
dev_002710,2024-12-20 00:00:00,6,1,0
dev_002711,2024-03-31 00:00:00,0,0,0
dev_002712,2024-04-01 00:00:00,1,1,0
dev_002713,2024-02-20 00:00:00,0,0,0
dev_002714,2024-11-10 00:00:00,2,1,0
dev_002715,2024-03-23 00:00:00,2,2,0
dev_002716,2024-07-02 00:00:00,3,2,0
dev_002717,2024-12-27 00:00:00,1,1,0
dev_002718,2024-01-05 00:00:00,3,3,1
dev_002719,2024-07-22 00:00:00,2,2,0
dev_002720,2024-07-05 00:00:00,2,2,0
dev_002721,2024-10-21 00:00:00,1,1,0
dev_002722,2024-05-09 00:00:00,2,2,0
dev_002723,2024-05-29 00:00:00,4,4,0
dev_002724,2024-03-02 00:00:00,13,4,0
dev_002725,2024-09-27 00:00:00,2,2,0
dev_002726,2024-10-13 00:00:00,1,1,0
dev_002727,2024-02-19 00:00:00,1,1,0
dev_002728,2024-05-23 00:00:00,2,2,0
dev_002729,2024-11-21 00:00:00,0,0,0
dev_002730,2024-01-01 00:00:00,0,0,0
dev_002731,2024-04-19 00:00:00,3,3,1
dev_002732,2024-07-21 00:00:00,1,1,0
dev_002733,2024-05-01 00:00:00,2,2,0
dev_002734,2024-04-09 00:00:00,2,2,0
dev_002735,2024-06-16 00:00:00,3,3,0
dev_002736,2024-03-07 00:00:00,0,0,0
dev_002737,2024-07-12 00:00:00,1,1,0
dev_002738,2024-09-14 00:00:00,1,1,0
dev_002739,2024-07-28 00:00:00,4,3,0
dev_002740,2024-02-03 00:00:00,0,0,0
dev_002741,2024-11-04 00:00:00,3,3,1
dev_002742,2024-03-04 00:00:00,3,3,0
dev_002743,2024-10-06 00:00:00,7,2,0
dev_002744,2024-05-11 00:00:00,1,1,1
dev_002745,2024-10-12 00:00:00,2,2,0
dev_002746,2024-03-16 00:00:00,1,1,0
dev_002747,2024-03-09 00:00:00,2,2,1
dev_002748,2024-06-30 00:00:00,2,2,0
dev_002749,2024-01-13 00:00:00,1,1,0
dev_002750,2024-03-23 00:00:00,1,1,0
dev_002751,2024-09-21 00:00:00,1,1,0
dev_002752,2024-11-01 00:00:00,2,2,0
dev_002753,2024-01-30 00:00:00,1,1,0
dev_002754,2024-11-17 00:00:00,2,2,0
dev_002755,2024-10-18 00:00:00,5,5,0
dev_002756,2024-11-13 00:00:00,2,2,0
dev_002757,2024-09-11 00:00:00,3,3,0
dev_002758,2024-09-03 00:00:00,2,2,0
dev_002759,2024-07-10 00:00:00,0,0,0
dev_002760,2024-08-26 00:00:00,8,3,0
dev_002761,2024-12-01 00:00:00,4,4,0
dev_002762,2024-02-06 00:00:00,0,0,0
dev_002763,2024-04-25 00:00:00,1,1,0
dev_002764,2024-01-27 00:00:00,3,3,1
dev_002765,2024-12-10 00:00:00,1,1,0
dev_002766,2024-06-11 00:00:00,184,1,0
dev_002767,2024-09-03 00:00:00,0,0,0
dev_002768,2024-11-03 00:00:00,6,6,1
dev_002769,2024-12-27 00:00:00,9,2,0
dev_002770,2024-02-29 00:00:00,3,2,0
dev_002771,2024-10-18 00:00:00,3,3,0
dev_002772,2024-11-19 00:00:00,1,1,0
dev_002773,2024-01-18 00:00:00,0,0,0
dev_002774,2024-10-02 00:00:00,5,3,0
dev_002775,2024-05-09 00:00:00,0,0,0
dev_002776,2024-08-24 00:00:00,6,6,1
dev_002777,2024-07-06 00:00:00,1,1,1
dev_002778,2024-04-04 00:00:00,1,1,0
dev_002779,2024-02-19 00:00:00,4,4,0
dev_002780,2024-02-12 00:00:00,3,3,0
dev_002781,2024-02-07 00:00:00,1,1,0
dev_002782,2024-08-20 00:00:00,0,0,0
dev_002783,2024-05-08 00:00:00,3,3,0
dev_002784,2024-03-20 00:00:00,2,2,0
dev_002785,2024-09-09 00:00:00,2,2,0
dev_002786,2024-09-07 00:00:00,3,3,0
dev_002787,2024-07-15 00:00:00,2,2,0
dev_002788,2024-12-07 00:00:00,3,3,0
dev_002789,2024-05-20 00:00:00,2,2,0
dev_002790,2024-11-01 00:00:00,1,1,0
dev_002791,2024-01-28 00:00:00,6,6,1
dev_002792,2024-09-27 00:00:00,2,2,0
dev_002793,2024-12-26 00:00:00,2,2,0
dev_002794,2024-11-05 00:00:00,5,2,0
dev_002795,2024-07-30 00:00:00,3,3,0
dev_002796,2024-08-16 00:00:00,1,1,0
dev_002797,2024-05-08 00:00:00,3,3,0
dev_002798,2024-09-05 00:00:00,1,1,0
dev_002799,2024-10-08 00:00:00,1,1,0
dev_002800,2024-12-30 00:00:00,0,0,0
dev_002801,2024-06-28 00:00:00,14,4,0
dev_002802,2024-01-23 00:00:00,7,1,0
dev_002803,2024-08-05 00:00:00,2,2,0
dev_002804,2024-02-13 00:00:00,4,4,0
dev_002805,2024-03-30 00:00:00,4,4,0
dev_002806,2024-04-30 00:00:00,3,3,0
dev_002807,2024-09-23 00:00:00,3,3,0
dev_002808,2024-03-08 00:00:00,4,4,0
dev_002809,2024-03-01 00:00:00,1,1,0
dev_002810,2024-01-17 00:00:00,1,1,0
dev_002811,2024-11-14 00:00:00,0,0,0
dev_002812,2024-09-10 00:00:00,3,3,0
dev_002813,2024-01-15 00:00:00,0,0,0
dev_002814,2024-01-11 00:00:00,2,2,0
dev_002815,2024-07-22 00:00:00,2,2,0
dev_002816,2024-04-13 00:00:00,2,2,0
dev_002817,2024-08-05 00:00:00,2,2,0
dev_002818,2024-06-07 00:00:00,1,1,0
dev_002819,2024-12-03 00:00:00,2,2,0
dev_002820,2024-04-15 00:00:00,0,0,0
dev_002821,2024-09-04 00:00:00,4,4,1
dev_002822,2024-01-20 00:00:00,4,4,0
dev_002823,2024-12-14 00:00:00,0,0,0
dev_002824,2024-12-23 00:00:00,2,2,0
dev_002825,2024-09-26 00:00:00,1,1,0
dev_002826,2024-06-18 00:00:00,1,1,0
dev_002827,2024-03-21 00:00:00,3,3,0
dev_002828,2024-10-23 00:00:00,10,3,0
dev_002829,2024-09-25 00:00:00,1,1,0
dev_002830,2024-03-22 00:00:00,1,1,0
dev_002831,2024-06-13 00:00:00,3,3,0
dev_002832,2024-06-17 00:00:00,3,3,0
dev_002833,2024-10-28 00:00:00,2,2,0
dev_002834,2024-09-06 00:00:00,3,3,0
dev_002835,2024-08-22 00:00:00,3,3,0
dev_002836,2024-08-25 00:00:00,1,1,0
dev_002837,2024-04-08 00:00:00,3,3,0
dev_002838,2024-05-15 00:00:00,1,1,0
dev_002839,2024-01-17 00:00:00,2,2,1
dev_002840,2024-10-14 00:00:00,1,1,0
dev_002841,2024-06-07 00:00:00,0,0,0
dev_002842,2024-06-08 00:00:00,7,6,0
dev_002843,2024-03-30 00:00:00,0,0,0
dev_002844,2024-03-17 00:00:00,1,1,0
dev_002845,2024-08-02 00:00:00,2,2,0
dev_002846,2024-03-25 00:00:00,4,4,0
dev_002847,2024-01-24 00:00:00,0,0,0
dev_002848,2024-10-07 00:00:00,5,5,0
dev_002849,2024-05-17 00:00:00,3,2,0
dev_002850,2024-05-18 00:00:00,2,1,0
dev_002851,2024-06-06 00:00:00,1,1,0
dev_002852,2024-10-24 00:00:00,0,0,0
dev_002853,2024-04-27 00:00:00,3,3,0
dev_002854,2024-10-03 00:00:00,2,2,0
dev_002855,2024-12-08 00:00:00,4,3,0
dev_002856,2024-08-29 00:00:00,0,0,0
dev_002857,2024-06-06 00:00:00,1,1,0
dev_002858,2024-09-29 00:00:00,9,1,0
dev_002859,2024-06-16 00:00:00,2,2,0
dev_002860,2024-05-31 00:00:00,3,3,0
dev_002861,2024-07-10 00:00:00,1,1,0
dev_002862,2024-04-25 00:00:00,1,1,0
dev_002863,2024-02-08 00:00:00,0,0,0
dev_002864,2024-05-31 00:00:00,1,1,0
dev_002865,2024-02-15 00:00:00,1,1,0
dev_002866,2024-05-29 00:00:00,5,2,0
dev_002867,2024-07-22 00:00:00,1,1,0
dev_002868,2024-12-05 00:00:00,1,1,0
dev_002869,2024-01-14 00:00:00,1,1,0
dev_002870,2024-08-14 00:00:00,54,2,0
dev_002871,2024-06-16 00:00:00,3,3,0
dev_002872,2024-01-08 00:00:00,1,1,0
dev_002873,2024-04-01 00:00:00,2,2,0
dev_002874,2024-02-13 00:00:00,2,2,0
dev_002875,2024-03-20 00:00:00,0,0,0
dev_002876,2024-04-10 00:00:00,3,3,0
dev_002877,2024-05-26 00:00:00,0,0,0
dev_002878,2024-07-12 00:00:00,0,0,0
dev_002879,2024-01-01 00:00:00,0,0,0
dev_002880,2024-02-29 00:00:00,15,5,0
dev_002881,2024-02-04 00:00:00,0,0,0
dev_002882,2024-07-19 00:00:00,0,0,0
dev_002883,2024-04-30 00:00:00,2,2,0
dev_002884,2024-07-19 00:00:00,4,4,0
dev_002885,2024-03-21 00:00:00,2,2,0
dev_002886,2024-01-09 00:00:00,4,2,0
dev_002887,2024-12-09 00:00:00,2,2,0
dev_002888,2024-02-09 00:00:00,3,3,0
dev_002889,2024-02-16 00:00:00,2,2,0
dev_002890,2024-02-23 00:00:00,4,4,0
dev_002891,2024-12-24 00:00:00,3,3,0
dev_002892,2024-08-13 00:00:00,1,1,0
dev_002893,2024-08-10 00:00:00,0,0,0
dev_002894,2024-12-26 00:00:00,4,4,0
dev_002895,2024-02-02 00:00:00,1,1,0
dev_002896,2024-12-21 00:00:00,1,1,0
dev_002897,2024-03-15 00:00:00,1,1,0
dev_002898,2024-08-15 00:00:00,3,2,0
dev_002899,2024-06-02 00:00:00,1,1,0
dev_002900,2024-05-20 00:00:00,1,1,0
dev_002901,2024-12-05 00:00:00,3,3,0
dev_002902,2024-02-24 00:00:00,2,2,0
dev_002903,2024-12-29 00:00:00,1,1,0
dev_002904,2024-05-18 00:00:00,4,4,0
dev_002905,2024-08-24 00:00:00,6,1,0
dev_002906,2024-12-19 00:00:00,1,1,0
dev_002907,2024-01-22 00:00:00,0,0,0
dev_002908,2024-12-02 00:00:00,1,1,0
dev_002909,2024-07-26 00:00:00,3,3,0
dev_002910,2024-09-14 00:00:00,4,4,0
dev_002911,2024-02-24 00:00:00,1,1,0
dev_002912,2024-07-13 00:00:00,0,0,0
dev_002913,2024-09-02 00:00:00,2,2,0
dev_002914,2024-06-15 00:00:00,2,2,0
dev_002915,2024-02-26 00:00:00,1,1,0
dev_002916,2024-03-30 00:00:00,1,1,0
dev_002917,2024-11-07 00:00:00,1,1,0
dev_002918,2024-01-13 00:00:00,4,4,0
dev_002919,2024-09-15 00:00:00,6,3,0
dev_002920,2024-12-30 00:00:00,5,5,0
dev_002921,2024-01-03 00:00:00,0,0,0
dev_002922,2024-02-28 00:00:00,1,1,0
dev_002923,2024-09-03 00:00:00,2,2,0
dev_002924,2024-01-22 00:00:00,5,2,0
dev_002925,2024-08-03 00:00:00,2,2,0
dev_002926,2024-09-06 00:00:00,3,3,0
dev_002927,2024-08-02 00:00:00,7,3,0
dev_002928,2024-05-13 00:00:00,1,1,0
dev_002929,2024-09-11 00:00:00,4,3,0
dev_002930,2024-08-04 00:00:00,1,1,0
dev_002931,2024-03-16 00:00:00,1,1,0
dev_002932,2024-07-24 00:00:00,18,2,0
dev_002933,2024-11-17 00:00:00,0,0,0
dev_002934,2024-08-31 00:00:00,6,3,1
dev_002935,2024-06-21 00:00:00,1,1,0
dev_002936,2024-04-27 00:00:00,1,1,0
dev_002937,2024-02-01 00:00:00,0,0,0
dev_002938,2024-03-30 00:00:00,0,0,0
dev_002939,2024-01-05 00:00:00,2,2,0
dev_002940,2024-12-26 00:00:00,2,2,0
dev_002941,2024-03-22 00:00:00,2,2,0
dev_002942,2024-10-24 00:00:00,2,2,0
dev_002943,2024-03-02 00:00:00,1,1,1
dev_002944,2024-04-13 00:00:00,2,1,0
dev_002945,2024-06-01 00:00:00,1,1,0
dev_002946,2024-04-28 00:00:00,1,1,0
dev_002947,2024-10-18 00:00:00,2,2,0
dev_002948,2024-12-15 00:00:00,0,0,0
dev_002949,2024-11-15 00:00:00,1,1,0
dev_002950,2024-02-26 00:00:00,33,5,0
dev_002951,2024-10-10 00:00:00,1,1,0
dev_002952,2024-02-24 00:00:00,1,1,0
dev_002953,2024-11-29 00:00:00,5,4,0
dev_002954,2024-07-08 00:00:00,0,0,0
dev_002955,2024-05-02 00:00:00,5,5,0
dev_002956,2024-02-27 00:00:00,1,1,0
dev_002957,2024-01-05 00:00:00,3,3,0
dev_002958,2024-03-31 00:00:00,1,1,0
dev_002959,2024-11-29 00:00:00,3,3,0
dev_002960,2024-10-18 00:00:00,1,1,0
dev_002961,2024-12-19 00:00:00,10,8,1
dev_002962,2024-02-06 00:00:00,2,1,0
dev_002963,2024-08-04 00:00:00,0,0,0
dev_002964,2024-04-03 00:00:00,4,4,0
dev_002965,2024-07-17 00:00:00,3,2,0
dev_002966,2024-04-26 00:00:00,0,0,0
dev_002967,2024-04-13 00:00:00,28,5,1
dev_002968,2024-07-28 00:00:00,1,1,0
dev_002969,2024-03-07 00:00:00,0,0,0
dev_002970,2024-06-20 00:00:00,0,0,0
dev_002971,2024-08-25 00:00:00,1,1,0
dev_002972,2024-02-16 00:00:00,2,2,0
dev_002973,2024-12-05 00:00:00,0,0,0
dev_002974,2024-07-03 00:00:00,1,1,0
dev_002975,2024-10-26 00:00:00,2,2,0
dev_002976,2024-08-26 00:00:00,0,0,0
dev_002977,2024-09-16 00:00:00,0,0,0
dev_002978,2024-09-18 00:00:00,1,1,0
dev_002979,2024-11-15 00:00:00,5,5,0
dev_002980,2024-08-11 00:00:00,6,6,0
dev_002981,2024-04-11 00:00:00,2,2,0
dev_002982,2024-02-06 00:00:00,0,0,0
dev_002983,2024-08-09 00:00:00,1,1,0
dev_002984,2024-01-25 00:00:00,10,4,0
dev_002985,2024-03-29 00:00:00,6,6,0
dev_002986,2024-01-23 00:00:00,1,1,0
dev_002987,2024-07-19 00:00:00,1,1,0
dev_002988,2024-02-28 00:00:00,1,1,0
dev_002989,2024-08-10 00:00:00,6,4,0
dev_002990,2024-10-15 00:00:00,2,2,0
dev_002991,2024-10-26 00:00:00,3,2,0
dev_002992,2024-04-22 00:00:00,7,3,0
dev_002993,2024-07-19 00:00:00,0,0,0
dev_002994,2024-07-24 00:00:00,0,0,0
dev_002995,2024-06-21 00:00:00,7,1,0
dev_002996,2024-08-27 00:00:00,2,2,1
dev_002997,2024-03-17 00:00:00,3,3,0
dev_002998,2024-12-23 00:00:00,2,2,0
dev_002999,2024-02-05 00:00:00,2,2,0
dev_003000,2024-10-29 00:00:00,3,3,0
dev_003001,2024-08-04 00:00:00,0,0,0
dev_003002,2024-03-30 00:00:00,3,3,0
dev_003003,2024-09-29 00:00:00,3,3,0
dev_003004,2024-01-31 00:00:00,6,4,0
dev_003005,2024-10-09 00:00:00,0,0,0
dev_003006,2024-08-03 00:00:00,6,6,0
dev_003007,2024-02-10 00:00:00,12,3,0
dev_003008,2024-01-30 00:00:00,2,2,0
dev_003009,2024-10-01 00:00:00,5,3,0
dev_003010,2024-04-16 00:00:00,3,3,0
dev_003011,2024-11-20 00:00:00,3,3,0
dev_003012,2024-10-05 00:00:00,3,3,2
dev_003013,2024-09-11 00:00:00,2,2,0
dev_003014,2024-04-11 00:00:00,1,1,1
dev_003015,2024-09-15 00:00:00,5,3,0
dev_003016,2024-12-12 00:00:00,2,2,0
dev_003017,2024-02-03 00:00:00,2,2,0
dev_003018,2024-04-29 00:00:00,4,4,0
dev_003019,2024-03-26 00:00:00,1,1,0
dev_003020,2024-05-23 00:00:00,2,2,0
dev_003021,2024-09-27 00:00:00,0,0,0
dev_003022,2024-06-22 00:00:00,1,1,0
dev_003023,2024-07-27 00:00:00,1,1,0
dev_003024,2024-04-24 00:00:00,8,5,1
dev_003025,2024-02-21 00:00:00,9,4,0
dev_003026,2024-04-07 00:00:00,2,2,0
dev_003027,2024-11-09 00:00:00,0,0,0
dev_003028,2024-08-07 00:00:00,4,4,0
dev_003029,2024-05-17 00:00:00,0,0,0
dev_003030,2024-10-15 00:00:00,1,1,0
dev_003031,2024-01-24 00:00:00,12,4,0
dev_003032,2024-04-02 00:00:00,3,3,0
dev_003033,2024-03-24 00:00:00,3,3,0
dev_003034,2024-12-25 00:00:00,1,1,0
dev_003035,2024-09-14 00:00:00,4,4,0
dev_003036,2024-08-13 00:00:00,2,2,0
dev_003037,2024-01-02 00:00:00,1,1,0
dev_003038,2024-03-08 00:00:00,4,4,0
dev_003039,2024-08-19 00:00:00,7,6,1
dev_003040,2024-05-18 00:00:00,1,1,0
dev_003041,2024-12-03 00:00:00,3,2,0
dev_003042,2024-10-06 00:00:00,1,1,0
dev_003043,2024-06-12 00:00:00,3,3,0
dev_003044,2024-09-30 00:00:00,4,2,0
dev_003045,2024-12-22 00:00:00,14,2,0
dev_003046,2024-06-17 00:00:00,0,0,0
dev_003047,2024-08-22 00:00:00,8,8,2
dev_003048,2024-12-01 00:00:00,3,3,0
dev_003049,2024-03-31 00:00:00,4,4,0
dev_003050,2024-11-19 00:00:00,1,1,0
dev_003051,2024-02-05 00:00:00,1,1,0
dev_003052,2024-08-24 00:00:00,31,2,0
dev_003053,2024-10-12 00:00:00,3,3,0
dev_003054,2024-08-12 00:00:00,3,3,0
dev_003055,2024-06-29 00:00:00,2,2,1
dev_003056,2024-08-13 00:00:00,0,0,0
dev_003057,2024-02-25 00:00:00,1,1,0
dev_003058,2024-03-19 00:00:00,10,3,0
dev_003059,2024-04-08 00:00:00,2,2,0
dev_003060,2024-08-06 00:00:00,1,1,0
dev_003061,2024-06-10 00:00:00,2,2,0
dev_003062,2024-03-30 00:00:00,4,4,0
dev_003063,2024-11-18 00:00:00,0,0,0
dev_003064,2024-05-16 00:00:00,2,2,0
dev_003065,2024-06-11 00:00:00,4,2,0
dev_003066,2024-05-29 00:00:00,7024,3,0
dev_003067,2024-03-07 00:00:00,2,2,0
dev_003068,2024-09-24 00:00:00,2,2,0
dev_003069,2024-06-12 00:00:00,3,3,0
dev_003070,2024-01-06 00:00:00,10,1,0
dev_003071,2024-12-17 00:00:00,3,3,0
dev_003072,2024-10-24 00:00:00,7,4,0
dev_003073,2024-09-21 00:00:00,0,0,0
dev_003074,2024-11-13 00:00:00,4,4,0
dev_003075,2024-11-26 00:00:00,0,0,0
dev_003076,2024-05-03 00:00:00,159,6,0
dev_003077,2024-08-10 00:00:00,1,1,1
dev_003078,2024-08-10 00:00:00,2,2,0
dev_003079,2024-04-07 00:00:00,2,2,0
dev_003080,2024-03-22 00:00:00,3,3,0
dev_003081,2024-02-11 00:00:00,2,2,0
dev_003082,2024-08-28 00:00:00,1,1,0
dev_003083,2024-10-12 00:00:00,1,1,0
dev_003084,2024-10-04 00:00:00,5,4,0
dev_003085,2024-04-25 00:00:00,6,6,0
dev_003086,2024-03-15 00:00:00,8,5,0
dev_003087,2024-06-14 00:00:00,4,4,1
dev_003088,2024-07-18 00:00:00,1,1,0
dev_003089,2024-12-01 00:00:00,1,1,0
dev_003090,2024-11-15 00:00:00,0,0,0
dev_003091,2024-11-30 00:00:00,21,5,0
dev_003092,2024-11-06 00:00:00,17,1,0
dev_003093,2024-12-18 00:00:00,10,5,1
dev_003094,2024-06-18 00:00:00,4,1,0
dev_003095,2024-01-18 00:00:00,0,0,0
dev_003096,2024-01-31 00:00:00,2,2,1
dev_003097,2024-05-22 00:00:00,0,0,0
dev_003098,2024-04-04 00:00:00,1,1,0
dev_003099,2024-03-03 00:00:00,1,1,1
dev_003100,2024-12-13 00:00:00,2,2,0
dev_003101,2024-03-12 00:00:00,3,3,0
dev_003102,2024-12-16 00:00:00,1,1,0
dev_003103,2024-10-04 00:00:00,3,3,0
dev_003104,2024-08-21 00:00:00,1,1,1
dev_003105,2024-09-03 00:00:00,0,0,0
dev_003106,2024-04-30 00:00:00,1,1,1
dev_003107,2024-08-23 00:00:00,2,2,0
dev_003108,2024-03-09 00:00:00,3,3,0
dev_003109,2024-12-08 00:00:00,0,0,0
dev_003110,2024-04-20 00:00:00,3,3,0
dev_003111,2024-04-03 00:00:00,1,1,0
dev_003112,2024-09-16 00:00:00,2,2,0
dev_003113,2024-08-27 00:00:00,1,1,0
dev_003114,2024-06-13 00:00:00,5,2,0
dev_003115,2024-08-18 00:00:00,1,1,0
dev_003116,2024-02-28 00:00:00,2,2,0
dev_003117,2024-09-02 00:00:00,4,4,0
dev_003118,2024-04-08 00:00:00,15,3,0
dev_003119,2024-04-09 00:00:00,4,4,0
dev_003120,2024-02-29 00:00:00,2,2,0
dev_003121,2024-05-01 00:00:00,0,0,0
dev_003122,2024-04-30 00:00:00,10,3,0
dev_003123,2024-06-14 00:00:00,0,0,0
dev_003124,2024-03-10 00:00:00,6,5,0
dev_003125,2024-03-11 00:00:00,18,3,0
dev_003126,2024-07-16 00:00:00,4,4,0
dev_003127,2024-02-17 00:00:00,2,2,0
dev_003128,2024-09-08 00:00:00,1,1,0
dev_003129,2024-12-10 00:00:00,1,1,0
dev_003130,2024-06-04 00:00:00,1,1,1
dev_003131,2024-11-24 00:00:00,0,0,0
dev_003132,2024-02-05 00:00:00,43,3,0
dev_003133,2024-01-16 00:00:00,2,2,0
dev_003134,2024-09-20 00:00:00,11,5,0
dev_003135,2024-10-04 00:00:00,0,0,0
dev_003136,2024-11-03 00:00:00,4,4,0
dev_003137,2024-01-21 00:00:00,1,1,0
dev_003138,2024-10-10 00:00:00,2,1,0
dev_003139,2024-05-17 00:00:00,0,0,0
dev_003140,2024-04-20 00:00:00,2,2,0
dev_003141,2024-03-04 00:00:00,15,2,0
dev_003142,2024-12-29 00:00:00,2,2,0
dev_003143,2024-01-24 00:00:00,3,3,0
dev_003144,2024-10-28 00:00:00,8,4,0
dev_003145,2024-08-21 00:00:00,4,4,0
dev_003146,2024-09-25 00:00:00,2,2,0
dev_003147,2024-09-16 00:00:00,0,0,0
dev_003148,2024-11-09 00:00:00,1,1,0
dev_003149,2024-03-08 00:00:00,1,1,0
dev_003150,2024-01-01 00:00:00,3,3,0
dev_003151,2024-08-06 00:00:00,1,1,0
dev_003152,2024-05-09 00:00:00,3,3,0
dev_003153,2024-02-15 00:00:00,8,3,0
dev_003154,2024-03-08 00:00:00,0,0,0
dev_003155,2024-05-01 00:00:00,4,4,0
dev_003156,2024-01-26 00:00:00,0,0,0
dev_003157,2024-01-21 00:00:00,3,3,0
dev_003158,2024-11-30 00:00:00,1,1,0
dev_003159,2024-04-23 00:00:00,2,2,1
dev_003160,2024-12-24 00:00:00,1,1,0
dev_003161,2024-12-17 00:00:00,4,4,0
dev_003162,2024-02-22 00:00:00,2,2,0
dev_003163,2024-09-17 00:00:00,0,0,0
dev_003164,2024-08-07 00:00:00,0,0,0
dev_003165,2024-09-09 00:00:00,1,1,0
dev_003166,2024-02-05 00:00:00,2,2,0
dev_003167,2024-03-09 00:00:00,3,3,0
dev_003168,2024-01-28 00:00:00,4,4,0
dev_003169,2024-08-08 00:00:00,4,2,0
dev_003170,2024-12-26 00:00:00,4,3,0
dev_003171,2024-09-02 00:00:00,4,4,0
dev_003172,2024-09-16 00:00:00,4,4,0
dev_003173,2024-12-25 00:00:00,7,3,0
dev_003174,2024-09-04 00:00:00,1,1,0
dev_003175,2024-01-15 00:00:00,2,2,0
dev_003176,2024-11-12 00:00:00,1,1,0
dev_003177,2024-05-13 00:00:00,1,1,0
dev_003178,2024-01-02 00:00:00,1,1,0
dev_003179,2024-07-04 00:00:00,2,1,0
dev_003180,2024-12-08 00:00:00,0,0,0
dev_003181,2024-04-03 00:00:00,23,5,0
dev_003182,2024-06-28 00:00:00,0,0,0
dev_003183,2024-03-04 00:00:00,4,3,0
dev_003184,2024-01-22 00:00:00,0,0,0
dev_003185,2024-01-30 00:00:00,0,0,0
dev_003186,2024-09-22 00:00:00,1,1,0
dev_003187,2024-11-11 00:00:00,4,4,0
dev_003188,2024-02-22 00:00:00,5,3,0
dev_003189,2024-04-15 00:00:00,3,3,0
dev_003190,2024-03-12 00:00:00,2,2,0
dev_003191,2024-01-10 00:00:00,1,1,0
dev_003192,2024-07-21 00:00:00,3,3,0
dev_003193,2024-09-12 00:00:00,1,1,1
dev_003194,2024-08-24 00:00:00,4,4,0
dev_003195,2024-05-21 00:00:00,4,3,0
dev_003196,2024-07-21 00:00:00,2,2,0
dev_003197,2024-02-04 00:00:00,4,4,0
dev_003198,2024-02-26 00:00:00,9,6,0
dev_003199,2024-12-06 00:00:00,1,1,0
dev_003200,2024-10-04 00:00:00,0,0,0
dev_003201,2024-12-02 00:00:00,5,5,0
dev_003202,2024-11-30 00:00:00,0,0,0
dev_003203,2024-08-25 00:00:00,0,0,0
dev_003204,2024-12-04 00:00:00,3,3,0
dev_003205,2024-06-01 00:00:00,1,1,0
dev_003206,2024-01-02 00:00:00,1,1,0
dev_003207,2024-01-23 00:00:00,3,3,0
dev_003208,2024-02-09 00:00:00,0,0,0
dev_003209,2024-02-04 00:00:00,1,1,0
dev_003210,2024-05-08 00:00:00,2,2,0
dev_003211,2024-09-12 00:00:00,2,2,0
dev_003212,2024-10-15 00:00:00,2,2,0
dev_003213,2024-08-03 00:00:00,6,4,0
dev_003214,2024-02-23 00:00:00,0,0,0
dev_003215,2024-09-29 00:00:00,4,4,0
dev_003216,2024-05-09 00:00:00,2,2,0
dev_003217,2024-01-05 00:00:00,1,1,0
dev_003218,2024-04-12 00:00:00,1,1,0
dev_003219,2024-04-30 00:00:00,1,1,0
dev_003220,2024-04-10 00:00:00,0,0,0
dev_003221,2024-10-23 00:00:00,0,0,0
dev_003222,2024-10-04 00:00:00,3,3,0
dev_003223,2024-09-10 00:00:00,0,0,0
dev_003224,2024-02-20 00:00:00,1,1,0
dev_003225,2024-10-21 00:00:00,7,5,0
dev_003226,2024-09-04 00:00:00,1,1,0
dev_003227,2024-03-12 00:00:00,2,2,0
dev_003228,2024-08-24 00:00:00,2,2,0
dev_003229,2024-06-25 00:00:00,2,2,1
dev_003230,2024-06-09 00:00:00,2,2,0
dev_003231,2024-02-10 00:00:00,1,1,0
dev_003232,2024-07-08 00:00:00,1,1,0
dev_003233,2024-02-06 00:00:00,5,5,0
dev_003234,2024-02-29 00:00:00,7,3,0
dev_003235,2024-02-18 00:00:00,0,0,0
dev_003236,2024-12-14 00:00:00,3,2,0
dev_003237,2024-04-13 00:00:00,1,1,0
dev_003238,2024-05-09 00:00:00,1,1,0
dev_003239,2024-04-27 00:00:00,0,0,0
dev_003240,2024-11-23 00:00:00,1,1,0
dev_003241,2024-07-24 00:00:00,2,2,1
dev_003242,2024-12-01 00:00:00,33,3,1
dev_003243,2024-04-19 00:00:00,3,3,0
dev_003244,2024-02-11 00:00:00,1,1,0
dev_003245,2024-07-22 00:00:00,1,1,0
dev_003246,2024-05-06 00:00:00,2,2,0
dev_003247,2024-10-19 00:00:00,1,1,0
dev_003248,2024-11-16 00:00:00,2,1,0
dev_003249,2024-06-21 00:00:00,3,3,0
dev_003250,2024-12-20 00:00:00,4,4,0
dev_003251,2024-07-20 00:00:00,0,0,0
dev_003252,2024-04-08 00:00:00,4,4,0
dev_003253,2024-06-27 00:00:00,2,2,0
dev_003254,2024-01-14 00:00:00,1,1,0
dev_003255,2024-10-20 00:00:00,0,0,0
dev_003256,2024-02-07 00:00:00,3,2,0
dev_003257,2024-04-22 00:00:00,0,0,0
dev_003258,2024-07-25 00:00:00,1,1,0
dev_003259,2024-01-16 00:00:00,2,2,0
dev_003260,2024-01-29 00:00:00,1,1,0
dev_003261,2024-09-11 00:00:00,3,2,0
dev_003262,2024-01-27 00:00:00,4,4,0
dev_003263,2024-06-23 00:00:00,2,2,0
dev_003264,2024-05-03 00:00:00,3,3,0
dev_003265,2024-03-24 00:00:00,2,2,1
dev_003266,2024-03-09 00:00:00,5,2,0
dev_003267,2024-10-05 00:00:00,2,2,0
dev_003268,2024-12-13 00:00:00,4,4,0
dev_003269,2024-02-21 00:00:00,2,2,0
dev_003270,2024-12-16 00:00:00,3,3,0
dev_003271,2024-08-05 00:00:00,0,0,0
dev_003272,2024-08-22 00:00:00,2,2,0
dev_003273,2024-09-16 00:00:00,2,2,0
dev_003274,2024-09-14 00:00:00,0,0,0
dev_003275,2024-10-26 00:00:00,5,3,0
dev_003276,2024-06-25 00:00:00,1,1,0
dev_003277,2024-07-13 00:00:00,3,3,0
dev_003278,2024-04-28 00:00:00,21,1,0
dev_003279,2024-02-08 00:00:00,1,1,0
dev_003280,2024-08-30 00:00:00,2,2,0
dev_003281,2024-01-13 00:00:00,6,6,1
dev_003282,2024-04-10 00:00:00,4,4,0
dev_003283,2024-02-04 00:00:00,1,1,0
dev_003284,2024-03-10 00:00:00,2,2,0
dev_003285,2024-08-21 00:00:00,3,3,1
dev_003286,2024-08-17 00:00:00,12,1,0
dev_003287,2024-06-02 00:00:00,2,2,0
dev_003288,2024-02-02 00:00:00,1,1,0
dev_003289,2024-06-07 00:00:00,2,2,0
dev_003290,2024-05-08 00:00:00,3,3,0
dev_003291,2024-09-19 00:00:00,0,0,0
dev_003292,2024-07-30 00:00:00,0,0,0
dev_003293,2024-06-28 00:00:00,1,1,1
dev_003294,2024-06-26 00:00:00,2,2,0
dev_003295,2024-12-18 00:00:00,1,1,0
dev_003296,2024-10-03 00:00:00,0,0,0
dev_003297,2024-06-30 00:00:00,3,3,0
dev_003298,2024-06-23 00:00:00,1,1,0
dev_003299,2024-01-10 00:00:00,4,4,0
dev_003300,2024-12-10 00:00:00,1,1,0
dev_003301,2024-04-26 00:00:00,0,0,0
dev_003302,2024-04-03 00:00:00,3,3,0
dev_003303,2024-12-30 00:00:00,0,0,0
dev_003304,2024-09-19 00:00:00,4,4,0
dev_003305,2024-01-18 00:00:00,1,1,0
dev_003306,2024-01-23 00:00:00,13,3,0
dev_003307,2024-01-10 00:00:00,3,3,1
dev_003308,2024-08-06 00:00:00,1,1,0
dev_003309,2024-01-27 00:00:00,2,2,0
dev_003310,2024-12-06 00:00:00,2,2,0
dev_003311,2024-12-07 00:00:00,1,1,0
dev_003312,2024-07-18 00:00:00,4,4,1
dev_003313,2024-08-13 00:00:00,0,0,0
dev_003314,2024-04-16 00:00:00,3,3,0
dev_003315,2024-01-24 00:00:00,1,1,0
dev_003316,2024-09-26 00:00:00,1,1,0
dev_003317,2024-02-07 00:00:00,2,2,0
dev_003318,2024-02-01 00:00:00,1,1,0
dev_003319,2024-04-23 00:00:00,0,0,0
dev_003320,2024-01-05 00:00:00,14,4,0
dev_003321,2024-06-07 00:00:00,3,3,0
dev_003322,2024-09-15 00:00:00,3,3,0
dev_003323,2024-10-19 00:00:00,8,5,0
dev_003324,2024-08-08 00:00:00,3,3,0
dev_003325,2024-11-05 00:00:00,4,4,1
dev_003326,2024-05-28 00:00:00,2,2,0
dev_003327,2024-11-05 00:00:00,1,1,0
dev_003328,2024-07-03 00:00:00,2,2,0
dev_003329,2024-03-22 00:00:00,5,5,0
dev_003330,2024-12-10 00:00:00,1,1,0
dev_003331,2024-04-10 00:00:00,2,2,0
dev_003332,2024-01-10 00:00:00,3,3,0
dev_003333,2024-03-29 00:00:00,0,0,0
dev_003334,2024-05-13 00:00:00,4,4,1
dev_003335,2024-05-08 00:00:00,2,2,0
dev_003336,2024-07-10 00:00:00,2,2,0
dev_003337,2024-11-18 00:00:00,7,5,0
dev_003338,2024-04-16 00:00:00,3,3,0
dev_003339,2024-07-09 00:00:00,3,3,0
dev_003340,2024-05-04 00:00:00,2,2,0
dev_003341,2024-10-26 00:00:00,0,0,0
dev_003342,2024-02-27 00:00:00,2,2,0
dev_003343,2024-02-07 00:00:00,2,2,0
dev_003344,2024-07-02 00:00:00,2,2,0
dev_003345,2024-09-02 00:00:00,2,2,0
dev_003346,2024-10-17 00:00:00,8,5,0
dev_003347,2024-08-03 00:00:00,7,2,0
dev_003348,2024-10-09 00:00:00,1,1,0
dev_003349,2024-05-23 00:00:00,2,2,0
dev_003350,2024-01-12 00:00:00,2,2,0
dev_003351,2024-02-12 00:00:00,7,2,0
dev_003352,2024-01-15 00:00:00,5,5,0
dev_003353,2024-04-30 00:00:00,3,3,1
dev_003354,2024-06-29 00:00:00,11,4,0
dev_003355,2024-05-10 00:00:00,2,2,0
dev_003356,2024-07-23 00:00:00,0,0,0
dev_003357,2024-06-24 00:00:00,2,2,0
dev_003358,2024-09-04 00:00:00,1,1,0
dev_003359,2024-08-31 00:00:00,3,3,0
dev_003360,2024-04-26 00:00:00,3,3,0
dev_003361,2024-05-06 00:00:00,6,3,0
dev_003362,2024-08-01 00:00:00,1,1,0
dev_003363,2024-08-05 00:00:00,2,1,0
dev_003364,2024-04-24 00:00:00,1,1,0
dev_003365,2024-04-30 00:00:00,2,2,0
dev_003366,2024-09-10 00:00:00,1,1,0
dev_003367,2024-08-24 00:00:00,0,0,0
dev_003368,2024-02-19 00:00:00,5,5,0
dev_003369,2024-06-09 00:00:00,3,3,0
dev_003370,2024-11-21 00:00:00,2,2,0
dev_003371,2024-01-14 00:00:00,0,0,0
dev_003372,2024-11-08 00:00:00,0,0,0
dev_003373,2024-02-29 00:00:00,2,2,0
dev_003374,2024-07-04 00:00:00,57,6,1
dev_003375,2024-06-03 00:00:00,2,2,0
dev_003376,2024-01-04 00:00:00,3,3,0
dev_003377,2024-11-30 00:00:00,0,0,0
dev_003378,2024-06-15 00:00:00,3,3,0
dev_003379,2024-12-14 00:00:00,1,1,0
dev_003380,2024-04-14 00:00:00,2,2,1
dev_003381,2024-11-12 00:00:00,8,4,0
dev_003382,2024-12-02 00:00:00,1,1,0
dev_003383,2024-07-22 00:00:00,2,2,0
dev_003384,2024-03-14 00:00:00,3,3,1
dev_003385,2024-09-07 00:00:00,1,1,0
dev_003386,2024-07-19 00:00:00,4,2,1
dev_003387,2024-12-10 00:00:00,1,1,0
dev_003388,2024-06-09 00:00:00,0,0,0
dev_003389,2024-04-08 00:00:00,3,3,0
dev_003390,2024-02-20 00:00:00,2,2,1
dev_003391,2024-09-12 00:00:00,3,3,0
dev_003392,2024-12-21 00:00:00,2,2,0
dev_003393,2024-01-11 00:00:00,2,2,0
dev_003394,2024-09-27 00:00:00,3,3,0
dev_003395,2024-12-04 00:00:00,1,1,0
dev_003396,2024-01-28 00:00:00,1,1,1
dev_003397,2024-02-10 00:00:00,0,0,0
dev_003398,2024-09-09 00:00:00,2,2,0
dev_003399,2024-08-24 00:00:00,1,1,0
dev_003400,2024-01-26 00:00:00,3,3,0
dev_003401,2024-10-31 00:00:00,88,4,0
dev_003402,2024-07-10 00:00:00,19,1,0
dev_003403,2024-11-27 00:00:00,4,4,0
dev_003404,2024-11-16 00:00:00,2,2,0
dev_003405,2024-10-23 00:00:00,2,2,0
dev_003406,2024-07-07 00:00:00,10,5,0
dev_003407,2024-04-01 00:00:00,1,1,0
dev_003408,2024-07-03 00:00:00,6,6,0
dev_003409,2024-02-06 00:00:00,12,4,0
dev_003410,2024-08-28 00:00:00,14,6,0
dev_003411,2024-02-18 00:00:00,3,3,0
dev_003412,2024-07-05 00:00:00,4,3,0
dev_003413,2024-01-20 00:00:00,5,4,1
dev_003414,2024-04-19 00:00:00,0,0,0
dev_003415,2024-03-25 00:00:00,3,2,0
dev_003416,2024-08-14 00:00:00,3,3,0
dev_003417,2024-10-14 00:00:00,0,0,0
dev_003418,2024-01-21 00:00:00,2,2,0
dev_003419,2024-11-06 00:00:00,4,4,0
dev_003420,2024-11-10 00:00:00,1,1,0
dev_003421,2024-05-04 00:00:00,416,6,0
dev_003422,2024-08-28 00:00:00,2,2,0
dev_003423,2024-05-26 00:00:00,3,3,0
dev_003424,2024-02-26 00:00:00,1,1,0
dev_003425,2024-07-11 00:00:00,1,1,0
dev_003426,2024-02-01 00:00:00,0,0,0
dev_003427,2024-11-16 00:00:00,3,3,0
dev_003428,2024-12-03 00:00:00,1,1,0
dev_003429,2024-10-26 00:00:00,3,3,0
dev_003430,2024-07-24 00:00:00,2,2,0
dev_003431,2024-07-22 00:00:00,5,5,0
dev_003432,2024-12-25 00:00:00,1,1,0
dev_003433,2024-03-31 00:00:00,4,4,0
dev_003434,2024-01-28 00:00:00,7,5,0
dev_003435,2024-07-24 00:00:00,2,2,0
dev_003436,2024-04-30 00:00:00,4,4,0
dev_003437,2024-04-27 00:00:00,1,1,0
dev_003438,2024-01-03 00:00:00,0,0,0
dev_003439,2024-08-05 00:00:00,3,3,0
dev_003440,2024-04-06 00:00:00,2,2,1
dev_003441,2024-03-09 00:00:00,3,3,1
dev_003442,2024-01-15 00:00:00,1,1,0
dev_003443,2024-05-12 00:00:00,1,1,0
dev_003444,2024-11-16 00:00:00,1,1,0
dev_003445,2024-05-02 00:00:00,2,2,0
dev_003446,2024-09-04 00:00:00,13,3,0
dev_003447,2024-10-03 00:00:00,3,3,0
dev_003448,2024-04-29 00:00:00,1,1,0
dev_003449,2024-10-26 00:00:00,4,4,0
dev_003450,2024-09-09 00:00:00,1,1,0
dev_003451,2024-07-23 00:00:00,2,2,0
dev_003452,2024-01-01 00:00:00,3,1,0
dev_003453,2024-01-13 00:00:00,3,3,0
dev_003454,2024-12-27 00:00:00,0,0,0
dev_003455,2024-10-12 00:00:00,6,2,0
dev_003456,2024-12-08 00:00:00,3,3,0
dev_003457,2024-11-25 00:00:00,3,3,0
dev_003458,2024-01-08 00:00:00,3,3,0
dev_003459,2024-10-16 00:00:00,0,0,0
dev_003460,2024-06-13 00:00:00,2,2,0
dev_003461,2024-10-15 00:00:00,0,0,0
dev_003462,2024-01-03 00:00:00,1,1,0
dev_003463,2024-04-15 00:00:00,3,3,0
dev_003464,2024-10-01 00:00:00,1,1,1
dev_003465,2024-10-16 00:00:00,4,1,0
dev_003466,2024-08-14 00:00:00,1,1,0
dev_003467,2024-04-19 00:00:00,3,3,0
dev_003468,2024-04-23 00:00:00,0,0,0
dev_003469,2024-12-18 00:00:00,0,0,0
dev_003470,2024-06-09 00:00:00,1,1,0
dev_003471,2024-06-12 00:00:00,3,3,0
dev_003472,2024-07-20 00:00:00,6,6,0
dev_003473,2024-05-29 00:00:00,1,1,0
dev_003474,2024-07-20 00:00:00,5,2,0
dev_003475,2024-06-06 00:00:00,0,0,0
dev_003476,2024-10-28 00:00:00,1,1,0
dev_003477,2024-11-27 00:00:00,2,2,0
dev_003478,2024-12-06 00:00:00,1,1,0
dev_003479,2024-07-24 00:00:00,9,3,0
dev_003480,2024-06-10 00:00:00,5,1,0
dev_003481,2024-09-14 00:00:00,1,1,0
dev_003482,2024-11-01 00:00:00,2,2,0
dev_003483,2024-07-24 00:00:00,0,0,0
dev_003484,2024-09-12 00:00:00,0,0,0
dev_003485,2024-09-30 00:00:00,1,1,0
dev_003486,2024-09-03 00:00:00,2,2,0
dev_003487,2024-09-29 00:00:00,0,0,0
dev_003488,2024-03-17 00:00:00,3,3,0
dev_003489,2024-06-30 00:00:00,14,4,0
dev_003490,2024-08-02 00:00:00,1,1,0
dev_003491,2024-01-01 00:00:00,2,2,0
dev_003492,2024-11-08 00:00:00,2,2,0
dev_003493,2024-08-10 00:00:00,0,0,0
dev_003494,2024-02-17 00:00:00,1,1,0
dev_003495,2024-10-24 00:00:00,1,1,0
dev_003496,2024-09-18 00:00:00,2,2,0
dev_003497,2024-10-03 00:00:00,2,2,0
dev_003498,2024-05-23 00:00:00,0,0,0
dev_003499,2024-11-07 00:00:00,1,1,0
dev_003500,2024-05-31 00:00:00,3,3,0
dev_003501,2024-07-27 00:00:00,5,5,0
dev_003502,2024-01-01 00:00:00,8,6,0
dev_003503,2024-08-23 00:00:00,2,2,0
dev_003504,2024-09-19 00:00:00,2,2,0
dev_003505,2024-07-25 00:00:00,2,2,0
dev_003506,2024-06-30 00:00:00,1,1,0
dev_003507,2024-10-22 00:00:00,5,4,1
dev_003508,2024-09-05 00:00:00,27,3,0
dev_003509,2024-04-11 00:00:00,3,3,1
dev_003510,2024-12-16 00:00:00,3,3,0
dev_003511,2024-09-15 00:00:00,16,4,0
dev_003512,2024-12-26 00:00:00,3,3,0
dev_003513,2024-12-20 00:00:00,4,4,0
dev_003514,2024-12-01 00:00:00,1,1,0
dev_003515,2024-10-02 00:00:00,2,2,0
dev_003516,2024-08-10 00:00:00,1,1,0
dev_003517,2024-03-03 00:00:00,0,0,0
dev_003518,2024-07-17 00:00:00,2,2,0
dev_003519,2024-10-06 00:00:00,2,2,0
dev_003520,2024-07-09 00:00:00,4,4,0
dev_003521,2024-11-12 00:00:00,2,2,0
dev_003522,2024-02-10 00:00:00,13,3,1
dev_003523,2024-05-19 00:00:00,1,1,0
dev_003524,2024-07-03 00:00:00,4,4,1
dev_003525,2024-06-06 00:00:00,3,3,0
dev_003526,2024-02-09 00:00:00,2,2,1
dev_003527,2024-02-26 00:00:00,24,2,0
dev_003528,2024-11-01 00:00:00,12,6,0
dev_003529,2024-06-25 00:00:00,1,1,0
dev_003530,2024-01-18 00:00:00,0,0,0
dev_003531,2024-01-07 00:00:00,13,2,0
dev_003532,2024-06-21 00:00:00,1,1,0
dev_003533,2024-02-29 00:00:00,2,2,0
dev_003534,2024-09-14 00:00:00,12,3,0
dev_003535,2024-10-17 00:00:00,1,1,0
dev_003536,2024-03-24 00:00:00,3,1,0
dev_003537,2024-08-04 00:00:00,1,1,0
dev_003538,2024-02-26 00:00:00,2,2,0
dev_003539,2024-04-20 00:00:00,5,3,0
dev_003540,2024-11-20 00:00:00,1,1,1
dev_003541,2024-07-17 00:00:00,6,3,0
dev_003542,2024-11-19 00:00:00,1,1,0
dev_003543,2024-03-23 00:00:00,2,1,0
dev_003544,2024-04-30 00:00:00,0,0,0
dev_003545,2024-06-20 00:00:00,1,1,0
dev_003546,2024-06-24 00:00:00,2,1,0
dev_003547,2024-12-30 00:00:00,3,2,0
dev_003548,2024-02-11 00:00:00,5,5,1
dev_003549,2024-11-06 00:00:00,25,2,0
dev_003550,2024-11-11 00:00:00,1,1,0
dev_003551,2024-07-20 00:00:00,0,0,0
dev_003552,2024-05-05 00:00:00,215,2,0
dev_003553,2024-07-08 00:00:00,1,1,0
dev_003554,2024-04-16 00:00:00,16,3,0
dev_003555,2024-10-18 00:00:00,1,1,0
dev_003556,2024-06-30 00:00:00,18,2,0
dev_003557,2024-12-03 00:00:00,3,3,0
dev_003558,2024-08-15 00:00:00,2,2,1
dev_003559,2024-07-06 00:00:00,3,3,0
dev_003560,2024-09-16 00:00:00,6,1,0
dev_003561,2024-07-02 00:00:00,3,1,0
dev_003562,2024-11-26 00:00:00,2,2,0
dev_003563,2024-03-08 00:00:00,6,3,0
dev_003564,2024-12-21 00:00:00,0,0,0
dev_003565,2024-10-23 00:00:00,51,5,0
dev_003566,2024-11-10 00:00:00,1,1,0
dev_003567,2024-06-25 00:00:00,4,4,0
dev_003568,2024-11-01 00:00:00,3,2,0
dev_003569,2024-04-21 00:00:00,0,0,0
dev_003570,2024-10-05 00:00:00,0,0,0
dev_003571,2024-02-21 00:00:00,0,0,0
dev_003572,2024-04-22 00:00:00,2,2,1
dev_003573,2024-06-11 00:00:00,2,2,0
dev_003574,2024-04-27 00:00:00,4,4,1
dev_003575,2024-05-21 00:00:00,2,2,0
dev_003576,2024-10-26 00:00:00,4,4,0
dev_003577,2024-04-03 00:00:00,0,0,0
dev_003578,2024-09-29 00:00:00,1,1,0
dev_003579,2024-01-27 00:00:00,7,4,0
dev_003580,2024-10-06 00:00:00,4,3,0
dev_003581,2024-10-16 00:00:00,1,1,0
dev_003582,2024-05-26 00:00:00,3,3,0
dev_003583,2024-09-20 00:00:00,4,4,0
dev_003584,2024-11-30 00:00:00,1,1,0
dev_003585,2024-10-19 00:00:00,2,2,0
dev_003586,2024-05-22 00:00:00,2,2,0
dev_003587,2024-06-25 00:00:00,0,0,0
dev_003588,2024-10-11 00:00:00,2,2,0
dev_003589,2024-04-16 00:00:00,1,1,0
dev_003590,2024-10-20 00:00:00,2,2,0
dev_003591,2024-04-29 00:00:00,20,3,0
dev_003592,2024-10-21 00:00:00,1,1,0
dev_003593,2024-02-01 00:00:00,0,0,0
dev_003594,2024-01-17 00:00:00,3,3,0
dev_003595,2024-12-30 00:00:00,0,0,0
dev_003596,2024-11-13 00:00:00,4,3,0
dev_003597,2024-11-18 00:00:00,0,0,0
dev_003598,2024-12-13 00:00:00,1,1,0
dev_003599,2024-06-08 00:00:00,3,3,0
dev_003600,2024-04-14 00:00:00,3,3,0
dev_003601,2024-02-17 00:00:00,3,3,0
dev_003602,2024-07-01 00:00:00,2,2,0
dev_003603,2024-03-21 00:00:00,0,0,0
dev_003604,2024-12-07 00:00:00,3,3,0
dev_003605,2024-01-02 00:00:00,2,2,0
dev_003606,2024-02-22 00:00:00,2,2,0
dev_003607,2024-03-30 00:00:00,2,2,0
dev_003608,2024-03-13 00:00:00,1,1,0
dev_003609,2024-03-23 00:00:00,0,0,0
dev_003610,2024-08-27 00:00:00,4,4,0
dev_003611,2024-04-29 00:00:00,0,0,0
dev_003612,2024-08-12 00:00:00,0,0,0
dev_003613,2024-11-20 00:00:00,3,2,0
dev_003614,2024-08-07 00:00:00,3,2,0
dev_003615,2024-09-10 00:00:00,2,2,0
dev_003616,2024-05-13 00:00:00,1,1,1
dev_003617,2024-02-28 00:00:00,1,1,0
dev_003618,2024-04-27 00:00:00,1,1,0
dev_003619,2024-12-17 00:00:00,6,4,1
dev_003620,2024-08-14 00:00:00,2,2,1
dev_003621,2024-04-11 00:00:00,1,1,1
dev_003622,2024-06-13 00:00:00,5,5,0
dev_003623,2024-10-31 00:00:00,0,0,0
dev_003624,2024-08-31 00:00:00,3,3,1
dev_003625,2024-07-23 00:00:00,1,1,0
dev_003626,2024-11-19 00:00:00,2,2,0
dev_003627,2024-09-02 00:00:00,2,2,0
dev_003628,2024-08-22 00:00:00,6,5,0
dev_003629,2024-03-10 00:00:00,3,3,0
dev_003630,2024-02-08 00:00:00,1,1,0
dev_003631,2024-12-18 00:00:00,1,1,0
dev_003632,2024-08-06 00:00:00,12,3,0
dev_003633,2024-05-31 00:00:00,2,2,0
dev_003634,2024-08-02 00:00:00,5,5,0
dev_003635,2024-01-23 00:00:00,0,0,0
dev_003636,2024-10-27 00:00:00,0,0,0
dev_003637,2024-03-20 00:00:00,6,1,0
dev_003638,2024-10-20 00:00:00,3,3,0
dev_003639,2024-07-14 00:00:00,12,4,1
dev_003640,2024-04-10 00:00:00,38,2,0
dev_003641,2024-01-12 00:00:00,0,0,0
dev_003642,2024-10-24 00:00:00,3,3,0
dev_003643,2024-03-05 00:00:00,1,1,0
dev_003644,2024-01-19 00:00:00,3,3,0
dev_003645,2024-10-02 00:00:00,12,4,0
dev_003646,2024-05-07 00:00:00,2,2,0
dev_003647,2024-05-22 00:00:00,1,1,0
dev_003648,2024-03-31 00:00:00,3,3,0
dev_003649,2024-11-09 00:00:00,1,1,0
dev_003650,2024-04-18 00:00:00,4,4,0
dev_003651,2024-03-17 00:00:00,27,3,0
dev_003652,2024-04-22 00:00:00,2,2,0
dev_003653,2024-03-15 00:00:00,0,0,0
dev_003654,2024-04-25 00:00:00,3,3,0
dev_003655,2024-01-31 00:00:00,3,3,0
dev_003656,2024-02-27 00:00:00,3,3,0
dev_003657,2024-06-01 00:00:00,4,4,0
dev_003658,2024-11-17 00:00:00,1,1,0
dev_003659,2024-01-21 00:00:00,3,3,0
dev_003660,2024-03-18 00:00:00,1,1,0
dev_003661,2024-11-27 00:00:00,17,5,0
dev_003662,2024-11-20 00:00:00,1,1,0
dev_003663,2024-09-04 00:00:00,3,3,0
dev_003664,2024-03-28 00:00:00,2,2,0
dev_003665,2024-06-02 00:00:00,3,3,0
dev_003666,2024-03-18 00:00:00,0,0,0
dev_003667,2024-02-16 00:00:00,1,1,0
dev_003668,2024-05-18 00:00:00,1,1,0
dev_003669,2024-07-29 00:00:00,3,1,0
dev_003670,2024-05-11 00:00:00,2,2,0
dev_003671,2024-08-10 00:00:00,1,1,0
dev_003672,2024-04-18 00:00:00,2,2,1
dev_003673,2024-05-06 00:00:00,0,0,0
dev_003674,2024-10-15 00:00:00,2,2,0
dev_003675,2024-11-16 00:00:00,0,0,0
dev_003676,2024-04-27 00:00:00,2,2,0
dev_003677,2024-07-27 00:00:00,1,1,0
dev_003678,2024-04-11 00:00:00,2,2,0
dev_003679,2024-01-20 00:00:00,0,0,0
dev_003680,2024-09-26 00:00:00,0,0,0
dev_003681,2024-03-03 00:00:00,4,4,0
dev_003682,2024-06-04 00:00:00,2,2,0
dev_003683,2024-06-26 00:00:00,2,1,0
dev_003684,2024-03-08 00:00:00,38,7,1
dev_003685,2024-02-04 00:00:00,2,2,0
dev_003686,2024-05-07 00:00:00,0,0,0
dev_003687,2024-12-13 00:00:00,1,1,0
dev_003688,2024-08-12 00:00:00,0,0,0
dev_003689,2024-05-19 00:00:00,1,1,0
dev_003690,2024-01-15 00:00:00,2,2,0
dev_003691,2024-08-07 00:00:00,0,0,0
dev_003692,2024-02-03 00:00:00,3,3,1
dev_003693,2024-07-17 00:00:00,3,2,0
dev_003694,2024-10-01 00:00:00,1,1,0
dev_003695,2024-06-03 00:00:00,4,4,0
dev_003696,2024-04-19 00:00:00,2,2,0
dev_003697,2024-01-18 00:00:00,4,3,1
dev_003698,2024-01-10 00:00:00,1,1,0
dev_003699,2024-06-05 00:00:00,3,3,0
dev_003700,2024-11-18 00:00:00,2,2,0
dev_003701,2024-03-30 00:00:00,2,2,0
dev_003702,2024-07-28 00:00:00,2,2,0
dev_003703,2024-09-06 00:00:00,2,2,0
dev_003704,2024-01-23 00:00:00,0,0,0
dev_003705,2024-02-25 00:00:00,4,4,0
dev_003706,2024-04-30 00:00:00,4,4,0
dev_003707,2024-09-01 00:00:00,2,2,0
dev_003708,2024-06-09 00:00:00,1,1,0
dev_003709,2024-09-24 00:00:00,6,3,0
dev_003710,2024-11-12 00:00:00,1,1,0
dev_003711,2024-10-03 00:00:00,3,3,0
dev_003712,2024-12-28 00:00:00,2,2,0
dev_003713,2024-10-02 00:00:00,1,1,0
dev_003714,2024-11-07 00:00:00,1,1,0
dev_003715,2024-10-30 00:00:00,1,1,0
dev_003716,2024-09-23 00:00:00,3,2,0
dev_003717,2024-10-19 00:00:00,3,3,0
dev_003718,2024-12-07 00:00:00,9,2,0
dev_003719,2024-06-22 00:00:00,5,3,0
dev_003720,2024-08-20 00:00:00,4,4,0
dev_003721,2024-07-06 00:00:00,1,1,0
dev_003722,2024-11-06 00:00:00,1,1,0
dev_003723,2024-06-06 00:00:00,1,1,1
dev_003724,2024-10-26 00:00:00,1,1,0
dev_003725,2024-10-18 00:00:00,1,1,0
dev_003726,2024-12-17 00:00:00,0,0,0
dev_003727,2024-03-31 00:00:00,3,3,1
dev_003728,2024-09-16 00:00:00,1,1,1
dev_003729,2024-10-03 00:00:00,3,3,1
dev_003730,2024-12-07 00:00:00,1,1,1
dev_003731,2024-11-27 00:00:00,3,3,0
dev_003732,2024-07-28 00:00:00,0,0,0
dev_003733,2024-07-30 00:00:00,0,0,0
dev_003734,2024-03-02 00:00:00,3,3,0
dev_003735,2024-12-21 00:00:00,3,3,0
dev_003736,2024-04-03 00:00:00,3,3,0
dev_003737,2024-09-21 00:00:00,1,1,0
dev_003738,2024-10-17 00:00:00,1,1,0
dev_003739,2024-06-10 00:00:00,2,2,0
dev_003740,2024-03-18 00:00:00,2,2,0
dev_003741,2024-03-09 00:00:00,4,4,1
dev_003742,2024-11-08 00:00:00,2,2,0
dev_003743,2024-07-05 00:00:00,2,2,0
dev_003744,2024-02-02 00:00:00,2,2,0
dev_003745,2024-09-18 00:00:00,0,0,0
dev_003746,2024-04-01 00:00:00,2,2,0
dev_003747,2024-11-15 00:00:00,13,6,0
dev_003748,2024-04-22 00:00:00,3,3,0
dev_003749,2024-03-14 00:00:00,2,2,0
dev_003750,2024-01-31 00:00:00,4,4,0
dev_003751,2024-07-05 00:00:00,0,0,0
dev_003752,2024-06-13 00:00:00,3,3,0
dev_003753,2024-10-01 00:00:00,1,1,0
dev_003754,2024-06-18 00:00:00,0,0,0
dev_003755,2024-05-05 00:00:00,3,2,0
dev_003756,2024-04-05 00:00:00,4,4,0
dev_003757,2024-04-11 00:00:00,3,3,0
dev_003758,2024-12-04 00:00:00,4,4,0
dev_003759,2024-03-01 00:00:00,2,2,0
dev_003760,2024-12-26 00:00:00,1,1,0
dev_003761,2024-04-29 00:00:00,1,1,0
dev_003762,2024-02-02 00:00:00,3,3,0
dev_003763,2024-03-31 00:00:00,4,3,0
dev_003764,2024-01-22 00:00:00,2,2,0
dev_003765,2024-10-15 00:00:00,1,1,0
dev_003766,2024-07-06 00:00:00,1,1,0
dev_003767,2024-05-03 00:00:00,1,1,0
dev_003768,2024-08-29 00:00:00,17,2,0
dev_003769,2024-08-18 00:00:00,107,2,0
dev_003770,2024-12-09 00:00:00,9,5,0
dev_003771,2024-12-16 00:00:00,7,2,0
dev_003772,2024-09-05 00:00:00,1,1,0
dev_003773,2024-10-25 00:00:00,4,4,0
dev_003774,2024-10-16 00:00:00,2,2,0
dev_003775,2024-06-28 00:00:00,1,1,0
dev_003776,2024-09-14 00:00:00,5363,5,0
dev_003777,2024-01-29 00:00:00,4,3,0
dev_003778,2024-10-03 00:00:00,2,2,0
dev_003779,2024-12-17 00:00:00,1,1,0
dev_003780,2024-02-01 00:00:00,1,1,0
dev_003781,2024-11-01 00:00:00,2,2,0
dev_003782,2024-12-06 00:00:00,1,1,0
dev_003783,2024-03-23 00:00:00,4,3,0
dev_003784,2024-07-10 00:00:00,3,3,0
dev_003785,2024-12-04 00:00:00,0,0,0
dev_003786,2024-12-16 00:00:00,2,2,0
dev_003787,2024-02-16 00:00:00,8,4,0
dev_003788,2024-05-07 00:00:00,2,2,0
dev_003789,2024-09-11 00:00:00,1,1,1
dev_003790,2024-03-21 00:00:00,0,0,0
dev_003791,2024-04-28 00:00:00,7,3,0
dev_003792,2024-01-09 00:00:00,2,2,0
dev_003793,2024-02-26 00:00:00,2,1,0
dev_003794,2024-07-24 00:00:00,1,1,0
dev_003795,2024-08-26 00:00:00,0,0,0
dev_003796,2024-08-24 00:00:00,1,1,0
dev_003797,2024-10-11 00:00:00,2,2,0
dev_003798,2024-05-31 00:00:00,4,3,0
dev_003799,2024-04-09 00:00:00,5,4,0
dev_003800,2024-01-06 00:00:00,3,3,0
dev_003801,2024-03-16 00:00:00,3,3,0
dev_003802,2024-04-24 00:00:00,4,1,0
dev_003803,2024-03-06 00:00:00,2,2,0
dev_003804,2024-01-08 00:00:00,2,2,0
dev_003805,2024-02-27 00:00:00,3,2,0
dev_003806,2024-08-31 00:00:00,3,3,0
dev_003807,2024-08-17 00:00:00,8,2,0
dev_003808,2024-12-07 00:00:00,4,4,0
dev_003809,2024-10-18 00:00:00,1,1,0
dev_003810,2024-07-26 00:00:00,1,1,0
dev_003811,2024-02-20 00:00:00,2,2,0
dev_003812,2024-07-24 00:00:00,0,0,0
dev_003813,2024-01-23 00:00:00,1,1,0
dev_003814,2024-06-06 00:00:00,0,0,0
dev_003815,2024-05-22 00:00:00,2,2,0
dev_003816,2024-06-05 00:00:00,3,3,1
dev_003817,2024-04-12 00:00:00,4,2,0
dev_003818,2024-09-07 00:00:00,6,3,0
dev_003819,2024-11-02 00:00:00,0,0,0
dev_003820,2024-10-07 00:00:00,6,6,0
dev_003821,2024-08-17 00:00:00,2,2,0
dev_003822,2024-07-15 00:00:00,34,2,0
dev_003823,2024-01-12 00:00:00,4,4,1
dev_003824,2024-09-20 00:00:00,1,1,0
dev_003825,2024-07-17 00:00:00,2,2,0
dev_003826,2024-04-08 00:00:00,1,1,0
dev_003827,2024-04-29 00:00:00,0,0,0
dev_003828,2024-12-07 00:00:00,2,2,0
dev_003829,2024-08-15 00:00:00,1,1,1
dev_003830,2024-06-22 00:00:00,3,3,0
dev_003831,2024-08-14 00:00:00,1,1,0
dev_003832,2024-05-31 00:00:00,1,1,0
dev_003833,2024-06-20 00:00:00,2,2,0
dev_003834,2024-04-15 00:00:00,5,3,0
dev_003835,2024-06-09 00:00:00,3,3,0
dev_003836,2024-09-07 00:00:00,3,3,0
dev_003837,2024-01-15 00:00:00,2,2,0
dev_003838,2024-10-17 00:00:00,3,3,0
dev_003839,2024-04-13 00:00:00,2,2,1
dev_003840,2024-09-06 00:00:00,0,0,0
dev_003841,2024-08-22 00:00:00,2,2,0
dev_003842,2024-08-26 00:00:00,3,3,0
dev_003843,2024-08-09 00:00:00,2,2,0
dev_003844,2024-12-16 00:00:00,0,0,0
dev_003845,2024-07-04 00:00:00,2,2,0
dev_003846,2024-09-24 00:00:00,2,2,0
dev_003847,2024-09-14 00:00:00,2,2,0
dev_003848,2024-03-27 00:00:00,13,3,0
dev_003849,2024-04-13 00:00:00,2,2,0
dev_003850,2024-06-03 00:00:00,1,1,0
dev_003851,2024-04-11 00:00:00,6,3,0
dev_003852,2024-05-13 00:00:00,3,3,0
dev_003853,2024-05-22 00:00:00,1,1,0
dev_003854,2024-08-08 00:00:00,1,1,0
dev_003855,2024-03-21 00:00:00,4,4,0
dev_003856,2024-10-20 00:00:00,1,1,0
dev_003857,2024-06-08 00:00:00,2,2,0
dev_003858,2024-09-14 00:00:00,3,3,1
dev_003859,2024-01-30 00:00:00,1,1,0
dev_003860,2024-06-20 00:00:00,2,2,0
dev_003861,2024-01-11 00:00:00,0,0,0
dev_003862,2024-09-03 00:00:00,3,3,0
dev_003863,2024-05-05 00:00:00,4,4,0
dev_003864,2024-12-12 00:00:00,4,4,0
dev_003865,2024-04-28 00:00:00,2,2,0
dev_003866,2024-07-24 00:00:00,1,1,0
dev_003867,2024-04-03 00:00:00,4,4,1
dev_003868,2024-08-14 00:00:00,8,2,0
dev_003869,2024-06-19 00:00:00,8,5,0
dev_003870,2024-05-15 00:00:00,2,2,0
dev_003871,2024-03-15 00:00:00,5,5,2
dev_003872,2024-02-10 00:00:00,0,0,0
dev_003873,2024-02-13 00:00:00,1,1,0
dev_003874,2024-12-30 00:00:00,8,4,0
dev_003875,2024-05-30 00:00:00,1,1,0
dev_003876,2024-01-01 00:00:00,15,3,0
dev_003877,2024-12-13 00:00:00,1,1,0
dev_003878,2024-01-08 00:00:00,3,3,0
dev_003879,2024-06-01 00:00:00,1,1,0
dev_003880,2024-09-18 00:00:00,1,1,0
dev_003881,2024-11-29 00:00:00,4,3,0
dev_003882,2024-09-17 00:00:00,2,2,0
dev_003883,2024-06-18 00:00:00,32,4,0
dev_003884,2024-12-21 00:00:00,0,0,0
dev_003885,2024-01-15 00:00:00,7,7,0
dev_003886,2024-12-26 00:00:00,4,4,0
dev_003887,2024-11-06 00:00:00,4,4,0
dev_003888,2024-12-05 00:00:00,2,2,0
dev_003889,2024-04-02 00:00:00,2,2,1
dev_003890,2024-02-21 00:00:00,0,0,0
dev_003891,2024-08-30 00:00:00,2,2,0
dev_003892,2024-07-07 00:00:00,25,4,0
dev_003893,2024-07-09 00:00:00,2,2,0
dev_003894,2024-12-03 00:00:00,2,2,0
dev_003895,2024-08-14 00:00:00,1,1,0
dev_003896,2024-04-23 00:00:00,2,2,0
dev_003897,2024-05-26 00:00:00,5,2,0
dev_003898,2024-02-18 00:00:00,2,2,0
dev_003899,2024-03-11 00:00:00,1,1,0
dev_003900,2024-02-22 00:00:00,1,1,0
dev_003901,2024-10-22 00:00:00,1,1,0
dev_003902,2024-09-14 00:00:00,3,2,0
dev_003903,2024-07-12 00:00:00,2,2,0
dev_003904,2024-05-16 00:00:00,3,3,0
dev_003905,2024-09-01 00:00:00,5,2,0
dev_003906,2024-10-23 00:00:00,3,3,0
dev_003907,2024-11-17 00:00:00,0,0,0
dev_003908,2024-07-18 00:00:00,1,1,0
dev_003909,2024-10-26 00:00:00,8,7,0
dev_003910,2024-07-05 00:00:00,4,2,0
dev_003911,2024-06-22 00:00:00,0,0,0
dev_003912,2024-11-11 00:00:00,4,4,0
dev_003913,2024-05-21 00:00:00,1,1,0
dev_003914,2024-05-24 00:00:00,27,5,0
dev_003915,2024-04-21 00:00:00,6,4,0
dev_003916,2024-07-08 00:00:00,2,1,0
dev_003917,2024-07-17 00:00:00,5,5,0
dev_003918,2024-08-29 00:00:00,2,1,0
dev_003919,2024-06-06 00:00:00,5,5,0
dev_003920,2024-03-20 00:00:00,1,1,0
dev_003921,2024-11-12 00:00:00,3,3,0
dev_003922,2024-05-06 00:00:00,2,2,0
dev_003923,2024-12-02 00:00:00,1,1,0
dev_003924,2024-03-16 00:00:00,2,2,0
dev_003925,2024-07-23 00:00:00,0,0,0
dev_003926,2024-07-14 00:00:00,14,3,0
dev_003927,2024-10-29 00:00:00,0,0,0
dev_003928,2024-02-20 00:00:00,1,1,0
dev_003929,2024-11-28 00:00:00,2,2,0
dev_003930,2024-07-12 00:00:00,1,1,0
dev_003931,2024-08-01 00:00:00,1,1,0
dev_003932,2024-07-05 00:00:00,1,1,0
dev_003933,2024-01-14 00:00:00,5,5,1
dev_003934,2024-06-30 00:00:00,2,2,1
dev_003935,2024-04-06 00:00:00,4,4,0
dev_003936,2024-05-05 00:00:00,3,3,0
dev_003937,2024-08-24 00:00:00,2,2,0
dev_003938,2024-06-30 00:00:00,2,2,1
dev_003939,2024-02-04 00:00:00,3,3,0
dev_003940,2024-01-27 00:00:00,1,1,0
dev_003941,2024-03-08 00:00:00,2,2,0
dev_003942,2024-03-10 00:00:00,2,2,0
dev_003943,2024-08-10 00:00:00,3,3,0
dev_003944,2024-03-05 00:00:00,1,1,0
dev_003945,2024-11-17 00:00:00,0,0,0
dev_003946,2024-03-17 00:00:00,1,1,0
dev_003947,2024-02-03 00:00:00,0,0,0
dev_003948,2024-11-15 00:00:00,2,2,0
dev_003949,2024-04-17 00:00:00,1,1,0
dev_003950,2024-06-04 00:00:00,1,1,0
dev_003951,2024-12-16 00:00:00,3,2,0
dev_003952,2024-12-10 00:00:00,4,4,0
dev_003953,2024-09-17 00:00:00,0,0,0
dev_003954,2024-01-26 00:00:00,2,2,1
dev_003955,2024-08-04 00:00:00,3,3,0
dev_003956,2024-12-27 00:00:00,3,3,0
dev_003957,2024-12-11 00:00:00,5,1,0
dev_003958,2024-02-08 00:00:00,3,3,0
dev_003959,2024-05-24 00:00:00,5,5,1
dev_003960,2024-04-25 00:00:00,0,0,0
dev_003961,2024-02-17 00:00:00,1,1,0
dev_003962,2024-09-10 00:00:00,3,3,0
dev_003963,2024-04-09 00:00:00,3,3,0
dev_003964,2024-05-05 00:00:00,2,2,0
dev_003965,2024-02-02 00:00:00,3,3,0
dev_003966,2024-06-30 00:00:00,7,5,0
dev_003967,2024-02-27 00:00:00,2,2,0
dev_003968,2024-06-06 00:00:00,0,0,0
dev_003969,2024-02-22 00:00:00,1,1,0
dev_003970,2024-12-14 00:00:00,4,4,0
dev_003971,2024-02-22 00:00:00,1,1,0
dev_003972,2024-07-09 00:00:00,1,1,0
dev_003973,2024-03-12 00:00:00,0,0,0
dev_003974,2024-01-28 00:00:00,2,2,0
dev_003975,2024-03-14 00:00:00,6,3,0
dev_003976,2024-01-20 00:00:00,0,0,0
dev_003977,2024-02-20 00:00:00,307,4,0
dev_003978,2024-06-29 00:00:00,1,1,0
dev_003979,2024-08-25 00:00:00,0,0,0
dev_003980,2024-02-01 00:00:00,6,6,0
dev_003981,2024-06-09 00:00:00,3,3,0
dev_003982,2024-07-31 00:00:00,1,1,0
dev_003983,2024-03-26 00:00:00,7,6,1
dev_003984,2024-05-15 00:00:00,0,0,0
dev_003985,2024-01-27 00:00:00,5,4,0
dev_003986,2024-03-21 00:00:00,0,0,0
dev_003987,2024-06-19 00:00:00,2,2,0
dev_003988,2024-12-27 00:00:00,2,2,0
dev_003989,2024-12-29 00:00:00,2,2,0
dev_003990,2024-12-23 00:00:00,4,4,0
dev_003991,2024-06-03 00:00:00,7,6,1
dev_003992,2024-01-30 00:00:00,1,1,0
dev_003993,2024-04-28 00:00:00,3,3,0
dev_003994,2024-03-27 00:00:00,5,5,0
dev_003995,2024-01-06 00:00:00,1,1,0
dev_003996,2024-02-04 00:00:00,6,6,0
dev_003997,2024-06-14 00:00:00,1,1,0
dev_003998,2024-05-03 00:00:00,8,4,0
dev_003999,2024-03-06 00:00:00,6,4,0
dev_004000,2024-09-18 00:00:00,2,2,0
dev_004001,2024-05-10 00:00:00,2,2,0
dev_004002,2024-11-06 00:00:00,2,2,0
dev_004003,2024-03-28 00:00:00,1,1,0
dev_004004,2024-07-15 00:00:00,2,2,0
dev_004005,2024-03-08 00:00:00,2,2,0
dev_004006,2024-06-29 00:00:00,1,1,0
dev_004007,2024-02-25 00:00:00,1,1,0
dev_004008,2024-02-28 00:00:00,4,4,0
dev_004009,2024-08-11 00:00:00,1,1,0
dev_004010,2024-04-06 00:00:00,3,3,0
dev_004011,2024-03-03 00:00:00,2,2,0
dev_004012,2024-12-05 00:00:00,1,1,0
dev_004013,2024-01-16 00:00:00,0,0,0
dev_004014,2024-07-25 00:00:00,5,3,0
dev_004015,2024-07-19 00:00:00,2,2,0
dev_004016,2024-04-01 00:00:00,1,1,0
dev_004017,2024-06-14 00:00:00,2,2,0
dev_004018,2024-02-02 00:00:00,1,1,0
dev_004019,2024-09-20 00:00:00,0,0,0
dev_004020,2024-03-21 00:00:00,1,1,0
dev_004021,2024-03-11 00:00:00,4,4,0
dev_004022,2024-04-24 00:00:00,1,1,0
dev_004023,2024-11-25 00:00:00,0,0,0
dev_004024,2024-10-17 00:00:00,2,2,0
dev_004025,2024-12-11 00:00:00,11,2,0
dev_004026,2024-08-25 00:00:00,0,0,0
dev_004027,2024-08-29 00:00:00,4,4,0
dev_004028,2024-06-24 00:00:00,0,0,0
dev_004029,2024-11-26 00:00:00,2,2,0
dev_004030,2024-07-05 00:00:00,1,1,0
dev_004031,2024-05-09 00:00:00,6,4,1
dev_004032,2024-08-21 00:00:00,2,2,0
dev_004033,2024-07-18 00:00:00,4,4,0
dev_004034,2024-02-15 00:00:00,2,2,0
dev_004035,2024-05-23 00:00:00,4,4,0
dev_004036,2024-04-24 00:00:00,2,2,0
dev_004037,2024-11-05 00:00:00,3,3,0
dev_004038,2024-05-18 00:00:00,4,4,0
dev_004039,2024-10-26 00:00:00,4,4,0
dev_004040,2024-06-10 00:00:00,17,4,0
dev_004041,2024-10-02 00:00:00,2,2,0
dev_004042,2024-02-19 00:00:00,6,6,0
dev_004043,2024-12-03 00:00:00,2,2,1
dev_004044,2024-06-24 00:00:00,1,1,0
dev_004045,2024-04-04 00:00:00,3,3,0
dev_004046,2024-03-29 00:00:00,1,1,0
dev_004047,2024-04-06 00:00:00,0,0,0
dev_004048,2024-05-13 00:00:00,0,0,0
dev_004049,2024-09-18 00:00:00,2,2,0
dev_004050,2024-12-12 00:00:00,0,0,0
dev_004051,2024-09-01 00:00:00,2,2,0
dev_004052,2024-07-18 00:00:00,11,3,0
dev_004053,2024-06-12 00:00:00,1,1,0
dev_004054,2024-10-29 00:00:00,3,3,0
dev_004055,2024-11-06 00:00:00,3,3,1
dev_004056,2024-04-16 00:00:00,1,1,0
dev_004057,2024-12-13 00:00:00,4,4,0
dev_004058,2024-05-24 00:00:00,1,1,0
dev_004059,2024-10-19 00:00:00,3,3,0
dev_004060,2024-12-18 00:00:00,6,6,1
dev_004061,2024-09-13 00:00:00,2,2,0
dev_004062,2024-02-28 00:00:00,6,4,0
dev_004063,2024-08-01 00:00:00,2,2,0
dev_004064,2024-02-13 00:00:00,2,2,0
dev_004065,2024-10-15 00:00:00,3,3,0
dev_004066,2024-04-12 00:00:00,0,0,0
dev_004067,2024-09-10 00:00:00,3,3,0
dev_004068,2024-11-28 00:00:00,4,3,0
dev_004069,2024-03-07 00:00:00,1,1,0
dev_004070,2024-05-23 00:00:00,1,1,0
dev_004071,2024-08-24 00:00:00,2,2,0
dev_004072,2024-06-02 00:00:00,3,3,1
dev_004073,2024-03-04 00:00:00,5,5,0
dev_004074,2024-01-11 00:00:00,8,2,0
dev_004075,2024-05-28 00:00:00,0,0,0
dev_004076,2024-08-24 00:00:00,34,5,0
dev_004077,2024-07-28 00:00:00,1,1,0
dev_004078,2024-02-27 00:00:00,3,3,0
dev_004079,2024-06-13 00:00:00,0,0,0
dev_004080,2024-05-14 00:00:00,2,2,0
dev_004081,2024-04-10 00:00:00,5,5,0
dev_004082,2024-09-23 00:00:00,0,0,0
dev_004083,2024-04-23 00:00:00,3,3,1
dev_004084,2024-07-16 00:00:00,0,0,0
dev_004085,2024-12-02 00:00:00,3,3,1
dev_004086,2024-07-15 00:00:00,0,0,0
dev_004087,2024-08-13 00:00:00,129,2,0
dev_004088,2024-01-27 00:00:00,8,2,0
dev_004089,2024-03-06 00:00:00,2,2,0
dev_004090,2024-02-06 00:00:00,3,3,0
dev_004091,2024-10-06 00:00:00,2,2,1
dev_004092,2024-11-01 00:00:00,5,5,0
dev_004093,2024-03-09 00:00:00,1,1,0
dev_004094,2024-03-21 00:00:00,1,1,0
dev_004095,2024-04-27 00:00:00,3,3,0
dev_004096,2024-08-03 00:00:00,2,2,0
dev_004097,2024-08-14 00:00:00,2,2,0
dev_004098,2024-09-07 00:00:00,2,2,0
dev_004099,2024-11-26 00:00:00,2,2,0
dev_004100,2024-04-17 00:00:00,1,1,0
dev_004101,2024-08-28 00:00:00,3,3,0
dev_004102,2024-07-23 00:00:00,0,0,0
dev_004103,2024-04-21 00:00:00,1,1,0
dev_004104,2024-11-27 00:00:00,3,3,1
dev_004105,2024-02-04 00:00:00,0,0,0
dev_004106,2024-09-16 00:00:00,16,2,0
dev_004107,2024-09-22 00:00:00,0,0,0
dev_004108,2024-11-30 00:00:00,4,4,0
dev_004109,2024-07-08 00:00:00,0,0,0
dev_004110,2024-04-27 00:00:00,0,0,0
dev_004111,2024-10-29 00:00:00,3,3,1
dev_004112,2024-10-08 00:00:00,3,3,0
dev_004113,2024-07-01 00:00:00,2,2,0
dev_004114,2024-10-07 00:00:00,2,2,0
dev_004115,2024-04-07 00:00:00,0,0,0
dev_004116,2024-08-03 00:00:00,4,4,0
dev_004117,2024-11-11 00:00:00,1,1,0
dev_004118,2024-04-26 00:00:00,0,0,0
dev_004119,2024-06-25 00:00:00,1,1,0
dev_004120,2024-12-13 00:00:00,1,1,0
dev_004121,2024-10-18 00:00:00,1,1,0
dev_004122,2024-11-19 00:00:00,0,0,0
dev_004123,2024-05-20 00:00:00,0,0,0
dev_004124,2024-12-29 00:00:00,1,1,0
dev_004125,2024-02-25 00:00:00,1,1,0
dev_004126,2024-07-08 00:00:00,2,2,0
dev_004127,2024-06-23 00:00:00,5,4,0
dev_004128,2024-10-18 00:00:00,1,1,0
dev_004129,2024-11-27 00:00:00,0,0,0
dev_004130,2024-09-23 00:00:00,2,2,0
dev_004131,2024-08-16 00:00:00,6,6,0
dev_004132,2024-06-05 00:00:00,2,2,0
dev_004133,2024-07-05 00:00:00,1,1,0
dev_004134,2024-07-04 00:00:00,2,2,0
dev_004135,2024-01-08 00:00:00,3,3,0
dev_004136,2024-07-02 00:00:00,1,1,0
dev_004137,2024-11-08 00:00:00,2,2,0
dev_004138,2024-09-15 00:00:00,5,5,0
dev_004139,2024-10-17 00:00:00,2,2,0
dev_004140,2024-05-22 00:00:00,2,2,0
dev_004141,2024-07-12 00:00:00,13,5,1
dev_004142,2024-01-13 00:00:00,5,5,0
dev_004143,2024-05-19 00:00:00,2,2,0
dev_004144,2024-06-22 00:00:00,2,2,0
dev_004145,2024-04-03 00:00:00,6,5,0
dev_004146,2024-01-12 00:00:00,4,4,0
dev_004147,2024-09-08 00:00:00,0,0,0
dev_004148,2024-06-07 00:00:00,1,1,0
dev_004149,2024-05-31 00:00:00,4,4,0
dev_004150,2024-04-01 00:00:00,1,1,0
dev_004151,2024-07-15 00:00:00,2,2,0
dev_004152,2024-06-08 00:00:00,2,2,0
dev_004153,2024-06-22 00:00:00,0,0,0
dev_004154,2024-07-31 00:00:00,1,1,0
dev_004155,2024-01-03 00:00:00,2,2,0
dev_004156,2024-11-27 00:00:00,2,2,1
dev_004157,2024-01-26 00:00:00,2,2,1
dev_004158,2024-06-13 00:00:00,1,1,0
dev_004159,2024-03-16 00:00:00,4,2,0
dev_004160,2024-07-10 00:00:00,2,2,0
dev_004161,2024-04-12 00:00:00,2,2,0
dev_004162,2024-11-09 00:00:00,3,2,0
dev_004163,2024-05-24 00:00:00,0,0,0
dev_004164,2024-08-21 00:00:00,6,1,0
dev_004165,2024-03-31 00:00:00,1,1,0
dev_004166,2024-01-08 00:00:00,1,1,0
dev_004167,2024-05-27 00:00:00,0,0,0
dev_004168,2024-07-14 00:00:00,1,1,0
dev_004169,2024-06-16 00:00:00,2,2,0
dev_004170,2024-12-17 00:00:00,0,0,0
dev_004171,2024-09-14 00:00:00,2,2,0
dev_004172,2024-12-29 00:00:00,3,3,0
dev_004173,2024-04-17 00:00:00,0,0,0
dev_004174,2024-10-15 00:00:00,16,4,0
dev_004175,2024-07-21 00:00:00,0,0,0
dev_004176,2024-08-11 00:00:00,3,3,0
dev_004177,2024-12-25 00:00:00,3,3,0
dev_004178,2024-08-26 00:00:00,2,2,0
dev_004179,2024-11-24 00:00:00,3,3,1
dev_004180,2024-09-21 00:00:00,2,2,0
dev_004181,2024-02-16 00:00:00,2,2,0
dev_004182,2024-09-12 00:00:00,11,1,0
dev_004183,2024-06-25 00:00:00,3,3,0
dev_004184,2024-12-01 00:00:00,1,1,0
dev_004185,2024-10-21 00:00:00,9,4,1
dev_004186,2024-02-08 00:00:00,26,4,1
dev_004187,2024-02-18 00:00:00,1,1,0
dev_004188,2024-01-26 00:00:00,2,2,0
dev_004189,2024-06-29 00:00:00,3,3,0
dev_004190,2024-01-30 00:00:00,2,2,0
dev_004191,2024-09-21 00:00:00,1,1,0
dev_004192,2024-07-20 00:00:00,2,2,0
dev_004193,2024-11-01 00:00:00,1,1,0
dev_004194,2024-04-12 00:00:00,5,5,0
dev_004195,2024-07-08 00:00:00,0,0,0
dev_004196,2024-02-12 00:00:00,1,1,0
dev_004197,2024-11-18 00:00:00,3,3,0
dev_004198,2024-03-04 00:00:00,0,0,0
dev_004199,2024-02-07 00:00:00,1,1,0
dev_004200,2024-03-15 00:00:00,0,0,0
dev_004201,2024-10-21 00:00:00,1,1,0
dev_004202,2024-02-08 00:00:00,5,2,0
dev_004203,2024-08-12 00:00:00,43,6,0
dev_004204,2024-09-29 00:00:00,1,1,0
dev_004205,2024-10-01 00:00:00,4,4,1
dev_004206,2024-03-10 00:00:00,7,1,0
dev_004207,2024-01-23 00:00:00,1,1,0
dev_004208,2024-06-12 00:00:00,2,2,0
dev_004209,2024-03-14 00:00:00,1,1,0
dev_004210,2024-09-12 00:00:00,0,0,0
dev_004211,2024-05-10 00:00:00,0,0,0
dev_004212,2024-06-13 00:00:00,2,2,0
dev_004213,2024-02-11 00:00:00,10,4,0
dev_004214,2024-07-26 00:00:00,4,4,0
dev_004215,2024-03-08 00:00:00,4,4,0
dev_004216,2024-09-04 00:00:00,1,1,0
dev_004217,2024-01-26 00:00:00,1,1,0
dev_004218,2024-12-22 00:00:00,3,3,0
dev_004219,2024-09-06 00:00:00,3,3,0
dev_004220,2024-03-07 00:00:00,5,3,0
dev_004221,2024-01-06 00:00:00,1,1,0
dev_004222,2024-05-02 00:00:00,10,3,0
dev_004223,2024-02-25 00:00:00,5,5,0
dev_004224,2024-03-20 00:00:00,3,3,1
dev_004225,2024-11-14 00:00:00,3,2,0
dev_004226,2024-08-08 00:00:00,3,2,0
dev_004227,2024-03-05 00:00:00,2,2,0
dev_004228,2024-07-22 00:00:00,0,0,0
dev_004229,2024-04-03 00:00:00,3,3,0
dev_004230,2024-12-22 00:00:00,2,2,0
dev_004231,2024-01-12 00:00:00,1,1,1
dev_004232,2024-09-24 00:00:00,3,3,0
dev_004233,2024-10-09 00:00:00,0,0,0
dev_004234,2024-01-25 00:00:00,1,1,0
dev_004235,2024-03-03 00:00:00,2,2,0
dev_004236,2024-05-20 00:00:00,3,3,0
dev_004237,2024-11-12 00:00:00,2,2,0
dev_004238,2024-07-15 00:00:00,66,5,1
dev_004239,2024-08-27 00:00:00,2,2,0
dev_004240,2024-10-12 00:00:00,5,5,0
dev_004241,2024-10-29 00:00:00,1,1,0
dev_004242,2024-06-22 00:00:00,4,4,0
dev_004243,2024-07-04 00:00:00,1,1,0
dev_004244,2024-09-19 00:00:00,4,4,0
dev_004245,2024-04-06 00:00:00,0,0,0
dev_004246,2024-11-07 00:00:00,1,1,1
dev_004247,2024-01-08 00:00:00,22,4,0
dev_004248,2024-03-12 00:00:00,3,3,0
dev_004249,2024-10-19 00:00:00,1,1,0
dev_004250,2024-05-04 00:00:00,2,2,0
dev_004251,2024-02-24 00:00:00,177,1,0
dev_004252,2024-03-09 00:00:00,1,1,0
dev_004253,2024-07-12 00:00:00,3,3,0
dev_004254,2024-11-04 00:00:00,1,1,0
dev_004255,2024-01-26 00:00:00,2,2,0
dev_004256,2024-01-12 00:00:00,1,1,0
dev_004257,2024-06-18 00:00:00,7,2,0
dev_004258,2024-12-15 00:00:00,1,1,0
dev_004259,2024-04-11 00:00:00,0,0,0
dev_004260,2024-12-16 00:00:00,4,4,0
dev_004261,2024-11-20 00:00:00,2,2,0
dev_004262,2024-04-13 00:00:00,1,1,0
dev_004263,2024-10-25 00:00:00,1,1,0
dev_004264,2024-09-07 00:00:00,0,0,0
dev_004265,2024-07-05 00:00:00,3,3,0
dev_004266,2024-06-03 00:00:00,1,1,0
dev_004267,2024-10-24 00:00:00,0,0,0
dev_004268,2024-10-16 00:00:00,2,2,0
dev_004269,2024-10-03 00:00:00,2,2,0
dev_004270,2024-12-30 00:00:00,2,2,0
dev_004271,2024-06-23 00:00:00,4,4,0
dev_004272,2024-10-21 00:00:00,4,3,0
dev_004273,2024-11-10 00:00:00,13,3,0
dev_004274,2024-03-18 00:00:00,2,2,0
dev_004275,2024-01-16 00:00:00,1,1,0
dev_004276,2024-05-27 00:00:00,25,6,0
dev_004277,2024-11-08 00:00:00,3,3,0
dev_004278,2024-04-15 00:00:00,5,4,0
dev_004279,2024-09-12 00:00:00,1,1,0
dev_004280,2024-01-03 00:00:00,1,1,0
dev_004281,2024-05-09 00:00:00,1,1,0
dev_004282,2024-08-12 00:00:00,0,0,0
dev_004283,2024-02-17 00:00:00,2,2,0
dev_004284,2024-11-23 00:00:00,1,1,0
dev_004285,2024-02-27 00:00:00,34,3,0
dev_004286,2024-11-28 00:00:00,3,3,0
dev_004287,2024-03-19 00:00:00,2,2,0
dev_004288,2024-12-28 00:00:00,3,3,0
dev_004289,2024-08-08 00:00:00,3,3,0
dev_004290,2024-01-31 00:00:00,1,1,0
dev_004291,2024-01-24 00:00:00,2,1,0
dev_004292,2024-01-28 00:00:00,15,3,0
dev_004293,2024-08-03 00:00:00,2,2,0
dev_004294,2024-10-22 00:00:00,1,1,0
dev_004295,2024-05-27 00:00:00,0,0,0
dev_004296,2024-06-11 00:00:00,4,2,0
dev_004297,2024-08-03 00:00:00,16,2,0
dev_004298,2024-07-13 00:00:00,4,4,0
dev_004299,2024-09-08 00:00:00,10,6,0
dev_004300,2024-06-21 00:00:00,1,1,0
dev_004301,2024-09-17 00:00:00,3,3,0
dev_004302,2024-12-30 00:00:00,3,3,0
dev_004303,2024-05-07 00:00:00,2,2,0
dev_004304,2024-01-05 00:00:00,1,1,0
dev_004305,2024-02-15 00:00:00,1,1,0
dev_004306,2024-07-21 00:00:00,5,2,0
dev_004307,2024-05-05 00:00:00,1,1,0
dev_004308,2024-12-09 00:00:00,0,0,0
dev_004309,2024-08-17 00:00:00,1,1,0
dev_004310,2024-07-08 00:00:00,0,0,0
dev_004311,2024-10-18 00:00:00,2,2,0
dev_004312,2024-04-04 00:00:00,9,3,0
dev_004313,2024-10-26 00:00:00,1,1,0
dev_004314,2024-01-02 00:00:00,3,3,0
dev_004315,2024-08-14 00:00:00,3,3,0
dev_004316,2024-12-07 00:00:00,8,4,0
dev_004317,2024-10-14 00:00:00,2,2,0
dev_004318,2024-11-07 00:00:00,7,4,0
dev_004319,2024-05-24 00:00:00,1,1,0
dev_004320,2024-10-27 00:00:00,2,1,0
dev_004321,2024-07-20 00:00:00,2,2,0
dev_004322,2024-08-13 00:00:00,1,1,0
dev_004323,2024-01-22 00:00:00,2,2,0
dev_004324,2024-03-14 00:00:00,2,2,0
dev_004325,2024-07-20 00:00:00,2,2,0
dev_004326,2024-01-22 00:00:00,1,1,0
dev_004327,2024-09-27 00:00:00,1,1,0
dev_004328,2024-11-02 00:00:00,0,0,0
dev_004329,2024-12-01 00:00:00,3,3,0
dev_004330,2024-02-07 00:00:00,0,0,0
dev_004331,2024-12-08 00:00:00,4,4,0
dev_004332,2024-01-25 00:00:00,5,5,0
dev_004333,2024-06-22 00:00:00,3,3,0
dev_004334,2024-11-02 00:00:00,5,5,0
dev_004335,2024-01-26 00:00:00,0,0,0
dev_004336,2024-01-07 00:00:00,0,0,0
dev_004337,2024-01-10 00:00:00,2,2,0
dev_004338,2024-07-05 00:00:00,1,1,0
dev_004339,2024-10-23 00:00:00,3,3,0
dev_004340,2024-02-16 00:00:00,241,3,0
dev_004341,2024-02-15 00:00:00,0,0,0
dev_004342,2024-07-26 00:00:00,10,6,1
dev_004343,2024-03-26 00:00:00,2,2,0
dev_004344,2024-09-23 00:00:00,3,3,0
dev_004345,2024-12-12 00:00:00,4,4,0
dev_004346,2024-10-06 00:00:00,4,4,0
dev_004347,2024-11-16 00:00:00,3,3,0
dev_004348,2024-07-08 00:00:00,1,1,0
dev_004349,2024-10-30 00:00:00,3,3,0
dev_004350,2024-03-07 00:00:00,2,2,0
dev_004351,2024-01-25 00:00:00,3,3,0
dev_004352,2024-08-27 00:00:00,5,5,0
dev_004353,2024-01-19 00:00:00,1,1,0
dev_004354,2024-11-21 00:00:00,3,3,0
dev_004355,2024-09-09 00:00:00,2,2,0
dev_004356,2024-12-13 00:00:00,3,3,0
dev_004357,2024-04-24 00:00:00,3,3,0
dev_004358,2024-06-26 00:00:00,8,5,0
dev_004359,2024-09-27 00:00:00,2,2,0
dev_004360,2024-03-29 00:00:00,3,3,0
dev_004361,2024-07-16 00:00:00,5,3,0
dev_004362,2024-08-28 00:00:00,2,2,0
dev_004363,2024-12-23 00:00:00,5,5,0
dev_004364,2024-09-28 00:00:00,3,3,0
dev_004365,2024-02-13 00:00:00,4,4,0
dev_004366,2024-06-22 00:00:00,4,2,0
dev_004367,2024-08-02 00:00:00,0,0,0
dev_004368,2024-02-23 00:00:00,1,1,1
dev_004369,2024-06-06 00:00:00,4,4,0
dev_004370,2024-04-13 00:00:00,1,1,0
dev_004371,2024-02-13 00:00:00,2,2,0
dev_004372,2024-07-05 00:00:00,2,2,0
dev_004373,2024-03-01 00:00:00,2,2,0
dev_004374,2024-08-03 00:00:00,3,3,0
dev_004375,2024-03-02 00:00:00,3,3,1
dev_004376,2024-09-21 00:00:00,1,1,0
dev_004377,2024-03-12 00:00:00,5,5,0
dev_004378,2024-11-23 00:00:00,3,3,0
dev_004379,2024-01-10 00:00:00,3,3,0
dev_004380,2024-07-09 00:00:00,1,1,0
dev_004381,2024-04-26 00:00:00,3,3,0
dev_004382,2024-03-23 00:00:00,1,1,0
dev_004383,2024-06-21 00:00:00,2,2,0
dev_004384,2024-11-03 00:00:00,4,4,0
dev_004385,2024-11-30 00:00:00,1,1,0
dev_004386,2024-04-20 00:00:00,6,2,0
dev_004387,2024-02-26 00:00:00,1,1,0
dev_004388,2024-09-19 00:00:00,2,2,0
dev_004389,2024-07-31 00:00:00,0,0,0
dev_004390,2024-03-14 00:00:00,2,2,0
dev_004391,2024-10-04 00:00:00,5,2,0
dev_004392,2024-07-08 00:00:00,6,4,0
dev_004393,2024-08-26 00:00:00,1,1,0
dev_004394,2024-05-11 00:00:00,8,7,0
dev_004395,2024-06-09 00:00:00,2,2,0
dev_004396,2024-03-06 00:00:00,1,1,0
dev_004397,2024-10-03 00:00:00,1,1,0
dev_004398,2024-02-27 00:00:00,2,2,0
dev_004399,2024-10-11 00:00:00,1,1,0
dev_004400,2024-10-18 00:00:00,2,2,0
dev_004401,2024-09-29 00:00:00,57,6,0
dev_004402,2024-01-08 00:00:00,1,1,0
dev_004403,2024-04-09 00:00:00,3,3,0
dev_004404,2024-06-19 00:00:00,1,1,0
dev_004405,2024-08-05 00:00:00,4,1,0
dev_004406,2024-12-01 00:00:00,1,1,0
dev_004407,2024-05-17 00:00:00,1,1,0
dev_004408,2024-11-15 00:00:00,3,3,0
dev_004409,2024-02-29 00:00:00,1,1,0
dev_004410,2024-05-15 00:00:00,1,1,0
dev_004411,2024-01-20 00:00:00,3,3,0
dev_004412,2024-09-28 00:00:00,0,0,0
dev_004413,2024-02-24 00:00:00,4,4,0
dev_004414,2024-04-03 00:00:00,0,0,0
dev_004415,2024-10-09 00:00:00,0,0,0
dev_004416,2024-07-14 00:00:00,3,1,0
dev_004417,2024-01-06 00:00:00,0,0,0
dev_004418,2024-01-01 00:00:00,3,3,1
dev_004419,2024-07-05 00:00:00,0,0,0
dev_004420,2024-04-21 00:00:00,2,2,0
dev_004421,2024-03-06 00:00:00,3,3,0
dev_004422,2024-08-11 00:00:00,2,2,0
dev_004423,2024-03-24 00:00:00,1,1,0
dev_004424,2024-08-04 00:00:00,10,2,0
dev_004425,2024-05-18 00:00:00,1,1,0
dev_004426,2024-03-09 00:00:00,3,3,0
dev_004427,2024-02-20 00:00:00,1,1,0
dev_004428,2024-03-27 00:00:00,3,3,0
dev_004429,2024-01-11 00:00:00,2,2,0
dev_004430,2024-04-22 00:00:00,4,4,0
dev_004431,2024-11-25 00:00:00,4,4,0
dev_004432,2024-10-30 00:00:00,7,3,0
dev_004433,2024-05-15 00:00:00,4,4,0
dev_004434,2024-07-29 00:00:00,2,2,0
dev_004435,2024-07-26 00:00:00,0,0,0
dev_004436,2024-10-29 00:00:00,1,1,0
dev_004437,2024-03-27 00:00:00,3,3,0
dev_004438,2024-04-18 00:00:00,3,2,0
dev_004439,2024-04-20 00:00:00,1,1,0
dev_004440,2024-01-15 00:00:00,3,3,0
dev_004441,2024-04-24 00:00:00,1,1,0
dev_004442,2024-11-16 00:00:00,1,1,0
dev_004443,2024-11-28 00:00:00,1,1,0
dev_004444,2024-02-10 00:00:00,3,3,0
dev_004445,2024-06-16 00:00:00,1,1,0
dev_004446,2024-05-19 00:00:00,1,1,0
dev_004447,2024-06-27 00:00:00,1,1,0
dev_004448,2024-07-21 00:00:00,3,3,0
dev_004449,2024-01-08 00:00:00,1,1,0
dev_004450,2024-11-03 00:00:00,2,2,0
dev_004451,2024-12-21 00:00:00,3,3,0
dev_004452,2024-08-26 00:00:00,2,2,0
dev_004453,2024-08-29 00:00:00,1,1,0
dev_004454,2024-07-11 00:00:00,2,2,0
dev_004455,2024-05-02 00:00:00,3,3,1
dev_004456,2024-02-24 00:00:00,4,4,0
dev_004457,2024-08-01 00:00:00,2,2,0
dev_004458,2024-01-17 00:00:00,1,1,0
dev_004459,2024-10-27 00:00:00,0,0,0
dev_004460,2024-06-02 00:00:00,4,4,0
dev_004461,2024-05-31 00:00:00,0,0,0
dev_004462,2024-04-29 00:00:00,0,0,0
dev_004463,2024-12-19 00:00:00,2,2,0
dev_004464,2024-03-04 00:00:00,0,0,0
dev_004465,2024-02-25 00:00:00,3,3,0
dev_004466,2024-03-01 00:00:00,4,4,0
dev_004467,2024-08-28 00:00:00,1,1,0
dev_004468,2024-12-28 00:00:00,1,1,0
dev_004469,2024-03-26 00:00:00,1,1,0
dev_004470,2024-11-26 00:00:00,3,3,0
dev_004471,2024-04-11 00:00:00,4,4,1
dev_004472,2024-08-24 00:00:00,1,1,0
dev_004473,2024-01-15 00:00:00,0,0,0
dev_004474,2024-06-29 00:00:00,0,0,0
dev_004475,2024-08-26 00:00:00,3,3,1
dev_004476,2024-07-14 00:00:00,561,6,0
dev_004477,2024-03-27 00:00:00,2,2,0
dev_004478,2024-10-29 00:00:00,6,6,1
dev_004479,2024-12-20 00:00:00,5,3,0
dev_004480,2024-06-16 00:00:00,2,2,0
dev_004481,2024-08-20 00:00:00,4,4,1
dev_004482,2024-10-15 00:00:00,2,2,0
dev_004483,2024-03-29 00:00:00,53,3,0
dev_004484,2024-11-11 00:00:00,2,2,0
dev_004485,2024-04-12 00:00:00,1,1,0
dev_004486,2024-10-10 00:00:00,2,2,0
dev_004487,2024-02-10 00:00:00,1,1,1
dev_004488,2024-04-15 00:00:00,1,1,0
dev_004489,2024-07-13 00:00:00,2,2,0
dev_004490,2024-07-10 00:00:00,3,3,0
dev_004491,2024-11-06 00:00:00,1,1,0
dev_004492,2024-12-29 00:00:00,1,1,0
dev_004493,2024-02-09 00:00:00,1,1,0
dev_004494,2024-04-09 00:00:00,0,0,0
dev_004495,2024-05-10 00:00:00,1,1,0
dev_004496,2024-06-23 00:00:00,1,1,0
dev_004497,2024-06-29 00:00:00,1,1,0
dev_004498,2024-11-08 00:00:00,0,0,0
dev_004499,2024-10-08 00:00:00,0,0,0
dev_004500,2024-01-07 00:00:00,3,2,0
dev_004501,2024-06-15 00:00:00,4,4,0
dev_004502,2024-08-13 00:00:00,15,3,0
dev_004503,2024-06-17 00:00:00,2,1,0
dev_004504,2024-02-17 00:00:00,77,1,0
dev_004505,2024-05-25 00:00:00,15,7,0
dev_004506,2024-05-30 00:00:00,5,4,1
dev_004507,2024-03-09 00:00:00,0,0,0
dev_004508,2024-10-03 00:00:00,3,3,0
dev_004509,2024-04-27 00:00:00,4,4,0
dev_004510,2024-08-02 00:00:00,20,4,0
dev_004511,2024-07-07 00:00:00,5,2,0
dev_004512,2024-11-16 00:00:00,2,2,0
dev_004513,2024-02-14 00:00:00,3,3,0
dev_004514,2024-02-11 00:00:00,1,1,0
dev_004515,2024-04-19 00:00:00,2,2,0
dev_004516,2024-06-06 00:00:00,4,4,1
dev_004517,2024-04-18 00:00:00,2,2,0
dev_004518,2024-10-05 00:00:00,3,2,0
dev_004519,2024-03-30 00:00:00,0,0,0
dev_004520,2024-01-31 00:00:00,1,1,0
dev_004521,2024-05-31 00:00:00,2,2,0
dev_004522,2024-10-09 00:00:00,5,4,0
dev_004523,2024-11-06 00:00:00,1,1,0
dev_004524,2024-09-24 00:00:00,29,3,0
dev_004525,2024-07-22 00:00:00,0,0,0
dev_004526,2024-09-21 00:00:00,2,2,0
dev_004527,2024-09-05 00:00:00,1,1,0
dev_004528,2024-03-26 00:00:00,5,4,0
dev_004529,2024-07-20 00:00:00,2,2,0
dev_004530,2024-10-08 00:00:00,2,2,0
dev_004531,2024-04-25 00:00:00,1,1,0
dev_004532,2024-08-26 00:00:00,7,7,1
dev_004533,2024-06-24 00:00:00,4,4,0
dev_004534,2024-07-02 00:00:00,1,1,0
dev_004535,2024-02-02 00:00:00,7,1,0
dev_004536,2024-08-31 00:00:00,1,1,0
dev_004537,2024-11-11 00:00:00,3,3,1
dev_004538,2024-02-21 00:00:00,0,0,0
dev_004539,2024-05-13 00:00:00,3,3,1
dev_004540,2024-01-18 00:00:00,1,1,0
dev_004541,2024-01-11 00:00:00,2,2,0
dev_004542,2024-12-27 00:00:00,2,2,0
dev_004543,2024-06-29 00:00:00,2,2,0
dev_004544,2024-05-09 00:00:00,2,2,0
dev_004545,2024-04-10 00:00:00,3,3,0
dev_004546,2024-12-23 00:00:00,1,1,0
dev_004547,2024-04-02 00:00:00,5,5,0
dev_004548,2024-09-21 00:00:00,1,1,0
dev_004549,2024-04-13 00:00:00,4,1,0
dev_004550,2024-01-26 00:00:00,1,1,0
dev_004551,2024-09-06 00:00:00,3,1,0
dev_004552,2024-01-01 00:00:00,2,2,2
dev_004553,2024-09-03 00:00:00,0,0,0
dev_004554,2024-04-01 00:00:00,10,3,0
dev_004555,2024-09-29 00:00:00,83,2,0
dev_004556,2024-10-07 00:00:00,2,2,0
dev_004557,2024-09-21 00:00:00,3,3,0
dev_004558,2024-01-09 00:00:00,1,1,0
dev_004559,2024-09-13 00:00:00,3,3,0
dev_004560,2024-12-27 00:00:00,2,2,0
dev_004561,2024-03-29 00:00:00,1,1,0
dev_004562,2024-04-10 00:00:00,0,0,0
dev_004563,2024-10-23 00:00:00,0,0,0
dev_004564,2024-02-28 00:00:00,2,2,0
dev_004565,2024-08-29 00:00:00,2,2,0
dev_004566,2024-10-02 00:00:00,6,4,0
dev_004567,2024-01-14 00:00:00,1,1,0
dev_004568,2024-07-21 00:00:00,5,5,0
dev_004569,2024-07-29 00:00:00,1,1,0
dev_004570,2024-04-20 00:00:00,1,1,0
dev_004571,2024-11-15 00:00:00,1,1,1
dev_004572,2024-02-29 00:00:00,4,4,0
dev_004573,2024-05-12 00:00:00,2,2,0
dev_004574,2024-11-05 00:00:00,0,0,0
dev_004575,2024-03-10 00:00:00,11,1,0
dev_004576,2024-10-26 00:00:00,1,1,0
dev_004577,2024-01-29 00:00:00,2,2,1
dev_004578,2024-06-27 00:00:00,3,2,0
dev_004579,2024-01-28 00:00:00,2,2,0
dev_004580,2024-09-04 00:00:00,0,0,0
dev_004581,2024-10-15 00:00:00,13,5,0
dev_004582,2024-11-06 00:00:00,1,1,0
dev_004583,2024-12-24 00:00:00,9,5,0
dev_004584,2024-09-02 00:00:00,8,2,0
dev_004585,2024-10-07 00:00:00,2,2,0
dev_004586,2024-07-03 00:00:00,2,2,0
dev_004587,2024-11-29 00:00:00,0,0,0
dev_004588,2024-08-22 00:00:00,1,1,0
dev_004589,2024-11-18 00:00:00,2,2,1
dev_004590,2024-03-26 00:00:00,1,1,0
dev_004591,2024-06-30 00:00:00,1,1,1
dev_004592,2024-09-23 00:00:00,2,2,0
dev_004593,2024-03-14 00:00:00,4,4,0
dev_004594,2024-03-18 00:00:00,16,3,0
dev_004595,2024-12-22 00:00:00,1,1,0
dev_004596,2024-06-07 00:00:00,7,3,1
dev_004597,2024-03-07 00:00:00,2,2,0
dev_004598,2024-04-30 00:00:00,3,3,1
dev_004599,2024-05-25 00:00:00,2,2,0
dev_004600,2024-08-15 00:00:00,1,1,0
dev_004601,2024-12-02 00:00:00,1,1,0
dev_004602,2024-12-26 00:00:00,4,4,0
dev_004603,2024-08-25 00:00:00,1,1,0
dev_004604,2024-09-12 00:00:00,7,6,1
dev_004605,2024-04-27 00:00:00,2,2,0
dev_004606,2024-11-08 00:00:00,3,3,0
dev_004607,2024-03-20 00:00:00,1,1,0
dev_004608,2024-02-08 00:00:00,5,5,0
dev_004609,2024-12-21 00:00:00,3,3,1
dev_004610,2024-11-11 00:00:00,0,0,0
dev_004611,2024-04-20 00:00:00,1,1,0
dev_004612,2024-09-03 00:00:00,2,2,0
dev_004613,2024-06-19 00:00:00,4,4,1
dev_004614,2024-04-27 00:00:00,3,3,0
dev_004615,2024-04-14 00:00:00,2,2,0
dev_004616,2024-02-19 00:00:00,1,1,0
dev_004617,2024-07-19 00:00:00,0,0,0
dev_004618,2024-06-12 00:00:00,2,2,0
dev_004619,2024-07-05 00:00:00,2,2,0
dev_004620,2024-03-19 00:00:00,3,3,0
dev_004621,2024-12-08 00:00:00,3,3,0
dev_004622,2024-08-21 00:00:00,0,0,0
dev_004623,2024-11-24 00:00:00,2,2,0
dev_004624,2024-02-09 00:00:00,2,2,0
dev_004625,2024-08-15 00:00:00,4,4,0
dev_004626,2024-11-06 00:00:00,6,3,0
dev_004627,2024-04-30 00:00:00,2,2,0
dev_004628,2024-03-12 00:00:00,2,2,0
dev_004629,2024-04-06 00:00:00,1,1,0
dev_004630,2024-04-09 00:00:00,1,1,0
dev_004631,2024-06-12 00:00:00,2,2,0
dev_004632,2024-04-28 00:00:00,3,3,0
dev_004633,2024-04-09 00:00:00,3,3,0
dev_004634,2024-08-24 00:00:00,2,2,0
dev_004635,2024-01-20 00:00:00,1,1,0
dev_004636,2024-05-04 00:00:00,4,4,0
dev_004637,2024-09-08 00:00:00,1,1,0
dev_004638,2024-03-05 00:00:00,1,1,0
dev_004639,2024-03-21 00:00:00,0,0,0
dev_004640,2024-03-14 00:00:00,5,5,0
dev_004641,2024-01-01 00:00:00,58,3,0
dev_004642,2024-06-21 00:00:00,8,7,0
dev_004643,2024-01-15 00:00:00,50,5,0
dev_004644,2024-04-09 00:00:00,2,2,0
dev_004645,2024-12-29 00:00:00,1,1,0
dev_004646,2024-12-01 00:00:00,2,2,0
dev_004647,2024-03-19 00:00:00,0,0,0
dev_004648,2024-04-23 00:00:00,0,0,0
dev_004649,2024-06-18 00:00:00,0,0,0
dev_004650,2024-11-04 00:00:00,1,1,0
dev_004651,2024-10-19 00:00:00,2,2,0
dev_004652,2024-02-16 00:00:00,2,2,0
dev_004653,2024-02-15 00:00:00,1,1,0
dev_004654,2024-06-01 00:00:00,7,6,2
dev_004655,2024-11-13 00:00:00,2,1,0
dev_004656,2024-11-17 00:00:00,2,2,0
dev_004657,2024-02-09 00:00:00,3,2,0
dev_004658,2024-07-28 00:00:00,3,2,0
dev_004659,2024-02-26 00:00:00,6,3,0
dev_004660,2024-09-07 00:00:00,3,2,0
dev_004661,2024-11-30 00:00:00,2,2,0
dev_004662,2024-06-14 00:00:00,1,1,1
dev_004663,2024-01-31 00:00:00,4,4,0
dev_004664,2024-07-30 00:00:00,3,2,0
dev_004665,2024-05-29 00:00:00,0,0,0
dev_004666,2024-10-22 00:00:00,1,1,0
dev_004667,2024-05-04 00:00:00,3,2,0
dev_004668,2024-11-15 00:00:00,2,2,0
dev_004669,2024-04-09 00:00:00,1,1,0
dev_004670,2024-02-27 00:00:00,2,2,1
dev_004671,2024-04-21 00:00:00,0,0,0
dev_004672,2024-01-13 00:00:00,1,1,0
dev_004673,2024-04-12 00:00:00,3,3,0
dev_004674,2024-08-28 00:00:00,7,7,0
dev_004675,2024-02-21 00:00:00,5,5,1
dev_004676,2024-02-10 00:00:00,1,1,0
dev_004677,2024-02-18 00:00:00,3,3,1
dev_004678,2024-01-29 00:00:00,1,1,0
dev_004679,2024-11-15 00:00:00,0,0,0
dev_004680,2024-12-10 00:00:00,2,2,0
dev_004681,2024-01-17 00:00:00,3,3,0
dev_004682,2024-10-04 00:00:00,0,0,0
dev_004683,2024-09-26 00:00:00,2,2,0
dev_004684,2024-12-29 00:00:00,1,1,0
dev_004685,2024-05-06 00:00:00,6,5,0
dev_004686,2024-04-14 00:00:00,1,1,0
dev_004687,2024-06-14 00:00:00,3,3,0
dev_004688,2024-11-08 00:00:00,1,1,0
dev_004689,2024-09-22 00:00:00,3,3,0
dev_004690,2024-06-21 00:00:00,0,0,0
dev_004691,2024-03-30 00:00:00,25,3,0
dev_004692,2024-09-22 00:00:00,1,1,0
dev_004693,2024-11-07 00:00:00,3,3,0
dev_004694,2024-05-25 00:00:00,2,2,0
dev_004695,2024-09-01 00:00:00,1,1,0
dev_004696,2024-05-26 00:00:00,2,2,0
dev_004697,2024-06-23 00:00:00,3,3,0
dev_004698,2024-07-10 00:00:00,4,2,0
dev_004699,2024-10-10 00:00:00,0,0,0
dev_004700,2024-12-22 00:00:00,2,2,0
dev_004701,2024-06-11 00:00:00,1,1,0
dev_004702,2024-05-04 00:00:00,2,2,0
dev_004703,2024-05-16 00:00:00,4,4,0
dev_004704,2024-02-18 00:00:00,2,2,0
dev_004705,2024-04-18 00:00:00,2,2,0
dev_004706,2024-02-01 00:00:00,1,1,0
dev_004707,2024-06-05 00:00:00,2,2,0
dev_004708,2024-03-02 00:00:00,2,2,0
dev_004709,2024-05-06 00:00:00,2,2,0
dev_004710,2024-10-16 00:00:00,7,4,0
dev_004711,2024-03-30 00:00:00,1,1,0
dev_004712,2024-08-11 00:00:00,2,2,0
dev_004713,2024-11-24 00:00:00,1,1,0
dev_004714,2024-07-25 00:00:00,2,2,0
dev_004715,2024-03-11 00:00:00,2,2,0
dev_004716,2024-05-05 00:00:00,0,0,0
dev_004717,2024-08-03 00:00:00,1,1,0
dev_004718,2024-07-03 00:00:00,7,2,0
dev_004719,2024-02-24 00:00:00,1,1,0
dev_004720,2024-06-12 00:00:00,3,3,0
dev_004721,2024-07-17 00:00:00,1,1,0
dev_004722,2024-04-07 00:00:00,1,1,0
dev_004723,2024-08-11 00:00:00,13,2,0
dev_004724,2024-01-26 00:00:00,2,2,1
dev_004725,2024-05-02 00:00:00,2,2,1
dev_004726,2024-10-20 00:00:00,2,2,0
dev_004727,2024-04-04 00:00:00,2,2,1
dev_004728,2024-08-08 00:00:00,1,1,0
dev_004729,2024-05-29 00:00:00,2,2,0
dev_004730,2024-04-25 00:00:00,3,3,0
dev_004731,2024-11-30 00:00:00,49,2,0
dev_004732,2024-05-05 00:00:00,0,0,0
dev_004733,2024-03-27 00:00:00,3,3,1
dev_004734,2024-11-27 00:00:00,3,3,0
dev_004735,2024-09-29 00:00:00,1,1,0
dev_004736,2024-09-05 00:00:00,0,0,0
dev_004737,2024-01-19 00:00:00,13,5,0
dev_004738,2024-02-17 00:00:00,3,3,2
dev_004739,2024-08-20 00:00:00,5,4,0
dev_004740,2024-03-17 00:00:00,43,2,0
dev_004741,2024-03-23 00:00:00,10,4,0
dev_004742,2024-10-11 00:00:00,2,2,0
dev_004743,2024-04-14 00:00:00,5,5,0
dev_004744,2024-01-27 00:00:00,1,1,0
dev_004745,2024-01-14 00:00:00,0,0,0
dev_004746,2024-06-10 00:00:00,5,5,0
dev_004747,2024-08-13 00:00:00,2,2,0
dev_004748,2024-11-13 00:00:00,1,1,0
dev_004749,2024-02-10 00:00:00,0,0,0
dev_004750,2024-03-12 00:00:00,3,3,0
dev_004751,2024-07-12 00:00:00,0,0,0
dev_004752,2024-05-12 00:00:00,3,3,0
dev_004753,2024-06-25 00:00:00,1,1,0
dev_004754,2024-12-03 00:00:00,1,1,0
dev_004755,2024-07-17 00:00:00,13,3,0
dev_004756,2024-05-31 00:00:00,0,0,0
dev_004757,2024-12-27 00:00:00,0,0,0
dev_004758,2024-01-24 00:00:00,1,1,0
dev_004759,2024-12-06 00:00:00,1,1,0
dev_004760,2024-07-02 00:00:00,3,3,0
dev_004761,2024-07-02 00:00:00,1,1,0
dev_004762,2024-12-02 00:00:00,1,1,0
dev_004763,2024-07-04 00:00:00,1,1,0
dev_004764,2024-06-09 00:00:00,4,4,0
dev_004765,2024-04-09 00:00:00,2,2,0
dev_004766,2024-08-28 00:00:00,1,1,0
dev_004767,2024-07-26 00:00:00,3,3,0
dev_004768,2024-03-19 00:00:00,1,1,0
dev_004769,2024-09-15 00:00:00,2,2,0
dev_004770,2024-08-23 00:00:00,1,1,0
dev_004771,2024-05-25 00:00:00,1,1,0
dev_004772,2024-01-02 00:00:00,1,1,0
dev_004773,2024-06-12 00:00:00,1,1,0
dev_004774,2024-01-03 00:00:00,30,1,0
dev_004775,2024-01-28 00:00:00,3,3,1
dev_004776,2024-06-06 00:00:00,0,0,0
dev_004777,2024-01-30 00:00:00,8,5,1
dev_004778,2024-04-10 00:00:00,2,2,1
dev_004779,2024-08-27 00:00:00,2,2,0
dev_004780,2024-04-22 00:00:00,3,2,0
dev_004781,2024-12-30 00:00:00,10,4,0
dev_004782,2024-11-30 00:00:00,0,0,0
dev_004783,2024-08-01 00:00:00,3,3,0
dev_004784,2024-12-18 00:00:00,0,0,0
dev_004785,2024-11-12 00:00:00,3,3,0
dev_004786,2024-04-26 00:00:00,2,2,0
dev_004787,2024-09-30 00:00:00,2,2,0
dev_004788,2024-02-19 00:00:00,1,1,0
dev_004789,2024-09-06 00:00:00,5,5,0
dev_004790,2024-06-28 00:00:00,2,2,0
dev_004791,2024-01-07 00:00:00,0,0,0
dev_004792,2024-04-10 00:00:00,3,3,1
dev_004793,2024-12-14 00:00:00,2,2,0
dev_004794,2024-04-25 00:00:00,5,5,1
dev_004795,2024-03-07 00:00:00,1,1,0
dev_004796,2024-03-09 00:00:00,3,3,0
dev_004797,2024-06-23 00:00:00,1,1,0
dev_004798,2024-11-03 00:00:00,1,1,0
dev_004799,2024-10-03 00:00:00,1,1,0
dev_004800,2024-06-08 00:00:00,6,5,0
dev_004801,2024-03-17 00:00:00,5,5,0
dev_004802,2024-01-17 00:00:00,1,1,0
dev_004803,2024-06-17 00:00:00,0,0,0
dev_004804,2024-10-24 00:00:00,2,2,0
dev_004805,2024-09-23 00:00:00,5,3,0
dev_004806,2024-05-29 00:00:00,3,3,0
dev_004807,2024-08-05 00:00:00,2,2,0
dev_004808,2024-06-08 00:00:00,4,4,0
dev_004809,2024-07-30 00:00:00,0,0,0
dev_004810,2024-07-07 00:00:00,4,4,0
dev_004811,2024-09-05 00:00:00,1,1,0
dev_004812,2024-07-04 00:00:00,1,1,0
dev_004813,2024-12-09 00:00:00,1,1,0
dev_004814,2024-06-05 00:00:00,3,3,0
dev_004815,2024-01-06 00:00:00,2,2,1
dev_004816,2024-03-27 00:00:00,0,0,0
dev_004817,2024-07-01 00:00:00,7,2,0
dev_004818,2024-07-16 00:00:00,0,0,0
dev_004819,2024-07-20 00:00:00,2,2,0
dev_004820,2024-09-17 00:00:00,1,1,0
dev_004821,2024-04-10 00:00:00,2,2,0
dev_004822,2024-08-30 00:00:00,0,0,0
dev_004823,2024-09-13 00:00:00,1,1,0
dev_004824,2024-05-30 00:00:00,31,1,0
dev_004825,2024-05-26 00:00:00,0,0,0
dev_004826,2024-03-06 00:00:00,2,2,0
dev_004827,2024-05-31 00:00:00,2,2,0
dev_004828,2024-10-14 00:00:00,3,3,0
dev_004829,2024-11-27 00:00:00,2,2,0
dev_004830,2024-08-04 00:00:00,7,4,0
dev_004831,2024-04-19 00:00:00,1,1,0
dev_004832,2024-09-06 00:00:00,2,2,0
dev_004833,2024-09-27 00:00:00,1,1,1
dev_004834,2024-05-01 00:00:00,3,3,0
dev_004835,2024-10-28 00:00:00,3,3,0
dev_004836,2024-01-27 00:00:00,0,0,0
dev_004837,2024-01-04 00:00:00,0,0,0
dev_004838,2024-02-14 00:00:00,1,1,0
dev_004839,2024-02-26 00:00:00,1,1,0
dev_004840,2024-11-16 00:00:00,2,2,0
dev_004841,2024-06-04 00:00:00,1,1,0
dev_004842,2024-04-10 00:00:00,4,3,0
dev_004843,2024-06-05 00:00:00,2,2,0
dev_004844,2024-05-24 00:00:00,3,3,0
dev_004845,2024-04-20 00:00:00,1,1,1
dev_004846,2024-02-20 00:00:00,1,1,0
dev_004847,2024-08-27 00:00:00,0,0,0
dev_004848,2024-02-19 00:00:00,1,1,0
dev_004849,2024-10-10 00:00:00,7,4,0
dev_004850,2024-03-14 00:00:00,2,2,0
dev_004851,2024-09-23 00:00:00,3,3,0
dev_004852,2024-10-21 00:00:00,1,1,0
dev_004853,2024-02-15 00:00:00,2,2,0
dev_004854,2024-02-01 00:00:00,4,4,1
dev_004855,2024-12-12 00:00:00,1,1,0
dev_004856,2024-06-18 00:00:00,1,1,0
dev_004857,2024-08-18 00:00:00,2,2,0
dev_004858,2024-01-09 00:00:00,6,6,0
dev_004859,2024-04-11 00:00:00,1,1,0
dev_004860,2024-07-03 00:00:00,3,3,1
dev_004861,2024-11-19 00:00:00,4,4,1
dev_004862,2024-04-09 00:00:00,2,2,0
dev_004863,2024-10-09 00:00:00,5,5,0
dev_004864,2024-08-29 00:00:00,2,2,0
dev_004865,2024-02-12 00:00:00,3,3,1
dev_004866,2024-04-17 00:00:00,1,1,0
dev_004867,2024-03-27 00:00:00,0,0,0
dev_004868,2024-06-10 00:00:00,2,2,0
dev_004869,2024-08-19 00:00:00,3,1,0
dev_004870,2024-06-07 00:00:00,1,1,0
dev_004871,2024-03-30 00:00:00,3,3,0
dev_004872,2024-09-10 00:00:00,1,1,0
dev_004873,2024-08-01 00:00:00,0,0,0
dev_004874,2024-07-08 00:00:00,3,3,0
dev_004875,2024-07-21 00:00:00,1,1,0
dev_004876,2024-03-21 00:00:00,3,3,0
dev_004877,2024-09-05 00:00:00,2,2,0
dev_004878,2024-05-21 00:00:00,3,3,0
dev_004879,2024-05-12 00:00:00,6,3,1
dev_004880,2024-02-24 00:00:00,1,1,0
dev_004881,2024-08-05 00:00:00,2,2,0
dev_004882,2024-08-07 00:00:00,7,3,0
dev_004883,2024-05-04 00:00:00,1,1,0
dev_004884,2024-11-09 00:00:00,12,6,0
dev_004885,2024-11-04 00:00:00,2,2,0
dev_004886,2024-02-09 00:00:00,3,2,0
dev_004887,2024-09-10 00:00:00,1,1,1
dev_004888,2024-05-23 00:00:00,8,2,0
dev_004889,2024-12-30 00:00:00,0,0,0
dev_004890,2024-03-23 00:00:00,1,1,0
dev_004891,2024-04-12 00:00:00,2,2,0
dev_004892,2024-06-10 00:00:00,3,3,0
dev_004893,2024-04-08 00:00:00,3,3,0
dev_004894,2024-09-09 00:00:00,4,1,0
dev_004895,2024-06-24 00:00:00,1,1,0
dev_004896,2024-03-21 00:00:00,2,2,0
dev_004897,2024-07-03 00:00:00,1,1,0
dev_004898,2024-11-20 00:00:00,1,1,0
dev_004899,2024-10-16 00:00:00,3,3,0
dev_004900,2024-07-01 00:00:00,1,1,0
dev_004901,2024-04-15 00:00:00,0,0,0
dev_004902,2024-03-06 00:00:00,4,4,0
dev_004903,2024-11-16 00:00:00,1,1,0
dev_004904,2024-09-16 00:00:00,5,4,0
dev_004905,2024-07-27 00:00:00,2,2,0
dev_004906,2024-11-16 00:00:00,0,0,0
dev_004907,2024-02-14 00:00:00,3,3,0
dev_004908,2024-09-06 00:00:00,1,1,0
dev_004909,2024-03-20 00:00:00,10,2,0
dev_004910,2024-02-14 00:00:00,2,2,0
dev_004911,2024-06-18 00:00:00,2,2,0
dev_004912,2024-05-21 00:00:00,2,2,0
dev_004913,2024-12-09 00:00:00,3,3,0
dev_004914,2024-04-28 00:00:00,3,3,1
dev_004915,2024-10-24 00:00:00,0,0,0
dev_004916,2024-09-30 00:00:00,1,1,0
dev_004917,2024-08-31 00:00:00,4,4,0
dev_004918,2024-12-01 00:00:00,1,1,0
dev_004919,2024-05-28 00:00:00,3,3,0
dev_004920,2024-05-22 00:00:00,1,1,0
dev_004921,2024-02-28 00:00:00,3,3,0
dev_004922,2024-04-10 00:00:00,25,3,0
dev_004923,2024-11-17 00:00:00,1,1,0
dev_004924,2024-06-22 00:00:00,5,2,0
dev_004925,2024-05-04 00:00:00,2,2,0
dev_004926,2024-03-19 00:00:00,2,2,0
dev_004927,2024-06-26 00:00:00,3,3,0
dev_004928,2024-09-18 00:00:00,5,5,0
dev_004929,2024-04-14 00:00:00,0,0,0
dev_004930,2024-10-03 00:00:00,2,2,1
dev_004931,2024-08-17 00:00:00,0,0,0
dev_004932,2024-10-14 00:00:00,3,3,0
dev_004933,2024-04-01 00:00:00,2,2,1
dev_004934,2024-08-18 00:00:00,2,2,0
dev_004935,2024-02-26 00:00:00,2,2,0
dev_004936,2024-05-12 00:00:00,3,3,0
dev_004937,2024-09-21 00:00:00,3,3,0
dev_004938,2024-08-18 00:00:00,4,4,0
dev_004939,2024-03-09 00:00:00,2,2,0
dev_004940,2024-11-09 00:00:00,3,3,1
dev_004941,2024-01-20 00:00:00,2,2,0
dev_004942,2024-08-05 00:00:00,2,2,0
dev_004943,2024-12-25 00:00:00,5,5,0
dev_004944,2024-07-12 00:00:00,0,0,0
dev_004945,2024-10-19 00:00:00,0,0,0
dev_004946,2024-08-05 00:00:00,4,4,0
dev_004947,2024-10-12 00:00:00,0,0,0
dev_004948,2024-08-27 00:00:00,1,1,0
dev_004949,2024-09-09 00:00:00,1,1,1
dev_004950,2024-03-24 00:00:00,1,1,0
dev_004951,2024-09-27 00:00:00,1,1,0
dev_004952,2024-03-27 00:00:00,2,2,0
dev_004953,2024-12-23 00:00:00,2,2,0
dev_004954,2024-03-24 00:00:00,2,2,0
dev_004955,2024-03-27 00:00:00,0,0,0
dev_004956,2024-11-09 00:00:00,1,1,0
dev_004957,2024-03-29 00:00:00,1,1,0
dev_004958,2024-05-11 00:00:00,1,1,0
dev_004959,2024-09-17 00:00:00,3,3,0
dev_004960,2024-02-27 00:00:00,18,5,0
dev_004961,2024-02-28 00:00:00,1,1,0
dev_004962,2024-06-26 00:00:00,4,4,0
dev_004963,2024-03-29 00:00:00,0,0,0
dev_004964,2024-03-27 00:00:00,3,3,0
dev_004965,2024-01-04 00:00:00,4,4,0
dev_004966,2024-05-15 00:00:00,2,2,0
dev_004967,2024-04-26 00:00:00,2,1,0
dev_004968,2024-01-12 00:00:00,6,5,0
dev_004969,2024-08-14 00:00:00,1,1,0
dev_004970,2024-08-16 00:00:00,21,4,0
dev_004971,2024-01-26 00:00:00,2,2,0
dev_004972,2024-04-25 00:00:00,2,2,0
dev_004973,2024-11-14 00:00:00,4,3,0
dev_004974,2024-07-31 00:00:00,0,0,0
dev_004975,2024-05-30 00:00:00,3,3,0
dev_004976,2024-06-18 00:00:00,3,3,0
dev_004977,2024-03-17 00:00:00,5,4,0
dev_004978,2024-10-23 00:00:00,0,0,0
dev_004979,2024-11-29 00:00:00,1,1,0
dev_004980,2024-11-28 00:00:00,4,2,0
dev_004981,2024-03-22 00:00:00,2,2,0
dev_004982,2024-04-23 00:00:00,7,3,0
dev_004983,2024-02-28 00:00:00,8,4,0
dev_004984,2024-04-22 00:00:00,2,2,1
dev_004985,2024-05-01 00:00:00,6,3,0
dev_004986,2024-08-19 00:00:00,6,5,0
dev_004987,2024-03-10 00:00:00,4,4,0
dev_004988,2024-12-01 00:00:00,3,3,0
dev_004989,2024-02-07 00:00:00,2,2,0
dev_004990,2024-01-03 00:00:00,1,1,0
dev_004991,2024-11-08 00:00:00,4,4,1
dev_004992,2024-09-13 00:00:00,2,2,0
dev_004993,2024-05-09 00:00:00,3,3,0
dev_004994,2024-08-05 00:00:00,0,0,0
dev_004995,2024-03-22 00:00:00,1,1,0
dev_004996,2024-03-02 00:00:00,1,1,0
dev_004997,2024-06-20 00:00:00,199,1,0
dev_004998,2024-05-08 00:00:00,1,1,0
dev_004999,2024-08-12 00:00:00,3,3,0
dev_fraud_147843,2024-02-20 10:05:34,4,1,4
dev_ring_0024,2024-05-21 09:42:50,16,9,16
dev_fraud_582537,2024-06-18 07:13:04,1,1,1
dev_fraud_672114,2024-02-27 15:48:58,4,4,4
dev_fraud_321828,2024-03-23 13:43:34,1,1,1
dev_fraud_563858,2024-10-27 12:39:45,1,1,1
dev_fraud_414812,2024-08-21 05:36:57,1,1,1
dev_fraud_630810,2024-08-02 18:09:49,1,1,1
dev_fraud_546415,2024-10-19 10:38:18,1,1,1
dev_fraud_804663,2024-02-08 08:58:21,1,1,1
dev_fraud_191028,2024-02-20 05:38:24,4,4,4
dev_fraud_612984,2024-12-09 11:58:27,1,1,1
dev_fraud_355645,2024-05-19 20:15:43,1,1,1
dev_fraud_470417,2024-02-01 03:39:54,1,1,1
dev_fraud_417521,2024-11-12 11:53:15,1,1,1
dev_fraud_482481,2024-06-01 13:14:36,1,1,1
dev_fraud_208099,2024-12-27 06:44:22,1,1,1
dev_fraud_256285,2024-03-13 11:45:59,4,4,4
dev_fraud_210060,2024-01-10 16:52:12,1,1,1
dev_fraud_388144,2024-07-15 03:54:07,1,1,1
dev_fraud_931404,2024-08-21 07:29:37,1,1,1
dev_fraud_102770,2024-04-13 03:51:55,1,1,1
dev_fraud_979037,2024-01-20 03:34:17,1,1,1
dev_fraud_311908,2024-08-09 09:24:12,1,1,1
dev_fraud_495260,2024-08-10 21:01:29,1,1,1
dev_fraud_613879,2024-01-15 12:00:48,1,1,1
dev_fraud_122452,2024-12-14 12:50:16,8,1,8
dev_fraud_862898,2024-02-25 03:33:49,1,1,1
dev_fraud_402039,2024-03-16 07:43:01,1,1,1
dev_fraud_384880,2024-12-09 03:05:54,1,1,1
dev_fraud_631483,2024-12-09 04:57:25,7,1,7
dev_fraud_301231,2024-05-31 04:56:50,1,1,1
dev_fraud_734189,2024-10-23 18:32:01,1,1,1
dev_ring_0004,2024-02-17 00:03:06,16,7,16
dev_fraud_494547,2024-12-29 01:27:04,1,1,1
dev_fraud_200863,2024-01-01 15:53:22,1,1,1
dev_fraud_453634,2024-04-26 15:13:37,1,1,1
dev_fraud_992325,2024-09-29 14:19:54,1,1,1
dev_fraud_828312,2024-08-16 19:19:39,7,1,7
dev_fraud_351538,2024-05-22 10:28:33,1,1,1
dev_fraud_580751,2024-03-09 07:31:31,1,1,1
dev_fraud_276194,2024-12-22 08:18:10,5,1,5
dev_fraud_641616,2024-08-30 00:49:26,5,1,5
dev_fraud_692408,2024-08-12 03:47:52,1,1,1
dev_fraud_874690,2024-08-28 14:30:17,1,1,1
dev_fraud_113856,2024-04-04 00:18:23,3,3,3
dev_fraud_189067,2024-08-08 00:07:52,1,1,1
dev_fraud_666052,2024-10-02 11:09:44,1,1,1
dev_fraud_143850,2024-06-21 22:14:57,1,1,1
dev_fraud_745593,2024-12-11 08:40:27,1,1,1
dev_fraud_141072,2024-07-13 10:23:17,1,1,1
dev_fraud_537652,2024-06-03 01:32:50,1,1,1
dev_fraud_509829,2024-09-06 04:10:52,5,1,5
dev_fraud_749375,2024-04-24 22:14:51,1,1,1
dev_fraud_778149,2024-07-07 14:39:49,8,1,8
dev_fraud_190355,2024-11-04 23:47:43,1,1,1
dev_fraud_220742,2024-06-21 00:13:29,1,1,1
dev_fraud_517122,2024-06-08 22:49:37,3,3,3
dev_fraud_454021,2024-11-14 09:59:59,1,1,1
dev_fraud_422180,2024-01-17 18:49:44,4,4,4
dev_ring_0031,2024-05-31 19:42:40,13,6,13
dev_fraud_411265,2024-11-16 14:30:46,1,1,1
dev_fraud_740147,2024-04-26 12:58:25,4,1,4
dev_fraud_452984,2024-05-15 17:30:06,4,4,4
dev_fraud_331634,2024-02-25 14:04:45,1,1,1
dev_fraud_151388,2024-01-20 22:41:51,1,1,1
dev_fraud_505792,2024-11-09 01:36:13,1,1,1
dev_fraud_736096,2024-05-27 07:06:35,1,1,1
dev_fraud_601838,2024-03-31 15:24:34,1,1,1
dev_fraud_739322,2024-12-28 08:52:17,1,1,1
dev_fraud_934253,2024-07-25 11:36:08,1,1,1
dev_fraud_964562,2024-12-01 00:43:17,1,1,1
dev_fraud_905646,2024-07-28 21:30:05,1,1,1
dev_fraud_348914,2024-10-24 19:30:16,1,1,1
dev_fraud_127136,2024-01-12 02:05:06,1,1,1
dev_fraud_597292,2024-10-17 23:45:18,6,1,6
dev_fraud_635111,2024-04-05 05:51:25,5,5,5
dev_fraud_122536,2024-06-18 08:50:27,1,1,1
dev_fraud_359486,2024-01-11 00:12:35,1,1,1
dev_fraud_759742,2024-03-26 13:39:54,1,1,1
dev_fraud_114493,2024-06-19 05:40:09,1,1,1
dev_ring_0002,2024-05-20 12:45:01,12,5,12
dev_fraud_649967,2024-01-12 00:53:06,1,1,1
dev_fraud_774098,2024-08-17 15:10:47,1,1,1
dev_fraud_239652,2024-04-22 05:00:27,1,1,1
dev_fraud_839691,2024-07-19 11:02:58,1,1,1
dev_fraud_942285,2024-02-13 01:48:53,1,1,1
dev_fraud_564524,2024-12-13 13:23:15,7,1,7
dev_fraud_733985,2024-01-26 12:40:17,5,5,5
dev_fraud_581096,2024-01-15 01:35:33,4,4,4
dev_fraud_491339,2024-11-20 00:33:03,8,1,8
dev_fraud_493991,2024-03-15 13:08:39,5,5,5
dev_fraud_957629,2024-04-03 06:29:22,1,1,1
dev_fraud_850674,2024-03-04 00:18:12,5,1,5
dev_fraud_678026,2024-12-24 18:53:35,1,1,1
dev_fraud_823600,2024-04-22 20:06:27,1,1,1
dev_fraud_218084,2024-05-06 20:56:28,5,1,5
dev_fraud_222732,2024-12-16 18:51:07,1,1,1
dev_fraud_317268,2024-01-14 22:45:58,3,3,3
dev_fraud_462301,2024-01-31 01:20:53,1,1,1
dev_fraud_874995,2024-10-03 08:11:40,1,1,1
dev_fraud_127145,2024-08-08 07:23:46,1,1,1
dev_fraud_714712,2024-10-29 16:05:34,1,1,1
dev_fraud_905047,2024-11-08 21:20:46,4,1,4
dev_fraud_878308,2024-04-09 09:55:45,1,1,1
dev_fraud_275877,2024-10-04 18:02:30,1,1,1
dev_fraud_418824,2024-02-05 01:10:57,3,3,3
dev_fraud_521488,2024-06-13 13:46:29,1,1,1
dev_fraud_255963,2024-07-26 16:13:30,1,1,1
dev_fraud_679990,2024-05-30 20:48:37,1,1,1
dev_fraud_211759,2024-03-27 09:40:08,1,1,1
dev_fraud_894542,2024-09-15 12:49:51,1,1,1
dev_fraud_684287,2024-06-08 17:56:17,4,1,4
dev_fraud_693066,2024-10-11 23:09:10,1,1,1
dev_fraud_977386,2024-03-30 07:57:03,1,1,1
dev_fraud_162011,2024-09-23 16:27:53,1,1,1
dev_fraud_709801,2024-01-02 00:40:14,7,1,7
dev_fraud_711536,2024-12-30 08:19:36,1,1,1
dev_fraud_178983,2024-12-05 07:47:02,1,1,1
dev_fraud_842864,2024-06-13 03:23:40,1,1,1
dev_fraud_350243,2024-03-01 13:12:55,1,1,1
dev_fraud_439958,2024-10-28 13:54:32,1,1,1
dev_fraud_109116,2024-06-15 03:50:50,1,1,1
dev_ring_0000,2024-09-05 16:33:05,20,9,20
dev_fraud_450738,2024-03-30 09:13:25,1,1,1
dev_fraud_327205,2024-02-15 11:46:22,3,3,3
dev_fraud_492386,2024-07-13 11:48:25,1,1,1
dev_fraud_351815,2024-11-25 04:24:23,4,1,4
dev_fraud_224977,2024-02-10 01:40:05,5,5,5
dev_fraud_911062,2024-06-08 03:10:31,4,1,4
dev_ring_0035,2024-06-23 14:15:21,7,5,7
dev_fraud_329611,2024-12-12 06:14:57,1,1,1
dev_fraud_152963,2024-10-24 20:05:55,1,1,1
dev_fraud_901012,2024-03-28 22:22:41,1,1,1
dev_fraud_208004,2024-09-01 02:43:15,1,1,1
dev_fraud_249177,2024-11-14 18:05:04,1,1,1
dev_fraud_968835,2024-06-08 23:11:36,1,1,1
dev_fraud_480714,2024-03-08 21:57:48,1,1,1
dev_fraud_676305,2024-01-07 16:00:42,5,5,5
dev_fraud_192262,2024-11-02 01:43:53,1,1,1
dev_fraud_164376,2024-02-01 22:33:00,1,1,1
dev_fraud_796866,2024-04-02 11:46:32,1,1,1
dev_fraud_766380,2024-02-08 10:45:23,1,1,1
dev_fraud_693722,2024-12-09 07:56:31,5,1,5
dev_fraud_318196,2024-10-03 19:58:23,1,1,1
dev_fraud_355301,2024-08-04 07:54:14,3,3,3
dev_fraud_931979,2024-07-05 03:49:00,4,4,4
dev_fraud_163209,2024-11-30 08:40:03,1,1,1
dev_fraud_259544,2024-05-02 14:14:59,1,1,1
dev_fraud_273203,2024-02-05 13:29:20,1,1,1
dev_fraud_336818,2024-02-22 23:02:01,1,1,1
dev_ring_0020,2024-10-15 17:45:48,5,5,5
dev_fraud_349977,2024-10-01 03:31:59,1,1,1
dev_fraud_522968,2024-09-03 18:30:42,1,1,1
dev_fraud_993211,2024-02-24 02:25:11,3,3,3
dev_fraud_149394,2024-04-08 16:47:36,4,4,4
dev_fraud_684190,2024-02-04 05:11:44,1,1,1
dev_fraud_256958,2024-05-30 16:54:18,1,1,1
dev_fraud_336739,2024-01-14 18:23:37,1,1,1
dev_fraud_270791,2024-12-18 06:39:51,1,1,1
dev_fraud_740045,2024-06-13 20:05:59,1,1,1
dev_fraud_790721,2024-01-26 19:22:09,5,1,5
dev_fraud_918004,2024-01-05 16:18:07,4,4,4
dev_fraud_731143,2024-08-03 12:15:33,1,1,1
dev_fraud_486123,2024-01-14 07:22:47,1,1,1
dev_fraud_207461,2024-04-30 18:10:50,1,1,1
dev_fraud_144166,2024-07-31 20:55:06,1,1,1
dev_fraud_563165,2024-10-04 07:36:39,1,1,1
dev_fraud_913447,2024-03-21 12:10:24,1,1,1
dev_fraud_343422,2024-01-17 20:51:21,1,1,1
dev_fraud_750615,2024-03-29 05:03:13,4,4,4
dev_fraud_300274,2024-04-16 23:05:22,1,1,1
dev_fraud_818588,2024-07-23 13:35:23,7,1,7
dev_fraud_242291,2024-05-03 12:56:46,4,4,4
dev_fraud_122005,2024-09-16 21:45:03,1,1,1
dev_fraud_325902,2024-09-30 09:14:21,3,3,3
dev_fraud_406055,2024-11-25 22:01:39,1,1,1
dev_ring_0030,2024-05-31 20:53:40,15,8,15
dev_fraud_652244,2024-02-06 12:16:32,1,1,1
dev_fraud_961187,2024-05-14 21:16:03,1,1,1
dev_fraud_354974,2024-04-11 12:16:05,1,1,1
dev_fraud_126464,2024-07-12 11:22:30,8,1,8
dev_fraud_255649,2024-12-27 23:49:25,1,1,1
dev_fraud_300990,2024-08-12 01:07:20,4,1,4
dev_fraud_708753,2024-03-17 07:43:49,1,1,1
dev_fraud_507024,2024-04-28 07:12:45,1,1,1
dev_fraud_241702,2024-08-17 20:57:07,1,1,1
dev_fraud_375115,2024-12-19 11:53:19,1,1,1
dev_fraud_449338,2024-07-13 23:18:01,1,1,1
dev_fraud_591966,2024-10-03 19:50:12,1,1,1
dev_fraud_356665,2024-01-14 07:04:18,3,3,3
dev_fraud_195373,2024-02-13 08:13:33,1,1,1
dev_fraud_395057,2024-08-15 23:13:28,1,1,1
dev_fraud_507332,2024-07-29 04:37:18,1,1,1
dev_fraud_787908,2024-06-28 23:35:26,1,1,1
dev_fraud_365347,2024-09-02 04:21:06,3,3,3
dev_fraud_820640,2024-06-25 20:15:31,1,1,1
dev_fraud_144904,2024-05-30 14:33:45,1,1,1
dev_fraud_837332,2024-10-09 03:35:28,1,1,1
dev_fraud_390938,2024-09-19 03:32:40,1,1,1
dev_fraud_176547,2024-06-07 07:59:38,1,1,1
dev_fraud_810016,2024-04-04 21:23:01,4,4,4
dev_fraud_308103,2024-01-09 20:33:32,5,5,5
dev_fraud_542131,2024-02-22 16:58:40,1,1,1
dev_fraud_583658,2024-01-08 00:29:02,3,3,3
dev_fraud_386330,2024-10-07 07:30:54,5,1,5
dev_fraud_113823,2024-07-28 19:35:28,1,1,1
dev_ring_0011,2024-03-07 06:17:16,23,9,23
dev_fraud_534983,2024-09-01 10:10:04,1,1,1
dev_fraud_635452,2024-03-06 18:06:08,3,3,3
dev_fraud_562383,2024-03-14 20:44:23,5,5,5
dev_fraud_952725,2024-08-29 09:16:51,4,4,4
dev_fraud_787118,2024-12-27 04:01:07,1,1,1
dev_fraud_712614,2024-10-16 06:34:17,1,1,1
dev_fraud_284851,2024-12-05 08:05:07,1,1,1
dev_fraud_701343,2024-12-08 14:59:19,1,1,1
dev_ring_0032,2024-05-29 23:53:24,10,5,10
dev_fraud_396471,2024-07-10 21:00:33,1,1,1
dev_fraud_950323,2024-09-03 13:33:38,1,1,1
dev_fraud_206693,2024-02-20 12:23:33,7,1,7
dev_fraud_584969,2024-08-07 13:51:54,1,1,1
dev_fraud_359027,2024-01-20 22:19:33,1,1,1
dev_fraud_565263,2024-01-04 02:53:48,1,1,1
dev_fraud_167115,2024-01-06 17:00:41,5,5,5
dev_fraud_374178,2024-01-27 22:11:15,1,1,1
dev_fraud_136388,2024-11-16 20:14:23,1,1,1
dev_fraud_480614,2024-02-26 16:53:32,3,3,3
dev_fraud_972702,2024-11-18 08:35:05,1,1,1
dev_fraud_270316,2024-10-18 11:58:22,1,1,1
dev_fraud_752593,2024-03-10 08:04:31,1,1,1
dev_fraud_910249,2024-01-26 05:51:08,1,1,1
dev_fraud_324552,2024-03-27 01:55:59,1,1,1
dev_fraud_162830,2024-05-26 01:34:51,1,1,1
dev_fraud_589687,2024-03-23 09:04:50,1,1,1
dev_fraud_661206,2024-06-12 08:14:14,7,1,7
dev_ring_0025,2024-07-18 21:08:36,15,7,15
dev_fraud_713234,2024-12-16 01:32:01,1,1,1
dev_fraud_266001,2024-10-23 11:36:46,1,1,1
dev_fraud_740195,2024-04-10 13:30:27,1,1,1
dev_fraud_729630,2024-02-20 00:17:13,3,3,3
dev_fraud_909134,2024-12-26 16:00:16,1,1,1
dev_fraud_101160,2024-07-11 03:12:52,3,3,3
dev_fraud_931486,2024-12-23 01:01:17,1,1,1
dev_ring_0033,2024-05-02 07:19:23,15,8,15
dev_fraud_766287,2024-12-18 21:23:02,6,1,6
dev_fraud_659311,2024-01-08 14:28:31,1,1,1
dev_fraud_339228,2024-02-03 07:09:53,1,1,1
dev_fraud_574095,2024-11-09 21:54:51,1,1,1
dev_ring_0026,2024-01-10 05:29:13,15,9,15
dev_fraud_821987,2024-03-31 19:27:31,1,1,1
dev_fraud_131753,2024-04-01 22:11:26,1,1,1
dev_fraud_123581,2024-05-13 23:20:57,1,1,1
dev_fraud_126992,2024-04-25 11:10:03,3,3,3
dev_fraud_997217,2024-10-09 15:56:59,5,1,5
dev_fraud_501936,2024-07-22 05:30:50,5,1,5
dev_fraud_882510,2024-12-13 05:18:16,1,1,1
dev_fraud_834218,2024-10-16 16:20:15,1,1,1
dev_fraud_428946,2024-09-12 22:05:24,1,1,1
dev_fraud_112685,2024-04-22 08:17:51,4,1,4
dev_fraud_491258,2024-03-19 14:07:35,1,1,1
dev_fraud_482298,2024-09-02 10:35:45,1,1,1
dev_fraud_933928,2024-03-21 21:49:50,3,3,3
dev_ring_0005,2024-11-26 19:46:44,12,5,12
dev_fraud_330058,2024-03-06 18:44:31,4,4,4
dev_fraud_397644,2024-05-16 07:08:36,1,1,1
dev_fraud_343626,2024-04-25 00:38:45,1,1,1
dev_fraud_949362,2024-01-29 13:03:42,1,1,1
dev_fraud_758463,2024-01-07 03:25:16,1,1,1
dev_fraud_845862,2024-10-20 16:26:37,5,1,5
dev_fraud_197845,2024-01-24 11:13:27,4,4,4
dev_fraud_307618,2024-10-01 04:41:31,6,1,6
dev_fraud_217818,2024-01-08 14:27:52,7,1,7
dev_fraud_585250,2024-05-20 19:17:47,1,1,1
dev_fraud_153877,2024-04-03 07:25:33,7,1,7
dev_fraud_763411,2024-12-16 08:15:58,1,1,1
dev_fraud_167459,2024-01-06 01:52:59,4,4,4
dev_fraud_761402,2024-01-14 19:13:13,1,1,1
dev_fraud_218793,2024-05-04 02:46:44,5,1,5
dev_fraud_700252,2024-02-07 19:17:34,4,4,4
dev_fraud_312916,2024-07-25 02:02:10,1,1,1
dev_fraud_120009,2024-07-08 12:19:28,1,1,1
dev_fraud_469120,2024-06-19 15:34:18,1,1,1
dev_fraud_836050,2024-05-04 17:46:29,1,1,1
dev_fraud_657746,2024-06-28 14:47:11,1,1,1
dev_ring_0037,2024-06-23 21:09:26,10,6,10
dev_fraud_404828,2024-08-12 15:17:03,5,1,5
dev_fraud_119570,2024-04-23 16:16:20,1,1,1
dev_fraud_755468,2024-01-23 08:09:28,4,4,4
dev_fraud_601056,2024-08-11 08:55:18,7,1,7
dev_fraud_753605,2024-12-19 03:48:46,5,1,5
dev_fraud_503857,2024-07-29 18:35:08,4,1,4
dev_fraud_573453,2024-01-17 07:50:09,1,1,1
dev_fraud_447706,2024-05-23 00:38:08,1,1,1
dev_fraud_189765,2024-04-13 07:57:57,1,1,1
dev_fraud_368147,2024-05-29 14:28:00,1,1,1
dev_fraud_338240,2024-02-21 07:14:35,1,1,1
dev_fraud_275354,2024-02-23 21:28:34,3,3,3
dev_fraud_328297,2024-07-21 03:12:05,1,1,1
dev_fraud_460411,2024-09-05 06:46:14,1,1,1
dev_fraud_993101,2024-11-05 05:58:30,1,1,1
dev_fraud_893869,2024-11-13 10:57:20,1,1,1
dev_fraud_490631,2024-10-19 12:41:50,1,1,1
dev_fraud_856498,2024-03-22 00:34:10,1,1,1
dev_fraud_940048,2024-07-18 09:39:24,1,1,1
dev_fraud_778392,2024-05-02 10:20:35,1,1,1
dev_fraud_876713,2024-08-16 03:40:52,1,1,1
dev_fraud_190730,2024-02-19 02:01:49,1,1,1
dev_fraud_567546,2024-07-17 19:49:57,1,1,1
dev_fraud_397180,2024-11-08 14:44:22,1,1,1
dev_fraud_140872,2024-08-16 17:07:21,1,1,1
dev_fraud_603273,2024-05-04 15:35:24,1,1,1
dev_fraud_764216,2024-10-31 10:25:36,1,1,1
dev_fraud_193159,2024-09-02 07:17:48,1,1,1
dev_fraud_655260,2024-01-22 14:42:36,4,4,4
dev_fraud_470082,2024-06-15 19:47:02,1,1,1
dev_fraud_632225,2024-06-11 23:53:53,1,1,1
dev_fraud_161398,2024-01-04 21:29:22,5,5,5
dev_fraud_980237,2024-02-18 12:33:13,4,1,4
dev_fraud_817679,2024-01-03 16:27:56,5,5,5
dev_fraud_111222,2024-07-08 23:34:27,1,1,1
dev_ring_0018,2024-09-09 06:15:28,16,7,16
dev_fraud_436930,2024-10-23 17:52:14,1,1,1
dev_fraud_646943,2024-10-23 10:55:49,1,1,1
dev_fraud_663542,2024-02-25 07:00:01,1,1,1
dev_fraud_280506,2024-06-18 09:47:23,1,1,1
dev_fraud_236497,2024-04-08 15:59:36,1,1,1
dev_fraud_456723,2024-04-25 16:46:10,5,1,5
dev_fraud_865668,2024-02-06 01:33:30,1,1,1
dev_fraud_704668,2024-05-15 12:20:09,1,1,1
dev_fraud_958463,2024-07-09 14:04:53,1,1,1
dev_fraud_514217,2024-02-07 01:37:15,1,1,1
dev_fraud_409633,2024-04-16 21:34:25,1,1,1
dev_fraud_110846,2024-12-20 02:57:30,1,1,1
dev_fraud_369581,2024-02-26 10:57:27,1,1,1
dev_ring_0012,2024-06-23 17:05:30,13,6,13
dev_fraud_514882,2024-12-01 07:45:56,1,1,1
dev_fraud_919795,2024-02-03 14:14:10,5,5,5
dev_fraud_997361,2024-08-24 20:57:04,1,1,1
dev_fraud_397608,2024-03-10 01:13:15,1,1,1
dev_ring_0023,2024-02-20 09:20:42,16,7,16
dev_ring_0008,2024-02-21 18:45:59,14,8,14
dev_fraud_172612,2024-03-27 22:13:20,1,1,1
dev_fraud_356677,2024-04-23 00:51:54,1,1,1
dev_fraud_394227,2024-03-31 22:18:52,1,1,1
dev_fraud_128839,2024-05-16 12:53:56,1,1,1
dev_fraud_734744,2024-01-15 08:21:08,1,1,1
dev_fraud_478637,2024-06-03 02:57:51,1,1,1
dev_fraud_507215,2024-09-30 22:47:31,1,1,1
dev_fraud_963185,2024-01-19 19:05:48,1,1,1
dev_fraud_359405,2024-09-30 19:00:23,1,1,1
dev_fraud_988071,2024-10-13 04:13:08,8,1,8
dev_fraud_129753,2024-06-28 13:00:33,3,3,3
dev_fraud_485032,2024-09-07 09:21:46,1,1,1
dev_fraud_936790,2024-03-10 06:17:52,6,1,6
dev_fraud_620027,2024-07-28 02:51:48,1,1,1
dev_fraud_389425,2024-03-30 10:44:30,1,1,1
dev_fraud_339091,2024-02-15 01:09:08,1,1,1
dev_fraud_910081,2024-01-15 10:20:55,1,1,1
dev_fraud_279587,2024-11-29 02:31:14,1,1,1
dev_fraud_786007,2024-01-28 13:02:16,6,1,6
dev_fraud_881640,2024-02-15 13:56:39,1,1,1
dev_fraud_915490,2024-05-24 04:20:39,1,1,1
dev_ring_0029,2024-07-02 17:54:06,21,10,21
dev_fraud_341843,2024-07-10 01:48:57,6,1,6
dev_fraud_780466,2024-01-05 04:49:30,1,1,1
dev_fraud_492199,2024-05-08 02:07:14,1,1,1
dev_fraud_184209,2024-04-30 06:03:35,1,1,1
dev_fraud_960299,2024-04-14 02:08:27,5,5,5
dev_fraud_534344,2024-07-07 23:25:57,1,1,1
dev_fraud_327731,2024-10-08 18:26:09,1,1,1
dev_fraud_786839,2024-06-30 20:21:33,1,1,1
dev_fraud_830063,2024-08-25 16:06:07,1,1,1
dev_ring_0014,2024-09-06 10:23:28,20,9,20
dev_ring_0016,2024-04-15 02:23:22,12,7,12
dev_fraud_689131,2024-12-24 09:10:45,1,1,1
dev_fraud_457600,2024-04-04 23:09:11,6,1,6
dev_ring_0027,2024-10-18 01:43:19,9,5,9
dev_fraud_313892,2024-05-07 04:01:10,1,1,1
dev_fraud_248116,2024-01-27 03:00:21,1,1,1
dev_fraud_750655,2024-06-05 07:22:06,3,3,3
dev_fraud_341927,2024-08-22 19:12:40,4,4,4
dev_fraud_788838,2024-11-12 22:18:13,1,1,1
dev_fraud_844436,2024-01-11 07:17:13,3,3,3
dev_fraud_988293,2024-11-17 13:04:01,1,1,1
dev_fraud_323152,2024-10-18 00:55:08,1,1,1
dev_fraud_517307,2024-02-29 19:32:47,1,1,1
dev_fraud_818514,2024-11-15 12:04:17,1,1,1
dev_fraud_998975,2024-08-16 15:08:39,3,3,3
dev_fraud_550188,2024-11-06 04:15:45,1,1,1
dev_fraud_510450,2024-10-08 06:44:22,1,1,1
dev_ring_0017,2024-10-02 23:36:05,17,8,17
dev_fraud_269703,2024-08-08 14:08:00,1,1,1
dev_fraud_156805,2024-04-23 12:47:29,1,1,1
dev_fraud_961962,2024-11-20 08:37:04,1,1,1
dev_fraud_866906,2024-05-01 08:33:16,5,5,5
dev_fraud_534366,2024-11-11 08:54:55,1,1,1
dev_fraud_783947,2024-07-30 08:52:26,1,1,1
dev_fraud_782468,2024-11-07 19:25:00,1,1,1
dev_fraud_984647,2024-09-21 10:46:10,5,1,5
dev_fraud_504074,2024-07-19 17:16:16,1,1,1
dev_fraud_714524,2024-04-22 11:08:59,1,1,1
dev_fraud_854322,2024-07-11 06:06:59,1,1,1
dev_fraud_611712,2024-07-15 04:18:25,1,1,1
dev_fraud_422805,2024-06-06 14:55:54,1,1,1
dev_fraud_545941,2024-07-23 16:59:52,1,1,1
dev_fraud_240006,2024-10-24 21:35:44,1,1,1
dev_fraud_821620,2024-06-22 13:24:44,1,1,1
dev_fraud_329496,2024-08-13 01:54:05,1,1,1
dev_fraud_692877,2024-04-27 04:52:34,1,1,1
dev_fraud_649800,2024-01-28 13:30:09,1,1,1
dev_fraud_162676,2024-10-15 15:48:04,1,1,1
dev_fraud_312308,2024-06-11 12:46:01,1,1,1
dev_fraud_332027,2024-05-29 18:23:03,1,1,1
dev_fraud_537440,2024-04-28 15:15:57,1,1,1
dev_fraud_963877,2024-04-04 01:43:52,4,4,4
dev_fraud_419245,2024-06-23 01:31:52,3,3,3
dev_fraud_787458,2024-10-14 11:56:24,1,1,1
dev_fraud_322012,2024-02-17 09:37:56,1,1,1
dev_fraud_577396,2024-01-09 04:13:21,1,1,1
dev_fraud_395131,2024-01-10 09:45:26,1,1,1
dev_ring_0003,2024-07-01 07:04:25,11,6,11
dev_fraud_614657,2024-09-27 01:35:23,1,1,1
dev_fraud_241862,2024-10-23 23:12:13,1,1,1
dev_fraud_965054,2024-04-20 12:01:49,4,4,4
dev_fraud_374529,2024-10-20 20:42:56,1,1,1
dev_fraud_409433,2024-07-10 18:41:49,1,1,1
dev_fraud_447689,2024-11-21 04:27:37,1,1,1
dev_fraud_926353,2024-04-29 08:12:44,5,5,5
dev_fraud_486310,2024-06-07 20:23:59,6,1,6
dev_fraud_987425,2024-03-13 11:33:50,1,1,1
dev_fraud_501184,2024-11-30 12:00:24,1,1,1
dev_fraud_830658,2024-03-03 08:35:10,5,5,5
dev_fraud_649469,2024-04-19 07:51:28,1,1,1
dev_fraud_777765,2024-10-21 03:25:34,1,1,1
dev_fraud_457692,2024-09-24 08:23:01,6,1,6
dev_fraud_196920,2024-04-05 12:41:33,4,4,4
dev_fraud_715342,2024-12-27 05:20:34,6,1,6
dev_fraud_375253,2024-06-20 23:27:21,4,1,4
dev_fraud_683736,2024-04-04 23:04:14,1,1,1
dev_fraud_900060,2024-07-14 14:27:28,1,1,1
dev_ring_0022,2024-12-19 02:28:50,19,9,19
dev_fraud_884790,2024-01-02 02:12:20,5,5,5
dev_fraud_992207,2024-12-06 07:39:59,1,1,1
dev_fraud_509252,2024-09-08 22:03:48,1,1,1
dev_fraud_153462,2024-09-01 23:04:48,1,1,1
dev_fraud_619577,2024-09-19 03:33:47,1,1,1
dev_fraud_207057,2024-04-27 12:01:57,1,1,1
dev_fraud_278725,2024-09-29 19:14:54,1,1,1
dev_fraud_145792,2024-04-04 04:25:34,1,1,1
dev_fraud_136626,2024-03-18 12:55:25,1,1,1
dev_fraud_547700,2024-12-06 00:50:18,1,1,1
dev_fraud_200592,2024-11-10 07:47:12,1,1,1
dev_fraud_398148,2024-06-09 08:44:00,1,1,1
dev_fraud_840217,2024-03-01 07:06:25,7,1,7
dev_fraud_647574,2024-09-28 22:31:38,4,1,4
dev_fraud_173038,2024-06-23 06:51:45,1,1,1
dev_fraud_232042,2024-12-16 07:57:43,1,1,1
dev_fraud_390087,2024-10-26 08:53:58,1,1,1
dev_fraud_988881,2024-06-14 06:41:04,1,1,1
dev_fraud_377049,2024-07-08 01:54:32,1,1,1
dev_fraud_866132,2024-04-08 12:54:06,4,4,4
dev_fraud_151189,2024-10-23 14:27:54,1,1,1
dev_fraud_669779,2024-10-28 17:33:46,1,1,1
dev_fraud_557361,2024-11-15 09:32:18,1,1,1
dev_fraud_384627,2024-07-08 17:53:23,1,1,1
dev_fraud_810408,2024-01-23 06:06:53,1,1,1
dev_fraud_767638,2024-04-14 00:02:00,8,1,8
dev_ring_0019,2024-12-25 12:50:07,8,7,8
dev_fraud_153217,2024-11-16 22:49:35,1,1,1
dev_fraud_391633,2024-01-27 14:42:28,3,3,3
dev_fraud_136580,2024-05-09 20:01:03,1,1,1
dev_fraud_508760,2024-03-11 14:49:32,1,1,1
dev_fraud_909242,2024-01-24 22:27:47,5,5,5
dev_fraud_710604,2024-04-18 10:21:52,1,1,1
dev_fraud_625804,2024-04-18 04:47:08,1,1,1
dev_fraud_513848,2024-03-13 20:45:46,1,1,1
dev_fraud_381312,2024-02-10 22:07:36,1,1,1
dev_fraud_200021,2024-03-19 10:00:33,4,4,4
dev_fraud_171007,2024-06-21 03:19:04,1,1,1
dev_fraud_755536,2024-11-16 00:11:06,1,1,1
dev_fraud_575767,2024-11-02 12:18:54,1,1,1
dev_fraud_918562,2024-09-07 20:39:55,1,1,1
dev_fraud_888170,2024-06-04 09:33:34,1,1,1
dev_fraud_962282,2024-10-12 06:37:33,1,1,1
dev_fraud_710211,2024-10-29 05:06:18,1,1,1
dev_fraud_289173,2024-03-15 07:36:59,1,1,1
dev_fraud_817273,2024-01-30 20:32:45,4,4,4
dev_fraud_738656,2024-12-07 17:58:14,1,1,1
dev_fraud_416908,2024-03-04 21:07:18,1,1,1
dev_fraud_314141,2024-05-15 05:10:02,1,1,1
dev_ring_0009,2024-07-19 06:05:45,14,7,14
dev_fraud_883659,2024-07-13 13:05:57,1,1,1
dev_fraud_123831,2024-04-26 15:22:48,1,1,1
dev_fraud_524361,2024-10-30 20:25:51,1,1,1
dev_fraud_456726,2024-05-22 19:44:38,1,1,1
dev_fraud_707774,2024-10-09 10:49:08,1,1,1
dev_ring_0013,2024-02-09 09:47:42,16,10,16
dev_ring_0010,2024-06-03 10:47:50,16,8,16
dev_fraud_509231,2024-01-04 08:13:30,1,1,1
dev_fraud_567022,2024-02-02 16:38:03,1,1,1
dev_fraud_200660,2024-03-14 19:00:46,1,1,1
dev_fraud_391650,2024-03-18 22:54:56,1,1,1
dev_fraud_552591,2024-06-06 10:36:12,1,1,1
dev_fraud_203867,2024-09-04 02:59:14,1,1,1
dev_fraud_366669,2024-03-12 09:53:36,1,1,1
dev_fraud_422609,2024-01-02 15:38:25,4,4,4
dev_fraud_854504,2024-09-18 13:17:06,8,1,8
dev_fraud_851976,2024-01-09 21:04:35,1,1,1
dev_fraud_209001,2024-02-16 15:39:41,4,4,4
dev_fraud_691669,2024-06-20 05:17:53,1,1,1
dev_ring_0006,2024-07-17 09:56:33,15,7,15
dev_fraud_394698,2024-07-23 07:56:15,1,1,1
dev_fraud_790755,2024-05-18 21:57:31,1,1,1
dev_fraud_522209,2024-05-16 02:18:03,1,1,1
dev_fraud_142087,2024-09-22 12:03:32,1,1,1
dev_fraud_498991,2024-08-05 03:44:14,1,1,1
dev_fraud_192544,2024-01-23 12:25:14,1,1,1
dev_fraud_690284,2024-01-24 21:41:12,1,1,1
dev_fraud_377078,2024-07-05 06:16:25,1,1,1
dev_fraud_103781,2024-06-09 18:34:42,1,1,1
dev_fraud_104156,2024-09-05 09:59:07,1,1,1
dev_fraud_104267,2024-08-14 01:19:19,1,1,1
dev_fraud_346660,2024-01-16 21:46:16,5,5,5
dev_fraud_305780,2024-03-02 19:32:03,1,1,1
dev_fraud_124463,2024-09-16 05:06:31,1,1,1
dev_fraud_191073,2024-07-11 14:20:35,1,1,1
dev_fraud_493127,2024-08-11 21:45:07,1,1,1
dev_fraud_544304,2024-05-19 02:18:28,1,1,1
dev_fraud_489101,2024-11-27 19:36:04,1,1,1
dev_fraud_945983,2024-10-08 21:34:02,6,1,6
dev_fraud_776190,2024-08-14 06:32:08,1,1,1
dev_fraud_528004,2024-10-27 03:21:41,1,1,1
dev_fraud_196277,2024-07-19 05:23:38,1,1,1
dev_fraud_279907,2024-02-16 17:17:13,1,1,1
dev_fraud_639483,2024-06-29 10:29:37,1,1,1
dev_fraud_177737,2024-12-03 14:43:06,1,1,1
dev_fraud_759755,2024-05-15 06:20:56,1,1,1
dev_fraud_201774,2024-05-03 16:14:46,1,1,1
dev_fraud_847388,2024-07-06 00:46:23,1,1,1
dev_fraud_181154,2024-05-08 21:17:04,1,1,1
dev_fraud_344743,2024-03-18 19:49:14,4,4,4
dev_fraud_443636,2024-02-07 09:12:13,1,1,1
dev_fraud_923215,2024-05-08 10:12:08,1,1,1
dev_fraud_438771,2024-11-29 14:05:38,1,1,1
dev_fraud_950075,2024-04-08 03:51:43,1,1,1
dev_fraud_219501,2024-10-01 20:27:03,1,1,1
dev_fraud_569298,2024-04-29 11:00:18,1,1,1
dev_fraud_176372,2024-06-13 15:11:08,1,1,1
dev_fraud_415781,2024-04-20 07:23:13,1,1,1
dev_fraud_233804,2024-10-11 03:41:12,1,1,1
dev_fraud_374419,2024-07-17 23:06:56,1,1,1
dev_fraud_708932,2024-05-12 19:24:11,1,1,1
dev_fraud_504349,2024-06-28 03:24:04,1,1,1
dev_fraud_722760,2024-01-26 07:39:38,1,1,1
dev_fraud_453131,2024-06-30 11:28:15,1,1,1
dev_fraud_398704,2024-02-06 02:38:42,4,4,4
dev_fraud_741596,2024-12-21 16:04:57,1,1,1
dev_fraud_800324,2024-11-14 21:30:33,1,1,1
dev_fraud_340307,2024-03-03 15:52:35,1,1,1
dev_fraud_439429,2024-11-19 23:33:00,1,1,1
dev_fraud_382739,2024-04-07 14:01:46,1,1,1
dev_fraud_659612,2024-01-19 15:22:52,1,1,1
dev_fraud_528069,2024-02-28 00:51:29,1,1,1
dev_fraud_397285,2024-08-24 09:00:32,1,1,1
dev_fraud_236173,2024-01-08 00:07:07,1,1,1
dev_fraud_348185,2024-09-22 22:07:38,6,1,6
dev_fraud_338513,2024-08-13 23:19:19,1,1,1
dev_fraud_582953,2024-02-20 20:42:08,1,1,1
dev_fraud_591140,2024-09-25 05:35:41,1,1,1
dev_fraud_122035,2024-05-25 00:01:05,8,1,8
dev_fraud_788330,2024-10-12 17:58:04,1,1,1
dev_fraud_779984,2024-10-28 19:25:34,1,1,1
dev_fraud_350559,2024-04-09 13:07:58,1,1,1
dev_ring_0001,2024-01-18 12:47:15,13,6,13
dev_fraud_692674,2024-05-11 23:35:55,5,1,5
dev_fraud_694639,2024-07-18 01:27:27,1,1,1
dev_fraud_583693,2024-02-09 08:21:53,1,1,1
dev_fraud_663854,2024-01-29 09:32:18,3,3,3
dev_fraud_951920,2024-01-03 13:38:58,1,1,1
dev_fraud_286286,2024-03-05 11:08:23,1,1,1
dev_fraud_217761,2024-08-30 09:44:59,1,1,1
dev_fraud_150655,2024-04-10 09:55:32,8,1,8
dev_fraud_456370,2024-02-17 12:49:49,1,1,1
dev_fraud_233229,2024-01-26 12:47:51,4,4,4
dev_fraud_990181,2024-10-30 05:41:34,1,1,1
dev_fraud_628360,2024-05-13 21:33:21,1,1,1
dev_fraud_734524,2024-06-24 17:12:10,1,1,1
dev_fraud_189134,2024-02-27 00:37:31,1,1,1
dev_fraud_885384,2024-07-15 23:25:05,1,1,1
dev_fraud_154536,2024-06-20 12:49:40,1,1,1
dev_fraud_123603,2024-12-08 20:53:26,1,1,1
dev_fraud_224384,2024-01-04 14:09:41,1,1,1
dev_fraud_177086,2024-03-18 08:44:20,1,1,1
dev_fraud_237611,2024-08-13 06:59:23,6,1,6
dev_fraud_207503,2024-03-26 02:36:15,1,1,1
dev_fraud_246661,2024-04-03 01:55:11,4,4,4
dev_fraud_783932,2024-02-20 22:02:52,1,1,1
dev_fraud_137926,2024-05-16 16:04:36,1,1,1
dev_fraud_528556,2024-10-06 20:13:00,1,1,1
dev_fraud_313559,2024-06-23 18:11:52,6,1,6
dev_fraud_365695,2024-03-02 12:27:07,1,1,1
dev_fraud_458863,2024-01-06 16:21:50,1,1,1
dev_fraud_338314,2024-10-12 18:03:19,1,1,1
dev_fraud_785356,2024-11-30 14:23:36,1,1,1
dev_fraud_517333,2024-11-05 19:54:31,8,1,8
dev_fraud_658525,2024-09-07 14:50:32,1,1,1
dev_fraud_735488,2024-01-03 00:44:11,1,1,1
dev_fraud_835578,2024-01-22 16:53:42,5,1,5
dev_fraud_266708,2024-02-19 03:01:48,1,1,1
dev_fraud_788280,2024-11-22 21:00:20,1,1,1
dev_fraud_242677,2024-01-06 11:22:38,1,1,1
dev_fraud_881411,2024-07-26 07:33:37,1,1,1
dev_fraud_425382,2024-04-26 08:35:47,1,1,1
dev_fraud_303569,2024-12-04 16:15:12,1,1,1
dev_fraud_183943,2024-01-13 16:19:34,1,1,1
dev_fraud_183229,2024-07-30 11:23:31,1,1,1
dev_fraud_964885,2024-02-21 10:32:28,5,5,5
dev_fraud_512107,2024-07-10 19:48:46,1,1,1
dev_fraud_472588,2024-12-21 09:23:35,8,1,8
dev_fraud_283320,2024-02-13 22:36:19,1,1,1
dev_fraud_863052,2024-11-14 15:12:49,1,1,1
dev_fraud_302020,2024-12-30 13:57:54,1,1,1
dev_fraud_614258,2024-01-04 22:19:23,1,1,1
dev_fraud_742918,2024-05-30 08:27:37,1,1,1
dev_fraud_828157,2024-08-29 05:31:52,1,1,1
dev_fraud_580022,2024-02-08 14:35:50,1,1,1
dev_fraud_500025,2024-01-21 07:04:30,1,1,1
dev_fraud_595682,2024-12-28 18:29:43,5,1,5
dev_fraud_521664,2024-03-12 20:58:43,1,1,1
dev_fraud_304710,2024-01-09 08:12:11,4,4,4
dev_fraud_103352,2024-05-09 11:30:50,6,1,6
dev_fraud_462828,2024-01-28 14:22:37,4,4,4
dev_fraud_177742,2024-10-13 01:48:39,1,1,1
dev_fraud_272673,2024-05-16 14:04:48,3,3,3
dev_fraud_533020,2024-01-05 20:06:03,1,1,1
dev_fraud_797160,2024-08-26 03:26:28,1,1,1
dev_fraud_224496,2024-02-12 10:03:16,1,1,1
dev_fraud_858396,2024-01-10 21:43:36,1,1,1
dev_fraud_388525,2024-08-15 00:53:32,1,1,1
dev_fraud_895775,2024-06-16 17:15:28,7,1,7
dev_fraud_974793,2024-04-01 06:53:38,1,1,1
dev_fraud_103927,2024-12-08 00:25:07,1,1,1
dev_fraud_550689,2024-08-26 07:11:53,1,1,1
dev_fraud_473411,2024-07-31 16:54:29,1,1,1
dev_fraud_988879,2024-01-26 16:30:47,4,4,4
dev_fraud_637873,2024-01-02 06:03:27,5,5,5
dev_fraud_142412,2024-03-23 23:01:58,3,3,3
dev_fraud_723942,2024-11-15 08:36:13,6,1,6
dev_fraud_757450,2024-04-09 01:00:21,1,1,1
dev_fraud_949728,2024-03-26 21:03:33,1,1,1
dev_fraud_865896,2024-03-24 06:12:32,1,1,1
dev_fraud_646851,2024-08-21 15:26:51,1,1,1
dev_fraud_359554,2024-02-08 01:58:18,1,1,1
dev_fraud_729245,2024-12-26 12:29:30,1,1,1
dev_fraud_340569,2024-02-11 18:19:22,1,1,1
dev_ring_0021,2024-09-16 09:20:02,19,9,19
dev_fraud_403423,2024-11-23 13:22:58,1,1,1
dev_fraud_521882,2024-12-02 01:17:10,1,1,1
dev_fraud_277067,2024-05-23 23:23:57,1,1,1
dev_fraud_851419,2024-08-25 19:30:06,1,1,1
dev_fraud_717193,2024-08-15 15:59:36,1,1,1
dev_fraud_991029,2024-01-14 00:12:59,1,1,1
dev_fraud_117130,2024-09-21 17:53:13,1,1,1
dev_fraud_511604,2024-03-26 14:36:33,5,5,5
dev_fraud_585575,2024-06-18 15:45:05,1,1,1
dev_fraud_655617,2024-01-24 13:47:42,1,1,1
dev_fraud_164617,2024-11-21 23:32:17,1,1,1
dev_fraud_629959,2024-01-12 16:39:53,1,1,1
dev_fraud_319019,2024-04-07 22:42:42,4,4,4
dev_fraud_337637,2024-10-04 13:18:57,4,1,4
dev_fraud_749951,2024-11-14 00:33:49,1,1,1
dev_fraud_875719,2024-04-10 12:59:19,1,1,1
dev_fraud_959813,2024-06-07 03:39:24,1,1,1
dev_fraud_545955,2024-04-02 07:06:32,1,1,1
dev_fraud_359074,2024-03-04 22:24:28,4,4,4
dev_fraud_188117,2024-08-27 18:07:31,1,1,1
dev_fraud_613566,2024-05-10 13:47:37,4,4,4
dev_fraud_776669,2024-04-27 10:53:27,8,1,8
dev_fraud_361945,2024-09-23 06:53:40,1,1,1
dev_fraud_869873,2024-10-19 13:11:34,1,1,1
dev_fraud_870574,2024-03-21 03:22:27,4,1,4
dev_fraud_189956,2024-12-29 08:55:26,1,1,1
dev_fraud_484056,2024-06-22 18:22:34,4,4,4
dev_fraud_558287,2024-05-01 22:35:36,5,5,5
dev_fraud_218287,2024-01-29 04:56:07,1,1,1
dev_fraud_560333,2024-07-09 13:52:50,1,1,1
dev_fraud_399569,2024-05-27 15:21:14,1,1,1
dev_fraud_131581,2024-10-12 13:47:17,1,1,1
dev_fraud_303335,2024-12-11 04:23:53,1,1,1
dev_fraud_189938,2024-02-18 13:30:11,1,1,1
dev_fraud_795405,2024-08-12 04:10:50,1,1,1
dev_fraud_548624,2024-09-09 07:26:28,1,1,1
dev_fraud_318234,2024-09-06 10:50:41,1,1,1
dev_fraud_153774,2024-12-28 13:59:20,1,1,1
dev_fraud_739478,2024-01-19 06:05:47,1,1,1
dev_fraud_468131,2024-03-22 07:52:05,1,1,1
dev_fraud_364285,2024-07-27 22:02:51,1,1,1
dev_fraud_887339,2024-11-06 08:55:19,1,1,1
dev_fraud_575100,2024-01-05 14:34:37,1,1,1
dev_fraud_248610,2024-10-21 16:10:49,1,1,1
dev_fraud_830576,2024-07-30 06:40:09,1,1,1
dev_fraud_570850,2024-08-14 09:44:33,1,1,1
dev_fraud_951310,2024-05-26 12:27:41,1,1,1
dev_fraud_398614,2024-04-04 08:38:49,1,1,1
dev_fraud_437749,2024-03-04 07:01:42,1,1,1
dev_fraud_540338,2024-02-25 21:51:25,1,1,1
dev_fraud_684535,2024-11-11 02:06:48,1,1,1
dev_fraud_510622,2024-03-30 06:17:37,1,1,1
dev_fraud_972177,2024-01-06 16:12:07,5,5,5
dev_fraud_667136,2024-06-05 13:18:53,1,1,1
dev_fraud_520735,2024-03-29 02:20:56,1,1,1
dev_fraud_599537,2024-04-09 10:46:47,1,1,1
dev_fraud_571460,2024-07-17 22:11:41,1,1,1
dev_fraud_407795,2024-02-25 22:13:04,4,4,4
dev_fraud_777397,2024-08-25 11:57:44,1,1,1
dev_fraud_417059,2024-11-29 01:19:46,1,1,1
dev_fraud_200952,2024-10-05 14:46:23,1,1,1
dev_fraud_416079,2024-10-18 14:48:23,1,1,1
dev_fraud_266024,2024-05-07 03:51:30,1,1,1
dev_fraud_543313,2024-09-15 03:24:01,1,1,1
dev_fraud_889550,2024-01-01 16:54:51,1,1,1
dev_fraud_301525,2024-01-31 00:34:30,1,1,1
dev_fraud_331205,2024-12-27 06:50:05,1,1,1
dev_fraud_870077,2024-08-04 23:47:54,1,1,1
dev_fraud_384609,2024-03-05 04:03:28,5,1,5
dev_fraud_408823,2024-02-03 20:13:27,4,4,4
dev_fraud_930225,2024-01-05 08:58:11,5,5,5
dev_fraud_412313,2024-01-23 07:52:05,1,1,1
dev_fraud_158645,2024-07-20 23:51:29,1,1,1
dev_fraud_554748,2024-05-24 08:06:32,1,1,1
dev_fraud_567471,2024-10-01 12:20:07,1,1,1
dev_fraud_709528,2024-08-17 09:05:40,5,5,5
dev_fraud_141259,2024-08-14 16:26:19,1,1,1
dev_fraud_649204,2024-12-07 14:59:07,1,1,1
dev_fraud_858383,2024-09-04 23:10:31,6,1,6
dev_fraud_589051,2024-03-09 20:07:57,1,1,1
dev_fraud_360850,2024-08-15 01:20:09,1,1,1
dev_fraud_302077,2024-01-24 21:11:46,5,5,5
dev_fraud_857938,2024-02-16 12:22:47,1,1,1
dev_fraud_263189,2024-04-06 07:45:13,1,1,1
dev_fraud_338116,2024-02-09 16:47:25,1,1,1
dev_fraud_194336,2024-03-05 17:21:19,1,1,1
dev_fraud_961273,2024-08-30 13:15:43,1,1,1
dev_fraud_194719,2024-09-12 11:57:22,1,1,1
dev_fraud_407997,2024-02-11 12:16:57,3,3,3
dev_fraud_815523,2024-09-06 04:43:44,1,1,1
dev_fraud_245117,2024-06-03 17:41:06,1,1,1
dev_ring_0036,2024-08-03 18:44:10,20,10,20
dev_fraud_569912,2024-06-12 09:54:08,1,1,1
dev_fraud_285481,2024-04-11 04:48:57,1,1,1
dev_fraud_741960,2024-11-03 15:23:39,6,1,6
dev_fraud_503394,2024-05-23 11:23:16,1,1,1
dev_fraud_305502,2024-07-27 13:55:06,1,1,1
dev_fraud_675544,2024-09-16 19:59:38,1,1,1
dev_fraud_749231,2024-11-03 17:51:05,1,1,1
dev_fraud_915495,2024-04-08 09:15:44,1,1,1
dev_fraud_501157,2024-11-20 09:36:27,1,1,1
dev_fraud_515878,2024-10-14 03:33:24,1,1,1
dev_fraud_577764,2024-03-30 12:13:28,1,1,1
dev_ring_0007,2024-04-08 00:03:17,14,7,14
dev_fraud_710283,2024-01-15 21:30:19,1,1,1
dev_fraud_320369,2024-02-01 00:42:10,1,1,1
dev_fraud_949964,2024-01-14 21:53:09,4,4,4
dev_fraud_688368,2024-08-25 09:06:09,3,3,3
dev_fraud_186894,2024-08-28 04:01:19,1,1,1
dev_fraud_497093,2024-03-10 03:23:37,1,1,1
dev_ring_0034,2024-06-15 07:24:09,11,7,11
dev_fraud_826701,2024-05-29 21:31:37,1,1,1
dev_ring_0028,2024-07-11 03:44:29,14,5,14
dev_ring_0015,2024-12-14 14:53:17,16,8,16
dev_fraud_720686,2024-07-25 11:51:37,1,1,1
dev_fraud_491106,2024-02-16 01:14:56,1,1,1
dev_fraud_455759,2024-04-15 20:19:10,1,1,1
dev_fraud_269900,2024-12-13 07:36:01,1,1,1
dev_fraud_362019,2024-07-22 08:55:08,1,1,1
dev_fraud_481226,2024-01-18 11:55:52,1,1,1
dev_fraud_752032,2024-10-31 20:42:44,1,1,1
dev_fraud_178871,2024-12-26 06:27:51,1,1,1
dev_fraud_183284,2024-04-24 20:21:11,1,1,1
dev_fraud_269293,2024-09-13 22:29:10,1,1,1
dev_fraud_631669,2024-04-19 10:07:04,1,1,1
dev_fraud_739421,2024-01-09 19:24:43,1,1,1
dev_fraud_264986,2024-08-25 14:47:15,1,1,1
dev_fraud_285237,2024-03-20 23:47:36,1,1,1
dev_fraud_345819,2024-08-06 00:25:24,6,1,6
dev_fraud_478343,2024-10-01 12:20:14,1,1,1
dev_fraud_523299,2024-04-14 04:30:44,1,1,1
dev_fraud_949417,2024-03-23 04:11:33,1,1,1
dev_fraud_892931,2024-03-14 22:19:24,1,1,1
dev_fraud_419827,2024-12-22 14:43:19,4,1,4
dev_fraud_606095,2024-08-24 22:08:59,1,1,1
dev_fraud_462133,2024-11-22 00:13:10,1,1,1
dev_fraud_626071,2024-07-17 05:51:36,4,4,4
dev_fraud_964302,2024-07-24 02:19:30,1,1,1
dev_fraud_747711,2024-08-06 07:24:21,1,1,1
dev_fraud_402297,2024-08-30 08:13:47,1,1,1
dev_fraud_496916,2024-03-26 15:40:47,1,1,1
dev_fraud_842472,2024-08-09 18:30:46,1,1,1
dev_fraud_860890,2024-01-14 18:14:44,1,1,1
dev_fraud_203351,2024-05-06 06:10:53,1,1,1
dev_fraud_407733,2024-10-21 17:56:58,1,1,1
dev_fraud_887574,2024-11-14 14:44:56,1,1,1
dev_fraud_709806,2024-09-09 15:10:36,1,1,1
dev_fraud_693363,2024-03-22 05:32:42,1,1,1
dev_fraud_656793,2024-04-04 06:53:23,1,1,1
dev_fraud_782773,2024-05-15 09:33:58,1,1,1
dev_fraud_496044,2024-02-03 16:06:41,1,1,1
dev_fraud_160336,2024-03-26 14:26:52,1,1,1
dev_fraud_426090,2024-08-06 09:41:01,1,1,1
dev_fraud_735635,2024-02-02 15:02:25,1,1,1
dev_fraud_352993,2024-09-27 17:10:33,1,1,1
dev_fraud_429701,2024-05-27 06:28:58,1,1,1
dev_fraud_655893,2024-12-26 03:22:56,1,1,1
dev_fraud_826099,2024-03-09 16:09:50,1,1,1
dev_fraud_901236,2024-06-22 21:09:17,1,1,1
dev_fraud_850233,2024-01-30 01:21:56,7,1,7
dev_fraud_269626,2024-02-05 12:38:32,1,1,1
dev_fraud_478829,2024-03-16 05:39:23,5,5,5
dev_fraud_609302,2024-01-29 22:42:46,1,1,1
dev_fraud_786796,2024-09-18 23:37:07,1,1,1
dev_fraud_462484,2024-10-10 03:32:15,1,1,1
dev_fraud_927456,2024-03-15 01:29:47,4,1,4
dev_fraud_209561,2024-05-31 02:38:23,1,1,1
dev_fraud_486188,2024-12-26 03:30:08,1,1,1
dev_fraud_207019,2024-03-05 12:28:47,1,1,1
dev_fraud_235928,2024-03-15 07:00:58,1,1,1
dev_fraud_695990,2024-11-09 18:00:07,5,1,5
dev_fraud_526703,2024-04-20 01:42:57,1,1,1
dev_fraud_728370,2024-09-15 19:43:14,1,1,1
dev_fraud_389345,2024-09-05 10:06:47,6,1,6
dev_fraud_890316,2024-10-18 06:19:19,1,1,1
dev_fraud_845401,2024-03-21 03:24:15,3,3,3
dev_fraud_251158,2024-04-24 13:47:15,4,4,4
dev_fraud_455032,2024-04-04 03:01:11,1,1,1
dev_fraud_454641,2024-04-03 19:42:27,3,3,3
dev_fraud_224014,2024-07-20 21:34:32,1,1,1
dev_fraud_432089,2024-03-21 07:27:25,1,1,1
