id,transaction_id,customer_id,timestamp,reason,refund_amount,days_after_purchase
ret_000000,txn_0000004,cust_001634,2024-01-12 07:12:49,wrong_item,21.1,11
ret_000001,txn_0000024,cust_001339,2024-01-10 10:21:05,too_large,64.11,9
ret_000002,txn_0000029,cust_006297,2024-01-04 10:44:32,changed_mind,655.18,3
ret_000003,txn_0000032,cust_002488,2024-01-29 11:01:08,arrived_late,257.03,28
ret_000004,txn_0000050,cust_001634,2024-01-06 13:41:45,too_small,215.55,5
ret_000005,txn_0000059,cust_002131,2024-01-20 14:55:27,duplicate_order,39.25,19
ret_000006,txn_0000060,cust_002032,2024-01-05 15:14:18,too_small,92.24,4
ret_000007,txn_0000066,cust_003724,2024-01-19 16:02:38,too_small,62.05,18
ret_000008,txn_0000070,cust_005532,2024-01-08 16:48:18,defective_product,73.87,7
ret_000009,txn_0000073,cust_001634,2024-01-14 17:08:54,too_small,28.02,13
ret_000010,txn_0000174,cust_002032,2024-01-29 09:25:46,defective_product,35.18,27
ret_000011,txn_0000192,cust_002032,2024-01-17 12:12:23,not_as_described,22.17,15
ret_000012,txn_0000197,cust_000240,2024-01-11 12:47:54,defective_product,24.68,9
ret_000013,txn_0000202,cust_001634,2024-01-05 13:09:11,arrived_late,108.18,3
ret_000014,txn_0000206,cust_002032,2024-01-26 13:23:42,too_small,18.41,24
ret_000015,txn_0000218,cust_001634,2024-01-10 14:20:16,defective_product,153.47,8
ret_000016,txn_0000246,cust_006493,2024-01-05 17:29:27,no_longer_needed,94.53,3
ret_000017,txn_0000250,cust_005206,2024-01-16 17:50:10,not_as_described,38.68,14
ret_000018,txn_0000274,cust_004824,2024-01-16 20:10:39,better_price_found,61.15,14
ret_000019,txn_0000280,cust_001634,2024-01-27 20:33:15,too_small,104.33,25
ret_000020,txn_0000294,cust_001634,2024-01-27 22:10:04,arrived_late,38.79,25
ret_000021,txn_0000312,cust_008889,2024-01-11 08:41:28,arrived_late,37.0,8
ret_000022,txn_0000323,cust_001634,2024-01-12 09:12:56,duplicate_order,34.88,9
ret_000023,txn_0000343,cust_008361,2024-01-15 11:03:26,arrived_late,18982.82,12
ret_000024,txn_0000346,cust_001634,2024-01-31 11:16:39,too_small,42.06,28
ret_000025,txn_0000369,cust_001634,2024-01-13 13:18:20,too_large,101.1,10
ret_000026,txn_0000380,cust_001527,2024-01-26 14:58:02,defective_product,425.87,23
ret_000027,txn_0000388,cust_006411,2024-01-16 16:27:56,no_longer_needed,2549.31,13
ret_000028,txn_0000390,cust_003734,2024-01-12 16:32:41,no_longer_needed,41.72,9
ret_000029,txn_0000391,cust_001634,2024-01-19 16:35:20,duplicate_order,63.55,16
ret_000030,txn_0000420,cust_008168,2024-01-16 19:44:12,changed_mind,29.86,13
ret_000031,txn_0000460,cust_002032,2024-01-12 07:04:46,no_longer_needed,85.2,8
ret_000032,txn_0000461,cust_001634,2024-02-01 07:10:40,defective_product,15.84,28
ret_000033,txn_0000462,cust_003012,2024-01-05 07:21:53,not_as_described,23.4,1
ret_000034,txn_0000463,cust_007620,2024-01-20 07:37:34,better_price_found,1664.31,16
ret_000035,txn_0000464,cust_001634,2024-01-10 07:40:51,better_price_found,32.33,6
ret_000036,txn_0000468,cust_006496,2024-01-25 08:22:02,not_as_described,273.95,21
ret_000037,txn_0000469,cust_001634,2024-01-10 08:56:57,wrong_item,73.3,6
ret_000038,txn_0000482,cust_001634,2024-01-20 10:47:47,too_small,49.68,16
ret_000039,txn_0000484,cust_002032,2024-01-19 11:05:59,changed_mind,117.78,15
ret_000040,txn_0000485,cust_001634,2024-01-10 11:06:00,no_longer_needed,65.24,6
ret_000041,txn_0000492,cust_001634,2024-01-12 11:24:41,not_as_described,44.0,8
ret_000042,txn_0000509,cust_008168,2024-01-30 13:14:46,better_price_found,66.72,26
ret_000043,txn_0000510,cust_002118,2024-01-07 13:16:36,duplicate_order,34.14,3
ret_000044,txn_0000522,cust_001634,2024-01-11 14:58:44,no_longer_needed,13.55,7
ret_000045,txn_0000530,cust_004581,2024-01-07 15:48:44,too_small,69.03,3
ret_000046,txn_0000533,cust_009460,2024-01-23 16:09:39,defective_product,37.43,19
ret_000047,txn_0000546,cust_001634,2024-01-23 17:43:25,defective_product,41.18,19
ret_000048,txn_0000575,cust_009460,2024-01-28 21:24:29,not_as_described,29.34,24
ret_000049,txn_0000604,cust_003594,2024-02-03 07:21:42,defective_product,46.66,29
ret_000050,txn_0000616,cust_006373,2024-01-21 09:56:35,too_small,39.29,16
ret_000051,txn_0000669,cust_002225,2024-01-11 14:54:02,changed_mind,20835.94,6
ret_000052,txn_0000683,cust_005529,2024-01-11 17:36:07,no_longer_needed,52.87,6
ret_000053,txn_0000691,cust_001634,2024-01-17 18:39:59,too_large,70.25,12
ret_000054,txn_0000692,cust_000544,2024-02-03 18:46:54,changed_mind,74.84,29
ret_000055,txn_0000708,cust_007266,2024-01-20 20:02:40,no_longer_needed,390.54,15
ret_000056,txn_0000729,cust_001659,2024-01-07 23:01:43,changed_mind,51.75,2
ret_000057,txn_0000730,cust_001634,2024-01-25 23:03:37,better_price_found,40.35,20
ret_000058,txn_0000752,cust_001634,2024-01-17 09:29:45,too_large,169.23,11
ret_000059,txn_0000782,cust_009259,2024-01-19 13:05:16,defective_product,31.91,13
ret_000060,txn_0000795,cust_002104,2024-01-18 14:08:40,no_longer_needed,82.48,12
ret_000061,txn_0000816,cust_001061,2024-01-12 16:27:17,changed_mind,314.32,6
ret_000062,txn_0000831,cust_001634,2024-01-27 18:08:25,too_large,11.56,21
ret_000063,txn_0000834,cust_001634,2024-01-10 18:24:24,changed_mind,191.15,4
ret_000064,txn_0000876,cust_002032,2024-01-26 23:38:58,too_large,139.73,20
ret_000065,txn_0000889,cust_002032,2024-01-11 08:52:27,changed_mind,141.39,4
ret_000066,txn_0000897,cust_001634,2024-01-10 09:46:26,changed_mind,289.97,3
ret_000067,txn_0000909,cust_001634,2024-01-15 11:30:56,too_large,15.12,8
ret_000068,txn_0000924,cust_009809,2024-01-19 13:29:40,not_as_described,83.41,12
ret_000069,txn_0000970,cust_001634,2024-01-20 19:16:06,arrived_late,228.98,13
ret_000070,txn_0000973,cust_001634,2024-02-04 19:26:25,arrived_late,68.23,28
ret_000071,txn_0000975,cust_001634,2024-01-11 19:34:38,changed_mind,36.08,4
ret_000072,txn_0000978,cust_001634,2024-01-30 19:44:02,too_large,94.44,23
ret_000073,txn_0000981,cust_002749,2024-01-11 20:07:00,changed_mind,84.96,4
ret_000074,txn_0001007,cust_009969,2024-01-18 06:34:32,no_longer_needed,22.51,10
ret_000075,txn_0001013,cust_001634,2024-01-25 09:09:39,too_large,22.62,17
ret_000076,txn_0001029,cust_001634,2024-01-23 10:40:20,not_as_described,159.27,15
ret_000077,txn_0001031,cust_001634,2024-01-25 10:50:40,not_as_described,49.78,17
ret_000078,txn_0001033,cust_001634,2024-01-30 11:14:43,changed_mind,58.74,22
ret_000079,txn_0001035,cust_001634,2024-02-05 11:23:37,defective_product,176.18,28
ret_000080,txn_0001041,cust_002032,2024-02-02 11:46:38,wrong_item,52.1,25
ret_000081,txn_0001065,cust_009460,2024-02-06 14:22:13,too_large,51.33,29
ret_000082,txn_0001068,cust_001707,2024-02-01 14:28:31,changed_mind,5436.7,24
ret_000083,txn_0001075,cust_000578,2024-01-15 14:36:24,changed_mind,18.89,7
ret_000084,txn_0001113,cust_001634,2024-01-15 19:02:36,duplicate_order,79.74,7
ret_000085,txn_0001115,cust_001756,2024-01-27 19:16:47,too_large,86.74,19
ret_000086,txn_0001118,cust_002267,2024-02-06 19:29:06,better_price_found,103.28,29
ret_000087,txn_0001160,cust_006301,2024-02-03 08:16:10,too_small,31.24,25
ret_000088,txn_0001191,cust_001634,2024-01-24 12:24:34,too_large,133.47,15
ret_000089,txn_0001213,cust_001634,2024-01-24 15:34:04,arrived_late,9.33,15
ret_000090,txn_0001236,cust_009460,2024-02-06 18:39:03,too_large,162.93,28
ret_000091,txn_0001237,cust_002032,2024-01-27 18:42:20,not_as_described,56.68,18
ret_000092,txn_0001275,cust_009835,2024-01-17 21:49:55,defective_product,49.7,8
ret_000093,txn_0001282,cust_001634,2024-01-16 22:47:07,better_price_found,91.98,7
ret_000094,txn_0001332,cust_001634,2024-02-05 12:21:44,too_small,48.03,26
ret_000095,txn_0001335,cust_001634,2024-01-18 12:33:06,too_small,36.63,8
ret_000096,txn_0001336,cust_001634,2024-01-22 12:34:10,better_price_found,52.32,12
ret_000097,txn_0001337,cust_005958,2024-01-23 12:40:44,changed_mind,71.69,13
ret_000098,txn_0001346,cust_001634,2024-02-02 13:23:51,changed_mind,95.55,23
ret_000099,txn_0001367,cust_000052,2024-02-07 15:00:34,defective_product,122.42,28
ret_000100,txn_0001389,cust_001634,2024-02-08 18:31:31,better_price_found,58.42,29
ret_000101,txn_0001404,cust_001634,2024-02-02 20:09:55,duplicate_order,14.45,23
ret_000102,txn_0001421,cust_001634,2024-01-25 21:58:42,too_small,13.11,15
ret_000103,txn_0001430,cust_008993,2024-01-26 23:20:51,arrived_late,41.59,16
ret_000104,txn_0001432,cust_001634,2024-01-24 23:43:33,not_as_described,254.19,14
ret_000105,txn_0001483,cust_006659,2024-01-29 11:26:10,no_longer_needed,26.84,18
ret_000106,txn_0001486,cust_002118,2024-01-22 11:41:55,defective_product,32.34,11
ret_000107,txn_0001487,cust_009835,2024-01-15 11:43:04,defective_product,13.23,4
ret_000108,txn_0001491,cust_002716,2024-02-05 12:14:31,too_small,82.74,25
ret_000109,txn_0001492,cust_001634,2024-02-04 12:16:29,too_large,78.55,24
ret_000110,txn_0001505,cust_001634,2024-01-18 13:04:31,wrong_item,408.73,7
ret_000111,txn_0001506,cust_001634,2024-01-23 13:26:31,changed_mind,26.96,12
ret_000112,txn_0001515,cust_009214,2024-01-25 14:28:06,better_price_found,1817.45,14
ret_000113,txn_0001522,cust_008168,2024-01-20 15:18:54,changed_mind,79.94,9
ret_000114,txn_0001523,cust_001634,2024-02-07 15:28:22,better_price_found,29.39,27
ret_000115,txn_0001527,cust_000558,2024-02-03 15:52:45,defective_product,125.58,23
ret_000116,txn_0001533,cust_007293,2024-02-05 16:29:13,duplicate_order,4348.19,25
ret_000117,txn_0001559,cust_001634,2024-02-02 19:55:57,too_small,26.83,22
ret_000118,txn_0001574,cust_000857,2024-01-26 21:24:09,too_large,38.54,15
ret_000119,txn_0001579,cust_002032,2024-01-21 21:55:55,arrived_late,18.09,10
ret_000120,txn_0001582,cust_001634,2024-01-30 22:37:50,too_small,60.71,19
ret_000121,txn_0001588,cust_000077,2024-01-21 00:40:02,arrived_late,8762.67,9
ret_000122,txn_0001593,cust_005703,2024-01-28 06:33:35,no_longer_needed,40.0,16
ret_000123,txn_0001599,cust_002103,2024-01-31 07:34:44,changed_mind,98.07,19
ret_000124,txn_0001603,cust_008577,2024-01-27 08:24:03,defective_product,61.04,15
ret_000125,txn_0001609,cust_001634,2024-01-27 09:20:11,duplicate_order,41.69,15
ret_000126,txn_0001627,cust_001634,2024-02-09 11:16:00,too_small,70.72,28
ret_000127,txn_0001642,cust_002032,2024-01-25 12:21:47,too_large,189.97,13
ret_000128,txn_0001655,cust_001917,2024-01-14 13:01:49,no_longer_needed,37.37,2
ret_000129,txn_0001656,cust_005529,2024-01-19 13:17:35,defective_product,78.55,7
ret_000130,txn_0001657,cust_002032,2024-02-09 13:19:51,no_longer_needed,27.03,28
ret_000131,txn_0001659,cust_002222,2024-01-17 13:26:23,changed_mind,123.0,5
ret_000132,txn_0001665,cust_002032,2024-01-22 13:48:45,not_as_described,140.67,10
ret_000133,txn_0001685,cust_000315,2024-01-20 16:47:27,arrived_late,131.56,8
ret_000134,txn_0001691,cust_001634,2024-02-04 17:21:35,arrived_late,51.63,23
ret_000135,txn_0001723,cust_001634,2024-01-27 20:00:50,changed_mind,60.06,15
ret_000136,txn_0001724,cust_003245,2024-01-31 20:01:19,too_large,75.12,19
ret_000137,txn_0001753,cust_001634,2024-01-28 22:52:22,too_large,270.06,16
ret_000138,txn_0001765,cust_003002,2024-01-17 07:10:08,too_small,56.79,4
ret_000139,txn_0001780,cust_002032,2024-01-25 09:41:18,duplicate_order,58.47,12
ret_000140,txn_0001795,cust_006730,2024-01-27 11:11:31,defective_product,26.36,14
ret_000141,txn_0001813,cust_003394,2024-01-31 12:58:27,defective_product,97.38,18
ret_000142,txn_0001814,cust_003299,2024-02-04 13:10:04,no_longer_needed,151.19,22
ret_000143,txn_0001822,cust_002800,2024-01-16 13:40:13,better_price_found,152.92,3
ret_000144,txn_0001823,cust_009835,2024-02-09 13:41:27,changed_mind,15.29,27
ret_000145,txn_0001830,cust_001634,2024-01-26 14:13:09,no_longer_needed,63.99,13
ret_000146,txn_0001847,cust_008482,2024-01-17 15:54:26,changed_mind,136.95,4
ret_000147,txn_0001851,cust_001634,2024-01-20 16:10:55,no_longer_needed,49.83,7
ret_000148,txn_0001853,cust_009835,2024-02-08 16:12:56,better_price_found,56.09,26
ret_000149,txn_0001863,cust_003597,2024-01-17 17:19:33,not_as_described,54.22,4
ret_000150,txn_0001883,cust_001634,2024-01-28 19:28:12,wrong_item,56.91,15
ret_000151,txn_0001885,cust_002032,2024-01-17 19:49:21,changed_mind,71.35,4
ret_000152,txn_0001889,cust_000857,2024-02-05 20:26:55,changed_mind,36.55,23
ret_000153,txn_0001912,cust_000450,2024-02-01 23:46:18,better_price_found,60.19,19
ret_000154,txn_0001918,cust_001634,2024-02-11 06:41:47,defective_product,73.8,28
ret_000155,txn_0001936,cust_001634,2024-02-04 10:15:07,too_small,134.56,21
ret_000156,txn_0001951,cust_004675,2024-01-16 12:14:32,changed_mind,356.79,2
ret_000157,txn_0001961,cust_006841,2024-01-22 13:08:26,duplicate_order,53.09,8
ret_000158,txn_0001976,cust_002032,2024-01-20 14:40:17,no_longer_needed,38.0,6
ret_000159,txn_0001982,cust_001634,2024-02-10 15:15:05,arrived_late,85.47,27
ret_000160,txn_0001985,cust_007536,2024-02-04 15:35:24,too_large,34.03,21
ret_000161,txn_0002011,cust_006878,2024-02-11 19:32:00,defective_product,75.74,28
ret_000162,txn_0002014,cust_009579,2024-02-11 19:41:46,better_price_found,78.31,28
ret_000163,txn_0002030,cust_001634,2024-01-30 21:38:32,not_as_described,104.87,16
ret_000164,txn_0002031,cust_001634,2024-01-24 21:49:28,better_price_found,36.8,10
ret_000165,txn_0002036,cust_001634,2024-02-02 22:12:45,duplicate_order,109.22,19
ret_000166,txn_0002038,cust_000804,2024-01-19 22:42:57,arrived_late,83.68,5
ret_000167,txn_0002046,cust_003735,2024-02-02 06:21:28,not_as_described,245.74,18
ret_000168,txn_0002048,cust_008162,2024-02-09 07:05:06,arrived_late,14.69,25
ret_000169,txn_0002066,cust_001634,2024-01-30 09:44:21,wrong_item,50.84,15
ret_000170,txn_0002096,cust_009097,2024-01-16 12:46:21,better_price_found,49.94,1
ret_000171,txn_0002125,cust_001634,2024-01-23 16:41:44,duplicate_order,70.68,8
ret_000172,txn_0002153,cust_000531,2024-02-02 20:30:36,no_longer_needed,69.54,18
ret_000173,txn_0002172,cust_009579,2024-01-28 23:23:30,too_small,18.99,13
ret_000174,txn_0002182,cust_004757,2024-02-03 08:37:28,duplicate_order,74.12,18
ret_000175,txn_0002199,cust_001634,2024-01-27 09:58:14,no_longer_needed,38.51,11
ret_000176,txn_0002212,cust_001634,2024-01-25 10:53:54,too_large,15.49,9
ret_000177,txn_0002219,cust_002032,2024-02-13 11:33:23,not_as_described,44.74,28
ret_000178,txn_0002235,cust_004927,2024-02-08 12:35:57,too_small,57.07,23
ret_000179,txn_0002244,cust_001341,2024-02-07 13:02:08,too_small,67.68,22
ret_000180,txn_0002250,cust_001634,2024-02-04 13:37:10,not_as_described,48.17,19
ret_000181,txn_0002251,cust_008062,2024-02-11 13:47:12,too_small,16.94,26
ret_000182,txn_0002258,cust_001634,2024-01-19 14:45:57,better_price_found,33.37,3
ret_000183,txn_0002273,cust_008136,2024-02-13 18:16:18,wrong_item,33.67,28
ret_000184,txn_0002279,cust_001634,2024-02-09 19:22:31,defective_product,33.74,24
ret_000185,txn_0002299,cust_001634,2024-02-08 20:43:10,duplicate_order,75.89,23
ret_000186,txn_0002300,cust_009422,2024-02-04 20:48:34,too_small,123.86,19
ret_000187,txn_0002305,cust_001634,2024-01-25 21:35:39,wrong_item,69.72,9
ret_000188,txn_0002310,cust_000506,2024-01-23 21:46:16,too_small,720.73,7
ret_000189,txn_0002329,cust_001634,2024-02-14 08:32:51,too_small,56.8,28
ret_000190,txn_0002338,cust_001634,2024-02-13 09:53:34,not_as_described,619.84,27
ret_000191,txn_0002339,cust_007459,2024-02-08 09:54:37,better_price_found,150.54,22
ret_000192,txn_0002340,cust_001634,2024-01-24 10:03:31,wrong_item,36.46,7
ret_000193,txn_0002344,cust_002800,2024-01-20 10:18:53,better_price_found,18.48,3
ret_000194,txn_0002351,cust_001634,2024-01-25 10:54:25,wrong_item,8.26,8
ret_000195,txn_0002367,cust_001634,2024-02-15 13:02:31,changed_mind,29.6,29
ret_000196,txn_0002392,cust_009861,2024-01-26 15:30:02,duplicate_order,121.82,9
ret_000197,txn_0002414,cust_001634,2024-01-26 18:12:08,duplicate_order,52.64,9
ret_000198,txn_0002435,cust_001634,2024-02-09 19:38:35,changed_mind,48.77,23
ret_000199,txn_0002439,cust_009070,2024-01-26 20:08:22,changed_mind,29.16,9
ret_000200,txn_0002470,cust_001634,2024-01-25 06:19:30,too_large,26.6,7
ret_000201,txn_0002493,cust_000702,2024-02-16 11:03:32,not_as_described,18.33,29
ret_000202,txn_0002529,cust_001572,2024-01-23 13:53:33,not_as_described,117.14,5
ret_000203,txn_0002531,cust_001634,2024-02-09 14:05:36,defective_product,85.83,22
ret_000204,txn_0002535,cust_001634,2024-02-10 14:44:10,not_as_described,35.34,23
ret_000205,txn_0002540,cust_001634,2024-02-12 14:47:47,wrong_item,15.09,25
ret_000206,txn_0002544,cust_004155,2024-02-06 15:11:03,better_price_found,128.32,19
ret_000207,txn_0002554,cust_001634,2024-01-22 16:07:59,better_price_found,24.96,4
ret_000208,txn_0002559,cust_003734,2024-02-06 17:06:39,wrong_item,79.21,19
ret_000209,txn_0002560,cust_001634,2024-02-13 17:35:32,defective_product,293.06,26
ret_000210,txn_0002564,cust_001634,2024-02-03 17:54:21,no_longer_needed,160.56,16
ret_000211,txn_0002569,cust_008136,2024-01-23 18:58:29,not_as_described,35.58,5
ret_000212,txn_0002582,cust_000857,2024-02-04 20:21:54,not_as_described,36.85,17
ret_000213,txn_0002591,cust_005703,2024-01-22 21:03:06,better_price_found,547.29,4
ret_000214,txn_0002626,cust_002032,2024-01-29 08:14:25,not_as_described,34.4,10
ret_000215,txn_0002629,cust_001634,2024-02-12 08:58:33,defective_product,74.95,24
ret_000216,txn_0002630,cust_002032,2024-01-24 08:59:10,defective_product,45.65,5
ret_000217,txn_0002647,cust_001634,2024-02-03 11:11:37,defective_product,305.68,15
ret_000218,txn_0002663,cust_002032,2024-01-29 12:02:22,wrong_item,14.62,10
ret_000219,txn_0002667,cust_009835,2024-02-16 12:24:10,no_longer_needed,284.66,28
ret_000220,txn_0002669,cust_002032,2024-01-23 12:36:15,wrong_item,103.41,4
ret_000221,txn_0002673,cust_001634,2024-02-16 13:09:55,wrong_item,62.22,28
ret_000222,txn_0002676,cust_006730,2024-02-10 13:25:05,no_longer_needed,21.69,22
ret_000223,txn_0002686,cust_002032,2024-02-02 14:44:06,defective_product,61.09,14
ret_000224,txn_0002702,cust_003163,2024-01-28 16:36:04,too_large,35.2,9
ret_000225,txn_0002721,cust_007404,2024-01-25 19:50:22,better_price_found,620.08,6
ret_000226,txn_0002724,cust_002032,2024-02-14 20:24:45,arrived_late,77.81,26
ret_000227,txn_0002739,cust_001634,2024-02-15 22:21:29,not_as_described,141.58,27
ret_000228,txn_0002740,cust_007428,2024-02-10 22:31:01,duplicate_order,280.84,22
ret_000229,txn_0002742,cust_001634,2024-01-24 22:45:46,too_large,13.65,5
ret_000230,txn_0002753,cust_001648,2024-02-14 06:34:33,too_small,199.46,25
ret_000231,txn_0002756,cust_001634,2024-01-31 07:14:55,defective_product,19.84,11
ret_000232,txn_0002770,cust_002032,2024-02-14 09:04:45,wrong_item,17.87,25
ret_000233,txn_0002772,cust_002032,2024-02-07 09:21:02,too_large,46.04,18
ret_000234,txn_0002774,cust_002032,2024-02-08 09:41:27,better_price_found,27.98,19
ret_000235,txn_0002782,cust_009812,2024-02-01 10:14:47,defective_product,26.69,12
ret_000236,txn_0002786,cust_001634,2024-01-23 10:32:24,defective_product,48.45,3
ret_000237,txn_0002788,cust_009669,2024-02-13 10:35:07,changed_mind,447.47,24
ret_000238,txn_0002815,cust_007837,2024-01-30 12:36:39,no_longer_needed,83.26,10
ret_000239,txn_0002824,cust_001634,2024-02-15 13:47:03,arrived_late,12.77,26
ret_000240,txn_0002850,cust_001634,2024-02-09 16:26:39,no_longer_needed,24.95,20
ret_000241,txn_0002897,cust_001634,2024-01-23 21:18:31,defective_product,96.9,3
ret_000242,txn_0002910,cust_001634,2024-02-12 23:04:03,too_small,37.11,23
ret_000243,txn_0002919,cust_005173,2024-02-19 06:50:32,too_large,34.27,29
ret_000244,txn_0002947,cust_001634,2024-01-27 10:40:11,too_large,16.26,6
ret_000245,txn_0002951,cust_001634,2024-02-15 11:12:48,wrong_item,129.96,25
ret_000246,txn_0002952,cust_002118,2024-02-15 11:45:49,arrived_late,46.42,25
ret_000247,txn_0002965,cust_001634,2024-02-13 13:10:51,not_as_described,66.27,23
ret_000248,txn_0002983,cust_006110,2024-01-29 15:06:41,defective_product,23.57,8
ret_000249,txn_0002984,cust_005453,2024-01-24 15:16:15,better_price_found,179.2,3
ret_000250,txn_0002990,cust_001634,2024-02-06 15:30:28,not_as_described,74.05,16
ret_000251,txn_0002995,cust_001634,2024-02-09 15:51:10,too_small,222.43,19
ret_000252,txn_0003000,cust_001634,2024-01-24 17:04:26,defective_product,73.06,3
ret_000253,txn_0003058,cust_008339,2024-01-28 23:14:45,too_small,89.39,7
ret_000254,txn_0003069,cust_005840,2024-02-15 08:27:11,better_price_found,204.27,24
ret_000255,txn_0003082,cust_001634,2024-02-14 10:48:19,better_price_found,83.27,23
ret_000256,txn_0003088,cust_001634,2024-01-29 11:33:45,not_as_described,40.04,7
ret_000257,txn_0003090,cust_000239,2024-01-30 11:48:48,defective_product,61.0,8
ret_000258,txn_0003097,cust_001634,2024-01-29 12:23:22,duplicate_order,34.15,7
ret_000259,txn_0003105,cust_008889,2024-02-05 12:42:04,too_large,54.61,14
ret_000260,txn_0003117,cust_001634,2024-02-13 14:20:56,duplicate_order,12.51,22
ret_000261,txn_0003139,cust_006800,2024-02-15 17:01:23,better_price_found,0.66,24
ret_000262,txn_0003152,cust_001634,2024-02-12 18:01:36,wrong_item,19.83,21
ret_000263,txn_0003159,cust_003002,2024-02-19 18:52:01,too_large,32.58,28
ret_000264,txn_0003162,cust_001976,2024-01-26 19:17:14,no_longer_needed,76.95,4
ret_000265,txn_0003203,cust_002118,2024-02-12 07:00:42,arrived_late,14.27,20
ret_000266,txn_0003208,cust_008491,2024-02-08 07:56:42,no_longer_needed,17.5,16
ret_000267,txn_0003220,cust_009460,2024-01-31 09:21:27,defective_product,35.53,8
ret_000268,txn_0003238,cust_002215,2024-02-11 10:42:00,arrived_late,111.58,19
ret_000269,txn_0003247,cust_004416,2024-01-31 11:20:56,too_small,36.0,8
ret_000270,txn_0003255,cust_001084,2024-01-31 12:16:50,arrived_late,25.61,8
ret_000271,txn_0003271,cust_007803,2024-01-28 13:26:52,too_small,387.99,5
ret_000272,txn_0003330,cust_006730,2024-02-10 19:02:02,better_price_found,125.06,18
ret_000273,txn_0003342,cust_005303,2024-02-05 20:40:07,arrived_late,41.98,13
ret_000274,txn_0003387,cust_003992,2024-01-31 11:17:46,wrong_item,82.29,7
ret_000275,txn_0003392,cust_009106,2024-02-09 11:30:02,defective_product,63.65,16
ret_000276,txn_0003394,cust_002032,2024-02-06 11:50:19,defective_product,92.74,13
ret_000277,txn_0003401,cust_007880,2024-02-14 12:47:07,too_small,32.59,21
ret_000278,txn_0003410,cust_001634,2024-02-20 13:23:43,no_longer_needed,191.59,27
ret_000279,txn_0003430,cust_001634,2024-02-06 15:15:06,no_longer_needed,153.81,13
ret_000280,txn_0003447,cust_005703,2024-02-09 17:04:36,too_large,40.25,16
ret_000281,txn_0003455,cust_006274,2024-02-08 18:05:09,wrong_item,88.28,15
ret_000282,txn_0003457,cust_001634,2024-02-22 18:09:20,duplicate_order,58.81,29
ret_000283,txn_0003465,cust_001334,2024-02-05 19:00:00,too_small,60.77,12
ret_000284,txn_0003466,cust_000857,2024-02-15 19:12:36,too_large,45.82,22
ret_000285,txn_0003477,cust_003002,2024-01-31 20:03:05,no_longer_needed,145.63,7
ret_000286,txn_0003483,cust_006325,2024-02-01 20:11:29,better_price_found,67.53,8
ret_000287,txn_0003501,cust_002032,2024-01-27 21:43:23,too_large,11.55,3
ret_000288,txn_0003504,cust_002032,2024-02-06 21:57:51,no_longer_needed,130.81,13
ret_000289,txn_0003513,cust_001634,2024-02-05 23:31:02,wrong_item,67.77,12
ret_000290,txn_0003524,cust_003002,2024-01-30 08:15:50,not_as_described,43.69,5
ret_000291,txn_0003532,cust_001634,2024-01-31 09:05:29,too_small,44.98,6
ret_000292,txn_0003539,cust_003193,2024-02-13 09:54:11,better_price_found,46.19,19
ret_000293,txn_0003540,cust_008327,2024-02-02 09:55:27,defective_product,25.06,8
ret_000294,txn_0003544,cust_001634,2024-02-17 10:15:48,better_price_found,94.41,23
ret_000295,txn_0003545,cust_008168,2024-02-09 10:16:53,not_as_described,39.17,15
ret_000296,txn_0003559,cust_001634,2024-01-28 11:34:57,arrived_late,29.29,3
ret_000297,txn_0003585,cust_001634,2024-02-14 14:37:28,no_longer_needed,27.11,20
ret_000298,txn_0003606,cust_001634,2024-02-11 18:02:40,too_large,32.64,17
ret_000299,txn_0003613,cust_004604,2024-02-04 18:41:31,duplicate_order,351.12,10
ret_000300,txn_0003617,cust_001634,2024-02-17 19:01:37,not_as_described,53.55,23
ret_000301,txn_0003627,cust_000261,2024-01-28 20:07:27,no_longer_needed,89.22,3
ret_000302,txn_0003636,cust_000857,2024-02-05 20:58:40,not_as_described,75.0,11
ret_000303,txn_0003643,cust_000857,2024-02-05 21:31:36,wrong_item,35.1,11
ret_000304,txn_0003650,cust_001634,2024-02-19 22:01:17,duplicate_order,89.94,25
ret_000305,txn_0003663,cust_001634,2024-02-20 05:44:09,no_longer_needed,51.7,25
ret_000306,txn_0003688,cust_001806,2024-02-11 10:01:13,arrived_late,36.37,16
ret_000307,txn_0003726,cust_003464,2024-02-10 12:47:51,wrong_item,1565.81,15
ret_000308,txn_0003734,cust_003370,2024-01-29 13:50:14,too_small,261.08,3
ret_000309,txn_0003740,cust_001634,2024-02-16 14:37:09,changed_mind,62.69,21
ret_000310,txn_0003747,cust_001547,2024-02-17 15:40:59,arrived_late,73.02,22
ret_000311,txn_0003755,cust_001634,2024-02-12 16:57:13,better_price_found,25.99,17
ret_000312,txn_0003811,cust_009579,2024-02-11 21:08:44,better_price_found,31.4,16
ret_000313,txn_0003815,cust_003474,2024-02-07 21:18:45,defective_product,70.71,12
ret_000314,txn_0003844,cust_001088,2024-02-11 08:15:07,better_price_found,29.64,15
ret_000315,txn_0003848,cust_001634,2024-02-06 09:36:35,duplicate_order,64.45,10
ret_000316,txn_0003849,cust_002032,2024-02-22 09:43:32,changed_mind,27.18,26
ret_000317,txn_0003890,cust_001634,2024-02-19 13:41:49,duplicate_order,19.26,23
ret_000318,txn_0003901,cust_003360,2024-02-08 15:38:13,changed_mind,118.5,12
ret_000319,txn_0003906,cust_002032,2024-02-02 16:16:08,not_as_described,42.86,6
ret_000320,txn_0003918,cust_001634,2024-01-30 17:44:33,no_longer_needed,108.97,3
ret_000321,txn_0003930,cust_001634,2024-02-24 19:49:50,defective_product,31.22,28
ret_000322,txn_0003931,cust_001634,2024-02-11 19:59:40,too_small,49.68,15
ret_000323,txn_0003945,cust_001634,2024-02-10 21:22:02,duplicate_order,55.29,14
ret_000324,txn_0003954,cust_001634,2024-02-06 22:01:12,changed_mind,39.6,10
ret_000325,txn_0003965,cust_000450,2024-02-12 04:17:48,not_as_described,47.99,15
ret_000326,txn_0003984,cust_002488,2024-02-06 09:25:15,too_small,20.18,9
ret_000327,txn_0004004,cust_008004,2024-01-31 11:03:26,too_large,155.17,3
ret_000328,txn_0004085,cust_000857,2024-02-07 17:55:42,not_as_described,410.78,10
ret_000329,txn_0004107,cust_001001,2024-02-16 20:28:33,defective_product,49.69,19
ret_000330,txn_0004108,cust_009460,2024-02-10 20:33:28,arrived_late,53.39,13
ret_000331,txn_0004109,cust_009259,2024-02-16 20:38:12,wrong_item,60.24,19
ret_000332,txn_0004126,cust_001634,2024-02-08 22:36:15,changed_mind,45.21,11
ret_000333,txn_0004138,cust_001634,2024-02-24 09:00:42,arrived_late,31.65,26
ret_000334,txn_0004161,cust_001634,2024-02-12 12:09:52,wrong_item,20.07,14
ret_000335,txn_0004162,cust_001634,2024-02-01 12:11:07,duplicate_order,53.89,3
ret_000336,txn_0004187,cust_001634,2024-02-15 14:15:08,too_large,61.27,17
ret_000337,txn_0004209,cust_001634,2024-02-05 17:18:45,better_price_found,68.17,7
ret_000338,txn_0004226,cust_006386,2024-02-26 18:21:37,better_price_found,93.1,28
ret_000339,txn_0004240,cust_001634,2024-02-17 19:23:39,too_small,44.28,19
ret_000340,txn_0004245,cust_001634,2024-02-14 19:52:24,arrived_late,24.88,16
ret_000341,txn_0004254,cust_009783,2024-02-12 20:51:02,not_as_described,52.35,14
ret_000342,txn_0004265,cust_009097,2024-01-30 22:42:46,changed_mind,4279.96,1
ret_000343,txn_0004268,cust_001634,2024-02-18 22:48:52,changed_mind,22.84,20
ret_000344,txn_0004285,cust_001634,2024-02-02 06:47:26,duplicate_order,34.76,3
ret_000345,txn_0004287,cust_009399,2024-02-06 07:10:25,defective_product,45.17,7
ret_000346,txn_0004290,cust_001893,2024-02-15 07:52:00,not_as_described,47.88,16
ret_000347,txn_0004292,cust_001634,2024-02-20 07:55:37,duplicate_order,67.3,21
ret_000348,txn_0004297,cust_003389,2024-02-02 08:30:35,changed_mind,312.23,3
ret_000349,txn_0004307,cust_002032,2024-02-25 09:55:08,no_longer_needed,124.91,26
ret_000350,txn_0004308,cust_009460,2024-02-03 09:55:57,duplicate_order,331.24,4
ret_000351,txn_0004315,cust_000857,2024-02-03 10:52:12,changed_mind,27.67,4
ret_000352,txn_0004323,cust_001634,2024-02-09 11:56:59,changed_mind,21.55,10
ret_000353,txn_0004345,cust_002032,2024-02-07 13:57:21,changed_mind,39.05,8
ret_000354,txn_0004357,cust_001634,2024-02-08 15:59:21,duplicate_order,70.74,9
ret_000355,txn_0004394,cust_004327,2024-02-10 19:57:11,changed_mind,73.69,11
ret_000356,txn_0004404,cust_001634,2024-02-19 20:33:46,defective_product,20.77,20
ret_000357,txn_0004409,cust_009391,2024-02-26 20:47:35,changed_mind,9.91,27
ret_000358,txn_0004425,cust_002032,2024-02-05 22:24:19,arrived_late,10.76,6
ret_000359,txn_0004427,cust_002032,2024-02-25 23:26:54,arrived_late,78.6,26
ret_000360,txn_0004441,cust_002032,2024-02-22 07:14:44,better_price_found,287.53,22
ret_000361,txn_0004450,cust_002670,2024-02-06 08:25:52,too_large,279.0,6
ret_000362,txn_0004475,cust_002032,2024-02-19 11:42:56,too_large,73.63,19
ret_000363,txn_0004490,cust_001634,2024-02-21 12:32:28,wrong_item,28.72,21
ret_000364,txn_0004495,cust_001634,2024-02-28 12:53:21,no_longer_needed,92.51,28
ret_000365,txn_0004520,cust_001634,2024-02-28 15:23:38,defective_product,91.12,28
ret_000366,txn_0004527,cust_001634,2024-02-18 16:17:12,arrived_late,38.06,18
ret_000367,txn_0004530,cust_002032,2024-02-21 16:26:04,changed_mind,63.4,21
ret_000368,txn_0004535,cust_009460,2024-02-24 16:56:51,arrived_late,33.01,24
ret_000369,txn_0004542,cust_007148,2024-02-28 17:39:03,defective_product,198.89,28
ret_000370,txn_0004558,cust_000572,2024-02-03 19:33:56,too_large,19.17,3
ret_000371,txn_0004581,cust_008487,2024-02-02 21:19:58,changed_mind,390.6,2
ret_000372,txn_0004595,cust_005466,2024-02-11 00:42:10,defective_product,9783.87,10
ret_000373,txn_0004605,cust_009460,2024-02-29 08:16:27,changed_mind,53.34,28
ret_000374,txn_0004623,cust_001634,2024-02-13 11:00:15,arrived_late,182.01,12
ret_000375,txn_0004643,cust_001811,2024-02-17 13:19:17,no_longer_needed,49.0,16
ret_000376,txn_0004649,cust_004177,2024-02-19 13:58:18,not_as_described,138.47,18
ret_000377,txn_0004652,cust_000384,2024-02-28 14:19:26,too_small,158.51,27
ret_000378,txn_0004654,cust_003076,2024-02-20 14:40:05,too_small,147.31,19
ret_000379,txn_0004661,cust_009835,2024-02-23 15:11:22,arrived_late,30.6,22
ret_000380,txn_0004664,cust_002032,2024-02-15 15:44:47,better_price_found,150.86,14
ret_000381,txn_0004666,cust_001634,2024-02-20 15:54:53,arrived_late,42.87,19
ret_000382,txn_0004669,cust_001347,2024-02-12 16:38:13,better_price_found,235.4,11
ret_000383,txn_0004672,cust_001634,2024-02-07 16:57:33,wrong_item,77.8,6
ret_000384,txn_0004693,cust_006730,2024-02-19 20:36:52,not_as_described,39.15,18
ret_000385,txn_0004715,cust_001634,2024-02-18 23:48:42,duplicate_order,68.92,17
ret_000386,txn_0004727,cust_001634,2024-02-06 08:43:57,changed_mind,8.66,4
ret_000387,txn_0004728,cust_002118,2024-02-27 08:55:46,no_longer_needed,74.3,25
ret_000388,txn_0004732,cust_002032,2024-02-25 09:13:31,arrived_late,114.29,23
ret_000389,txn_0004743,cust_002032,2024-02-21 10:33:23,changed_mind,397.37,19
ret_000390,txn_0004765,cust_001634,2024-02-06 12:47:50,defective_product,12.01,4
ret_000391,txn_0004768,cust_007453,2024-02-09 13:27:18,duplicate_order,39.35,7
ret_000392,txn_0004775,cust_001634,2024-02-15 14:07:25,arrived_late,126.22,13
ret_000393,txn_0004789,cust_001634,2024-02-07 15:42:04,arrived_late,66.63,5
ret_000394,txn_0004820,cust_002032,2024-02-24 19:36:52,changed_mind,17.54,22
ret_000395,txn_0004821,cust_001634,2024-02-25 19:40:50,arrived_late,22.38,23
ret_000396,txn_0004860,cust_009835,2024-02-24 07:40:35,no_longer_needed,30.82,21
ret_000397,txn_0004867,cust_000821,2024-02-12 09:23:44,not_as_described,14.02,9
ret_000398,txn_0004889,cust_000857,2024-02-23 11:48:21,changed_mind,36.97,20
ret_000399,txn_0004896,cust_001634,2024-02-13 12:09:43,arrived_late,119.65,10
ret_000400,txn_0004899,cust_001634,2024-02-26 12:23:25,not_as_described,20.84,23
ret_000401,txn_0004919,cust_001634,2024-02-28 14:33:23,wrong_item,101.34,25
ret_000402,txn_0004925,cust_001634,2024-02-26 14:58:37,wrong_item,121.91,23
ret_000403,txn_0004938,cust_003553,2024-03-03 17:05:58,too_small,89.14,29
ret_000404,txn_0004945,cust_000857,2024-02-13 18:01:22,too_large,55.48,10
ret_000405,txn_0004947,cust_001623,2024-02-17 18:19:51,too_small,1094.71,14
ret_000406,txn_0004948,cust_002032,2024-02-24 18:22:38,defective_product,48.88,21
ret_000407,txn_0004957,cust_001634,2024-02-10 19:28:17,duplicate_order,18.99,7
ret_000408,txn_0004970,cust_001634,2024-02-20 20:25:21,too_small,54.95,17
ret_000409,txn_0004986,cust_008389,2024-02-16 21:36:27,wrong_item,70.78,13
ret_000410,txn_0004992,cust_009460,2024-02-19 22:05:34,wrong_item,86.7,16
ret_000411,txn_0004993,cust_001634,2024-02-22 22:40:39,no_longer_needed,19.6,19
ret_000412,txn_0005009,cust_001634,2024-02-11 08:49:19,no_longer_needed,163.86,7
ret_000413,txn_0005015,cust_001634,2024-03-04 09:15:11,duplicate_order,37.11,29
ret_000414,txn_0005026,cust_001634,2024-02-28 10:29:08,changed_mind,134.98,24
ret_000415,txn_0005041,cust_001634,2024-02-08 11:46:22,too_small,37.99,4
ret_000416,txn_0005046,cust_001067,2024-02-07 12:15:25,wrong_item,41.98,3
ret_000417,txn_0005047,cust_006176,2024-03-01 12:22:50,wrong_item,41.08,26
ret_000418,txn_0005054,cust_002032,2024-02-22 13:25:29,defective_product,174.53,18
ret_000419,txn_0005058,cust_005477,2024-02-10 13:58:31,defective_product,361.9,6
ret_000420,txn_0005071,cust_009956,2024-02-07 16:19:01,not_as_described,41.35,3
ret_000421,txn_0005077,cust_000857,2024-02-14 17:15:36,not_as_described,23.74,10
ret_000422,txn_0005080,cust_001634,2024-02-08 17:32:08,not_as_described,22.69,4
ret_000423,txn_0005081,cust_001634,2024-02-15 17:50:08,no_longer_needed,125.53,11
ret_000424,txn_0005109,cust_000857,2024-02-21 21:22:30,not_as_described,129.06,17
ret_000425,txn_0005121,cust_002800,2024-02-05 23:39:56,better_price_found,88.85,1
ret_000426,txn_0005128,cust_008186,2024-02-18 06:36:20,no_longer_needed,187.69,13
ret_000427,txn_0005140,cust_001634,2024-02-22 08:45:27,wrong_item,56.4,17
ret_000428,txn_0005152,cust_005703,2024-02-19 10:29:12,wrong_item,99.34,14
ret_000429,txn_0005177,cust_001634,2024-03-01 11:56:13,arrived_late,22.2,25
ret_000430,txn_0005182,cust_002032,2024-02-19 12:17:45,wrong_item,417.58,14
ret_000431,txn_0005200,cust_001634,2024-02-29 13:49:46,too_small,71.83,24
ret_000432,txn_0005202,cust_001634,2024-02-27 14:04:25,wrong_item,22.35,22
ret_000433,txn_0005203,cust_001634,2024-02-29 14:14:50,better_price_found,89.01,24
ret_000434,txn_0005205,cust_001634,2024-02-20 14:35:33,defective_product,49.63,15
ret_000435,txn_0005209,cust_009460,2024-02-08 14:45:20,changed_mind,785.05,3
ret_000436,txn_0005299,cust_001634,2024-02-29 10:51:17,changed_mind,61.58,23
ret_000437,txn_0005328,cust_001634,2024-03-06 13:42:25,defective_product,24.66,29
ret_000438,txn_0005334,cust_009532,2024-02-23 13:57:11,changed_mind,18.98,17
ret_000439,txn_0005347,cust_001634,2024-02-29 15:26:52,not_as_described,12.25,23
ret_000440,txn_0005359,cust_005165,2024-02-07 17:15:12,better_price_found,279.66,1
ret_000441,txn_0005393,cust_008168,2024-02-22 20:36:43,no_longer_needed,68.22,16
ret_000442,txn_0005404,cust_006659,2024-03-01 21:26:06,not_as_described,44.43,24
ret_000443,txn_0005409,cust_005703,2024-03-06 21:44:41,arrived_late,27.28,29
ret_000444,txn_0005417,cust_003002,2024-02-20 22:55:17,better_price_found,105.21,14
ret_000445,txn_0005432,cust_003568,2024-03-06 08:29:04,no_longer_needed,39.78,28
ret_000446,txn_0005435,cust_002032,2024-02-15 08:34:52,defective_product,42.6,8
ret_000447,txn_0005439,cust_001634,2024-02-23 09:06:41,too_large,284.34,16
ret_000448,txn_0005450,cust_001634,2024-02-22 10:09:27,defective_product,107.42,15
ret_000449,txn_0005455,cust_009835,2024-02-25 11:02:45,better_price_found,67.8,18
ret_000450,txn_0005486,cust_001634,2024-02-14 14:20:38,defective_product,21.19,7
ret_000451,txn_0005498,cust_002032,2024-03-07 16:34:30,better_price_found,21.61,29
ret_000452,txn_0005505,cust_002032,2024-02-13 17:51:36,too_small,27.72,6
ret_000453,txn_0005516,cust_001634,2024-02-29 18:52:01,defective_product,46.67,22
ret_000454,txn_0005523,cust_004327,2024-02-21 19:22:53,arrived_late,74.27,14
ret_000455,txn_0005530,cust_001679,2024-03-04 19:45:05,duplicate_order,297.11,26
ret_000456,txn_0005534,cust_002032,2024-03-03 20:08:11,not_as_described,17.31,25
ret_000457,txn_0005564,cust_004982,2024-02-11 07:54:02,wrong_item,15287.41,3
ret_000458,txn_0005575,cust_008993,2024-02-23 09:32:43,wrong_item,23.31,15
ret_000459,txn_0005608,cust_001634,2024-03-06 12:03:06,not_as_described,70.79,27
ret_000460,txn_0005616,cust_006419,2024-02-18 12:24:39,no_longer_needed,358.19,10
ret_000461,txn_0005620,cust_007892,2024-02-11 12:41:40,no_longer_needed,883.72,3
ret_000462,txn_0005626,cust_009460,2024-02-11 13:28:06,too_small,49.82,3
ret_000463,txn_0005634,cust_001634,2024-02-18 14:13:35,not_as_described,32.68,10
ret_000464,txn_0005655,cust_000857,2024-02-26 17:23:34,too_large,131.55,18
ret_000465,txn_0005693,cust_001634,2024-02-28 21:54:58,duplicate_order,103.18,20
ret_000466,txn_0005694,cust_001634,2024-02-26 21:59:17,arrived_late,43.59,18
ret_000467,txn_0005702,cust_001634,2024-03-05 22:45:52,not_as_described,64.07,26
ret_000468,txn_0005709,cust_009663,2024-02-29 05:44:37,arrived_late,180.21,20
ret_000469,txn_0005729,cust_002032,2024-02-17 09:39:35,too_small,108.93,8
ret_000470,txn_0005736,cust_001634,2024-02-29 10:22:06,better_price_found,46.05,20
ret_000471,txn_0005738,cust_001634,2024-02-20 10:41:41,better_price_found,55.06,11
ret_000472,txn_0005748,cust_001634,2024-02-29 11:07:47,duplicate_order,363.74,20
ret_000473,txn_0005751,cust_002032,2024-02-17 11:23:26,better_price_found,267.59,8
ret_000474,txn_0005774,cust_000345,2024-02-12 14:09:00,not_as_described,97.16,3
ret_000475,txn_0005788,cust_009835,2024-02-25 15:10:25,better_price_found,11.08,16
ret_000476,txn_0005823,cust_000936,2024-02-19 19:06:19,duplicate_order,19.88,10
ret_000477,txn_0005833,cust_001634,2024-03-05 19:44:47,defective_product,67.42,25
ret_000478,txn_0005851,cust_004743,2024-02-12 20:58:35,not_as_described,135.63,3
ret_000479,txn_0005852,cust_005529,2024-02-12 20:59:46,no_longer_needed,65.13,3
ret_000480,txn_0005857,cust_002032,2024-03-09 21:53:10,too_large,134.97,29
ret_000481,txn_0005868,cust_008752,2024-02-13 01:40:05,arrived_late,2169.96,3
ret_000482,txn_0005897,cust_002032,2024-02-19 10:31:29,defective_product,19.52,9
ret_000483,txn_0005933,cust_001634,2024-02-20 13:41:58,better_price_found,15.65,10
ret_000484,txn_0005935,cust_008880,2024-02-22 13:47:42,duplicate_order,1376.21,12
ret_000485,txn_0005951,cust_000872,2024-02-20 14:44:23,not_as_described,85.09,10
ret_000486,txn_0005997,cust_009835,2024-03-09 20:08:16,wrong_item,160.01,28
ret_000487,txn_0006001,cust_000239,2024-02-26 20:26:41,changed_mind,245.68,16
ret_000488,txn_0006008,cust_001634,2024-02-16 20:58:01,defective_product,33.95,6
ret_000489,txn_0006024,cust_002032,2024-02-23 22:17:14,too_large,60.65,13
ret_000490,txn_0006027,cust_000941,2024-03-10 22:47:42,better_price_found,1714.36,29
ret_000491,txn_0006033,cust_009579,2024-02-18 06:10:03,no_longer_needed,90.31,7
ret_000492,txn_0006042,cust_000857,2024-03-03 09:37:20,not_as_described,59.24,21
ret_000493,txn_0006069,cust_008606,2024-02-22 12:55:45,changed_mind,37.41,11
ret_000494,txn_0006071,cust_006933,2024-02-26 13:02:08,duplicate_order,78.89,15
ret_000495,txn_0006073,cust_002032,2024-03-08 13:10:17,duplicate_order,66.58,26
ret_000496,txn_0006080,cust_001634,2024-02-29 14:00:00,better_price_found,62.3,18
ret_000497,txn_0006103,cust_008921,2024-02-20 16:40:04,arrived_late,201.14,9
ret_000498,txn_0006110,cust_001634,2024-03-09 17:17:03,better_price_found,239.15,27
ret_000499,txn_0006122,cust_008905,2024-03-06 18:41:51,duplicate_order,53.73,24
ret_000500,txn_0006143,cust_008168,2024-02-14 20:00:53,changed_mind,17.85,3
ret_000501,txn_0006148,cust_001634,2024-02-22 20:56:03,arrived_late,51.88,11
ret_000502,txn_0006172,cust_003784,2024-02-19 09:13:28,no_longer_needed,86.7,7
ret_000503,txn_0006177,cust_001634,2024-03-11 09:26:11,too_large,153.67,28
ret_000504,txn_0006180,cust_001634,2024-02-18 10:07:26,too_small,23.58,6
ret_000505,txn_0006181,cust_003383,2024-02-21 10:07:37,wrong_item,30.81,9
ret_000506,txn_0006193,cust_001634,2024-02-20 11:20:15,defective_product,113.63,8
ret_000507,txn_0006220,cust_001634,2024-03-11 13:33:07,too_small,21.9,28
ret_000508,txn_0006228,cust_000541,2024-02-26 14:12:51,duplicate_order,135.31,14
ret_000509,txn_0006244,cust_001634,2024-03-03 16:37:31,too_large,121.71,20
ret_000510,txn_0006245,cust_001634,2024-03-10 16:47:29,arrived_late,68.46,27
ret_000511,txn_0006265,cust_001634,2024-02-20 19:00:10,too_small,24.23,8
ret_000512,txn_0006275,cust_001634,2024-02-19 19:41:43,defective_product,80.6,7
ret_000513,txn_0006286,cust_002032,2024-02-28 21:11:32,arrived_late,42.83,16
ret_000514,txn_0006291,cust_001634,2024-03-04 21:21:45,better_price_found,75.67,21
ret_000515,txn_0006303,cust_004327,2024-02-16 22:35:21,not_as_described,51.86,4
ret_000516,txn_0006315,cust_001634,2024-02-25 06:18:30,not_as_described,41.88,12
ret_000517,txn_0006332,cust_005303,2024-02-19 09:13:46,arrived_late,17.19,6
ret_000518,txn_0006336,cust_001634,2024-03-04 09:39:12,not_as_described,12.39,20
ret_000519,txn_0006339,cust_002032,2024-02-25 09:46:59,duplicate_order,89.26,12
ret_000520,txn_0006367,cust_002032,2024-02-16 12:52:27,changed_mind,29.72,3
ret_000521,txn_0006383,cust_009612,2024-02-24 13:50:11,wrong_item,176.75,11
ret_000522,txn_0006384,cust_001402,2024-03-12 13:51:21,changed_mind,102.54,28
ret_000523,txn_0006389,cust_001634,2024-03-09 15:04:25,arrived_late,94.43,25
ret_000524,txn_0006392,cust_003507,2024-02-29 15:13:55,duplicate_order,272.12,16
ret_000525,txn_0006396,cust_001634,2024-03-11 15:40:25,changed_mind,29.08,27
ret_000526,txn_0006401,cust_000857,2024-02-26 16:02:22,too_small,59.83,13
ret_000527,txn_0006430,cust_002032,2024-02-21 19:06:45,arrived_late,13.77,8
ret_000528,txn_0006434,cust_001634,2024-03-09 19:22:43,defective_product,11.33,25
ret_000529,txn_0006457,cust_001634,2024-02-27 21:27:54,defective_product,51.79,14
ret_000530,txn_0006462,cust_008390,2024-03-01 22:23:26,too_large,116.49,17
ret_000531,txn_0006495,cust_001634,2024-02-27 10:11:06,not_as_described,247.47,13
ret_000532,txn_0006501,cust_001634,2024-02-26 10:46:48,better_price_found,18.92,12
ret_000533,txn_0006504,cust_002032,2024-03-07 11:19:06,not_as_described,11.06,22
ret_000534,txn_0006541,cust_006110,2024-02-19 14:54:34,duplicate_order,74.39,5
ret_000535,txn_0006572,cust_001634,2024-02-20 18:22:29,too_small,165.49,6
ret_000536,txn_0006589,cust_004621,2024-03-04 19:38:23,arrived_late,43.88,19
ret_000537,txn_0006592,cust_001634,2024-02-20 19:54:48,no_longer_needed,48.94,6
ret_000538,txn_0006594,cust_005536,2024-02-21 20:11:17,no_longer_needed,79.26,7
ret_000539,txn_0006602,cust_000897,2024-02-15 21:04:43,not_as_described,123.38,1
ret_000540,txn_0006604,cust_001634,2024-02-17 21:24:36,arrived_late,69.36,3
ret_000541,txn_0006615,cust_002118,2024-02-26 22:49:57,duplicate_order,30.22,12
ret_000542,txn_0006633,cust_002032,2024-03-14 08:22:15,better_price_found,22.85,28
ret_000543,txn_0006642,cust_007628,2024-03-14 09:31:08,not_as_described,18.25,28
ret_000544,txn_0006644,cust_009579,2024-03-07 09:36:02,duplicate_order,63.74,21
ret_000545,txn_0006663,cust_009835,2024-02-22 11:32:23,arrived_late,88.84,7
ret_000546,txn_0006677,cust_002702,2024-03-11 12:40:44,changed_mind,503.39,25
ret_000547,txn_0006679,cust_002032,2024-03-06 12:51:08,not_as_described,43.65,20
ret_000548,txn_0006698,cust_001887,2024-03-10 14:18:14,wrong_item,56.89,24
ret_000549,txn_0006705,cust_001634,2024-02-27 14:51:45,better_price_found,94.37,12
ret_000550,txn_0006714,cust_002032,2024-03-09 15:26:09,too_large,24.93,23
ret_000551,txn_0006732,cust_009460,2024-02-24 18:05:35,duplicate_order,44.36,9
ret_000552,txn_0006772,cust_009579,2024-03-12 22:10:21,better_price_found,51.99,26
ret_000553,txn_0006776,cust_008168,2024-02-24 23:08:13,arrived_late,41.42,9
ret_000554,txn_0006783,cust_004775,2024-03-05 06:31:31,wrong_item,147.96,18
ret_000555,txn_0006784,cust_001744,2024-02-26 06:42:25,defective_product,82.41,10
ret_000556,txn_0006793,cust_001634,2024-03-13 08:06:26,duplicate_order,21.76,26
ret_000557,txn_0006823,cust_002032,2024-02-26 11:37:54,too_small,17.22,10
ret_000558,txn_0006858,cust_001634,2024-03-10 15:18:40,no_longer_needed,115.56,23
ret_000559,txn_0006865,cust_001806,2024-03-14 16:15:37,too_large,15.21,27
ret_000560,txn_0006876,cust_005639,2024-02-18 17:33:56,no_longer_needed,20.36,2
ret_000561,txn_0006878,cust_005618,2024-02-24 18:04:51,wrong_item,36.8,8
ret_000562,txn_0006891,cust_002032,2024-03-16 19:08:37,duplicate_order,24.82,29
ret_000563,txn_0006914,cust_005762,2024-03-13 20:56:42,defective_product,109.38,26
ret_000564,txn_0006919,cust_003002,2024-03-15 21:34:39,too_small,33.82,28
ret_000565,txn_0006963,cust_009460,2024-03-01 10:25:52,too_small,22.29,13
ret_000566,txn_0006966,cust_008350,2024-03-09 11:03:06,wrong_item,2171.73,21
ret_000567,txn_0006978,cust_003724,2024-02-29 11:52:35,wrong_item,32.3,12
ret_000568,txn_0006984,cust_009835,2024-02-28 12:24:41,defective_product,14.3,11
ret_000569,txn_0007010,cust_006898,2024-03-05 13:47:07,defective_product,265.34,17
ret_000570,txn_0007054,cust_008066,2024-02-21 19:25:02,defective_product,111.63,4
ret_000571,txn_0007088,cust_001634,2024-03-06 07:06:27,not_as_described,36.77,17
ret_000572,txn_0007101,cust_001634,2024-02-21 09:15:48,wrong_item,152.9,3
ret_000573,txn_0007109,cust_002032,2024-03-03 10:18:56,changed_mind,891.54,14
ret_000574,txn_0007125,cust_000174,2024-03-17 11:52:59,wrong_item,183.95,28
ret_000575,txn_0007130,cust_006753,2024-02-28 12:13:08,better_price_found,292.95,10
ret_000576,txn_0007135,cust_002113,2024-02-25 12:33:13,not_as_described,1.78,7
ret_000577,txn_0007145,cust_003084,2024-03-13 13:30:11,no_longer_needed,2689.43,24
ret_000578,txn_0007175,cust_001634,2024-02-21 17:25:39,no_longer_needed,269.58,3
ret_000579,txn_0007183,cust_001634,2024-02-26 17:57:27,not_as_described,120.81,8
ret_000580,txn_0007216,cust_001634,2024-02-29 21:37:26,arrived_late,88.02,11
ret_000581,txn_0007221,cust_008993,2024-02-28 22:59:47,too_large,68.82,10
ret_000582,txn_0007227,cust_001634,2024-03-14 23:51:42,changed_mind,92.12,25
ret_000583,txn_0007228,cust_001634,2024-03-15 23:51:56,changed_mind,132.16,26
ret_000584,txn_0007230,cust_004607,2024-02-23 02:01:49,changed_mind,9587.14,4
ret_000585,txn_0007231,cust_001801,2024-03-04 02:37:33,not_as_described,18871.94,14
ret_000586,txn_0007241,cust_009835,2024-03-01 07:45:37,arrived_late,26.3,11
ret_000587,txn_0007251,cust_001634,2024-02-25 09:33:10,better_price_found,203.37,6
ret_000588,txn_0007256,cust_004847,2024-03-01 10:15:25,no_longer_needed,57.37,11
ret_000589,txn_0007261,cust_000174,2024-03-10 10:50:33,wrong_item,64.74,20
ret_000590,txn_0007262,cust_001634,2024-02-29 11:11:10,wrong_item,41.87,10
ret_000591,txn_0007282,cust_009835,2024-03-01 12:50:57,too_small,58.64,11
ret_000592,txn_0007286,cust_001634,2024-03-10 13:09:15,defective_product,51.58,20
ret_000593,txn_0007302,cust_001583,2024-03-02 14:14:59,defective_product,52.25,12
ret_000594,txn_0007304,cust_001634,2024-03-15 14:37:46,arrived_late,28.01,25
ret_000595,txn_0007317,cust_000872,2024-02-22 16:00:15,arrived_late,54.45,3
ret_000596,txn_0007322,cust_000727,2024-02-22 16:33:14,arrived_late,889.41,3
ret_000597,txn_0007323,cust_001634,2024-02-22 17:00:00,defective_product,30.11,3
ret_000598,txn_0007344,cust_005744,2024-03-07 19:09:47,duplicate_order,107.11,17
ret_000599,txn_0007371,cust_001634,2024-03-10 23:45:59,no_longer_needed,54.37,20
ret_000600,txn_0007406,cust_002032,2024-02-25 10:40:18,defective_product,77.65,5
ret_000601,txn_0007428,cust_005914,2024-03-15 12:29:31,arrived_late,3.0,24
ret_000602,txn_0007460,cust_001218,2024-03-09 17:16:30,too_large,88.6,18
ret_000603,txn_0007466,cust_003734,2024-03-06 18:13:14,defective_product,24.28,15
ret_000604,txn_0007475,cust_002619,2024-03-14 18:35:07,wrong_item,44.95,23
ret_000605,txn_0007476,cust_003628,2024-03-07 18:40:03,not_as_described,132.68,16
ret_000606,txn_0007477,cust_001634,2024-03-10 18:44:15,not_as_described,217.18,19
ret_000607,txn_0007508,cust_009157,2024-03-15 22:02:52,defective_product,8808.09,24
ret_000608,txn_0007521,cust_009485,2024-03-04 03:20:42,too_large,1100.4,12
ret_000609,txn_0007524,cust_001634,2024-03-06 05:40:03,not_as_described,99.35,14
ret_000610,txn_0007526,cust_001634,2024-03-15 06:49:20,no_longer_needed,74.14,23
ret_000611,txn_0007536,cust_001634,2024-03-14 09:24:57,arrived_late,49.81,22
ret_000612,txn_0007549,cust_001634,2024-03-11 10:35:54,wrong_item,168.63,19
ret_000613,txn_0007550,cust_002032,2024-03-03 10:42:55,wrong_item,94.94,11
ret_000614,txn_0007560,cust_001375,2024-03-19 11:34:05,wrong_item,90.42,27
ret_000615,txn_0007573,cust_001634,2024-03-05 12:33:07,arrived_late,49.43,13
ret_000616,txn_0007577,cust_001634,2024-02-24 12:40:55,arrived_late,56.06,3
ret_000617,txn_0007594,cust_001634,2024-03-07 13:37:31,arrived_late,33.1,15
ret_000618,txn_0007603,cust_005206,2024-02-26 14:26:26,no_longer_needed,25.47,5
ret_000619,txn_0007607,cust_001738,2024-02-26 14:53:40,too_small,723.91,5
ret_000620,txn_0007618,cust_009515,2024-03-02 16:08:53,too_small,48.71,10
ret_000621,txn_0007636,cust_001634,2024-03-17 18:19:14,no_longer_needed,230.31,25
ret_000622,txn_0007640,cust_000857,2024-03-04 18:49:18,defective_product,33.17,12
ret_000623,txn_0007688,cust_001634,2024-02-27 08:18:20,too_small,68.44,5
ret_000624,txn_0007696,cust_001922,2024-03-14 09:37:34,no_longer_needed,122.01,21
ret_000625,txn_0007722,cust_003935,2024-03-15 11:49:46,not_as_described,116.75,22
ret_000626,txn_0007727,cust_009579,2024-02-29 12:19:09,too_small,49.99,7
ret_000627,txn_0007750,cust_003594,2024-03-07 14:40:17,duplicate_order,17.22,14
ret_000628,txn_0007758,cust_003594,2024-03-18 15:54:56,duplicate_order,133.93,25
ret_000629,txn_0007766,cust_001634,2024-03-16 17:43:38,no_longer_needed,111.51,23
ret_000630,txn_0007770,cust_001634,2024-03-18 18:01:47,arrived_late,55.48,25
ret_000631,txn_0007780,cust_007920,2024-03-17 19:09:55,duplicate_order,78.34,24
ret_000632,txn_0007806,cust_004124,2024-03-02 23:58:52,duplicate_order,335.81,9
ret_000633,txn_0007809,cust_000087,2024-03-17 02:45:59,arrived_late,566.38,23
ret_000634,txn_0007821,cust_000936,2024-03-20 07:59:23,no_longer_needed,15.44,26
ret_000635,txn_0007834,cust_001634,2024-03-07 09:40:31,duplicate_order,38.93,13
ret_000636,txn_0007855,cust_001634,2024-03-09 11:23:39,too_large,11.73,15
ret_000637,txn_0007857,cust_001634,2024-02-27 11:28:57,no_longer_needed,80.49,4
ret_000638,txn_0007864,cust_009735,2024-03-07 11:58:07,better_price_found,182.73,13
ret_000639,txn_0007871,cust_008511,2024-02-26 12:34:09,defective_product,326.65,3
ret_000640,txn_0007879,cust_001634,2024-03-17 13:29:45,duplicate_order,61.7,23
ret_000641,txn_0007907,cust_007628,2024-03-04 17:13:11,changed_mind,93.82,10
ret_000642,txn_0007936,cust_007221,2024-03-13 20:43:51,too_small,80.12,19
ret_000643,txn_0007969,cust_007593,2024-02-25 08:47:54,better_price_found,256.9,1
ret_000644,txn_0007973,cust_008136,2024-03-03 09:04:53,wrong_item,42.21,8
ret_000645,txn_0007982,cust_001634,2024-03-05 10:11:13,duplicate_order,661.22,10
ret_000646,txn_0008004,cust_001634,2024-02-29 11:43:30,arrived_late,31.82,5
ret_000647,txn_0008015,cust_001634,2024-02-29 12:48:10,wrong_item,27.6,5
ret_000648,txn_0008026,cust_006641,2024-03-13 13:53:02,better_price_found,88.56,18
ret_000649,txn_0008057,cust_005703,2024-03-11 18:48:39,duplicate_order,59.62,16
ret_000650,txn_0008062,cust_008880,2024-03-07 19:10:35,too_small,31.18,12
ret_000651,txn_0008066,cust_003002,2024-03-14 19:33:49,defective_product,58.3,19
ret_000652,txn_0008070,cust_009460,2024-03-15 19:55:53,defective_product,21.04,20
ret_000653,txn_0008073,cust_001634,2024-03-12 20:04:34,not_as_described,45.18,17
ret_000654,txn_0008106,cust_008168,2024-03-18 05:28:08,wrong_item,16.99,22
ret_000655,txn_0008107,cust_001634,2024-03-10 06:36:31,wrong_item,105.82,14
ret_000656,txn_0008123,cust_000832,2024-03-15 10:03:54,no_longer_needed,249.96,19
ret_000657,txn_0008143,cust_009155,2024-03-14 12:02:26,duplicate_order,26.96,18
ret_000658,txn_0008148,cust_002032,2024-03-24 12:13:29,better_price_found,46.76,28
ret_000659,txn_0008163,cust_001634,2024-03-18 13:34:23,no_longer_needed,39.69,22
ret_000660,txn_0008165,cust_002215,2024-03-24 13:46:02,too_small,110.78,28
ret_000661,txn_0008171,cust_001634,2024-03-22 14:40:35,no_longer_needed,13.82,26
ret_000662,txn_0008176,cust_006641,2024-03-13 15:18:35,arrived_late,315.67,17
ret_000663,txn_0008188,cust_005762,2024-03-02 16:55:25,arrived_late,13.9,6
ret_000664,txn_0008191,cust_009342,2024-03-12 17:17:46,defective_product,141.5,16
ret_000665,txn_0008204,cust_002032,2024-03-18 18:51:17,arrived_late,26.14,22
ret_000666,txn_0008221,cust_005460,2024-03-14 19:59:44,better_price_found,26.23,18
ret_000667,txn_0008224,cust_008415,2024-03-15 20:18:48,duplicate_order,26.04,19
ret_000668,txn_0008225,cust_001634,2024-03-05 20:24:11,defective_product,23.0,9
ret_000669,txn_0008254,cust_001634,2024-03-19 03:53:00,better_price_found,28.21,22
ret_000670,txn_0008256,cust_001634,2024-03-01 05:57:56,wrong_item,45.52,4
ret_000671,txn_0008258,cust_001634,2024-03-07 07:04:38,too_large,16.14,10
ret_000672,txn_0008263,cust_007272,2024-03-16 08:32:05,defective_product,52.58,19
ret_000673,txn_0008267,cust_001634,2024-03-11 09:02:44,changed_mind,85.65,14
ret_000674,txn_0008268,cust_001634,2024-03-26 09:14:25,duplicate_order,111.26,29
ret_000675,txn_0008275,cust_005257,2024-02-29 10:16:37,better_price_found,79.62,3
ret_000676,txn_0008283,cust_002032,2024-03-24 10:59:49,too_large,35.61,27
ret_000677,txn_0008295,cust_000857,2024-03-04 11:57:09,duplicate_order,146.11,7
ret_000678,txn_0008306,cust_003595,2024-03-06 12:49:01,too_small,82.49,9
ret_000679,txn_0008308,cust_001634,2024-03-24 12:58:58,changed_mind,28.8,27
ret_000680,txn_0008310,cust_001634,2024-03-21 13:09:33,no_longer_needed,27.23,24
ret_000681,txn_0008319,cust_007485,2024-03-01 13:55:59,no_longer_needed,43.66,4
ret_000682,txn_0008324,cust_001634,2024-03-17 14:42:31,defective_product,162.82,20
ret_000683,txn_0008326,cust_004927,2024-03-24 15:05:25,arrived_late,42.46,27
ret_000684,txn_0008355,cust_009835,2024-03-24 19:22:34,defective_product,50.56,27
ret_000685,txn_0008357,cust_007025,2024-03-02 19:33:33,not_as_described,410.75,5
ret_000686,txn_0008358,cust_003002,2024-03-21 19:35:12,duplicate_order,38.79,24
ret_000687,txn_0008371,cust_001634,2024-03-18 20:47:38,duplicate_order,83.02,21
ret_000688,txn_0008374,cust_002032,2024-03-22 20:56:17,too_large,218.52,25
ret_000689,txn_0008386,cust_001634,2024-03-26 22:50:49,too_large,41.24,29
ret_000690,txn_0008401,cust_001634,2024-03-01 08:05:15,changed_mind,84.63,3
ret_000691,txn_0008421,cust_001192,2024-03-27 11:13:53,duplicate_order,187.35,29
ret_000692,txn_0008428,cust_001634,2024-03-09 11:54:07,defective_product,61.58,11
ret_000693,txn_0008454,cust_003012,2024-02-28 13:26:56,changed_mind,37.74,1
ret_000694,txn_0008456,cust_001386,2024-02-29 13:51:54,better_price_found,118.94,2
ret_000695,txn_0008460,cust_001634,2024-03-13 14:04:23,arrived_late,48.24,15
ret_000696,txn_0008464,cust_001634,2024-03-01 14:21:49,better_price_found,89.49,3
ret_000697,txn_0008469,cust_002118,2024-03-11 15:48:58,not_as_described,1426.23,13
ret_000698,txn_0008500,cust_001634,2024-03-16 19:40:06,better_price_found,45.3,18
ret_000699,txn_0008516,cust_001634,2024-03-27 20:58:04,defective_product,26.78,29
ret_000700,txn_0008520,cust_000936,2024-03-12 21:08:17,too_large,146.53,14
ret_000701,txn_0008524,cust_002032,2024-03-07 21:32:10,wrong_item,42.84,9
ret_000702,txn_0008535,cust_001634,2024-03-26 23:53:44,better_price_found,35.64,28
ret_000703,txn_0008540,cust_008932,2024-03-02 05:56:21,defective_product,622.75,3
ret_000704,txn_0008544,cust_004757,2024-03-03 08:12:49,wrong_item,30.63,4
ret_000705,txn_0008573,cust_001634,2024-03-11 11:53:55,changed_mind,73.99,12
ret_000706,txn_0008582,cust_001634,2024-03-03 12:28:22,changed_mind,28.44,4
ret_000707,txn_0008596,cust_001634,2024-03-26 13:58:27,too_small,22.3,27
ret_000708,txn_0008601,cust_001634,2024-03-13 14:12:47,not_as_described,47.66,14
ret_000709,txn_0008609,cust_003734,2024-03-03 14:58:56,too_small,31.12,4
ret_000710,txn_0008621,cust_003734,2024-03-03 16:45:33,not_as_described,51.36,4
ret_000711,txn_0008624,cust_008137,2024-03-08 16:59:30,better_price_found,175.36,9
ret_000712,txn_0008638,cust_003518,2024-03-12 18:09:06,defective_product,76.44,13
ret_000713,txn_0008652,cust_009788,2024-03-08 19:19:09,better_price_found,89.19,9
ret_000714,txn_0008666,cust_001634,2024-03-28 20:58:49,too_small,51.93,29
ret_000715,txn_0008680,cust_001634,2024-03-19 22:16:15,too_small,48.35,20
ret_000716,txn_0008693,cust_008025,2024-03-16 08:35:41,duplicate_order,53.45,16
ret_000717,txn_0008699,cust_001634,2024-03-09 09:39:56,too_small,63.16,9
ret_000718,txn_0008706,cust_002930,2024-03-08 10:39:58,no_longer_needed,562.59,8
ret_000719,txn_0008726,cust_009579,2024-03-28 12:36:01,duplicate_order,51.02,28
ret_000720,txn_0008731,cust_001634,2024-03-08 13:30:19,too_large,76.48,8
ret_000721,txn_0008737,cust_001634,2024-03-06 14:08:59,too_small,151.19,6
ret_000722,txn_0008738,cust_000857,2024-03-21 14:10:31,no_longer_needed,71.41,21
ret_000723,txn_0008750,cust_003580,2024-03-25 16:23:25,too_small,78.1,25
ret_000724,txn_0008763,cust_001634,2024-03-13 18:31:21,wrong_item,20.24,13
ret_000725,txn_0008768,cust_001742,2024-03-06 19:09:59,changed_mind,25.09,6
ret_000726,txn_0008778,cust_001634,2024-03-22 20:10:25,better_price_found,162.05,22
ret_000727,txn_0008791,cust_001634,2024-03-19 21:11:07,arrived_late,118.37,19
ret_000728,txn_0008792,cust_001634,2024-03-25 21:17:08,no_longer_needed,23.66,25
ret_000729,txn_0008804,cust_008671,2024-03-10 22:37:42,too_large,45.41,10
ret_000730,txn_0008815,cust_001634,2024-03-23 06:05:21,too_small,56.59,22
ret_000731,txn_0008819,cust_004505,2024-03-17 07:09:25,changed_mind,3.48,16
ret_000732,txn_0008823,cust_004505,2024-03-25 07:12:36,not_as_described,0.92,24
ret_000733,txn_0008835,cust_007792,2024-03-30 09:59:16,no_longer_needed,4661.96,29
ret_000734,txn_0008840,cust_003396,2024-03-08 10:21:25,too_large,61.88,7
ret_000735,txn_0008846,cust_003012,2024-03-05 10:33:01,not_as_described,509.47,4
ret_000736,txn_0008850,cust_003431,2024-03-21 11:00:04,duplicate_order,71.55,20
ret_000737,txn_0008857,cust_003835,2024-03-16 11:41:02,better_price_found,37.09,15
ret_000738,txn_0008877,cust_000953,2024-03-13 12:36:28,wrong_item,374.95,12
ret_000739,txn_0008879,cust_001634,2024-03-24 12:54:23,no_longer_needed,104.12,23
ret_000740,txn_0008910,cust_002029,2024-03-25 17:20:45,wrong_item,39.75,24
ret_000741,txn_0008916,cust_001416,2024-03-25 18:07:57,not_as_described,257.05,24
ret_000742,txn_0008943,cust_001634,2024-03-28 20:31:23,changed_mind,71.21,27
ret_000743,txn_0008949,cust_007479,2024-03-27 20:51:38,arrived_late,32.78,26
ret_000744,txn_0008976,cust_007593,2024-03-06 07:30:04,no_longer_needed,93.27,4
ret_000745,txn_0008977,cust_001634,2024-03-21 07:31:29,wrong_item,59.3,19
ret_000746,txn_0009000,cust_009456,2024-03-09 11:10:31,duplicate_order,138.11,7
ret_000747,txn_0009024,cust_006659,2024-03-11 13:18:16,changed_mind,58.89,9
ret_000748,txn_0009026,cust_000857,2024-03-20 13:30:05,better_price_found,32.22,18
ret_000749,txn_0009033,cust_001634,2024-03-09 14:23:10,changed_mind,125.85,7
ret_000750,txn_0009042,cust_003488,2024-03-24 14:51:48,too_large,251.3,22
ret_000751,txn_0009068,cust_001634,2024-03-27 18:14:40,too_small,51.57,25
ret_000752,txn_0009084,cust_009012,2024-03-13 19:19:32,better_price_found,38.92,11
ret_000753,txn_0009097,cust_009460,2024-03-09 21:00:17,too_small,120.5,7
ret_000754,txn_0009107,cust_001634,2024-03-19 23:31:20,arrived_late,277.57,17
ret_000755,txn_0009121,cust_002032,2024-03-26 08:30:26,wrong_item,21.94,23
ret_000756,txn_0009123,cust_001634,2024-03-14 08:35:37,no_longer_needed,77.42,11
ret_000757,txn_0009133,cust_008137,2024-03-15 09:43:01,duplicate_order,225.1,12
ret_000758,txn_0009150,cust_002032,2024-03-27 11:35:30,defective_product,55.88,24
ret_000759,txn_0009171,cust_002032,2024-03-07 13:20:51,duplicate_order,65.08,4
ret_000760,txn_0009178,cust_008168,2024-03-13 14:12:01,no_longer_needed,23.77,10
ret_000761,txn_0009183,cust_001806,2024-03-08 14:25:28,duplicate_order,45.61,5
ret_000762,txn_0009195,cust_009121,2024-03-24 15:51:09,not_as_described,177.18,21
ret_000763,txn_0009275,cust_001634,2024-03-21 08:49:28,duplicate_order,78.63,17
ret_000764,txn_0009298,cust_001634,2024-03-30 11:50:40,no_longer_needed,191.23,26
ret_000765,txn_0009364,cust_001634,2024-03-29 19:54:44,no_longer_needed,289.14,25
ret_000766,txn_0009391,cust_001507,2024-03-30 04:08:16,wrong_item,1.2,25
ret_000767,txn_0009409,cust_001634,2024-04-02 09:30:57,duplicate_order,19.36,28
ret_000768,txn_0009411,cust_001634,2024-03-11 09:38:38,not_as_described,52.92,6
ret_000769,txn_0009417,cust_001634,2024-03-10 10:49:22,better_price_found,116.22,5
ret_000770,txn_0009426,cust_001634,2024-04-01 11:21:04,defective_product,38.14,27
ret_000771,txn_0009428,cust_001634,2024-03-31 11:34:30,changed_mind,48.87,26
ret_000772,txn_0009437,cust_006705,2024-03-27 12:27:26,too_small,43.72,22
ret_000773,txn_0009438,cust_005190,2024-03-24 12:28:47,changed_mind,1715.32,19
ret_000774,txn_0009448,cust_009835,2024-03-18 13:24:03,not_as_described,34.94,13
ret_000775,txn_0009463,cust_002711,2024-03-12 15:00:16,changed_mind,110.82,7
ret_000776,txn_0009470,cust_002032,2024-03-12 15:26:47,duplicate_order,17.92,7
ret_000777,txn_0009476,cust_001634,2024-03-20 16:50:05,changed_mind,60.17,15
ret_000778,txn_0009485,cust_001634,2024-04-03 17:47:59,too_large,17.2,29
ret_000779,txn_0009497,cust_001634,2024-03-21 19:25:58,duplicate_order,27.38,16
ret_000780,txn_0009504,cust_002118,2024-03-14 19:52:26,changed_mind,123.24,9
ret_000781,txn_0009506,cust_001634,2024-03-11 19:58:01,changed_mind,73.84,6
ret_000782,txn_0009510,cust_001634,2024-03-13 20:14:01,better_price_found,198.23,8
ret_000783,txn_0009517,cust_002032,2024-03-17 20:30:46,arrived_late,22.47,12
ret_000784,txn_0009540,cust_001634,2024-04-01 06:49:49,wrong_item,23.91,26
ret_000785,txn_0009547,cust_009460,2024-03-15 08:19:20,wrong_item,292.39,9
ret_000786,txn_0009555,cust_009460,2024-03-27 09:31:25,too_small,202.31,21
ret_000787,txn_0009561,cust_001634,2024-03-31 10:37:59,wrong_item,18.23,25
ret_000788,txn_0009571,cust_008436,2024-03-15 12:06:22,too_large,90.71,9
ret_000789,txn_0009572,cust_002032,2024-03-20 12:19:37,too_large,38.52,14
ret_000790,txn_0009594,cust_002032,2024-03-20 15:33:12,better_price_found,44.29,14
ret_000791,txn_0009629,cust_000544,2024-03-10 20:06:03,defective_product,155.48,4
ret_000792,txn_0009640,cust_001634,2024-03-31 21:01:30,changed_mind,16.77,25
ret_000793,txn_0009642,cust_001634,2024-03-27 21:22:53,duplicate_order,24.22,21
ret_000794,txn_0009643,cust_002032,2024-04-01 21:32:25,too_small,81.26,26
ret_000795,txn_0009653,cust_002118,2024-03-28 22:54:22,too_small,69.63,22
ret_000796,txn_0009663,cust_001634,2024-03-17 07:53:05,better_price_found,28.27,10
ret_000797,txn_0009665,cust_001634,2024-03-16 08:02:59,wrong_item,105.01,9
ret_000798,txn_0009676,cust_001634,2024-03-23 09:41:12,defective_product,22.84,16
ret_000799,txn_0009677,cust_008168,2024-03-12 09:47:44,duplicate_order,198.35,5
ret_000800,txn_0009691,cust_001526,2024-03-14 11:07:53,duplicate_order,42.77,7
ret_000801,txn_0009694,cust_001634,2024-03-10 11:21:02,too_small,51.14,3
ret_000802,txn_0009699,cust_002800,2024-03-11 11:43:17,no_longer_needed,300.4,4
ret_000803,txn_0009701,cust_001634,2024-04-02 11:50:30,better_price_found,32.15,26
ret_000804,txn_0009713,cust_003553,2024-04-02 12:26:41,no_longer_needed,88.06,26
ret_000805,txn_0009716,cust_001634,2024-04-02 12:42:22,not_as_described,95.3,26
ret_000806,txn_0009719,cust_000857,2024-03-29 13:06:09,not_as_described,14.22,22
ret_000807,txn_0009727,cust_001634,2024-03-11 14:17:14,changed_mind,74.05,4
ret_000808,txn_0009759,cust_001634,2024-03-21 18:41:52,arrived_late,32.57,14
ret_000809,txn_0009791,cust_001634,2024-03-19 22:34:23,arrived_late,67.48,12
ret_000810,txn_0009821,cust_003594,2024-03-13 09:02:52,defective_product,113.93,5
ret_000811,txn_0009852,cust_001634,2024-03-21 11:29:18,too_large,38.8,13
ret_000812,txn_0009879,cust_009618,2024-03-09 13:11:03,changed_mind,116.51,1
ret_000813,txn_0009881,cust_001634,2024-03-14 13:14:10,changed_mind,198.51,6
ret_000814,txn_0009883,cust_001634,2024-03-23 13:29:51,no_longer_needed,153.83,15
ret_000815,txn_0009894,cust_001634,2024-03-13 14:10:34,duplicate_order,8.56,5
ret_000816,txn_0009927,cust_002800,2024-03-09 18:32:44,better_price_found,209.49,1
ret_000817,txn_0009928,cust_001634,2024-03-22 18:39:13,no_longer_needed,130.38,14
ret_000818,txn_0009929,cust_004641,2024-03-15 18:39:15,too_small,237.64,7
ret_000819,txn_0009930,cust_002032,2024-03-26 18:41:52,arrived_late,43.31,18
ret_000820,txn_0009935,cust_009261,2024-03-17 19:02:02,better_price_found,241.53,9
ret_000821,txn_0009938,cust_001634,2024-03-11 19:10:00,defective_product,26.49,3
ret_000822,txn_0009941,cust_002010,2024-03-25 19:30:52,defective_product,127.85,17
ret_000823,txn_0009972,cust_008390,2024-03-28 22:20:49,no_longer_needed,486.5,20
ret_000824,txn_0009991,cust_009460,2024-03-24 08:12:09,arrived_late,98.92,15
ret_000825,txn_0009999,cust_001634,2024-04-05 09:45:51,better_price_found,32.14,27
ret_000826,txn_0010018,cust_001634,2024-03-15 12:06:47,not_as_described,56.9,6
ret_000827,txn_0010019,cust_005618,2024-03-28 12:19:12,arrived_late,35.77,19
ret_000828,txn_0010021,cust_001634,2024-03-25 12:47:28,wrong_item,105.67,16
ret_000829,txn_0010031,cust_009835,2024-03-13 13:36:42,not_as_described,35.61,4
ret_000830,txn_0010034,cust_001634,2024-03-25 13:57:24,arrived_late,59.82,16
ret_000831,txn_0010044,cust_003833,2024-03-10 14:43:41,no_longer_needed,234.54,1
ret_000832,txn_0010080,cust_006950,2024-03-13 19:16:09,not_as_described,302.47,4
ret_000833,txn_0010110,cust_000857,2024-03-29 22:15:50,no_longer_needed,142.01,20
ret_000834,txn_0010128,cust_001634,2024-03-25 06:26:16,no_longer_needed,344.87,15
ret_000835,txn_0010132,cust_001634,2024-03-23 07:21:00,not_as_described,125.84,13
ret_000836,txn_0010139,cust_000857,2024-04-08 08:21:15,duplicate_order,29.49,29
ret_000837,txn_0010141,cust_001634,2024-04-06 08:24:01,changed_mind,30.29,27
ret_000838,txn_0010147,cust_004416,2024-04-08 08:52:24,arrived_late,174.03,29
ret_000839,txn_0010162,cust_000739,2024-03-30 10:23:47,arrived_late,95.92,20
ret_000840,txn_0010163,cust_001634,2024-04-03 10:40:50,arrived_late,327.72,24
ret_000841,txn_0010191,cust_001634,2024-03-16 13:43:45,defective_product,87.85,6
ret_000842,txn_0010204,cust_007213,2024-03-28 15:04:12,duplicate_order,39.63,18
ret_000843,txn_0010223,cust_003002,2024-03-29 17:23:35,duplicate_order,80.5,19
ret_000844,txn_0010230,cust_002829,2024-03-25 18:01:07,too_large,126.44,15
ret_000845,txn_0010255,cust_000434,2024-03-22 20:22:51,wrong_item,687.74,12
ret_000846,txn_0010258,cust_008168,2024-03-24 20:30:41,too_small,27.66,14
ret_000847,txn_0010266,cust_004767,2024-04-06 21:23:07,defective_product,18.9,27
ret_000848,txn_0010268,cust_002032,2024-03-29 21:27:43,too_small,100.53,19
ret_000849,txn_0010288,cust_003614,2024-03-16 06:08:21,too_small,262.51,5
ret_000850,txn_0010311,cust_003002,2024-03-18 10:14:34,defective_product,73.55,7
ret_000851,txn_0010313,cust_003357,2024-04-01 10:20:47,duplicate_order,47.69,21
ret_000852,txn_0010320,cust_004058,2024-03-25 11:10:53,too_large,490.22,14
ret_000853,txn_0010327,cust_001634,2024-03-20 12:07:13,changed_mind,422.42,9
ret_000854,txn_0010345,cust_001634,2024-04-07 15:00:11,not_as_described,63.29,27
ret_000855,txn_0010347,cust_001634,2024-03-15 15:29:44,duplicate_order,49.4,4
ret_000856,txn_0010356,cust_007453,2024-03-22 17:31:57,defective_product,76.53,11
ret_000857,txn_0010366,cust_003002,2024-03-17 18:47:07,better_price_found,48.31,6
ret_000858,txn_0010381,cust_001634,2024-04-08 19:59:57,too_small,65.76,28
ret_000859,txn_0010402,cust_001609,2024-03-12 22:40:06,not_as_described,603.26,1
ret_000860,txn_0010440,cust_001634,2024-03-26 11:21:05,changed_mind,23.62,14
ret_000861,txn_0010451,cust_002032,2024-03-29 12:17:19,arrived_late,47.43,17
ret_000862,txn_0010452,cust_001634,2024-03-19 12:17:26,too_large,26.56,7
ret_000863,txn_0010467,cust_005529,2024-04-07 14:03:50,too_small,188.81,26
ret_000864,txn_0010489,cust_008168,2024-03-16 17:41:05,better_price_found,444.1,4
ret_000865,txn_0010493,cust_001634,2024-04-01 17:50:25,no_longer_needed,29.28,20
ret_000866,txn_0010505,cust_009460,2024-03-21 20:17:27,better_price_found,19.97,9
ret_000867,txn_0010529,cust_001634,2024-03-29 23:46:46,arrived_late,27.89,17
ret_000868,txn_0010537,cust_001634,2024-04-07 07:27:28,too_large,593.3,25
ret_000869,txn_0010552,cust_005645,2024-04-01 09:31:53,no_longer_needed,105.77,19
ret_000870,txn_0010565,cust_009460,2024-03-22 10:56:18,arrived_late,77.4,9
ret_000871,txn_0010568,cust_009835,2024-04-04 11:18:29,no_longer_needed,45.93,22
ret_000872,txn_0010583,cust_001634,2024-03-21 12:16:48,duplicate_order,6.77,8
ret_000873,txn_0010640,cust_002118,2024-04-02 18:57:44,too_small,85.64,20
ret_000874,txn_0010688,cust_002029,2024-03-29 08:03:15,duplicate_order,55.21,15
ret_000875,txn_0010716,cust_001634,2024-04-07 12:19:38,too_large,34.94,24
ret_000876,txn_0010730,cust_001634,2024-04-04 13:12:23,no_longer_needed,25.72,21
ret_000877,txn_0010768,cust_003002,2024-03-20 16:50:41,better_price_found,39.7,6
ret_000878,txn_0010789,cust_001634,2024-04-12 19:10:35,arrived_late,86.32,29
ret_000879,txn_0010815,cust_006948,2024-04-08 21:55:09,not_as_described,93.01,25
ret_000880,txn_0010817,cust_001634,2024-03-29 22:06:07,not_as_described,42.41,15
ret_000881,txn_0010831,cust_005581,2024-03-30 04:09:29,better_price_found,97.26,15
ret_000882,txn_0010833,cust_001634,2024-03-23 06:25:13,too_small,38.89,8
ret_000883,txn_0010846,cust_000857,2024-04-02 09:02:38,better_price_found,40.17,18
ret_000884,txn_0010854,cust_003849,2024-03-25 10:21:51,arrived_late,79.33,10
ret_000885,txn_0010862,cust_001634,2024-04-04 11:54:02,not_as_described,43.43,20
ret_000886,txn_0010876,cust_002032,2024-03-22 13:39:58,duplicate_order,49.19,7
ret_000887,txn_0010882,cust_005522,2024-04-03 14:41:09,not_as_described,11879.6,19
ret_000888,txn_0010896,cust_001634,2024-03-20 17:06:41,no_longer_needed,32.46,5
ret_000889,txn_0010931,cust_002118,2024-04-07 21:13:35,changed_mind,53.56,23
ret_000890,txn_0010947,cust_001634,2024-03-31 22:28:04,no_longer_needed,32.22,16
ret_000891,txn_0010986,cust_007841,2024-03-21 09:40:07,arrived_late,73.35,5
ret_000892,txn_0010990,cust_006373,2024-03-28 10:01:42,better_price_found,131.04,12
ret_000893,txn_0010995,cust_001634,2024-03-20 10:19:00,not_as_described,10.57,4
ret_000894,txn_0010999,cust_002032,2024-04-08 10:31:09,wrong_item,120.37,23
ret_000895,txn_0011035,cust_000174,2024-04-04 13:27:15,too_large,58.42,19
ret_000896,txn_0011038,cust_001634,2024-03-28 13:53:21,changed_mind,91.8,12
ret_000897,txn_0011040,cust_001634,2024-03-28 14:22:19,better_price_found,174.65,12
ret_000898,txn_0011053,cust_001634,2024-04-06 16:00:41,defective_product,37.29,21
ret_000899,txn_0011058,cust_001634,2024-03-23 17:25:36,not_as_described,83.74,7
ret_000900,txn_0011065,cust_001634,2024-04-03 19:22:53,defective_product,23.94,18
ret_000901,txn_0011066,cust_008168,2024-04-09 19:26:32,wrong_item,50.19,24
ret_000902,txn_0011070,cust_001634,2024-04-04 19:45:46,duplicate_order,587.96,19
ret_000903,txn_0011090,cust_001634,2024-04-11 21:03:51,arrived_late,106.9,26
ret_000904,txn_0011092,cust_001634,2024-03-23 21:25:27,duplicate_order,24.34,7
ret_000905,txn_0011102,cust_001030,2024-03-23 23:40:43,no_longer_needed,271.29,7
ret_000906,txn_0011129,cust_002118,2024-03-21 10:14:33,better_price_found,133.72,4
ret_000907,txn_0011131,cust_005950,2024-03-24 10:18:40,too_small,84.04,7
ret_000908,txn_0011143,cust_009835,2024-04-15 11:40:25,defective_product,51.39,29
ret_000909,txn_0011170,cust_001634,2024-03-20 13:43:05,duplicate_order,21.36,3
ret_000910,txn_0011178,cust_003043,2024-04-09 14:55:10,changed_mind,135.8,23
ret_000911,txn_0011179,cust_003002,2024-03-31 14:56:31,too_large,113.72,14
ret_000912,txn_0011227,cust_001634,2024-04-03 21:14:53,too_large,75.81,17
ret_000913,txn_0011229,cust_008329,2024-03-30 21:30:02,changed_mind,23.49,13
ret_000914,txn_0011230,cust_003002,2024-04-01 21:31:48,arrived_late,90.36,15
ret_000915,txn_0011251,cust_001634,2024-04-14 08:20:50,too_small,35.51,27
ret_000916,txn_0011262,cust_001634,2024-04-16 09:11:34,no_longer_needed,236.18,29
ret_000917,txn_0011278,cust_005035,2024-03-27 10:13:20,too_large,115.95,9
ret_000918,txn_0011283,cust_002032,2024-04-11 10:49:37,defective_product,90.41,24
ret_000919,txn_0011290,cust_002032,2024-03-26 11:49:33,duplicate_order,46.36,8
ret_000920,txn_0011299,cust_001634,2024-04-03 12:31:06,better_price_found,42.1,16
ret_000921,txn_0011300,cust_002032,2024-03-24 12:31:50,better_price_found,46.44,6
ret_000922,txn_0011317,cust_004441,2024-03-22 13:51:22,defective_product,41.79,4
ret_000923,txn_0011324,cust_005772,2024-03-29 15:29:42,better_price_found,38.42,11
ret_000924,txn_0011335,cust_003193,2024-04-03 17:23:51,changed_mind,27.07,16
ret_000925,txn_0011344,cust_002032,2024-04-07 18:29:56,arrived_late,72.17,20
ret_000926,txn_0011352,cust_001634,2024-04-14 19:03:56,defective_product,159.54,27
ret_000927,txn_0011395,cust_009263,2024-04-04 07:33:34,wrong_item,97.34,16
ret_000928,txn_0011404,cust_001634,2024-04-02 09:25:58,wrong_item,29.74,14
ret_000929,txn_0011407,cust_001634,2024-04-04 09:51:50,better_price_found,55.87,16
ret_000930,txn_0011412,cust_001634,2024-03-27 10:15:35,no_longer_needed,34.33,8
ret_000931,txn_0011469,cust_002032,2024-03-25 16:13:58,changed_mind,83.88,6
ret_000932,txn_0011488,cust_002118,2024-03-27 18:41:29,changed_mind,52.12,8
ret_000933,txn_0011494,cust_006107,2024-04-17 19:21:11,arrived_late,128.28,29
ret_000934,txn_0011503,cust_009460,2024-03-23 20:09:41,changed_mind,182.68,4
ret_000935,txn_0011520,cust_009760,2024-04-16 21:37:25,too_large,151.37,28
ret_000936,txn_0011529,cust_001634,2024-04-08 22:24:03,no_longer_needed,328.08,20
ret_000937,txn_0011532,cust_008168,2024-04-02 22:40:03,arrived_late,37.94,14
ret_000938,txn_0011542,cust_001634,2024-04-18 05:53:05,no_longer_needed,83.63,29
ret_000939,txn_0011546,cust_005421,2024-04-11 06:22:32,not_as_described,13183.12,22
ret_000940,txn_0011556,cust_009460,2024-04-08 08:16:06,wrong_item,73.16,19
ret_000941,txn_0011597,cust_001634,2024-03-30 12:22:47,wrong_item,22.51,10
ret_000942,txn_0011598,cust_002216,2024-03-27 12:37:27,changed_mind,2182.45,7
ret_000943,txn_0011604,cust_000936,2024-04-11 13:21:36,too_large,22.6,22
ret_000944,txn_0011611,cust_001634,2024-04-10 14:11:59,defective_product,64.21,21
ret_000945,txn_0011616,cust_001634,2024-04-15 14:40:07,too_large,69.43,26
ret_000946,txn_0011636,cust_002032,2024-04-04 17:11:11,defective_product,32.82,15
ret_000947,txn_0011689,cust_003309,2024-04-16 23:47:36,not_as_described,13343.81,27
ret_000948,txn_0011700,cust_001634,2024-04-15 07:14:04,duplicate_order,30.5,25
ret_000949,txn_0011707,cust_001634,2024-04-03 08:02:08,not_as_described,24.15,13
ret_000950,txn_0011729,cust_004381,2024-03-24 10:39:25,no_longer_needed,8.6,3
ret_000951,txn_0011802,cust_002032,2024-03-30 20:16:46,defective_product,55.45,9
ret_000952,txn_0011807,cust_001634,2024-04-18 20:29:36,wrong_item,65.3,28
ret_000953,txn_0011810,cust_002032,2024-04-16 20:39:42,not_as_described,40.59,26
ret_000954,txn_0011836,cust_003929,2024-04-09 07:38:48,too_small,38.1,18
ret_000955,txn_0011837,cust_000857,2024-04-15 07:41:44,better_price_found,35.19,24
ret_000956,txn_0011860,cust_003734,2024-04-19 10:36:34,not_as_described,23.32,28
ret_000957,txn_0011872,cust_001634,2024-04-05 11:30:41,wrong_item,10.33,14
ret_000958,txn_0011875,cust_001634,2024-04-20 11:42:11,defective_product,18.39,29
ret_000959,txn_0011886,cust_001634,2024-04-09 12:49:47,better_price_found,109.59,18
ret_000960,txn_0011929,cust_006845,2024-04-16 19:34:16,duplicate_order,38.38,25
ret_000961,txn_0011933,cust_001634,2024-04-02 19:56:23,no_longer_needed,67.29,11
ret_000962,txn_0011962,cust_004277,2024-04-08 05:16:06,defective_product,62.81,16
ret_000963,txn_0011968,cust_000857,2024-03-28 08:03:58,arrived_late,81.11,5
ret_000964,txn_0011987,cust_002032,2024-04-05 10:50:02,too_large,25.86,13
ret_000965,txn_0012023,cust_006160,2024-04-18 14:21:10,no_longer_needed,65.04,26
ret_000966,txn_0012058,cust_007453,2024-04-05 19:31:35,wrong_item,425.78,13
ret_000967,txn_0012074,cust_001634,2024-04-16 20:43:42,no_longer_needed,195.52,24
ret_000968,txn_0012083,cust_001634,2024-04-01 21:28:11,changed_mind,364.27,9
ret_000969,txn_0012088,cust_008982,2024-04-06 22:01:31,duplicate_order,150.46,14
ret_000970,txn_0012099,cust_001634,2024-04-04 05:26:26,changed_mind,48.94,11
ret_000971,txn_0012106,cust_001634,2024-03-28 07:32:53,defective_product,33.73,4
ret_000972,txn_0012109,cust_008168,2024-04-08 08:32:40,defective_product,25.77,15
ret_000973,txn_0012110,cust_009835,2024-04-20 08:48:23,better_price_found,12.35,27
ret_000974,txn_0012115,cust_002032,2024-04-08 09:05:20,too_small,144.28,15
ret_000975,txn_0012160,cust_001634,2024-04-14 13:39:55,arrived_late,107.15,21
ret_000976,txn_0012180,cust_001634,2024-03-31 15:12:56,arrived_late,14.38,7
ret_000977,txn_0012192,cust_001634,2024-03-27 17:18:17,changed_mind,227.0,3
ret_000978,txn_0012194,cust_002811,2024-04-19 17:21:11,defective_product,97.04,26
ret_000979,txn_0012223,cust_002800,2024-03-28 20:48:18,no_longer_needed,107.17,4
ret_000980,txn_0012224,cust_001634,2024-04-15 21:19:50,changed_mind,111.38,22
ret_000981,txn_0012227,cust_003002,2024-04-13 21:56:39,arrived_late,64.26,20
ret_000982,txn_0012247,cust_001634,2024-04-15 08:38:26,defective_product,12.0,21
ret_000983,txn_0012268,cust_006624,2024-03-30 10:51:51,no_longer_needed,67.96,5
ret_000984,txn_0012303,cust_005808,2024-04-17 13:33:38,too_large,10.03,23
ret_000985,txn_0012308,cust_005614,2024-03-26 14:25:39,better_price_found,103.21,1
ret_000986,txn_0012335,cust_001634,2024-04-09 18:29:16,arrived_late,52.75,15
ret_000987,txn_0012343,cust_001634,2024-04-13 19:39:06,arrived_late,28.39,19
ret_000988,txn_0012368,cust_001634,2024-03-30 21:12:09,no_longer_needed,75.1,5
ret_000989,txn_0012369,cust_000857,2024-04-11 21:29:57,not_as_described,183.07,17
ret_000990,txn_0012371,cust_002118,2024-03-30 21:38:49,defective_product,41.47,5
ret_000991,txn_0012374,cust_008168,2024-04-08 21:53:09,too_small,38.09,14
ret_000992,txn_0012393,cust_004600,2024-04-20 08:51:18,arrived_late,405.28,25
ret_000993,txn_0012424,cust_009411,2024-03-31 11:56:20,changed_mind,44.58,5
ret_000994,txn_0012427,cust_002118,2024-04-06 12:16:38,changed_mind,261.09,11
ret_000995,txn_0012441,cust_006641,2024-04-07 13:17:09,better_price_found,109.42,12
ret_000996,txn_0012472,cust_001504,2024-04-20 17:05:23,arrived_late,76.06,25
ret_000997,txn_0012509,cust_004897,2024-04-11 20:26:28,arrived_late,2090.96,16
ret_000998,txn_0012519,cust_007639,2024-04-03 21:06:56,arrived_late,157.79,8
ret_000999,txn_0012520,cust_001634,2024-04-12 21:08:23,duplicate_order,34.56,17
ret_001000,txn_0012558,cust_001634,2024-04-08 11:20:44,defective_product,32.71,12
ret_001001,txn_0012564,cust_001634,2024-04-10 12:00:34,no_longer_needed,114.92,14
ret_001002,txn_0012575,cust_009440,2024-04-12 13:03:49,better_price_found,60.52,16
ret_001003,txn_0012594,cust_000734,2024-04-14 14:48:37,defective_product,156.59,18
ret_001004,txn_0012595,cust_001634,2024-04-17 14:49:41,arrived_late,15.21,21
ret_001005,txn_0012597,cust_002032,2024-04-15 15:00:55,duplicate_order,81.73,19
ret_001006,txn_0012601,cust_000857,2024-04-14 15:22:06,wrong_item,90.02,18
ret_001007,txn_0012606,cust_007676,2024-04-01 16:05:28,too_small,35.26,5
ret_001008,txn_0012623,cust_004533,2024-04-14 18:32:54,changed_mind,204.9,18
ret_001009,txn_0012626,cust_001634,2024-03-31 19:11:01,defective_product,40.51,4
ret_001010,txn_0012647,cust_007560,2024-04-03 20:27:23,too_large,37.15,7
ret_001011,txn_0012658,cust_007543,2024-04-13 21:53:37,changed_mind,32.59,17
ret_001012,txn_0012672,cust_008136,2024-04-20 06:07:33,defective_product,69.26,23
ret_001013,txn_0012688,cust_002032,2024-04-02 09:03:02,no_longer_needed,147.46,5
ret_001014,txn_0012707,cust_001458,2024-04-06 11:53:00,defective_product,7.48,9
ret_001015,txn_0012716,cust_001634,2024-04-14 12:21:22,too_small,29.99,17
ret_001016,txn_0012730,cust_001634,2024-04-13 14:33:40,too_large,336.72,16
ret_001017,txn_0012746,cust_001634,2024-04-26 16:47:34,too_small,29.4,29
ret_001018,txn_0012782,cust_002032,2024-04-19 22:03:24,duplicate_order,61.82,22
ret_001019,txn_0012797,cust_006861,2024-04-10 06:04:55,duplicate_order,41.49,12
ret_001020,txn_0012807,cust_000876,2024-04-02 09:32:12,not_as_described,599.74,4
ret_001021,txn_0012818,cust_001626,2024-04-01 10:31:29,better_price_found,216.73,3
ret_001022,txn_0012824,cust_009460,2024-04-27 11:14:22,no_longer_needed,50.84,29
ret_001023,txn_0012857,cust_001634,2024-04-13 13:44:50,arrived_late,311.75,15
ret_001024,txn_0012866,cust_001634,2024-04-12 14:04:50,better_price_found,16.73,14
ret_001025,txn_0012881,cust_000656,2024-04-15 16:40:12,too_small,250.27,17
ret_001026,txn_0012884,cust_002032,2024-04-22 16:48:28,arrived_late,115.06,24
ret_001027,txn_0012888,cust_001634,2024-04-07 17:16:54,not_as_described,40.45,9
ret_001028,txn_0012894,cust_002221,2024-04-13 17:31:26,not_as_described,58.39,15
ret_001029,txn_0012916,cust_007420,2024-04-27 19:44:18,better_price_found,20.19,29
ret_001030,txn_0012917,cust_002032,2024-04-25 19:47:37,wrong_item,97.76,27
ret_001031,txn_0012924,cust_005581,2024-04-16 19:59:59,no_longer_needed,53.4,18
ret_001032,txn_0012926,cust_001634,2024-04-23 20:10:09,not_as_described,23.47,25
ret_001033,txn_0012952,cust_000936,2024-04-09 23:15:54,arrived_late,33.73,11
ret_001034,txn_0012966,cust_003594,2024-04-15 07:30:50,not_as_described,70.02,16
ret_001035,txn_0012985,cust_009835,2024-04-26 09:39:33,too_small,126.16,27
ret_001036,txn_0012993,cust_008230,2024-04-02 10:44:30,not_as_described,1590.02,3
ret_001037,txn_0012994,cust_001634,2024-04-11 10:50:41,wrong_item,144.12,12
ret_001038,txn_0012996,cust_001634,2024-04-04 10:57:06,wrong_item,23.78,5
ret_001039,txn_0013020,cust_002032,2024-04-20 13:30:12,wrong_item,498.62,21
ret_001040,txn_0013037,cust_001634,2024-04-28 15:03:56,duplicate_order,96.29,29
ret_001041,txn_0013041,cust_000439,2024-04-14 15:47:11,no_longer_needed,51.52,15
ret_001042,txn_0013048,cust_001634,2024-04-26 16:25:23,not_as_described,50.08,27
ret_001043,txn_0013049,cust_008437,2024-04-17 16:29:44,not_as_described,82.04,18
ret_001044,txn_0013068,cust_000944,2024-04-18 19:38:29,too_large,164.89,19
ret_001045,txn_0013081,cust_000857,2024-04-10 21:10:42,better_price_found,41.97,11
ret_001046,txn_0013085,cust_004933,2024-04-27 21:25:09,not_as_described,73.9,28
ret_001047,txn_0013125,cust_001634,2024-04-12 09:55:14,no_longer_needed,21.62,12
ret_001048,txn_0013127,cust_008790,2024-04-20 10:15:18,too_small,52.77,20
ret_001049,txn_0013130,cust_001634,2024-04-16 10:33:17,defective_product,35.53,16
ret_001050,txn_0013163,cust_001634,2024-04-24 13:05:13,wrong_item,34.54,24
ret_001051,txn_0013165,cust_001634,2024-04-25 13:14:00,wrong_item,178.62,25
ret_001052,txn_0013187,cust_001814,2024-04-06 15:24:34,not_as_described,12178.6,6
ret_001053,txn_0013189,cust_004388,2024-04-04 15:32:38,changed_mind,43.76,4
ret_001054,txn_0013229,cust_001634,2024-04-22 19:29:13,defective_product,38.93,22
ret_001055,txn_0013248,cust_001634,2024-04-18 21:54:11,arrived_late,102.51,18
ret_001056,txn_0013257,cust_003595,2024-04-28 23:05:15,arrived_late,80.84,28
ret_001057,txn_0013263,cust_001634,2024-04-10 06:34:33,defective_product,73.98,9
ret_001058,txn_0013264,cust_002727,2024-04-19 06:53:38,wrong_item,3710.49,18
ret_001059,txn_0013273,cust_008136,2024-04-09 08:25:54,duplicate_order,37.07,8
ret_001060,txn_0013275,cust_001634,2024-04-18 08:50:13,duplicate_order,66.11,17
ret_001061,txn_0013281,cust_001634,2024-04-04 09:31:40,too_large,43.74,3
ret_001062,txn_0013289,cust_000880,2024-04-19 10:18:51,no_longer_needed,228.21,18
ret_001063,txn_0013298,cust_003498,2024-04-20 11:49:24,arrived_late,83.91,19
ret_001064,txn_0013312,cust_008136,2024-04-18 13:01:05,too_small,91.39,17
ret_001065,txn_0013313,cust_002032,2024-04-15 13:02:20,too_small,54.72,14
ret_001066,txn_0013322,cust_002032,2024-04-26 13:50:42,changed_mind,11.95,25
ret_001067,txn_0013337,cust_001634,2024-04-20 17:09:09,better_price_found,16.2,19
ret_001068,txn_0013341,cust_006266,2024-04-21 17:19:58,too_small,56.71,20
ret_001069,txn_0013344,cust_001634,2024-04-24 17:53:18,defective_product,114.66,23
ret_001070,txn_0013357,cust_002032,2024-04-25 19:26:30,changed_mind,131.65,24
ret_001071,txn_0013367,cust_001634,2024-04-20 20:40:55,too_large,53.14,19
ret_001072,txn_0013377,cust_009835,2024-04-30 21:46:19,wrong_item,6.45,29
ret_001073,txn_0013385,cust_001257,2024-04-05 23:07:37,changed_mind,58.01,4
ret_001074,txn_0013396,cust_008714,2024-04-09 07:09:58,arrived_late,14.54,7
ret_001075,txn_0013400,cust_003012,2024-04-03 07:54:54,changed_mind,64.88,1
ret_001076,txn_0013405,cust_008504,2024-04-26 08:37:53,not_as_described,114.23,24
ret_001077,txn_0013412,cust_007745,2024-04-24 09:15:45,too_small,102.67,22
ret_001078,txn_0013415,cust_000872,2024-04-28 09:32:33,no_longer_needed,212.7,26
ret_001079,txn_0013418,cust_001634,2024-04-23 09:55:26,not_as_described,29.75,21
ret_001080,txn_0013420,cust_000398,2024-05-01 10:14:26,not_as_described,50.65,29
ret_001081,txn_0013423,cust_002032,2024-04-20 10:34:27,changed_mind,62.22,18
ret_001082,txn_0013432,cust_008385,2024-05-01 11:20:47,defective_product,178.29,29
ret_001083,txn_0013441,cust_001634,2024-04-24 12:02:08,too_small,357.1,22
ret_001084,txn_0013450,cust_000675,2024-04-06 12:35:55,duplicate_order,56.37,4
ret_001085,txn_0013464,cust_001634,2024-04-24 14:32:07,better_price_found,12.99,22
ret_001086,txn_0013495,cust_007374,2024-04-24 18:38:05,arrived_late,318.84,22
ret_001087,txn_0013506,cust_003474,2024-04-15 19:22:43,no_longer_needed,15.8,13
ret_001088,txn_0013522,cust_001634,2024-04-16 20:59:00,not_as_described,25.34,14
ret_001089,txn_0013527,cust_009579,2024-04-18 21:32:13,better_price_found,36.67,16
ret_001090,txn_0013535,cust_001634,2024-04-20 22:47:14,changed_mind,124.64,18
ret_001091,txn_0013538,cust_004406,2024-04-27 23:31:11,too_small,4823.63,25
ret_001092,txn_0013548,cust_001634,2024-04-26 05:34:37,better_price_found,60.49,23
ret_001093,txn_0013549,cust_002711,2024-05-01 06:17:34,wrong_item,35.62,28
ret_001094,txn_0013558,cust_004262,2024-04-30 07:27:32,better_price_found,1.11,27
ret_001095,txn_0013578,cust_002032,2024-04-13 09:52:49,defective_product,63.74,10
ret_001096,txn_0013586,cust_001634,2024-04-22 10:22:37,duplicate_order,34.62,19
ret_001097,txn_0013594,cust_005703,2024-05-02 11:36:22,better_price_found,143.07,29
ret_001098,txn_0013620,cust_001634,2024-04-18 14:12:55,better_price_found,67.89,15
ret_001099,txn_0013641,cust_001634,2024-04-24 17:08:11,defective_product,26.61,21
ret_001100,txn_0013669,cust_001634,2024-05-01 19:55:50,too_large,41.34,28
ret_001101,txn_0013674,cust_001634,2024-04-07 20:13:33,better_price_found,742.0,4
ret_001102,txn_0013675,cust_002032,2024-04-15 20:15:45,no_longer_needed,79.99,12
ret_001103,txn_0013680,cust_000226,2024-04-04 20:31:48,better_price_found,158.01,1
ret_001104,txn_0013685,cust_002032,2024-04-06 21:05:14,too_small,26.14,3
ret_001105,txn_0013704,cust_000452,2024-05-02 00:18:23,duplicate_order,2053.28,28
ret_001106,txn_0013710,cust_007814,2024-04-18 06:53:23,better_price_found,12334.86,14
ret_001107,txn_0013716,cust_004770,2024-04-12 07:40:08,arrived_late,4213.86,8
ret_001108,txn_0013749,cust_001634,2024-04-30 11:07:22,changed_mind,150.22,26
ret_001109,txn_0013753,cust_001634,2024-04-23 11:13:22,too_large,37.63,19
ret_001110,txn_0013763,cust_001634,2024-04-17 12:10:45,no_longer_needed,19.12,13
ret_001111,txn_0013769,cust_006641,2024-04-07 12:33:45,no_longer_needed,39.17,3
ret_001112,txn_0013785,cust_001634,2024-05-03 14:22:01,duplicate_order,145.26,29
ret_001113,txn_0013787,cust_001634,2024-04-26 14:33:37,too_large,59.71,22
ret_001114,txn_0013809,cust_005705,2024-04-07 17:42:13,changed_mind,93.76,3
ret_001115,txn_0013813,cust_009460,2024-04-09 18:16:55,too_small,72.95,5
ret_001116,txn_0013815,cust_008333,2024-04-14 18:40:44,too_large,20.41,10
ret_001117,txn_0013819,cust_005870,2024-04-17 19:03:32,defective_product,233.17,13
ret_001118,txn_0013827,cust_001634,2024-04-11 19:25:54,too_large,36.5,7
ret_001119,txn_0013834,cust_003344,2024-05-02 19:57:59,too_small,178.72,28
ret_001120,txn_0013839,cust_005315,2024-04-24 20:51:42,changed_mind,150.07,20
ret_001121,txn_0013846,cust_006198,2024-05-03 21:16:01,changed_mind,302.69,29
ret_001122,txn_0013899,cust_003594,2024-04-21 10:43:21,changed_mind,58.15,16
ret_001123,txn_0013904,cust_004682,2024-04-24 11:10:06,no_longer_needed,29.64,19
ret_001124,txn_0013917,cust_002032,2024-04-21 11:55:45,no_longer_needed,24.41,16
ret_001125,txn_0013928,cust_002032,2024-04-19 13:00:33,defective_product,69.89,14
ret_001126,txn_0013942,cust_007676,2024-04-17 14:13:48,not_as_described,408.89,12
ret_001127,txn_0013975,cust_008878,2024-04-15 18:50:06,not_as_described,130.98,10
ret_001128,txn_0014007,cust_002032,2024-04-28 21:56:28,arrived_late,74.01,23
ret_001129,txn_0014024,cust_006587,2024-04-08 03:42:36,no_longer_needed,157.43,2
ret_001130,txn_0014031,cust_005529,2024-04-14 07:27:10,too_large,39.77,8
ret_001131,txn_0014061,cust_008168,2024-04-23 11:18:11,arrived_late,40.03,17
ret_001132,txn_0014064,cust_001634,2024-04-22 11:40:36,defective_product,180.87,16
ret_001133,txn_0014093,cust_005284,2024-04-10 13:44:11,wrong_item,27.42,4
ret_001134,txn_0014094,cust_008390,2024-04-29 13:47:25,no_longer_needed,44.6,23
ret_001135,txn_0014099,cust_001634,2024-04-22 14:31:11,arrived_late,25.44,16
ret_001136,txn_0014104,cust_007071,2024-04-26 15:18:09,no_longer_needed,864.07,20
ret_001137,txn_0014105,cust_001634,2024-04-11 15:21:46,changed_mind,54.56,5
ret_001138,txn_0014106,cust_004381,2024-04-30 15:46:13,wrong_item,29.1,24
ret_001139,txn_0014107,cust_001634,2024-04-30 16:02:35,changed_mind,178.48,24
ret_001140,txn_0014128,cust_001634,2024-04-28 18:49:55,not_as_described,22.4,22
ret_001141,txn_0014142,cust_001634,2024-05-02 19:49:30,too_large,59.56,26
ret_001142,txn_0014145,cust_001634,2024-04-27 19:54:56,duplicate_order,60.69,21
ret_001143,txn_0014146,cust_001634,2024-04-09 19:58:36,arrived_late,14.94,3
ret_001144,txn_0014213,cust_001634,2024-04-13 10:36:25,no_longer_needed,296.52,6
ret_001145,txn_0014254,cust_001936,2024-04-12 15:56:35,no_longer_needed,67.3,5
ret_001146,txn_0014271,cust_001634,2024-04-25 18:12:37,duplicate_order,57.19,18
ret_001147,txn_0014285,cust_002403,2024-05-04 19:20:21,changed_mind,248.63,27
ret_001148,txn_0014286,cust_001634,2024-04-26 19:22:30,defective_product,79.47,19
ret_001149,txn_0014289,cust_002032,2024-04-14 19:41:19,arrived_late,115.72,7
ret_001150,txn_0014307,cust_002032,2024-04-30 21:31:10,too_large,63.88,23
ret_001151,txn_0014322,cust_007308,2024-04-28 05:03:17,changed_mind,2266.12,20
ret_001152,txn_0014323,cust_001634,2024-04-25 05:09:55,wrong_item,120.43,17
ret_001153,txn_0014346,cust_001634,2024-05-01 09:18:05,defective_product,141.78,23
ret_001154,txn_0014350,cust_001634,2024-04-27 09:36:28,duplicate_order,538.44,19
ret_001155,txn_0014358,cust_007334,2024-05-03 10:12:23,arrived_late,82.75,25
ret_001156,txn_0014363,cust_001634,2024-04-28 10:45:19,no_longer_needed,19.91,20
ret_001157,txn_0014367,cust_004926,2024-04-29 11:13:01,duplicate_order,461.23,21
ret_001158,txn_0014378,cust_001634,2024-04-27 12:13:42,wrong_item,48.56,19
ret_001159,txn_0014383,cust_004315,2024-05-01 12:54:06,defective_product,610.77,23
ret_001160,txn_0014398,cust_001634,2024-04-25 15:24:59,changed_mind,26.16,17
ret_001161,txn_0014446,cust_005644,2024-04-14 20:27:07,wrong_item,48.9,6
ret_001162,txn_0014452,cust_001634,2024-04-25 20:56:27,changed_mind,90.82,17
ret_001163,txn_0014457,cust_001634,2024-05-01 21:33:58,too_small,16.03,23
ret_001164,txn_0014467,cust_000857,2024-04-26 23:18:08,wrong_item,29.1,18
ret_001165,txn_0014477,cust_003012,2024-04-13 06:33:19,changed_mind,36.75,4
ret_001166,txn_0014478,cust_002032,2024-04-29 07:02:29,better_price_found,46.28,20
ret_001167,txn_0014481,cust_001634,2024-04-16 07:22:07,duplicate_order,54.52,7
ret_001168,txn_0014485,cust_001634,2024-05-02 08:02:18,too_small,24.2,23
ret_001169,txn_0014487,cust_001634,2024-04-13 08:11:14,defective_product,29.29,4
ret_001170,txn_0014491,cust_001634,2024-05-06 08:53:35,no_longer_needed,96.38,27
ret_001171,txn_0014501,cust_006659,2024-04-27 10:00:34,not_as_described,32.15,18
ret_001172,txn_0014505,cust_006240,2024-04-30 10:46:47,defective_product,4188.14,21
ret_001173,txn_0014522,cust_005035,2024-04-25 11:54:16,changed_mind,94.48,16
ret_001174,txn_0014524,cust_001634,2024-04-16 12:06:51,too_small,38.91,7
ret_001175,txn_0014526,cust_009460,2024-04-19 12:29:42,no_longer_needed,55.62,10
ret_001176,txn_0014552,cust_004778,2024-05-03 14:47:40,duplicate_order,142.02,24
ret_001177,txn_0014553,cust_001634,2024-04-25 14:56:46,better_price_found,624.65,16
ret_001178,txn_0014556,cust_004134,2024-04-23 15:20:00,too_large,90.4,14
ret_001179,txn_0014559,cust_005703,2024-05-03 15:49:15,arrived_late,109.81,24
ret_001180,txn_0014581,cust_001634,2024-05-08 18:15:36,wrong_item,34.49,29
ret_001181,txn_0014601,cust_001634,2024-04-26 19:33:09,duplicate_order,104.77,17
ret_001182,txn_0014615,cust_002032,2024-05-01 20:44:05,duplicate_order,14.19,22
ret_001183,txn_0014617,cust_001634,2024-05-01 21:00:30,too_large,257.46,22
ret_001184,txn_0014633,cust_003805,2024-04-12 23:29:03,changed_mind,22.18,3
ret_001185,txn_0014665,cust_001634,2024-04-30 10:44:39,arrived_late,96.06,20
ret_001186,txn_0014667,cust_005303,2024-05-02 10:50:55,not_as_described,67.19,22
ret_001187,txn_0014682,cust_000905,2024-04-11 11:45:58,not_as_described,15282.41,1
ret_001188,txn_0014690,cust_001634,2024-04-21 12:34:46,not_as_described,693.13,11
ret_001189,txn_0014692,cust_008863,2024-04-20 12:46:03,wrong_item,68.17,10
ret_001190,txn_0014699,cust_001634,2024-04-25 13:19:24,wrong_item,37.83,15
ret_001191,txn_0014701,cust_003911,2024-04-14 13:30:27,defective_product,2555.21,4
ret_001192,txn_0014710,cust_001634,2024-05-07 15:16:20,not_as_described,59.96,27
ret_001193,txn_0014713,cust_005096,2024-05-08 15:34:43,wrong_item,236.79,28
ret_001194,txn_0014732,cust_005971,2024-04-20 17:47:18,not_as_described,91.36,10
ret_001195,txn_0014738,cust_002816,2024-05-02 18:30:42,not_as_described,139.76,22
ret_001196,txn_0014742,cust_001634,2024-04-16 18:53:04,changed_mind,39.04,6
ret_001197,txn_0014750,cust_008649,2024-05-05 19:39:25,better_price_found,154.93,25
ret_001198,txn_0014753,cust_008168,2024-04-20 19:49:24,too_small,9.32,10
ret_001199,txn_0014763,cust_006373,2024-04-20 20:35:34,too_small,47.13,10
ret_001200,txn_0014765,cust_001634,2024-04-18 20:52:29,too_large,65.98,8
ret_001201,txn_0014783,cust_001634,2024-05-07 23:46:14,wrong_item,86.06,27
ret_001202,txn_0014789,cust_001634,2024-05-04 07:17:47,not_as_described,140.23,23
ret_001203,txn_0014790,cust_000857,2024-04-29 07:21:02,too_small,111.89,18
ret_001204,txn_0014804,cust_001634,2024-05-06 09:53:47,arrived_late,259.73,25
ret_001205,txn_0014808,cust_003434,2024-04-20 10:14:06,duplicate_order,56.57,9
ret_001206,txn_0014811,cust_005529,2024-04-28 10:24:10,too_small,28.76,17
ret_001207,txn_0014813,cust_000857,2024-05-08 10:41:06,changed_mind,58.42,27
ret_001208,txn_0014824,cust_002032,2024-04-29 11:52:12,duplicate_order,49.71,18
ret_001209,txn_0014833,cust_001634,2024-04-20 12:23:33,duplicate_order,82.43,9
ret_001210,txn_0014861,cust_002029,2024-05-09 14:29:59,better_price_found,35.25,28
ret_001211,txn_0014863,cust_002032,2024-04-18 14:33:07,not_as_described,42.33,7
ret_001212,txn_0014869,cust_009835,2024-04-28 15:51:57,too_small,63.79,17
ret_001213,txn_0014891,cust_000857,2024-04-27 18:42:17,changed_mind,165.1,16
ret_001214,txn_0014927,cust_002032,2024-04-24 21:53:13,duplicate_order,140.73,13
ret_001215,txn_0014928,cust_008168,2024-05-07 21:56:46,not_as_described,25.43,26
ret_001216,txn_0014945,cust_001634,2024-05-02 06:25:23,too_small,447.09,20
ret_001217,txn_0014953,cust_001634,2024-05-01 08:29:01,too_large,79.92,19
ret_001218,txn_0014960,cust_000857,2024-04-30 09:20:58,better_price_found,39.0,18
ret_001219,txn_0014966,cust_005788,2024-05-10 10:10:14,too_large,55.0,28
ret_001220,txn_0014970,cust_001387,2024-04-28 10:39:32,defective_product,47.92,16
ret_001221,txn_0014978,cust_002032,2024-04-29 10:58:59,duplicate_order,16.92,17
ret_001222,txn_0015006,cust_003734,2024-04-20 13:30:58,duplicate_order,18.02,8
ret_001223,txn_0015013,cust_001634,2024-05-04 14:23:01,duplicate_order,65.81,22
ret_001224,txn_0015042,cust_007162,2024-04-24 18:52:05,changed_mind,271.19,12
ret_001225,txn_0015053,cust_001634,2024-04-15 19:28:30,defective_product,75.95,3
ret_001226,txn_0015069,cust_001634,2024-05-07 20:46:14,no_longer_needed,99.87,25
ret_001227,txn_0015077,cust_000857,2024-05-03 22:12:15,defective_product,59.13,21
ret_001228,txn_0015103,cust_001634,2024-05-07 09:05:09,too_small,13.29,24
ret_001229,txn_0015120,cust_002032,2024-05-02 10:49:37,too_small,19.99,19
ret_001230,txn_0015131,cust_009596,2024-04-24 12:05:06,too_large,229.83,11
ret_001231,txn_0015136,cust_005703,2024-04-24 12:27:12,wrong_item,40.76,11
ret_001232,txn_0015172,cust_006373,2024-05-06 17:57:56,too_large,15.18,23
ret_001233,txn_0015174,cust_001634,2024-04-28 18:17:43,defective_product,289.86,15
ret_001234,txn_0015179,cust_001634,2024-04-26 18:36:35,too_small,35.18,13
ret_001235,txn_0015192,cust_001267,2024-04-18 19:52:31,defective_product,168.93,5
ret_001236,txn_0015204,cust_002236,2024-04-30 20:32:51,arrived_late,85.83,17
ret_001237,txn_0015209,cust_001634,2024-05-11 21:13:34,arrived_late,33.2,28
ret_001238,txn_0015229,cust_002278,2024-04-27 00:02:31,wrong_item,1.43,13
ret_001239,txn_0015257,cust_002800,2024-04-17 09:21:44,not_as_described,25.27,3
ret_001240,txn_0015262,cust_003594,2024-04-20 09:44:03,too_large,84.94,6
ret_001241,txn_0015287,cust_001634,2024-04-22 12:58:14,not_as_described,92.61,8
ret_001242,txn_0015302,cust_006713,2024-05-08 14:18:49,better_price_found,115.72,24
ret_001243,txn_0015304,cust_001634,2024-04-24 14:27:37,better_price_found,272.16,10
ret_001244,txn_0015325,cust_001634,2024-04-22 17:03:04,duplicate_order,41.25,8
ret_001245,txn_0015345,cust_001634,2024-04-18 19:10:02,changed_mind,27.11,4
ret_001246,txn_0015361,cust_001634,2024-05-01 21:25:20,too_large,344.77,17
ret_001247,txn_0015362,cust_000239,2024-04-20 21:41:14,better_price_found,61.14,6
ret_001248,txn_0015365,cust_002032,2024-04-28 22:12:51,better_price_found,17.0,14
ret_001249,txn_0015407,cust_000369,2024-04-19 11:44:45,not_as_described,71.68,4
ret_001250,txn_0015415,cust_001634,2024-04-21 12:36:58,too_large,74.6,6
ret_001251,txn_0015418,cust_006225,2024-04-17 12:56:51,no_longer_needed,730.43,2
ret_001252,txn_0015427,cust_002032,2024-04-26 13:36:24,not_as_described,372.64,11
ret_001253,txn_0015446,cust_007867,2024-04-22 15:17:47,arrived_late,47.51,7
ret_001254,txn_0015457,cust_001634,2024-04-27 16:56:20,too_large,234.2,12
ret_001255,txn_0015465,cust_005846,2024-05-14 18:10:28,defective_product,71.81,29
ret_001256,txn_0015484,cust_004659,2024-04-19 19:48:40,too_small,202.95,4
ret_001257,txn_0015490,cust_001634,2024-04-19 20:00:24,no_longer_needed,12.03,4
ret_001258,txn_0015492,cust_002215,2024-04-27 20:11:51,not_as_described,47.6,12
ret_001259,txn_0015506,cust_008419,2024-04-16 22:07:41,changed_mind,90.97,1
ret_001260,txn_0015508,cust_001634,2024-05-09 22:14:38,wrong_item,29.77,24
ret_001261,txn_0015517,cust_005135,2024-05-08 02:23:22,too_small,3204.46,22
ret_001262,txn_0015546,cust_001634,2024-04-30 10:25:23,not_as_described,3.84,14
ret_001263,txn_0015562,cust_004860,2024-05-15 12:00:59,better_price_found,29.54,29
ret_001264,txn_0015586,cust_001634,2024-05-12 14:40:07,too_small,45.09,26
ret_001265,txn_0015589,cust_001634,2024-05-07 14:58:30,defective_product,133.81,21
ret_001266,txn_0015623,cust_001811,2024-05-12 19:13:41,too_small,83.5,26
ret_001267,txn_0015628,cust_001634,2024-04-19 19:34:56,too_small,137.89,3
ret_001268,txn_0015632,cust_002032,2024-05-05 19:57:12,changed_mind,512.8,19
ret_001269,txn_0015636,cust_001634,2024-04-28 20:16:00,changed_mind,48.0,12
ret_001270,txn_0015641,cust_001634,2024-05-03 20:30:04,not_as_described,34.43,17
ret_001271,txn_0015661,cust_001634,2024-04-27 21:31:55,better_price_found,120.67,11
ret_001272,txn_0015669,cust_002032,2024-04-24 22:03:42,too_large,32.96,8
ret_001273,txn_0015675,cust_001634,2024-04-19 23:45:36,changed_mind,163.59,3
ret_001274,txn_0015697,cust_008928,2024-05-08 10:13:57,wrong_item,16.67,21
ret_001275,txn_0015742,cust_005703,2024-05-03 14:49:00,defective_product,17.76,16
ret_001276,txn_0015777,cust_002032,2024-05-14 19:13:12,defective_product,14.77,27
ret_001277,txn_0015781,cust_001634,2024-05-16 19:30:19,wrong_item,100.03,29
ret_001278,txn_0015807,cust_000857,2024-04-28 21:52:59,wrong_item,33.05,11
ret_001279,txn_0015828,cust_008168,2024-05-07 07:51:23,arrived_late,41.93,19
ret_001280,txn_0015829,cust_001634,2024-04-22 07:55:08,changed_mind,26.55,4
ret_001281,txn_0015832,cust_001634,2024-04-29 09:18:48,not_as_described,49.0,11
ret_001282,txn_0015841,cust_008592,2024-04-22 10:27:58,no_longer_needed,16.05,4
ret_001283,txn_0015850,cust_001836,2024-05-12 11:23:23,changed_mind,81.18,24
ret_001284,txn_0015854,cust_007414,2024-05-06 11:33:29,duplicate_order,368.58,18
ret_001285,txn_0015863,cust_009946,2024-05-06 12:12:01,wrong_item,154.48,18
ret_001286,txn_0015869,cust_001634,2024-05-14 12:41:18,duplicate_order,66.95,26
ret_001287,txn_0015883,cust_008491,2024-05-10 13:51:45,wrong_item,62.76,22
ret_001288,txn_0015899,cust_002999,2024-04-30 16:05:00,defective_product,91.13,12
ret_001289,txn_0015904,cust_001479,2024-05-07 16:39:37,defective_product,64.04,19
ret_001290,txn_0015909,cust_003002,2024-05-04 17:03:54,no_longer_needed,97.78,16
ret_001291,txn_0015930,cust_004719,2024-04-28 19:57:33,better_price_found,42.38,10
ret_001292,txn_0015951,cust_001634,2024-05-05 21:39:20,too_small,22.83,17
ret_001293,txn_0015953,cust_001634,2024-04-26 22:46:55,duplicate_order,99.82,8
ret_001294,txn_0015965,cust_001634,2024-05-12 07:14:44,no_longer_needed,73.82,23
ret_001295,txn_0015971,cust_002032,2024-04-24 08:33:31,too_small,62.46,5
ret_001296,txn_0015986,cust_001634,2024-05-11 10:53:42,arrived_late,158.0,22
ret_001297,txn_0015989,cust_002358,2024-04-30 11:04:39,better_price_found,61.82,11
ret_001298,txn_0015991,cust_007708,2024-04-30 11:07:27,defective_product,32.13,11
ret_001299,txn_0016003,cust_000857,2024-05-18 12:25:41,not_as_described,33.67,29
ret_001300,txn_0016007,cust_007050,2024-04-26 12:50:48,duplicate_order,51.73,7
ret_001301,txn_0016034,cust_001634,2024-05-14 15:53:07,defective_product,39.07,25
ret_001302,txn_0016067,cust_001634,2024-05-05 19:33:11,duplicate_order,107.01,16
ret_001303,txn_0016068,cust_001634,2024-05-11 19:38:43,changed_mind,115.89,22
ret_001304,txn_0016069,cust_005458,2024-05-06 19:39:52,defective_product,19.0,17
ret_001305,txn_0016080,cust_003594,2024-05-05 20:19:58,arrived_late,137.25,16
ret_001306,txn_0016094,cust_001634,2024-05-08 21:04:54,better_price_found,81.11,19
ret_001307,txn_0016104,cust_002032,2024-04-27 21:50:52,no_longer_needed,29.38,8
ret_001308,txn_0016137,cust_009040,2024-05-04 10:45:11,better_price_found,112.1,14
ret_001309,txn_0016139,cust_009737,2024-05-11 10:51:52,too_large,252.05,21
ret_001310,txn_0016162,cust_009835,2024-05-11 13:47:34,defective_product,58.49,21
ret_001311,txn_0016164,cust_007576,2024-04-23 13:55:10,better_price_found,260.66,3
ret_001312,txn_0016176,cust_001634,2024-05-02 15:00:20,arrived_late,21.27,12
ret_001313,txn_0016182,cust_009986,2024-05-19 15:40:27,duplicate_order,125.6,29
ret_001314,txn_0016195,cust_004913,2024-04-23 17:15:16,better_price_found,2109.53,3
ret_001315,txn_0016198,cust_001634,2024-05-15 17:22:26,too_large,45.34,25
ret_001316,txn_0016222,cust_002032,2024-05-15 21:03:35,better_price_found,121.11,25
ret_001317,txn_0016241,cust_002685,2024-05-08 03:00:39,arrived_late,16895.69,17
ret_001318,txn_0016242,cust_003002,2024-05-05 05:23:40,no_longer_needed,20.36,14
ret_001319,txn_0016254,cust_001634,2024-05-04 08:35:34,too_small,79.86,13
ret_001320,txn_0016258,cust_005529,2024-05-13 09:04:50,duplicate_order,251.97,22
ret_001321,txn_0016262,cust_001634,2024-05-01 09:35:03,arrived_late,25.06,10
ret_001322,txn_0016271,cust_002032,2024-04-27 10:42:51,changed_mind,24.76,6
ret_001323,txn_0016277,cust_005289,2024-05-12 11:07:43,duplicate_order,37.26,21
ret_001324,txn_0016290,cust_009460,2024-04-27 12:20:32,better_price_found,94.02,6
ret_001325,txn_0016356,cust_001634,2024-05-12 23:31:02,changed_mind,49.55,21
ret_001326,txn_0016369,cust_008754,2024-05-17 08:38:37,better_price_found,42.71,25
ret_001327,txn_0016372,cust_001634,2024-05-04 08:57:43,too_small,49.84,12
ret_001328,txn_0016379,cust_003811,2024-05-04 09:40:02,arrived_late,260.13,12
ret_001329,txn_0016388,cust_006522,2024-05-13 10:11:47,defective_product,101.66,21
ret_001330,txn_0016395,cust_002032,2024-05-09 11:00:17,too_large,101.62,17
ret_001331,txn_0016407,cust_009579,2024-05-03 12:12:03,too_small,49.32,11
ret_001332,txn_0016411,cust_009835,2024-04-26 12:26:26,better_price_found,170.07,4
ret_001333,txn_0016412,cust_002800,2024-04-23 12:30:29,changed_mind,29.19,1
ret_001334,txn_0016422,cust_003913,2024-05-10 13:12:08,better_price_found,119.43,18
ret_001335,txn_0016423,cust_000857,2024-05-18 13:14:50,too_large,24.96,26
ret_001336,txn_0016425,cust_008486,2024-04-23 13:22:27,changed_mind,43.91,1
ret_001337,txn_0016451,cust_001634,2024-05-05 15:27:18,defective_product,93.41,13
ret_001338,txn_0016471,cust_002462,2024-05-19 18:33:52,too_large,36.31,27
ret_001339,txn_0016473,cust_001634,2024-05-16 18:47:54,better_price_found,52.45,24
ret_001340,txn_0016475,cust_002032,2024-05-14 18:53:28,changed_mind,92.43,22
ret_001341,txn_0016498,cust_007040,2024-05-01 21:59:17,no_longer_needed,155.48,9
ret_001342,txn_0016500,cust_001634,2024-05-18 22:27:32,no_longer_needed,19.99,26
ret_001343,txn_0016517,cust_000580,2024-04-27 07:48:46,changed_mind,6555.59,4
ret_001344,txn_0016545,cust_001634,2024-05-10 11:33:29,better_price_found,46.3,17
ret_001345,txn_0016550,cust_002032,2024-05-19 12:28:06,no_longer_needed,14.21,26
ret_001346,txn_0016559,cust_001634,2024-04-30 13:03:50,arrived_late,44.83,7
ret_001347,txn_0016569,cust_009835,2024-05-15 14:09:29,changed_mind,74.96,22
ret_001348,txn_0016577,cust_002342,2024-04-28 16:05:36,arrived_late,189.84,5
ret_001349,txn_0016598,cust_001634,2024-05-02 18:48:12,defective_product,29.44,9
ret_001350,txn_0016601,cust_001634,2024-05-18 18:56:34,arrived_late,53.83,25
ret_001351,txn_0016614,cust_002828,2024-05-11 20:07:35,arrived_late,63.38,18
ret_001352,txn_0016618,cust_002510,2024-04-30 20:21:59,too_small,125.82,7
ret_001353,txn_0016632,cust_007690,2024-05-09 21:50:32,changed_mind,174.75,16
ret_001354,txn_0016643,cust_002476,2024-05-11 23:07:58,not_as_described,17.47,18
ret_001355,txn_0016646,cust_002277,2024-05-12 01:07:52,no_longer_needed,15480.46,18
ret_001356,txn_0016647,cust_002032,2024-05-21 04:59:26,not_as_described,35.75,27
ret_001357,txn_0016648,cust_001634,2024-04-28 05:25:39,not_as_described,22.03,4
ret_001358,txn_0016662,cust_001634,2024-05-09 08:52:08,duplicate_order,102.5,15
ret_001359,txn_0016672,cust_001634,2024-05-04 09:37:54,too_small,39.2,10
ret_001360,txn_0016684,cust_009460,2024-05-23 10:27:06,duplicate_order,27.96,29
ret_001361,txn_0016702,cust_001634,2024-05-12 11:40:32,defective_product,44.74,18
ret_001362,txn_0016720,cust_001634,2024-04-28 12:59:56,arrived_late,78.53,4
ret_001363,txn_0016723,cust_002624,2024-05-15 13:26:36,defective_product,66.35,21
ret_001364,txn_0016741,cust_002032,2024-05-08 15:11:49,not_as_described,14.59,14
ret_001365,txn_0016755,cust_002047,2024-04-30 16:40:07,wrong_item,2279.31,6
ret_001366,txn_0016761,cust_008326,2024-04-26 17:18:53,not_as_described,69.51,2
ret_001367,txn_0016763,cust_001634,2024-05-17 17:36:28,too_large,87.18,23
ret_001368,txn_0016767,cust_009318,2024-04-28 18:20:30,better_price_found,66.11,4
ret_001369,txn_0016773,cust_001634,2024-05-07 19:08:08,wrong_item,92.37,13
ret_001370,txn_0016788,cust_001634,2024-05-13 21:01:02,not_as_described,18.61,19
ret_001371,txn_0016808,cust_008136,2024-05-17 08:06:29,no_longer_needed,56.04,22
ret_001372,txn_0016825,cust_005529,2024-05-17 11:07:17,changed_mind,50.81,22
ret_001373,txn_0016828,cust_002032,2024-05-02 11:33:44,too_small,23.88,7
ret_001374,txn_0016845,cust_001634,2024-05-02 13:01:00,defective_product,64.15,7
ret_001375,txn_0016854,cust_002032,2024-05-20 13:35:59,no_longer_needed,75.26,25
ret_001376,txn_0016870,cust_001634,2024-05-16 15:24:06,too_small,37.39,21
ret_001377,txn_0016906,cust_000857,2024-05-20 19:39:17,not_as_described,58.69,25
ret_001378,txn_0016926,cust_002032,2024-05-11 20:53:37,not_as_described,39.09,16
ret_001379,txn_0016940,cust_001634,2024-05-11 23:26:16,arrived_late,8.97,16
ret_001380,txn_0016950,cust_001634,2024-05-06 05:46:52,no_longer_needed,25.11,10
ret_001381,txn_0016954,cust_007158,2024-05-10 07:23:49,changed_mind,12.33,14
ret_001382,txn_0016956,cust_003866,2024-05-24 08:25:26,defective_product,30.08,28
ret_001383,txn_0016958,cust_000857,2024-05-22 08:45:09,not_as_described,55.9,26
ret_001384,txn_0016976,cust_001634,2024-05-15 10:44:45,arrived_late,21.08,19
ret_001385,txn_0016977,cust_001634,2024-05-16 10:47:36,defective_product,23.92,20
ret_001386,txn_0016984,cust_009881,2024-05-08 11:31:04,changed_mind,132.82,12
ret_001387,txn_0016993,cust_001503,2024-05-04 12:08:13,no_longer_needed,40.43,8
ret_001388,txn_0017015,cust_008327,2024-05-17 13:34:08,no_longer_needed,73.68,21
ret_001389,txn_0017024,cust_003579,2024-05-17 14:26:00,defective_product,148.63,21
ret_001390,txn_0017029,cust_001634,2024-05-05 14:56:31,too_small,37.54,9
ret_001391,txn_0017032,cust_004002,2024-05-10 15:22:48,defective_product,11886.96,14
ret_001392,txn_0017039,cust_003337,2024-05-05 16:30:36,not_as_described,92.96,9
ret_001393,txn_0017067,cust_005703,2024-05-22 20:08:26,not_as_described,24.23,26
ret_001394,txn_0017073,cust_009788,2024-05-21 20:37:07,duplicate_order,43.65,25
ret_001395,txn_0017079,cust_001634,2024-04-29 20:51:29,duplicate_order,84.06,3
ret_001396,txn_0017086,cust_008324,2024-05-05 21:10:15,duplicate_order,40.2,9
ret_001397,txn_0017099,cust_009460,2024-05-01 06:08:29,defective_product,72.68,4
ret_001398,txn_0017104,cust_007904,2024-05-04 08:42:51,better_price_found,142.68,7
ret_001399,txn_0017111,cust_005703,2024-05-26 10:01:14,better_price_found,103.9,29
ret_001400,txn_0017117,cust_001634,2024-05-24 10:46:57,better_price_found,109.85,27
ret_001401,txn_0017126,cust_002032,2024-05-11 11:00:06,too_large,40.08,14
ret_001402,txn_0017132,cust_003002,2024-05-02 11:09:17,arrived_late,115.88,5
ret_001403,txn_0017134,cust_005387,2024-04-28 11:23:26,better_price_found,114.18,1
ret_001404,txn_0017136,cust_007728,2024-04-30 11:35:31,better_price_found,61.29,3
ret_001405,txn_0017138,cust_001634,2024-05-19 11:51:05,no_longer_needed,37.84,22
ret_001406,txn_0017149,cust_001634,2024-05-24 13:00:50,defective_product,68.73,27
ret_001407,txn_0017152,cust_001634,2024-05-11 13:26:38,too_small,74.57,14
ret_001408,txn_0017177,cust_000842,2024-04-28 17:06:41,not_as_described,12.56,1
ret_001409,txn_0017179,cust_001634,2024-05-14 17:21:36,changed_mind,35.48,17
ret_001410,txn_0017192,cust_005529,2024-05-14 19:05:53,arrived_late,25.56,17
ret_001411,txn_0017198,cust_001634,2024-05-24 19:33:04,too_large,80.99,27
ret_001412,txn_0017221,cust_008880,2024-05-20 21:51:30,defective_product,29.35,23
ret_001413,txn_0017222,cust_002032,2024-05-05 21:52:33,arrived_late,55.55,8
ret_001414,txn_0017226,cust_001634,2024-05-11 22:44:55,changed_mind,47.32,14
ret_001415,txn_0017236,cust_006265,2024-05-04 07:06:36,changed_mind,545.01,6
ret_001416,txn_0017240,cust_004917,2024-05-21 08:00:43,not_as_described,189.22,23
ret_001417,txn_0017246,cust_007676,2024-05-06 08:58:24,defective_product,12.36,8
ret_001418,txn_0017247,cust_001634,2024-05-15 09:04:39,changed_mind,133.15,17
ret_001419,txn_0017256,cust_003734,2024-05-18 10:33:05,defective_product,45.2,20
ret_001420,txn_0017270,cust_005703,2024-05-07 11:59:25,duplicate_order,21.75,9
ret_001421,txn_0017297,cust_001634,2024-05-08 14:04:03,arrived_late,75.09,10
ret_001422,txn_0017304,cust_007593,2024-04-30 14:50:45,changed_mind,88.6,2
ret_001423,txn_0017307,cust_001634,2024-05-02 15:09:25,defective_product,212.03,4
ret_001424,txn_0017312,cust_001634,2024-05-02 15:27:41,duplicate_order,44.92,4
ret_001425,txn_0017317,cust_003594,2024-05-09 16:52:51,changed_mind,24.81,11
ret_001426,txn_0017335,cust_005415,2024-05-27 19:27:46,better_price_found,1296.69,29
ret_001427,txn_0017342,cust_001634,2024-05-11 20:05:58,not_as_described,164.11,13
ret_001428,txn_0017346,cust_001634,2024-05-27 20:37:40,defective_product,49.73,29
ret_001429,txn_0017352,cust_002032,2024-05-07 21:21:13,not_as_described,168.38,9
ret_001430,txn_0017369,cust_007459,2024-05-03 23:58:05,duplicate_order,66.22,5
ret_001431,txn_0017377,cust_007774,2024-05-10 08:05:23,wrong_item,68.51,11
ret_001432,txn_0017388,cust_001634,2024-05-25 09:20:05,arrived_late,25.28,26
ret_001433,txn_0017398,cust_001634,2024-05-11 10:28:13,duplicate_order,60.96,12
ret_001434,txn_0017401,cust_002032,2024-05-21 10:46:18,too_large,52.18,22
ret_001435,txn_0017431,cust_001379,2024-05-21 13:27:03,not_as_described,23.68,22
ret_001436,txn_0017439,cust_002032,2024-05-05 14:06:17,better_price_found,97.96,6
ret_001437,txn_0017453,cust_001634,2024-05-18 16:35:12,too_large,233.02,19
ret_001438,txn_0017463,cust_009162,2024-05-12 17:56:09,changed_mind,98.72,13
ret_001439,txn_0017478,cust_009835,2024-05-03 19:17:25,arrived_late,41.32,4
ret_001440,txn_0017491,cust_001634,2024-05-22 20:11:53,too_small,41.86,23
ret_001441,txn_0017493,cust_002029,2024-05-14 20:19:52,better_price_found,50.97,15
ret_001442,txn_0017504,cust_001634,2024-05-10 21:26:24,duplicate_order,96.07,11
ret_001443,txn_0017516,cust_002397,2024-05-03 02:55:45,no_longer_needed,774.25,3
ret_001444,txn_0017520,cust_001634,2024-05-27 05:00:54,better_price_found,166.25,27
ret_001445,txn_0017535,cust_005971,2024-05-28 09:07:25,no_longer_needed,77.49,28
ret_001446,txn_0017553,cust_002032,2024-05-05 12:21:39,not_as_described,64.74,5
ret_001447,txn_0017555,cust_000857,2024-05-24 12:32:45,duplicate_order,22.25,24
ret_001448,txn_0017575,cust_001634,2024-05-08 14:00:54,arrived_late,307.09,8
ret_001449,txn_0017586,cust_005499,2024-05-29 15:56:26,better_price_found,169.88,29
ret_001450,txn_0017615,cust_001634,2024-05-12 19:51:18,not_as_described,58.39,12
ret_001451,txn_0017617,cust_001634,2024-05-13 19:54:16,too_large,84.37,13
ret_001452,txn_0017619,cust_007342,2024-05-10 20:05:26,changed_mind,29.64,10
ret_001453,txn_0017636,cust_007970,2024-05-03 22:53:54,no_longer_needed,47.45,3
ret_001454,txn_0017644,cust_001634,2024-05-07 06:08:35,not_as_described,54.57,6
ret_001455,txn_0017660,cust_002032,2024-05-20 09:19:20,wrong_item,54.96,19
ret_001456,txn_0017688,cust_005984,2024-05-11 12:00:08,arrived_late,16981.26,10
ret_001457,txn_0017694,cust_001887,2024-05-30 12:36:10,duplicate_order,77.51,29
ret_001458,txn_0017718,cust_005617,2024-05-08 14:41:42,too_large,111.09,7
ret_001459,txn_0017722,cust_007694,2024-05-04 14:49:17,better_price_found,148.12,3
ret_001460,txn_0017736,cust_002032,2024-05-06 16:40:35,changed_mind,12.21,5
ret_001461,txn_0017737,cust_002194,2024-05-09 16:43:43,no_longer_needed,203.61,8
ret_001462,txn_0017743,cust_002032,2024-05-12 17:49:45,wrong_item,37.99,11
ret_001463,txn_0017757,cust_006614,2024-05-11 19:06:11,defective_product,24.87,10
ret_001464,txn_0017764,cust_004635,2024-05-21 19:44:47,no_longer_needed,44.79,20
ret_001465,txn_0017769,cust_009332,2024-05-27 20:01:02,defective_product,48.62,26
ret_001466,txn_0017773,cust_001634,2024-05-18 20:34:14,wrong_item,426.09,17
ret_001467,txn_0017776,cust_001634,2024-05-25 20:48:36,duplicate_order,53.59,24
ret_001468,txn_0017781,cust_001634,2024-05-23 21:09:04,too_large,42.9,22
ret_001469,txn_0017783,cust_001634,2024-05-09 21:20:41,no_longer_needed,41.37,8
ret_001470,txn_0017809,cust_001634,2024-05-20 07:15:07,better_price_found,87.57,18
ret_001471,txn_0017811,cust_000857,2024-05-31 07:24:47,no_longer_needed,147.3,29
ret_001472,txn_0017825,cust_001634,2024-05-12 09:15:48,too_small,41.02,10
ret_001473,txn_0017886,cust_001409,2024-05-30 14:14:59,defective_product,1029.83,28
ret_001474,txn_0017906,cust_009614,2024-05-26 17:58:02,too_large,525.47,24
ret_001475,txn_0017916,cust_001634,2024-05-14 18:45:22,better_price_found,30.24,12
ret_001476,txn_0017919,cust_001634,2024-05-09 19:08:00,defective_product,112.44,7
ret_001477,txn_0017920,cust_001634,2024-05-28 19:09:34,no_longer_needed,13.15,26
ret_001478,txn_0017949,cust_001634,2024-05-08 21:48:35,duplicate_order,20.87,6
ret_001479,txn_0017962,cust_001634,2024-06-01 07:53:52,not_as_described,46.51,29
ret_001480,txn_0017969,cust_001634,2024-05-13 09:12:51,changed_mind,43.24,10
ret_001481,txn_0017987,cust_009835,2024-05-28 11:11:02,arrived_late,243.04,25
ret_001482,txn_0018010,cust_009835,2024-05-19 12:56:13,arrived_late,68.46,16
ret_001483,txn_0018012,cust_008453,2024-05-30 12:56:46,too_large,434.37,27
ret_001484,txn_0018013,cust_008168,2024-05-28 13:09:21,too_small,52.27,25
ret_001485,txn_0018031,cust_006206,2024-05-26 15:19:23,changed_mind,725.99,23
ret_001486,txn_0018037,cust_006817,2024-05-27 16:27:40,better_price_found,40.81,24
ret_001487,txn_0018039,cust_009460,2024-05-24 16:50:25,not_as_described,68.3,21
ret_001488,txn_0018044,cust_003594,2024-05-22 17:26:25,changed_mind,53.78,19
ret_001489,txn_0018047,cust_009460,2024-05-13 17:50:02,too_small,229.28,10
ret_001490,txn_0018048,cust_007453,2024-05-19 18:08:48,no_longer_needed,70.65,16
ret_001491,txn_0018058,cust_002032,2024-05-14 18:40:00,not_as_described,62.91,11
ret_001492,txn_0018072,cust_001634,2024-05-21 19:56:04,too_small,17.2,18
ret_001493,txn_0018106,cust_001634,2024-06-02 05:24:10,too_small,34.68,29
ret_001494,txn_0018112,cust_001634,2024-05-08 08:10:30,not_as_described,42.97,4
ret_001495,txn_0018123,cust_002032,2024-05-18 10:54:07,changed_mind,107.01,14
ret_001496,txn_0018162,cust_008754,2024-05-29 14:52:16,arrived_late,35.69,25
ret_001497,txn_0018165,cust_001634,2024-05-07 15:03:39,wrong_item,38.56,3
ret_001498,txn_0018200,cust_005529,2024-05-11 19:39:53,no_longer_needed,259.2,7
ret_001499,txn_0018201,cust_002032,2024-05-15 19:47:31,arrived_late,8.87,11
ret_001500,txn_0018204,cust_000857,2024-05-22 19:56:49,changed_mind,145.62,18
ret_001501,txn_0018238,cust_008416,2024-05-09 08:32:26,defective_product,151.74,4
ret_001502,txn_0018245,cust_008886,2024-05-08 09:32:48,better_price_found,114.84,3
ret_001503,txn_0018254,cust_008928,2024-05-11 10:21:59,too_large,310.42,6
ret_001504,txn_0018330,cust_009460,2024-05-30 18:19:46,changed_mind,469.29,25
ret_001505,txn_0018332,cust_001634,2024-05-09 18:22:54,duplicate_order,15.79,4
ret_001506,txn_0018333,cust_001634,2024-05-10 18:24:10,defective_product,46.47,5
ret_001507,txn_0018373,cust_001634,2024-06-03 04:03:58,changed_mind,130.81,28
ret_001508,txn_0018376,cust_002341,2024-06-01 06:10:53,arrived_late,7217.64,26
ret_001509,txn_0018383,cust_007854,2024-05-09 07:45:03,changed_mind,232.41,3
ret_001510,txn_0018390,cust_009835,2024-06-01 08:44:30,changed_mind,55.05,26
ret_001511,txn_0018394,cust_002118,2024-05-14 09:04:53,changed_mind,10.2,8
ret_001512,txn_0018423,cust_001634,2024-05-21 13:24:02,better_price_found,55.75,15
ret_001513,txn_0018499,cust_002032,2024-05-21 21:00:02,not_as_described,88.25,15
ret_001514,txn_0018508,cust_001634,2024-05-31 22:20:51,arrived_late,22.48,25
ret_001515,txn_0018512,cust_002032,2024-05-11 23:43:45,too_large,54.06,5
ret_001516,txn_0018516,cust_000627,2024-05-11 04:01:10,not_as_described,12798.74,4
ret_001517,txn_0018519,cust_001634,2024-05-24 06:43:04,wrong_item,50.37,17
ret_001518,txn_0018527,cust_001634,2024-05-27 09:12:20,too_small,41.81,20
ret_001519,txn_0018537,cust_001634,2024-05-30 10:27:57,better_price_found,12.66,23
ret_001520,txn_0018571,cust_003594,2024-05-10 13:40:00,too_large,35.52,3
ret_001521,txn_0018578,cust_008390,2024-05-30 14:13:00,too_small,33.57,23
ret_001522,txn_0018582,cust_001634,2024-05-24 14:37:57,not_as_described,34.27,17
ret_001523,txn_0018584,cust_008136,2024-05-10 14:57:19,defective_product,24.71,3
ret_001524,txn_0018598,cust_004954,2024-06-04 17:22:18,arrived_late,88.69,28
ret_001525,txn_0018643,cust_001634,2024-05-13 20:45:27,arrived_late,81.02,6
ret_001526,txn_0018657,cust_009460,2024-06-05 23:28:21,defective_product,175.76,29
ret_001527,txn_0018661,cust_006192,2024-05-28 05:25:10,too_small,113.13,20
ret_001528,txn_0018669,cust_001634,2024-05-24 07:30:30,too_small,37.67,16
ret_001529,txn_0018678,cust_001634,2024-05-20 09:11:59,no_longer_needed,68.16,12
ret_001530,txn_0018703,cust_001634,2024-05-15 11:43:03,too_small,21.24,7
ret_001531,txn_0018716,cust_002032,2024-05-26 12:45:35,changed_mind,19.0,18
ret_001532,txn_0018720,cust_009579,2024-05-17 13:27:30,not_as_described,179.93,9
ret_001533,txn_0018723,cust_006373,2024-05-15 13:46:35,duplicate_order,12.25,7
ret_001534,txn_0018725,cust_003002,2024-05-12 13:53:34,arrived_late,20.22,4
ret_001535,txn_0018733,cust_009579,2024-06-06 14:43:55,not_as_described,70.08,29
ret_001536,txn_0018744,cust_008136,2024-05-29 15:44:17,arrived_late,47.6,21
ret_001537,txn_0018746,cust_002032,2024-05-17 15:53:00,changed_mind,282.36,9
ret_001538,txn_0018767,cust_001634,2024-05-12 18:50:59,too_large,32.72,4
ret_001539,txn_0018823,cust_005565,2024-06-03 08:10:31,wrong_item,34.57,25
ret_001540,txn_0018827,cust_003594,2024-06-06 08:36:27,no_longer_needed,140.56,28
ret_001541,txn_0018830,cust_000857,2024-06-02 09:01:34,no_longer_needed,95.47,24
ret_001542,txn_0018853,cust_000627,2024-05-11 11:31:24,changed_mind,1.73,2
ret_001543,txn_0018854,cust_000627,2024-05-13 11:33:18,no_longer_needed,3.84,4
ret_001544,txn_0018855,cust_000627,2024-05-13 11:33:18,not_as_described,2.19,4
ret_001545,txn_0018857,cust_000627,2024-05-13 11:38:00,not_as_described,4.6,4
ret_001546,txn_0018864,cust_002032,2024-05-26 12:06:07,no_longer_needed,40.69,17
ret_001547,txn_0018879,cust_002032,2024-05-18 13:52:24,better_price_found,536.96,9
ret_001548,txn_0018889,cust_002032,2024-05-12 14:35:11,changed_mind,60.33,3
ret_001549,txn_0018894,cust_007688,2024-05-19 15:12:33,arrived_late,84.16,10
ret_001550,txn_0018908,cust_001634,2024-05-14 16:43:26,defective_product,35.65,5
ret_001551,txn_0018912,cust_004948,2024-05-13 16:50:11,changed_mind,109.69,4
ret_001552,txn_0018918,cust_004210,2024-05-29 17:47:23,changed_mind,11.52,20
ret_001553,txn_0018922,cust_001634,2024-05-13 18:25:45,changed_mind,173.59,4
ret_001554,txn_0018950,cust_009286,2024-06-05 20:36:44,wrong_item,60.91,27
ret_001555,txn_0018968,cust_008168,2024-05-14 22:59:35,not_as_described,60.79,5
ret_001556,txn_0018972,cust_002800,2024-05-14 06:02:23,no_longer_needed,9.0,4
ret_001557,txn_0018973,cust_001634,2024-05-24 06:52:22,wrong_item,35.57,14
ret_001558,txn_0018990,cust_003734,2024-05-13 09:44:34,wrong_item,34.37,3
ret_001559,txn_0019005,cust_000936,2024-06-08 11:08:16,changed_mind,39.72,29
ret_001560,txn_0019013,cust_003012,2024-05-13 12:19:13,changed_mind,29.86,3
ret_001561,txn_0019020,cust_007252,2024-05-27 12:56:09,no_longer_needed,126.41,17
ret_001562,txn_0019043,cust_002195,2024-06-04 14:54:29,arrived_late,302.84,25
ret_001563,txn_0019059,cust_001634,2024-05-29 16:31:18,too_small,39.15,19
ret_001564,txn_0019090,cust_005941,2024-05-27 20:43:28,defective_product,37.62,17
ret_001565,txn_0019108,cust_007354,2024-05-15 22:45:54,better_price_found,154.0,5
ret_001566,txn_0019120,cust_004379,2024-05-25 08:00:21,wrong_item,193.66,14
ret_001567,txn_0019124,cust_006742,2024-05-26 08:46:08,too_small,79.38,15
ret_001568,txn_0019131,cust_007653,2024-06-09 09:36:58,duplicate_order,225.94,29
ret_001569,txn_0019153,cust_001634,2024-05-17 11:23:23,arrived_late,211.13,6
ret_001570,txn_0019188,cust_006965,2024-06-03 14:10:11,arrived_late,64.17,23
ret_001571,txn_0019191,cust_001634,2024-05-19 14:40:18,not_as_described,38.23,8
ret_001572,txn_0019203,cust_009460,2024-06-04 16:54:28,better_price_found,69.99,24
ret_001573,txn_0019208,cust_001634,2024-06-06 17:08:47,better_price_found,64.0,26
ret_001574,txn_0019217,cust_001634,2024-05-22 18:02:04,not_as_described,140.97,11
ret_001575,txn_0019228,cust_001634,2024-05-25 18:38:01,wrong_item,50.9,14
ret_001576,txn_0019232,cust_001634,2024-06-05 19:15:21,too_small,62.21,25
ret_001577,txn_0019238,cust_005529,2024-05-28 19:32:49,not_as_described,7.62,17
ret_001578,txn_0019240,cust_001634,2024-05-31 19:35:48,wrong_item,18.71,20
ret_001579,txn_0019260,cust_002917,2024-06-07 21:37:22,defective_product,98.56,27
ret_001580,txn_0019261,cust_001634,2024-05-30 21:43:51,duplicate_order,136.12,19
ret_001581,txn_0019263,cust_002032,2024-05-17 22:09:45,too_small,297.85,6
ret_001582,txn_0019292,cust_007810,2024-05-26 09:41:51,too_small,34.97,14
ret_001583,txn_0019298,cust_009338,2024-05-24 10:28:00,too_small,112.26,12
ret_001584,txn_0019325,cust_000857,2024-06-07 13:08:03,wrong_item,153.36,26
ret_001585,txn_0019327,cust_003592,2024-06-04 13:16:19,not_as_described,61.46,23
ret_001586,txn_0019336,cust_006373,2024-05-20 14:13:28,too_small,57.76,8
ret_001587,txn_0019338,cust_004051,2024-05-22 14:23:24,too_small,208.72,10
ret_001588,txn_0019342,cust_005387,2024-05-14 14:47:31,no_longer_needed,63.81,2
ret_001589,txn_0019359,cust_000005,2024-05-28 16:59:22,changed_mind,20.85,16
ret_001590,txn_0019393,cust_001634,2024-05-15 20:08:45,better_price_found,13.48,3
ret_001591,txn_0019399,cust_005107,2024-05-28 20:53:36,not_as_described,793.17,16
ret_001592,txn_0019411,cust_001634,2024-06-10 22:37:53,too_large,10.66,29
ret_001593,txn_0019441,cust_001634,2024-06-11 10:21:18,arrived_late,18.0,29
ret_001594,txn_0019444,cust_001634,2024-05-28 10:48:08,better_price_found,122.02,15
ret_001595,txn_0019448,cust_009579,2024-05-29 11:18:19,changed_mind,74.79,16
ret_001596,txn_0019471,cust_008677,2024-05-30 13:33:34,arrived_late,1191.05,17
ret_001597,txn_0019490,cust_003434,2024-05-26 15:41:40,duplicate_order,62.98,13
ret_001598,txn_0019491,cust_009460,2024-05-30 15:56:43,duplicate_order,65.28,17
ret_001599,txn_0019517,cust_002032,2024-06-06 19:54:00,better_price_found,56.25,24
ret_001600,txn_0019530,cust_001634,2024-06-09 20:31:00,no_longer_needed,132.32,27
ret_001601,txn_0019535,cust_003002,2024-06-05 20:48:00,no_longer_needed,67.65,23
ret_001602,txn_0019536,cust_005632,2024-06-03 21:03:08,too_small,318.31,21
ret_001603,txn_0019549,cust_003012,2024-05-14 23:20:57,no_longer_needed,3696.87,1
ret_001604,txn_0019553,cust_002032,2024-06-05 05:09:55,changed_mind,59.96,22
ret_001605,txn_0019558,cust_001028,2024-05-27 07:27:51,duplicate_order,64.15,13
ret_001606,txn_0019564,cust_007593,2024-05-16 08:26:38,no_longer_needed,55.83,2
ret_001607,txn_0019565,cust_007749,2024-05-27 08:52:11,changed_mind,48.68,13
ret_001608,txn_0019570,cust_001634,2024-06-10 09:20:57,defective_product,182.36,27
ret_001609,txn_0019575,cust_001634,2024-05-22 09:49:14,arrived_late,761.22,8
ret_001610,txn_0019576,cust_002032,2024-06-07 09:58:58,duplicate_order,51.26,24
ret_001611,txn_0019579,cust_001634,2024-06-08 10:15:12,not_as_described,12.99,25
ret_001612,txn_0019587,cust_002118,2024-05-24 10:54:30,better_price_found,43.58,10
ret_001613,txn_0019612,cust_005458,2024-06-08 13:07:05,wrong_item,148.26,25
ret_001614,txn_0019640,cust_005433,2024-05-28 16:26:14,not_as_described,70.31,14
ret_001615,txn_0019654,cust_001634,2024-06-03 18:00:28,better_price_found,82.04,20
ret_001616,txn_0019660,cust_000241,2024-05-27 18:35:28,too_large,66.25,13
ret_001617,txn_0019672,cust_001634,2024-05-27 19:33:15,too_small,111.57,13
ret_001618,txn_0019673,cust_002800,2024-05-15 19:36:01,better_price_found,46.96,1
ret_001619,txn_0019718,cust_003734,2024-05-27 08:59:22,too_large,60.32,12
ret_001620,txn_0019728,cust_001634,2024-05-30 10:26:21,duplicate_order,38.64,15
ret_001621,txn_0019734,cust_002032,2024-06-07 11:00:50,changed_mind,52.0,23
ret_001622,txn_0019751,cust_001634,2024-05-27 12:14:36,duplicate_order,34.97,12
ret_001623,txn_0019778,cust_007828,2024-05-26 14:20:19,defective_product,93.66,11
ret_001624,txn_0019787,cust_000857,2024-05-24 15:20:05,defective_product,10.37,9
ret_001625,txn_0019802,cust_008390,2024-06-09 18:01:29,no_longer_needed,88.0,25
ret_001626,txn_0019813,cust_001634,2024-06-03 19:30:16,too_small,47.56,19
ret_001627,txn_0019816,cust_001634,2024-05-31 19:51:36,duplicate_order,57.04,16
ret_001628,txn_0019830,cust_009579,2024-06-09 22:50:40,defective_product,37.84,25
ret_001629,txn_0019831,cust_001634,2024-05-22 22:57:50,better_price_found,34.61,7
ret_001630,txn_0019856,cust_009572,2024-05-18 09:25:14,not_as_described,128.0,2
ret_001631,txn_0019860,cust_001634,2024-06-03 09:57:12,wrong_item,90.56,18
ret_001632,txn_0019873,cust_002032,2024-06-03 10:48:54,too_small,524.51,18
ret_001633,txn_0019875,cust_002032,2024-06-08 11:13:27,wrong_item,194.03,23
ret_001634,txn_0019876,cust_000857,2024-06-08 11:20:09,arrived_late,27.04,23
ret_001635,txn_0019878,cust_001855,2024-06-12 11:23:19,duplicate_order,31.36,27
ret_001636,txn_0019881,cust_004757,2024-05-25 11:25:23,changed_mind,74.41,9
ret_001637,txn_0019895,cust_004478,2024-06-10 12:31:57,defective_product,24.76,25
ret_001638,txn_0019907,cust_002602,2024-05-21 13:37:45,too_small,162.12,5
ret_001639,txn_0019915,cust_001634,2024-06-13 14:18:35,too_small,45.56,28
ret_001640,txn_0019922,cust_002032,2024-05-26 15:02:35,arrived_late,31.89,10
ret_001641,txn_0019934,cust_009460,2024-06-13 17:08:44,no_longer_needed,317.13,28
ret_001642,txn_0019937,cust_003706,2024-06-02 17:23:18,no_longer_needed,287.16,17
ret_001643,txn_0019941,cust_008136,2024-06-06 18:16:16,defective_product,124.43,21
ret_001644,txn_0019943,cust_009445,2024-05-30 18:30:59,too_large,41.95,14
ret_001645,txn_0019962,cust_008928,2024-06-12 20:15:52,wrong_item,27.37,27
ret_001646,txn_0019996,cust_007716,2024-05-21 09:57:52,changed_mind,591.92,4
ret_001647,txn_0020001,cust_006641,2024-05-23 10:21:59,too_small,47.62,6
ret_001648,txn_0020006,cust_005544,2024-05-26 10:46:51,duplicate_order,48.38,9
ret_001649,txn_0020015,cust_002032,2024-05-30 11:34:45,no_longer_needed,45.02,13
ret_001650,txn_0020017,cust_006755,2024-05-18 11:44:38,changed_mind,48.91,1
ret_001651,txn_0020034,cust_002118,2024-05-31 13:22:30,arrived_late,249.24,14
ret_001652,txn_0020054,cust_001634,2024-05-20 15:21:42,too_small,10.93,3
ret_001653,txn_0020059,cust_001654,2024-05-28 16:27:56,changed_mind,38.9,11
ret_001654,txn_0020060,cust_002058,2024-05-20 16:41:22,too_small,86.12,3
ret_001655,txn_0020064,cust_001634,2024-05-24 17:03:45,duplicate_order,275.82,7
ret_001656,txn_0020068,cust_001634,2024-06-11 17:37:34,arrived_late,72.29,25
ret_001657,txn_0020070,cust_001634,2024-05-26 17:45:53,too_small,17.94,9
ret_001658,txn_0020076,cust_001634,2024-06-04 18:45:56,no_longer_needed,87.27,18
ret_001659,txn_0020108,cust_008297,2024-06-03 21:21:21,better_price_found,50.35,17
ret_001660,txn_0020120,cust_009460,2024-05-22 22:52:02,changed_mind,172.88,5
ret_001661,txn_0020121,cust_001634,2024-06-15 22:55:10,wrong_item,81.49,29
ret_001662,txn_0020126,cust_001634,2024-06-02 23:19:40,duplicate_order,94.91,16
ret_001663,txn_0020129,cust_000857,2024-06-05 05:18:25,defective_product,21.6,18
ret_001664,txn_0020136,cust_001634,2024-06-09 07:51:54,arrived_late,138.49,22
ret_001665,txn_0020138,cust_001520,2024-05-21 09:03:34,better_price_found,66.38,3
ret_001666,txn_0020149,cust_001634,2024-05-29 10:21:07,arrived_late,23.34,11
ret_001667,txn_0020181,cust_005703,2024-06-04 13:00:48,too_small,13.63,17
ret_001668,txn_0020191,cust_005303,2024-05-25 13:52:17,no_longer_needed,56.19,7
ret_001669,txn_0020200,cust_001634,2024-05-28 14:17:28,wrong_item,168.25,10
ret_001670,txn_0020217,cust_001634,2024-05-23 16:33:05,duplicate_order,38.5,5
ret_001671,txn_0020231,cust_005703,2024-05-28 18:41:23,too_large,10.51,10
ret_001672,txn_0020237,cust_001634,2024-05-23 19:08:30,changed_mind,56.16,5
ret_001673,txn_0020243,cust_002032,2024-05-26 19:25:50,changed_mind,85.09,8
ret_001674,txn_0020245,cust_008754,2024-06-12 19:38:57,not_as_described,47.95,25
ret_001675,txn_0020251,cust_001634,2024-05-30 20:03:52,changed_mind,85.26,12
ret_001676,txn_0020256,cust_005617,2024-06-06 20:18:32,duplicate_order,30.34,19
ret_001677,txn_0020258,cust_002131,2024-06-15 20:25:11,changed_mind,96.85,28
ret_001678,txn_0020259,cust_009579,2024-05-30 20:32:02,wrong_item,88.06,12
ret_001679,txn_0020265,cust_000450,2024-06-09 21:14:19,too_small,48.95,22
ret_001680,txn_0020269,cust_002032,2024-06-14 21:27:26,defective_product,69.99,27
ret_001681,txn_0020271,cust_001218,2024-05-25 21:42:19,duplicate_order,97.27,7
ret_001682,txn_0020275,cust_002032,2024-06-04 22:14:13,no_longer_needed,84.97,17
ret_001683,txn_0020281,cust_001634,2024-06-10 23:55:52,too_large,71.06,23
ret_001684,txn_0020282,cust_001359,2024-06-02 02:18:28,better_price_found,11565.13,14
ret_001685,txn_0020284,cust_008327,2024-06-04 07:14:24,too_small,18.67,16
ret_001686,txn_0020288,cust_001634,2024-06-01 07:43:46,too_large,31.24,13
ret_001687,txn_0020293,cust_001634,2024-06-01 08:38:11,too_small,22.04,13
ret_001688,txn_0020324,cust_003924,2024-05-29 11:54:19,arrived_late,100.8,10
ret_001689,txn_0020364,cust_001634,2024-05-27 15:18:13,no_longer_needed,26.98,8
ret_001690,txn_0020368,cust_001634,2024-05-28 15:35:58,wrong_item,87.67,9
ret_001691,txn_0020454,cust_001634,2024-06-08 10:58:51,defective_product,60.69,19
ret_001692,txn_0020461,cust_005703,2024-06-13 11:57:23,too_large,12.11,24
ret_001693,txn_0020470,cust_000857,2024-06-18 12:35:13,wrong_item,65.13,29
ret_001694,txn_0020472,cust_001634,2024-05-23 12:47:15,defective_product,56.92,3
ret_001695,txn_0020478,cust_001634,2024-06-11 13:55:14,no_longer_needed,180.35,22
ret_001696,txn_0020482,cust_009835,2024-06-11 14:13:37,too_small,135.09,22
ret_001697,txn_0020489,cust_002118,2024-06-09 15:09:01,duplicate_order,53.71,20
ret_001698,txn_0020513,cust_001634,2024-06-01 17:22:39,defective_product,79.93,12
ret_001699,txn_0020516,cust_001634,2024-06-01 17:41:07,better_price_found,14.09,12
ret_001700,txn_0020531,cust_002355,2024-06-13 19:17:47,not_as_described,10014.51,24
ret_001701,txn_0020534,cust_001659,2024-05-24 19:26:19,changed_mind,82.19,4
ret_001702,txn_0020547,cust_001648,2024-06-13 20:44:12,arrived_late,123.12,24
ret_001703,txn_0020556,cust_001634,2024-06-18 21:25:32,not_as_described,35.76,29
ret_001704,txn_0020576,cust_001634,2024-06-01 05:18:26,arrived_late,111.68,11
ret_001705,txn_0020588,cust_009835,2024-05-26 09:12:10,duplicate_order,41.09,5
ret_001706,txn_0020591,cust_001634,2024-05-28 09:20:35,too_large,35.22,7
ret_001707,txn_0020601,cust_003734,2024-05-24 10:35:40,arrived_late,58.94,3
ret_001708,txn_0020602,cust_001805,2024-06-03 10:36:11,no_longer_needed,60.16,13
ret_001709,txn_0020612,cust_001978,2024-06-10 11:02:58,defective_product,32.97,20
ret_001710,txn_0020621,cust_001634,2024-06-04 12:19:42,no_longer_needed,40.1,14
ret_001711,txn_0020637,cust_001718,2024-05-31 13:48:55,changed_mind,72.18,10
ret_001712,txn_0020677,cust_001634,2024-06-13 18:13:07,duplicate_order,25.9,23
ret_001713,txn_0020691,cust_001634,2024-06-02 19:47:05,no_longer_needed,65.58,12
ret_001714,txn_0020713,cust_001634,2024-06-12 22:25:59,too_large,83.06,22
ret_001715,txn_0020733,cust_009643,2024-06-18 05:42:50,too_small,395.75,27
ret_001716,txn_0020756,cust_001634,2024-06-06 10:12:55,changed_mind,94.78,15
ret_001717,txn_0020758,cust_008168,2024-05-28 10:22:32,no_longer_needed,35.09,6
ret_001718,txn_0020761,cust_001634,2024-06-20 10:34:26,arrived_late,105.96,29
ret_001719,txn_0020763,cust_003327,2024-06-14 10:39:37,defective_product,67.73,23
ret_001720,txn_0020765,cust_001634,2024-05-28 10:42:06,changed_mind,66.36,6
ret_001721,txn_0020792,cust_008626,2024-06-02 13:03:40,changed_mind,94.8,11
ret_001722,txn_0020795,cust_008169,2024-06-18 13:19:58,too_small,49.44,27
ret_001723,txn_0020815,cust_002032,2024-06-04 15:17:34,wrong_item,19.13,13
ret_001724,txn_0020818,cust_001634,2024-06-06 16:05:54,better_price_found,37.01,15
ret_001725,txn_0020900,cust_002032,2024-06-19 08:24:59,duplicate_order,67.53,27
ret_001726,txn_0020913,cust_009835,2024-05-27 10:18:26,better_price_found,40.65,4
ret_001727,txn_0020917,cust_001634,2024-06-11 10:25:20,arrived_late,29.15,19
ret_001728,txn_0020931,cust_001634,2024-06-20 11:11:23,too_large,20.23,28
ret_001729,txn_0020933,cust_008390,2024-05-26 11:21:06,too_large,73.18,3
ret_001730,txn_0020952,cust_001634,2024-06-10 13:00:53,arrived_late,77.2,18
ret_001731,txn_0020967,cust_002032,2024-06-02 14:55:09,defective_product,35.33,10
ret_001732,txn_0020971,cust_002032,2024-06-14 15:19:22,wrong_item,144.8,22
ret_001733,txn_0020997,cust_001634,2024-06-05 18:16:30,not_as_described,227.61,13
ret_001734,txn_0021008,cust_001634,2024-06-15 19:19:22,wrong_item,16.08,23
ret_001735,txn_0021023,cust_004946,2024-06-14 20:34:58,too_small,6519.96,22
ret_001736,txn_0021026,cust_001634,2024-06-12 20:46:38,defective_product,68.6,20
ret_001737,txn_0021031,cust_001634,2024-06-14 21:08:42,duplicate_order,50.26,22
ret_001738,txn_0021045,cust_004076,2024-05-25 23:23:57,changed_mind,5659.03,2
ret_001739,txn_0021059,cust_002032,2024-06-02 08:31:34,not_as_described,223.84,9
ret_001740,txn_0021066,cust_009579,2024-06-09 09:23:15,duplicate_order,67.23,16
ret_001741,txn_0021067,cust_007920,2024-06-12 09:35:19,wrong_item,25.03,19
ret_001742,txn_0021076,cust_001634,2024-06-02 10:30:44,better_price_found,72.95,9
ret_001743,txn_0021083,cust_001634,2024-06-21 11:02:01,too_small,16.56,28
ret_001744,txn_0021084,cust_001634,2024-06-21 11:06:07,better_price_found,193.2,28
ret_001745,txn_0021113,cust_009543,2024-05-25 13:09:03,changed_mind,450.54,1
ret_001746,txn_0021123,cust_002032,2024-05-27 14:00:00,too_small,8.0,3
ret_001747,txn_0021142,cust_002302,2024-06-09 16:11:18,changed_mind,74.4,16
ret_001748,txn_0021151,cust_001634,2024-06-18 17:57:54,too_large,59.23,25
ret_001749,txn_0021191,cust_002716,2024-06-20 21:40:06,changed_mind,94.83,27
ret_001750,txn_0021196,cust_001634,2024-05-31 22:52:26,no_longer_needed,31.05,7
ret_001751,txn_0021200,cust_009460,2024-06-21 23:26:19,too_large,37.79,28
ret_001752,txn_0021205,cust_007241,2024-06-18 00:05:47,better_price_found,3.16,24
ret_001753,txn_0021214,cust_001697,2024-06-11 07:18:48,too_small,16498.57,17
ret_001754,txn_0021218,cust_009579,2024-05-29 08:32:46,too_small,78.07,4
ret_001755,txn_0021222,cust_001634,2024-06-12 09:00:34,arrived_late,73.08,18
ret_001756,txn_0021231,cust_007190,2024-06-19 09:54:28,changed_mind,35.74,25
ret_001757,txn_0021232,cust_002032,2024-06-06 10:01:55,duplicate_order,20.43,12
ret_001758,txn_0021243,cust_001634,2024-06-09 10:52:28,duplicate_order,18.34,15
ret_001759,txn_0021248,cust_009118,2024-06-02 11:06:26,changed_mind,91.2,8
ret_001760,txn_0021269,cust_001634,2024-06-21 12:33:23,duplicate_order,73.46,27
ret_001761,txn_0021271,cust_005039,2024-06-23 12:45:50,arrived_late,172.59,29
ret_001762,txn_0021290,cust_008168,2024-06-01 15:04:23,defective_product,97.83,7
ret_001763,txn_0021305,cust_000857,2024-06-13 16:33:19,defective_product,27.28,19
ret_001764,txn_0021306,cust_002032,2024-06-15 16:44:39,too_large,18.6,21
ret_001765,txn_0021309,cust_001634,2024-06-15 17:22:49,not_as_described,54.62,21
ret_001766,txn_0021321,cust_006373,2024-05-31 18:54:10,not_as_described,40.24,6
ret_001767,txn_0021324,cust_001634,2024-05-28 19:04:37,too_large,15.61,3
ret_001768,txn_0021326,cust_003843,2024-05-31 19:08:25,not_as_described,62.67,6
ret_001769,txn_0021343,cust_002032,2024-06-01 20:53:03,too_small,20.34,7
ret_001770,txn_0021351,cust_004381,2024-06-13 21:47:09,arrived_late,72.03,19
ret_001771,txn_0021410,cust_000899,2024-05-28 11:41:23,not_as_described,49.93,2
ret_001772,txn_0021413,cust_001634,2024-06-05 12:09:59,not_as_described,71.79,10
ret_001773,txn_0021428,cust_002032,2024-05-30 13:17:59,too_small,142.52,4
ret_001774,txn_0021429,cust_001634,2024-06-13 13:25:38,duplicate_order,32.12,18
ret_001775,txn_0021432,cust_001634,2024-06-06 13:47:50,better_price_found,22.14,11
ret_001776,txn_0021439,cust_001634,2024-06-05 15:13:32,changed_mind,1027.74,10
ret_001777,txn_0021461,cust_001634,2024-06-02 19:12:56,wrong_item,41.49,7
ret_001778,txn_0021473,cust_001634,2024-06-14 20:17:24,changed_mind,124.61,19
ret_001779,txn_0021490,cust_008758,2024-06-22 21:17:33,arrived_late,189.38,27
ret_001780,txn_0021494,cust_000786,2024-05-30 22:06:58,changed_mind,13619.95,4
ret_001781,txn_0021495,cust_007341,2024-06-02 22:13:41,wrong_item,97.73,7
ret_001782,txn_0021496,cust_000070,2024-06-16 22:45:02,not_as_described,77.48,21
ret_001783,txn_0021517,cust_001634,2024-06-02 08:34:56,wrong_item,63.82,6
ret_001784,txn_0021520,cust_002032,2024-06-10 08:44:06,too_large,49.7,14
ret_001785,txn_0021527,cust_001634,2024-06-20 09:31:51,not_as_described,23.03,24
ret_001786,txn_0021531,cust_001634,2024-06-02 09:55:59,defective_product,146.96,6
ret_001787,txn_0021539,cust_009389,2024-06-02 11:04:09,wrong_item,175.92,6
ret_001788,txn_0021543,cust_002032,2024-06-16 11:20:22,better_price_found,220.39,20
ret_001789,txn_0021545,cust_006778,2024-05-31 11:36:09,better_price_found,51.26,4
ret_001790,txn_0021562,cust_005458,2024-06-21 13:07:47,duplicate_order,300.37,25
ret_001791,txn_0021563,cust_001634,2024-06-04 13:16:41,arrived_late,95.01,8
ret_001792,txn_0021578,cust_000580,2024-05-28 15:35:50,no_longer_needed,36.57,1
ret_001793,txn_0021585,cust_002032,2024-06-10 16:03:10,no_longer_needed,84.94,14
ret_001794,txn_0021594,cust_001634,2024-06-02 18:01:51,changed_mind,144.25,6
ret_001795,txn_0021638,cust_001634,2024-06-01 23:11:35,better_price_found,112.33,5
ret_001796,txn_0021646,cust_001634,2024-06-08 06:46:24,arrived_late,66.71,11
ret_001797,txn_0021656,cust_002507,2024-06-16 08:06:49,no_longer_needed,703.5,19
ret_001798,txn_0021658,cust_005581,2024-06-01 08:18:24,duplicate_order,73.94,4
ret_001799,txn_0021666,cust_000144,2024-06-18 09:16:47,not_as_described,78.77,21
ret_001800,txn_0021681,cust_001634,2024-06-07 10:41:27,defective_product,15.76,10
ret_001801,txn_0021682,cust_001634,2024-06-03 10:49:08,not_as_described,379.68,6
ret_001802,txn_0021683,cust_005703,2024-06-04 10:54:19,wrong_item,22.38,7
ret_001803,txn_0021688,cust_006373,2024-06-08 11:23:15,no_longer_needed,20.08,11
ret_001804,txn_0021712,cust_009460,2024-06-01 13:16:31,wrong_item,39.07,4
ret_001805,txn_0021714,cust_001634,2024-06-20 13:23:15,too_large,304.28,23
ret_001806,txn_0021719,cust_008168,2024-06-02 13:55:15,not_as_described,48.92,5
ret_001807,txn_0021730,cust_002768,2024-06-01 15:22:52,arrived_late,10973.46,4
ret_001808,txn_0021734,cust_001634,2024-06-18 15:38:45,defective_product,35.25,21
ret_001809,txn_0021735,cust_001634,2024-06-06 16:04:57,duplicate_order,36.18,9
ret_001810,txn_0021739,cust_006019,2024-06-10 16:58:56,duplicate_order,39.27,13
ret_001811,txn_0021744,cust_007919,2024-06-10 17:41:27,too_small,181.16,13
ret_001812,txn_0021762,cust_001634,2024-06-08 19:34:53,duplicate_order,44.87,11
ret_001813,txn_0021775,cust_004732,2024-06-23 20:30:03,no_longer_needed,69.17,26
ret_001814,txn_0021792,cust_001634,2024-06-20 21:56:20,too_small,177.46,23
ret_001815,txn_0021795,cust_009456,2024-06-18 22:28:23,wrong_item,61.63,21
ret_001816,txn_0021796,cust_000760,2024-06-11 22:35:35,arrived_late,14824.02,14
ret_001817,txn_0021804,cust_002566,2024-06-17 05:23:09,better_price_found,28.35,19
ret_001818,txn_0021820,cust_005337,2024-06-15 08:51:28,too_large,679.98,17
ret_001819,txn_0021834,cust_005787,2024-06-12 11:15:40,too_large,496.62,14
ret_001820,txn_0021841,cust_001634,2024-06-26 11:43:55,changed_mind,174.94,28
ret_001821,txn_0021864,cust_000936,2024-06-16 14:04:05,not_as_described,25.3,18
ret_001822,txn_0021874,cust_001634,2024-06-01 15:35:27,arrived_late,18.41,3
ret_001823,txn_0021879,cust_004464,2024-06-21 16:11:23,changed_mind,119.76,23
ret_001824,txn_0021891,cust_002032,2024-06-08 17:27:54,better_price_found,26.17,10
ret_001825,txn_0021892,cust_001659,2024-05-30 17:32:09,better_price_found,55.37,1
ret_001826,txn_0021898,cust_001634,2024-06-13 18:07:02,too_small,38.03,15
ret_001827,txn_0021902,cust_005703,2024-06-07 18:36:42,arrived_late,54.49,9
ret_001828,txn_0021905,cust_001634,2024-06-26 18:55:13,better_price_found,94.97,28
ret_001829,txn_0021915,cust_000857,2024-06-11 20:03:24,changed_mind,158.64,13
ret_001830,txn_0021921,cust_001634,2024-06-15 21:09:28,duplicate_order,20.06,17
ret_001831,txn_0021925,cust_004590,2024-06-03 21:58:26,duplicate_order,26.0,5
ret_001832,txn_0021929,cust_001634,2024-06-21 22:39:20,not_as_described,204.14,23
ret_001833,txn_0021944,cust_002032,2024-06-26 06:16:15,too_large,43.25,27
ret_001834,txn_0021958,cust_004908,2024-06-03 09:17:06,not_as_described,45.14,4
ret_001835,txn_0021985,cust_008663,2024-06-21 12:14:16,no_longer_needed,128.58,22
ret_001836,txn_0022010,cust_001634,2024-06-15 15:25:53,no_longer_needed,77.59,16
ret_001837,txn_0022051,cust_002032,2024-06-24 19:40:55,too_small,31.41,25
ret_001838,txn_0022082,cust_002032,2024-06-19 22:56:17,changed_mind,204.98,20
ret_001839,txn_0022117,cust_000450,2024-06-05 10:26:36,wrong_item,35.75,5
ret_001840,txn_0022142,cust_002118,2024-06-21 12:29:27,wrong_item,40.64,21
ret_001841,txn_0022147,cust_009579,2024-06-14 12:46:30,too_large,86.91,14
ret_001842,txn_0022151,cust_001634,2024-06-19 13:02:59,no_longer_needed,45.53,19
ret_001843,txn_0022160,cust_001634,2024-06-11 14:13:58,better_price_found,257.61,11
ret_001844,txn_0022167,cust_001634,2024-06-24 14:54:34,too_small,47.89,24
ret_001845,txn_0022182,cust_000857,2024-06-23 17:14:37,better_price_found,99.12,23
ret_001846,txn_0022187,cust_002032,2024-06-18 17:48:28,not_as_described,49.42,18
ret_001847,txn_0022196,cust_001634,2024-06-09 18:39:51,not_as_described,56.77,9
ret_001848,txn_0022203,cust_002212,2024-06-26 19:05:17,too_large,79.48,26
ret_001849,txn_0022230,cust_008168,2024-06-03 21:05:52,no_longer_needed,11.73,3
ret_001850,txn_0022241,cust_002215,2024-06-14 22:39:09,not_as_described,61.09,14
ret_001851,txn_0022242,cust_008168,2024-06-06 22:49:41,too_large,63.72,6
ret_001852,txn_0022254,cust_001056,2024-06-14 04:53:40,no_longer_needed,815.63,13
ret_001853,txn_0022315,cust_005059,2024-06-08 13:14:36,not_as_described,4445.03,7
ret_001854,txn_0022320,cust_001634,2024-06-15 13:29:53,defective_product,30.53,14
ret_001855,txn_0022321,cust_002032,2024-06-26 13:35:43,better_price_found,14.37,25
ret_001856,txn_0022345,cust_004363,2024-06-18 15:42:40,better_price_found,2298.29,17
ret_001857,txn_0022367,cust_009835,2024-06-30 19:23:33,wrong_item,40.9,29
ret_001858,txn_0022383,cust_001634,2024-06-26 20:48:53,changed_mind,31.84,25
ret_001859,txn_0022384,cust_004195,2024-06-17 21:14:37,not_as_described,149.27,16
ret_001860,txn_0022393,cust_009579,2024-06-20 23:00:48,changed_mind,22.48,19
ret_001861,txn_0022401,cust_009989,2024-06-17 00:53:40,wrong_item,2702.71,15
ret_001862,txn_0022425,cust_001634,2024-06-26 10:08:00,defective_product,40.91,24
ret_001863,txn_0022442,cust_001634,2024-06-07 12:08:49,too_small,78.36,5
ret_001864,txn_0022443,cust_001634,2024-06-09 12:25:55,too_large,100.59,7
ret_001865,txn_0022489,cust_001634,2024-06-24 17:15:34,no_longer_needed,42.27,22
ret_001866,txn_0022504,cust_007435,2024-06-08 18:57:14,too_large,50.34,6
ret_001867,txn_0022505,cust_002032,2024-06-21 19:08:00,better_price_found,30.24,19
ret_001868,txn_0022517,cust_001634,2024-06-10 19:55:23,arrived_late,59.01,8
ret_001869,txn_0022530,cust_001634,2024-06-16 20:59:01,no_longer_needed,7.15,14
ret_001870,txn_0022545,cust_008552,2024-06-23 23:11:00,duplicate_order,129.29,21
ret_001871,txn_0022548,cust_001634,2024-06-24 23:49:58,too_small,79.41,22
ret_001872,txn_0022559,cust_001634,2024-06-19 07:50:55,no_longer_needed,207.1,16
ret_001873,txn_0022578,cust_001634,2024-06-23 10:02:50,changed_mind,20.08,20
ret_001874,txn_0022587,cust_001579,2024-06-13 10:44:34,defective_product,454.21,10
ret_001875,txn_0022622,cust_002032,2024-06-30 13:28:34,too_small,58.73,27
ret_001876,txn_0022631,cust_006552,2024-06-14 14:53:40,duplicate_order,66.31,11
ret_001877,txn_0022649,cust_005041,2024-06-11 18:29:33,no_longer_needed,383.07,8
ret_001878,txn_0022710,cust_001634,2024-06-07 08:29:21,defective_product,99.62,3
ret_001879,txn_0022742,cust_001634,2024-06-27 11:23:15,duplicate_order,97.48,23
ret_001880,txn_0022752,cust_007970,2024-06-05 11:56:06,changed_mind,33.85,1
ret_001881,txn_0022755,cust_003002,2024-06-28 12:12:05,changed_mind,53.07,24
ret_001882,txn_0022757,cust_002032,2024-06-30 12:24:02,too_small,162.38,26
ret_001883,txn_0022773,cust_001634,2024-06-18 13:46:09,wrong_item,122.68,14
ret_001884,txn_0022774,cust_001634,2024-06-20 13:47:37,too_small,77.7,16
ret_001885,txn_0022778,cust_003594,2024-06-21 13:54:40,wrong_item,60.7,17
ret_001886,txn_0022798,cust_008112,2024-06-05 16:37:20,no_longer_needed,232.69,1
ret_001887,txn_0022804,cust_000842,2024-06-06 17:18:11,not_as_described,17283.67,2
ret_001888,txn_0022810,cust_009760,2024-06-10 17:47:50,not_as_described,1841.03,6
ret_001889,txn_0022819,cust_002032,2024-06-18 18:37:44,too_small,152.13,14
ret_001890,txn_0022822,cust_001634,2024-06-10 18:47:51,arrived_late,345.09,6
ret_001891,txn_0022823,cust_001634,2024-06-27 19:04:50,defective_product,41.88,23
ret_001892,txn_0022828,cust_001634,2024-06-19 19:55:25,defective_product,155.37,15
ret_001893,txn_0022846,cust_008136,2024-06-07 20:58:29,better_price_found,77.54,3
ret_001894,txn_0022866,cust_002032,2024-06-08 06:58:23,too_small,36.04,3
ret_001895,txn_0022889,cust_003478,2024-06-14 09:26:35,wrong_item,54.09,9
ret_001896,txn_0022899,cust_001634,2024-06-11 10:39:45,arrived_late,111.41,6
ret_001897,txn_0022903,cust_001634,2024-06-14 10:50:38,better_price_found,30.91,9
ret_001898,txn_0022906,cust_001634,2024-06-28 11:11:32,too_large,24.93,23
ret_001899,txn_0022929,cust_001634,2024-06-12 13:51:34,changed_mind,82.36,7
ret_001900,txn_0022937,cust_007461,2024-06-09 14:33:11,changed_mind,125.59,4
ret_001901,txn_0022951,cust_009069,2024-06-23 15:57:56,duplicate_order,22.56,18
ret_001902,txn_0022964,cust_001634,2024-06-17 18:08:36,too_large,64.95,12
ret_001903,txn_0022974,cust_001634,2024-06-20 18:40:18,defective_product,50.35,15
ret_001904,txn_0022978,cust_001634,2024-06-15 19:00:37,arrived_late,16.6,10
ret_001905,txn_0022995,cust_001634,2024-06-28 20:57:36,duplicate_order,87.95,23
ret_001906,txn_0023044,cust_002032,2024-06-16 09:46:32,duplicate_order,128.96,10
ret_001907,txn_0023069,cust_001634,2024-06-09 12:25:37,changed_mind,69.72,3
ret_001908,txn_0023071,cust_008390,2024-06-17 12:35:51,arrived_late,56.48,11
ret_001909,txn_0023118,cust_005644,2024-06-09 17:40:57,wrong_item,71.56,3
ret_001910,txn_0023121,cust_004330,2024-06-13 18:12:36,duplicate_order,105.59,7
ret_001911,txn_0023140,cust_003439,2024-06-30 19:46:08,defective_product,194.28,24
ret_001912,txn_0023147,cust_009579,2024-06-27 20:08:15,changed_mind,11.5,21
ret_001913,txn_0023148,cust_002131,2024-07-02 20:14:37,too_large,15.61,26
ret_001914,txn_0023152,cust_001634,2024-06-18 20:42:14,wrong_item,306.6,12
ret_001915,txn_0023190,cust_001634,2024-06-27 09:04:12,too_large,83.15,20
ret_001916,txn_0023198,cust_001634,2024-06-27 09:50:09,too_large,94.04,20
ret_001917,txn_0023203,cust_008491,2024-06-17 10:43:56,too_large,78.94,10
ret_001918,txn_0023212,cust_003192,2024-06-24 11:40:38,too_small,184.35,17
ret_001919,txn_0023229,cust_008449,2024-06-28 13:07:44,wrong_item,25.14,21
ret_001920,txn_0023249,cust_000895,2024-07-04 15:04:55,too_small,71.84,27
ret_001921,txn_0023255,cust_003448,2024-06-20 15:34:44,defective_product,47.84,13
ret_001922,txn_0023260,cust_002032,2024-06-22 16:16:26,no_longer_needed,30.59,15
ret_001923,txn_0023261,cust_004004,2024-06-27 16:22:55,no_longer_needed,12874.23,20
ret_001924,txn_0023263,cust_001693,2024-06-15 16:33:06,changed_mind,26.71,8
ret_001925,txn_0023289,cust_002032,2024-07-02 19:01:36,changed_mind,80.47,25
ret_001926,txn_0023319,cust_002032,2024-06-29 21:29:35,better_price_found,70.33,22
ret_001927,txn_0023338,cust_006118,2024-06-26 03:17:17,wrong_item,2.58,18
ret_001928,txn_0023345,cust_001634,2024-07-07 08:27:39,too_small,25.66,29
ret_001929,txn_0023349,cust_002032,2024-06-29 08:50:12,too_small,45.83,21
ret_001930,txn_0023406,cust_002032,2024-06-19 13:24:31,too_large,50.15,11
ret_001931,txn_0023409,cust_001850,2024-06-12 14:06:40,changed_mind,22.01,4
ret_001932,txn_0023418,cust_001634,2024-06-30 15:03:09,changed_mind,102.61,22
ret_001933,txn_0023435,cust_009460,2024-06-14 17:14:43,arrived_late,114.31,6
ret_001934,txn_0023454,cust_003263,2024-06-23 18:45:58,no_longer_needed,333.5,15
ret_001935,txn_0023458,cust_000326,2024-06-20 19:14:21,wrong_item,261.81,12
ret_001936,txn_0023459,cust_001634,2024-07-06 19:28:50,arrived_late,24.51,28
ret_001937,txn_0023465,cust_002032,2024-06-30 20:00:16,arrived_late,26.07,22
ret_001938,txn_0023468,cust_001634,2024-07-03 20:20:31,defective_product,7.36,25
ret_001939,txn_0023472,cust_002032,2024-07-07 20:43:46,arrived_late,145.38,29
ret_001940,txn_0023487,cust_003061,2024-06-19 22:53:02,better_price_found,268.11,11
ret_001941,txn_0023523,cust_001634,2024-06-21 10:30:35,too_large,58.68,12
ret_001942,txn_0023525,cust_003858,2024-06-18 10:37:13,arrived_late,12.6,9
ret_001943,txn_0023531,cust_000872,2024-06-21 11:18:12,arrived_late,141.36,12
ret_001944,txn_0023540,cust_007154,2024-06-10 12:05:20,better_price_found,26.59,1
ret_001945,txn_0023590,cust_005019,2024-06-19 18:57:04,changed_mind,106.5,10
ret_001946,txn_0023605,cust_003012,2024-06-10 20:50:20,no_longer_needed,36.73,1
ret_001947,txn_0023624,cust_002032,2024-07-06 07:06:00,better_price_found,56.94,26
ret_001948,txn_0023626,cust_009835,2024-06-29 08:00:43,changed_mind,28.32,19
ret_001949,txn_0023631,cust_002032,2024-06-16 09:30:42,better_price_found,68.56,6
ret_001950,txn_0023668,cust_007259,2024-07-05 13:40:03,too_large,63.9,25
ret_001951,txn_0023669,cust_001634,2024-06-18 13:53:50,arrived_late,38.36,8
ret_001952,txn_0023711,cust_002444,2024-06-19 19:38:24,defective_product,140.25,9
ret_001953,txn_0023719,cust_001634,2024-06-26 20:16:03,no_longer_needed,147.02,16
ret_001954,txn_0023720,cust_001634,2024-06-20 20:20:51,wrong_item,58.71,10
ret_001955,txn_0023743,cust_001827,2024-07-05 22:36:28,too_large,83.98,25
ret_001956,txn_0023746,cust_009460,2024-07-01 23:02:47,better_price_found,95.7,21
ret_001957,txn_0023756,cust_005529,2024-06-18 05:17:50,too_large,131.12,7
ret_001958,txn_0023801,cust_008390,2024-06-30 12:11:57,changed_mind,294.55,19
ret_001959,txn_0023826,cust_003350,2024-06-29 15:07:36,not_as_described,104.21,18
ret_001960,txn_0023845,cust_002032,2024-07-08 17:34:10,too_small,12.22,27
ret_001961,txn_0023851,cust_008928,2024-06-19 17:59:46,duplicate_order,90.89,8
ret_001962,txn_0023868,cust_001634,2024-07-03 19:43:08,wrong_item,90.1,22
ret_001963,txn_0023870,cust_006608,2024-07-09 19:47:32,not_as_described,659.9,28
ret_001964,txn_0023889,cust_001634,2024-06-21 22:50:30,not_as_described,87.77,10
ret_001965,txn_0023892,cust_002032,2024-06-14 23:37:31,too_small,15.57,3
ret_001966,txn_0023893,cust_004905,2024-06-12 23:53:53,no_longer_needed,4923.91,1
ret_001967,txn_0023913,cust_001516,2024-06-28 08:21:32,wrong_item,1.44,16
ret_001968,txn_0023915,cust_002032,2024-06-25 08:46:16,arrived_late,33.01,13
ret_001969,txn_0023924,cust_001634,2024-06-17 10:17:39,wrong_item,286.28,5
ret_001970,txn_0023965,cust_000857,2024-06-21 12:56:53,wrong_item,36.21,9
ret_001971,txn_0023970,cust_001634,2024-06-26 13:04:48,changed_mind,45.56,14
ret_001972,txn_0023972,cust_001634,2024-06-29 13:08:23,duplicate_order,240.66,17
ret_001973,txn_0023978,cust_001634,2024-07-04 13:25:10,defective_product,128.68,22
ret_001974,txn_0023995,cust_001634,2024-07-07 16:08:15,better_price_found,94.15,25
ret_001975,txn_0024003,cust_001634,2024-06-16 17:40:14,not_as_described,140.6,4
ret_001976,txn_0024017,cust_000936,2024-06-26 19:11:27,too_large,250.73,14
ret_001977,txn_0024020,cust_001634,2024-06-25 19:20:33,arrived_late,169.21,13
ret_001978,txn_0024047,cust_002032,2024-06-15 20:55:22,defective_product,8.06,3
ret_001979,txn_0024053,cust_008928,2024-06-23 21:21:35,better_price_found,27.39,11
ret_001980,txn_0024062,cust_004053,2024-06-14 23:25:57,better_price_found,155.83,2
ret_001981,txn_0024087,cust_001634,2024-07-01 10:22:33,not_as_described,19.06,18
ret_001982,txn_0024100,cust_001634,2024-06-23 11:50:31,wrong_item,36.99,10
ret_001983,txn_0024101,cust_001634,2024-06-30 11:51:55,too_small,62.87,17
ret_001984,txn_0024113,cust_008836,2024-06-22 13:29:29,changed_mind,71.62,9
ret_001985,txn_0024120,cust_001634,2024-06-22 14:13:33,wrong_item,55.86,9
ret_001986,txn_0024129,cust_003002,2024-06-16 15:34:08,better_price_found,21.42,3
ret_001987,txn_0024134,cust_001634,2024-06-25 16:22:18,changed_mind,124.22,12
ret_001988,txn_0024139,cust_001634,2024-07-08 17:09:40,duplicate_order,123.98,25
ret_001989,txn_0024144,cust_008253,2024-06-30 17:40:19,duplicate_order,78.02,17
ret_001990,txn_0024158,cust_001634,2024-07-06 19:29:23,no_longer_needed,42.28,23
ret_001991,txn_0024174,cust_003002,2024-06-30 20:46:42,not_as_described,56.88,17
ret_001992,txn_0024231,cust_001634,2024-06-17 11:43:30,no_longer_needed,56.61,3
ret_001993,txn_0024260,cust_006192,2024-07-05 15:44:44,duplicate_order,83.12,21
ret_001994,txn_0024274,cust_001634,2024-06-24 18:26:42,not_as_described,29.3,10
ret_001995,txn_0024302,cust_001634,2024-07-03 20:56:29,changed_mind,123.31,19
ret_001996,txn_0024306,cust_002032,2024-07-08 21:22:23,defective_product,217.35,24
ret_001997,txn_0024310,cust_001634,2024-07-03 22:41:02,too_large,478.65,19
ret_001998,txn_0024326,cust_004683,2024-07-03 09:17:58,no_longer_needed,77.79,18
ret_001999,txn_0024370,cust_001634,2024-06-29 13:39:39,changed_mind,102.16,14
ret_002000,txn_0024371,cust_001634,2024-07-10 13:43:37,too_large,434.46,25
ret_002001,txn_0024398,cust_000795,2024-06-28 17:15:50,arrived_late,33.87,13
ret_002002,txn_0024406,cust_005968,2024-07-08 18:24:09,not_as_described,3067.64,23
ret_002003,txn_0024411,cust_001634,2024-07-04 18:54:50,duplicate_order,29.45,19
ret_002004,txn_0024415,cust_007358,2024-07-11 19:09:54,too_small,122.08,26
ret_002005,txn_0024429,cust_000857,2024-07-02 20:12:55,wrong_item,22.61,17
ret_002006,txn_0024441,cust_005703,2024-07-07 21:45:31,too_large,15.69,22
ret_002007,txn_0024463,cust_007119,2024-07-09 06:37:47,defective_product,652.29,23
ret_002008,txn_0024466,cust_008993,2024-07-05 07:51:53,arrived_late,81.19,19
ret_002009,txn_0024467,cust_001634,2024-06-24 07:52:51,defective_product,223.27,8
ret_002010,txn_0024468,cust_003956,2024-06-29 08:01:11,wrong_item,35.44,13
ret_002011,txn_0024495,cust_002800,2024-06-19 10:57:42,not_as_described,14.61,3
ret_002012,txn_0024502,cust_000977,2024-07-07 11:30:47,too_large,84.12,21
ret_002013,txn_0024506,cust_001634,2024-06-27 11:47:10,changed_mind,21.72,11
ret_002014,txn_0024513,cust_004513,2024-06-29 12:37:16,no_longer_needed,102.47,13
ret_002015,txn_0024515,cust_001787,2024-06-21 12:38:16,defective_product,39.85,5
ret_002016,txn_0024534,cust_001634,2024-07-14 14:19:48,better_price_found,171.16,28
ret_002017,txn_0024544,cust_001634,2024-06-23 15:20:29,changed_mind,44.26,7
ret_002018,txn_0024550,cust_001634,2024-07-09 16:03:27,too_small,23.25,23
ret_002019,txn_0024551,cust_001634,2024-07-02 16:07:22,too_large,64.37,16
ret_002020,txn_0024564,cust_004483,2024-07-10 17:17:55,arrived_late,1.91,24
ret_002021,txn_0024570,cust_005156,2024-07-13 17:52:14,too_large,20.98,27
ret_002022,txn_0024588,cust_001634,2024-06-23 19:45:07,no_longer_needed,74.92,7
ret_002023,txn_0024596,cust_002032,2024-06-22 20:38:40,defective_product,270.69,6
ret_002024,txn_0024602,cust_001082,2024-06-25 21:46:55,duplicate_order,18.57,9
ret_002025,txn_0024619,cust_001634,2024-07-16 08:34:59,duplicate_order,17.4,29
ret_002026,txn_0024622,cust_009460,2024-07-12 08:43:48,defective_product,40.69,25
ret_002027,txn_0024638,cust_000523,2024-07-04 10:42:25,changed_mind,78.02,17
ret_002028,txn_0024641,cust_000174,2024-06-25 10:46:15,arrived_late,72.91,8
ret_002029,txn_0024651,cust_002032,2024-06-28 11:49:05,defective_product,42.54,11
ret_002030,txn_0024656,cust_001634,2024-06-22 11:59:56,duplicate_order,243.75,5
ret_002031,txn_0024658,cust_001634,2024-06-29 12:17:28,no_longer_needed,42.5,12
ret_002032,txn_0024665,cust_008389,2024-06-30 13:07:36,too_large,41.74,13
ret_002033,txn_0024670,cust_001634,2024-06-21 13:40:59,wrong_item,55.26,4
ret_002034,txn_0024673,cust_003306,2024-07-09 13:46:05,wrong_item,45.39,22
ret_002035,txn_0024685,cust_009460,2024-06-21 14:26:37,too_small,171.28,4
ret_002036,txn_0024686,cust_007645,2024-07-13 14:30:14,arrived_late,1041.21,26
ret_002037,txn_0024703,cust_001634,2024-07-04 16:45:54,changed_mind,33.96,17
ret_002038,txn_0024712,cust_005703,2024-06-28 18:20:15,not_as_described,18.04,11
ret_002039,txn_0024774,cust_006730,2024-07-13 09:23:22,no_longer_needed,16.43,25
ret_002040,txn_0024778,cust_002666,2024-07-17 09:47:23,duplicate_order,3076.44,29
ret_002041,txn_0024780,cust_008953,2024-06-24 09:52:39,better_price_found,43.4,6
ret_002042,txn_0024789,cust_001634,2024-06-26 10:43:34,too_small,36.15,8
ret_002043,txn_0024790,cust_007328,2024-06-22 10:46:36,no_longer_needed,47.56,4
ret_002044,txn_0024794,cust_001634,2024-07-11 11:00:06,wrong_item,73.09,23
ret_002045,txn_0024797,cust_003480,2024-07-15 11:26:48,defective_product,53.9,27
ret_002046,txn_0024804,cust_001634,2024-07-05 11:54:21,wrong_item,63.16,17
ret_002047,txn_0024814,cust_001634,2024-07-01 12:54:35,wrong_item,42.63,13
ret_002048,txn_0024817,cust_001634,2024-06-27 13:02:13,arrived_late,191.5,9
ret_002049,txn_0024849,cust_000885,2024-07-14 17:16:19,changed_mind,22.48,26
ret_002050,txn_0024856,cust_000859,2024-06-30 17:50:27,too_large,65.82,12
ret_002051,txn_0024862,cust_001634,2024-07-16 18:40:59,too_small,31.77,28
ret_002052,txn_0024876,cust_002032,2024-06-25 20:27:34,duplicate_order,118.39,7
ret_002053,txn_0024881,cust_007359,2024-07-11 20:46:52,too_small,65.57,23
ret_002054,txn_0024883,cust_005529,2024-06-28 20:52:43,defective_product,66.4,10
ret_002055,txn_0024912,cust_001634,2024-07-10 06:18:16,duplicate_order,28.05,21
ret_002056,txn_0024921,cust_006817,2024-07-14 08:40:40,too_small,18.59,25
ret_002057,txn_0024928,cust_001672,2024-06-25 09:59:28,duplicate_order,241.26,6
ret_002058,txn_0024933,cust_001634,2024-06-24 10:26:38,wrong_item,151.25,5
ret_002059,txn_0024941,cust_002032,2024-07-01 11:01:23,too_small,117.9,12
ret_002060,txn_0024952,cust_001634,2024-06-24 11:53:37,better_price_found,106.55,5
ret_002061,txn_0024969,cust_001634,2024-07-16 13:25:58,arrived_late,37.9,27
ret_002062,txn_0024971,cust_005192,2024-07-16 13:34:45,not_as_described,129.94,27
ret_002063,txn_0024974,cust_009835,2024-07-11 13:47:39,changed_mind,31.9,22
ret_002064,txn_0024976,cust_001634,2024-06-22 14:10:22,not_as_described,44.78,3
ret_002065,txn_0024977,cust_009579,2024-07-18 14:24:41,arrived_late,231.76,29
ret_002066,txn_0024979,cust_002032,2024-07-05 14:55:54,too_small,39.4,16
ret_002067,txn_0024981,cust_006318,2024-07-02 15:09:24,better_price_found,43.45,13
ret_002068,txn_0025002,cust_001442,2024-07-11 18:32:48,wrong_item,107.71,22
ret_002069,txn_0025027,cust_001634,2024-06-25 21:22:25,arrived_late,164.3,6
ret_002070,txn_0025061,cust_003002,2024-07-09 08:33:35,too_large,110.13,19
ret_002071,txn_0025068,cust_005529,2024-07-10 09:13:45,arrived_late,51.49,20
ret_002072,txn_0025081,cust_007915,2024-07-14 10:26:25,better_price_found,127.68,24
ret_002073,txn_0025107,cust_001634,2024-07-12 13:08:12,duplicate_order,13.94,22
ret_002074,txn_0025129,cust_001634,2024-07-05 15:41:37,too_large,85.8,15
ret_002075,txn_0025164,cust_004693,2024-06-28 20:17:20,better_price_found,62.55,8
ret_002076,txn_0025165,cust_001634,2024-07-16 20:18:55,too_large,145.45,26
ret_002077,txn_0025183,cust_002032,2024-06-26 22:52:37,wrong_item,20.04,6
ret_002078,txn_0025191,cust_002800,2024-06-22 00:13:29,better_price_found,14137.99,1
ret_002079,txn_0025193,cust_001634,2024-06-26 06:16:26,wrong_item,34.87,5
ret_002080,txn_0025218,cust_001634,2024-06-27 10:46:53,better_price_found,412.31,6
ret_002081,txn_0025245,cust_001634,2024-07-07 13:04:24,wrong_item,40.68,16
ret_002082,txn_0025257,cust_003236,2024-07-14 15:05:28,no_longer_needed,32.36,23
ret_002083,txn_0025259,cust_001634,2024-07-14 15:19:46,better_price_found,48.85,23
ret_002084,txn_0025292,cust_002032,2024-07-15 19:29:51,no_longer_needed,28.49,24
ret_002085,txn_0025320,cust_001634,2024-07-08 22:16:08,not_as_described,30.22,17
ret_002086,txn_0025321,cust_003474,2024-07-01 22:19:32,no_longer_needed,33.07,10
ret_002087,txn_0025348,cust_001634,2024-06-25 09:06:43,better_price_found,137.63,3
ret_002088,txn_0025358,cust_004277,2024-07-07 10:38:57,not_as_described,84.26,15
ret_002089,txn_0025373,cust_001634,2024-07-02 12:34:51,defective_product,54.1,10
ret_002090,txn_0025380,cust_000857,2024-07-10 12:48:37,not_as_described,73.89,18
ret_002091,txn_0025397,cust_001634,2024-06-28 13:54:40,no_longer_needed,38.83,6
ret_002092,txn_0025441,cust_001634,2024-07-14 19:20:43,wrong_item,40.85,22
ret_002093,txn_0025444,cust_000885,2024-07-03 19:32:27,not_as_described,175.11,11
ret_002094,txn_0025460,cust_002032,2024-07-20 20:40:42,better_price_found,27.72,28
ret_002095,txn_0025470,cust_000531,2024-07-01 21:38:29,not_as_described,18.86,9
ret_002096,txn_0025475,cust_001634,2024-07-14 22:17:25,too_small,26.57,22
ret_002097,txn_0025485,cust_002276,2024-07-19 01:31:52,too_small,1684.25,26
ret_002098,txn_0025490,cust_006397,2024-07-13 06:51:45,defective_product,676.58,20
ret_002099,txn_0025507,cust_001634,2024-07-05 10:33:18,wrong_item,15.16,12
ret_002100,txn_0025520,cust_001634,2024-07-20 11:17:07,not_as_described,82.75,27
ret_002101,txn_0025524,cust_008504,2024-07-15 11:33:36,too_small,18.38,22
ret_002102,txn_0025527,cust_003982,2024-07-16 11:51:55,changed_mind,17.65,23
ret_002103,txn_0025534,cust_001634,2024-07-18 12:25:54,no_longer_needed,208.4,25
ret_002104,txn_0025539,cust_001634,2024-07-01 12:48:41,arrived_late,209.22,8
ret_002105,txn_0025541,cust_001655,2024-06-26 12:57:20,arrived_late,218.56,3
ret_002106,txn_0025546,cust_000857,2024-06-26 13:13:18,changed_mind,52.79,3
ret_002107,txn_0025549,cust_001634,2024-07-20 13:37:24,better_price_found,26.24,27
ret_002108,txn_0025562,cust_001634,2024-07-06 15:10:30,no_longer_needed,42.39,13
ret_002109,txn_0025599,cust_001634,2024-06-26 19:13:35,arrived_late,14.11,3
ret_002110,txn_0025614,cust_002118,2024-07-10 20:42:01,no_longer_needed,22.89,17
ret_002111,txn_0025620,cust_003361,2024-07-22 21:15:35,wrong_item,86.8,29
ret_002112,txn_0025641,cust_001634,2024-07-02 23:17:56,not_as_described,120.24,9
ret_002113,txn_0025644,cust_002932,2024-07-05 01:16:59,too_large,278.18,11
ret_002114,txn_0025657,cust_001634,2024-06-27 08:43:09,too_large,32.6,3
ret_002115,txn_0025685,cust_003734,2024-07-01 11:15:24,no_longer_needed,49.5,7
ret_002116,txn_0025686,cust_008168,2024-07-02 11:16:36,changed_mind,59.92,8
ret_002117,txn_0025718,cust_002997,2024-07-22 14:26:43,changed_mind,903.39,28
ret_002118,txn_0025721,cust_002032,2024-07-17 14:36:49,not_as_described,26.14,23
ret_002119,txn_0025724,cust_001634,2024-07-11 15:13:32,too_small,92.98,17
ret_002120,txn_0025726,cust_005529,2024-07-09 15:45:00,too_large,269.75,15
ret_002121,txn_0025744,cust_002032,2024-06-27 17:47:16,no_longer_needed,86.27,3
ret_002122,txn_0025773,cust_001634,2024-07-07 20:17:51,no_longer_needed,169.35,13
ret_002123,txn_0025783,cust_007897,2024-06-25 21:06:43,better_price_found,55.35,1
ret_002124,txn_0025792,cust_003476,2024-07-21 22:05:30,arrived_late,600.05,27
ret_002125,txn_0025804,cust_004974,2024-06-28 02:15:21,too_small,3653.44,3
ret_002126,txn_0025831,cust_007996,2024-07-23 09:53:41,duplicate_order,242.36,28
ret_002127,txn_0025835,cust_006476,2024-06-28 10:15:29,wrong_item,3600.21,3
ret_002128,txn_0025849,cust_005206,2024-07-05 11:31:45,too_small,205.66,10
ret_002129,txn_0025856,cust_001634,2024-07-22 12:00:56,too_large,42.73,27
ret_002130,txn_0025862,cust_009835,2024-07-22 12:30:13,too_small,51.81,27
ret_002131,txn_0025895,cust_001120,2024-06-30 16:56:48,defective_product,307.5,5
ret_002132,txn_0025897,cust_008312,2024-07-03 17:10:11,no_longer_needed,331.08,8
ret_002133,txn_0025912,cust_008137,2024-07-09 18:20:17,wrong_item,53.84,14
ret_002134,txn_0025929,cust_001351,2024-07-21 19:38:16,too_small,78.68,26
ret_002135,txn_0025936,cust_001634,2024-07-02 19:57:18,changed_mind,14.95,7
ret_002136,txn_0025940,cust_005700,2024-07-20 20:15:31,too_large,5710.09,25
ret_002137,txn_0025950,cust_003208,2024-07-04 20:45:24,arrived_late,35.66,9
ret_002138,txn_0025965,cust_003214,2024-06-26 22:17:14,better_price_found,434.23,1
ret_002139,txn_0025984,cust_002032,2024-07-02 08:44:00,too_small,51.04,6
ret_002140,txn_0025997,cust_003908,2024-07-10 10:49:34,defective_product,628.04,14
ret_002141,txn_0026023,cust_005703,2024-07-20 13:20:23,changed_mind,21.15,24
ret_002142,txn_0026051,cust_001634,2024-07-04 16:43:48,wrong_item,52.67,8
ret_002143,txn_0026070,cust_001634,2024-07-05 18:35:27,defective_product,78.9,9
ret_002144,txn_0026107,cust_002032,2024-07-11 22:51:42,no_longer_needed,53.64,15
ret_002145,txn_0026119,cust_002991,2024-07-13 07:36:30,arrived_late,67.12,16
ret_002146,txn_0026128,cust_002032,2024-07-11 08:41:48,duplicate_order,484.13,14
ret_002147,txn_0026143,cust_001416,2024-07-06 11:14:28,arrived_late,40.8,9
ret_002148,txn_0026145,cust_001634,2024-07-06 11:33:18,changed_mind,31.45,9
ret_002149,txn_0026146,cust_001634,2024-07-26 11:33:47,duplicate_order,46.51,29
ret_002150,txn_0026159,cust_001634,2024-07-24 12:39:34,better_price_found,43.08,27
ret_002151,txn_0026171,cust_004922,2024-07-17 13:43:20,duplicate_order,552.27,20
ret_002152,txn_0026176,cust_001634,2024-07-09 14:10:45,too_small,33.74,12
ret_002153,txn_0026208,cust_001634,2024-07-07 19:22:22,wrong_item,15.25,10
ret_002154,txn_0026213,cust_002032,2024-07-01 19:58:48,too_small,120.7,4
ret_002155,txn_0026244,cust_001634,2024-07-09 23:38:21,no_longer_needed,38.53,12
ret_002156,txn_0026251,cust_008168,2024-07-04 05:37:55,too_large,102.74,6
ret_002157,txn_0026258,cust_008754,2024-07-18 08:17:36,changed_mind,40.87,20
ret_002158,txn_0026263,cust_001634,2024-07-21 08:54:11,too_small,37.24,23
ret_002159,txn_0026275,cust_001634,2024-07-07 10:19:36,no_longer_needed,14.01,9
ret_002160,txn_0026308,cust_002032,2024-07-08 13:39:41,better_price_found,50.95,10
ret_002161,txn_0026319,cust_008168,2024-07-26 14:29:43,arrived_late,24.89,28
ret_002162,txn_0026321,cust_002032,2024-07-21 14:34:53,no_longer_needed,66.28,23
ret_002163,txn_0026334,cust_002032,2024-07-03 17:24:17,too_small,64.12,5
ret_002164,txn_0026359,cust_002032,2024-07-14 20:14:01,defective_product,95.45,16
ret_002165,txn_0026363,cust_002032,2024-07-24 20:23:36,wrong_item,47.59,26
ret_002166,txn_0026373,cust_001634,2024-07-22 21:35:29,wrong_item,136.34,24
ret_002167,txn_0026379,cust_001634,2024-07-05 21:54:32,duplicate_order,124.44,7
ret_002168,txn_0026385,cust_005275,2024-07-27 22:57:07,better_price_found,35.85,29
ret_002169,txn_0026407,cust_001634,2024-07-28 09:07:41,wrong_item,110.22,29
ret_002170,txn_0026427,cust_009276,2024-07-18 11:26:10,wrong_item,43.01,19
ret_002171,txn_0026435,cust_000857,2024-07-12 12:26:02,changed_mind,69.43,13
ret_002172,txn_0026436,cust_002032,2024-07-15 12:34:07,no_longer_needed,222.5,16
ret_002173,txn_0026437,cust_004367,2024-07-21 12:37:15,duplicate_order,5.27,22
ret_002174,txn_0026464,cust_002118,2024-07-21 14:53:41,better_price_found,55.83,22
ret_002175,txn_0026465,cust_004802,2024-07-06 14:54:50,too_large,105.52,7
ret_002176,txn_0026476,cust_000527,2024-07-06 16:21:23,arrived_late,77.7,7
ret_002177,txn_0026482,cust_003043,2024-07-16 16:37:55,wrong_item,127.47,17
ret_002178,txn_0026483,cust_003363,2024-07-06 16:38:18,arrived_late,43.46,7
ret_002179,txn_0026484,cust_003089,2024-07-14 16:44:37,not_as_described,57.68,15
ret_002180,txn_0026486,cust_005063,2024-07-23 16:53:12,wrong_item,74.28,24
ret_002181,txn_0026488,cust_001634,2024-07-14 17:04:12,too_small,53.39,15
ret_002182,txn_0026499,cust_009579,2024-07-20 18:34:50,no_longer_needed,31.93,21
ret_002183,txn_0026506,cust_001634,2024-07-08 19:21:54,too_small,40.17,9
ret_002184,txn_0026539,cust_001634,2024-07-12 21:30:05,too_small,70.67,13
ret_002185,txn_0026547,cust_001634,2024-07-06 22:44:41,duplicate_order,92.13,7
ret_002186,txn_0026550,cust_001634,2024-07-14 23:26:00,better_price_found,119.33,15
ret_002187,txn_0026557,cust_005510,2024-07-10 07:13:16,too_large,46.1,10
ret_002188,txn_0026560,cust_009895,2024-07-16 08:22:07,no_longer_needed,79.56,16
ret_002189,txn_0026562,cust_005560,2024-07-28 08:36:54,changed_mind,50.16,28
ret_002190,txn_0026572,cust_001634,2024-07-05 10:12:50,too_large,217.74,5
ret_002191,txn_0026573,cust_000702,2024-07-03 10:16:53,changed_mind,24.35,3
ret_002192,txn_0026579,cust_002725,2024-07-13 10:38:23,changed_mind,104.82,13
ret_002193,txn_0026585,cust_008168,2024-07-04 11:19:28,no_longer_needed,21.02,4
ret_002194,txn_0026598,cust_002032,2024-07-10 12:22:32,wrong_item,51.16,10
ret_002195,txn_0026615,cust_001634,2024-07-17 14:03:59,better_price_found,136.53,17
ret_002196,txn_0026635,cust_000872,2024-07-05 17:03:51,too_large,116.65,5
ret_002197,txn_0026648,cust_000131,2024-07-05 18:04:28,duplicate_order,57.37,5
ret_002198,txn_0026683,cust_001634,2024-07-12 21:12:58,wrong_item,39.61,12
ret_002199,txn_0026697,cust_009835,2024-07-23 23:49:33,defective_product,205.84,23
ret_002200,txn_0026737,cust_005703,2024-07-07 11:54:24,defective_product,39.15,6
ret_002201,txn_0026742,cust_002214,2024-07-21 12:46:03,defective_product,64.58,20
ret_002202,txn_0026756,cust_001634,2024-07-07 13:50:50,defective_product,62.9,6
ret_002203,txn_0026809,cust_001634,2024-07-23 19:40:43,better_price_found,15.95,22
ret_002204,txn_0026825,cust_000005,2024-07-30 21:59:01,arrived_late,209.81,29
ret_002205,txn_0026862,cust_002032,2024-07-16 10:54:01,no_longer_needed,72.49,14
ret_002206,txn_0026907,cust_008443,2024-07-06 14:23:37,changed_mind,102.51,4
ret_002207,txn_0026920,cust_003796,2024-07-20 16:08:01,changed_mind,71.65,18
ret_002208,txn_0026928,cust_009513,2024-07-12 17:13:59,too_small,111.35,10
ret_002209,txn_0026948,cust_003002,2024-07-10 19:14:32,too_large,19.0,8
ret_002210,txn_0026954,cust_001634,2024-07-13 19:50:32,changed_mind,72.29,11
ret_002211,txn_0026955,cust_006747,2024-07-28 19:58:47,no_longer_needed,120.79,26
ret_002212,txn_0026956,cust_002118,2024-07-30 20:00:56,too_large,125.24,28
ret_002213,txn_0026972,cust_002032,2024-07-16 21:18:02,defective_product,82.87,14
ret_002214,txn_0026973,cust_005529,2024-07-31 21:25:38,better_price_found,68.61,29
ret_002215,txn_0026976,cust_009579,2024-07-25 22:15:36,wrong_item,152.78,23
ret_002216,txn_0026978,cust_006734,2024-07-03 22:46:53,changed_mind,69.53,1
ret_002217,txn_0026982,cust_001634,2024-07-24 23:50:21,changed_mind,30.17,22
ret_002218,txn_0026984,cust_001190,2024-07-21 02:04:25,defective_product,442.94,18
ret_002219,txn_0026990,cust_002032,2024-07-07 06:52:23,better_price_found,134.23,4
ret_002220,txn_0026991,cust_005511,2024-07-29 06:54:06,arrived_late,2320.63,26
ret_002221,txn_0027001,cust_009783,2024-07-08 08:58:06,changed_mind,15.09,5
ret_002222,txn_0027009,cust_007696,2024-07-20 10:11:46,too_small,33.79,17
ret_002223,txn_0027010,cust_001802,2024-07-29 10:30:49,arrived_late,19.02,26
ret_002224,txn_0027012,cust_001634,2024-07-28 10:40:29,too_small,16.26,25
ret_002225,txn_0027026,cust_005491,2024-07-29 12:13:57,too_large,19.19,26
ret_002226,txn_0027041,cust_001976,2024-07-06 13:03:24,better_price_found,42.08,3
ret_002227,txn_0027049,cust_006641,2024-07-31 13:31:35,duplicate_order,80.68,28
ret_002228,txn_0027051,cust_001588,2024-07-05 13:47:00,changed_mind,40.55,2
ret_002229,txn_0027057,cust_001634,2024-07-08 14:27:13,too_small,17.72,5
ret_002230,txn_0027060,cust_001634,2024-07-22 14:32:45,too_large,56.92,19
ret_002231,txn_0027066,cust_008327,2024-07-17 15:04:49,no_longer_needed,48.46,14
ret_002232,txn_0027068,cust_000072,2024-07-04 15:08:51,changed_mind,100.55,1
ret_002233,txn_0027104,cust_001634,2024-07-22 19:28:37,too_large,12.06,19
ret_002234,txn_0027128,cust_002032,2024-07-06 22:50:59,too_large,17.61,3
ret_002235,txn_0027135,cust_009326,2024-07-11 04:39:20,not_as_described,45.77,7
ret_002236,txn_0027149,cust_009835,2024-08-01 08:54:43,wrong_item,59.59,28
ret_002237,txn_0027152,cust_001634,2024-07-20 09:35:48,not_as_described,163.26,16
ret_002238,txn_0027178,cust_000429,2024-07-08 12:13:26,better_price_found,181.96,4
ret_002239,txn_0027186,cust_001634,2024-07-10 12:35:38,wrong_item,55.16,6
ret_002240,txn_0027193,cust_001634,2024-07-14 13:14:22,not_as_described,33.33,10
ret_002241,txn_0027213,cust_001634,2024-07-10 15:45:14,too_small,21.94,6
ret_002242,txn_0027222,cust_000702,2024-07-18 17:05:15,arrived_late,344.74,14
ret_002243,txn_0027246,cust_001634,2024-08-01 19:30:53,duplicate_order,44.75,28
ret_002244,txn_0027254,cust_001634,2024-07-25 20:03:52,duplicate_order,44.69,21
ret_002245,txn_0027262,cust_001634,2024-07-10 20:35:04,better_price_found,288.18,6
ret_002246,txn_0027263,cust_009947,2024-07-12 20:38:49,not_as_described,41.85,8
ret_002247,txn_0027317,cust_006952,2024-07-06 10:47:41,no_longer_needed,179.77,1
ret_002248,txn_0027329,cust_001634,2024-07-13 12:00:42,no_longer_needed,57.37,8
ret_002249,txn_0027332,cust_008171,2024-07-13 12:07:30,changed_mind,373.35,8
ret_002250,txn_0027346,cust_001634,2024-07-22 13:10:44,arrived_late,36.94,17
ret_002251,txn_0027352,cust_008137,2024-07-10 13:51:21,too_small,22.99,5
ret_002252,txn_0027361,cust_009835,2024-07-09 14:47:52,wrong_item,57.04,4
ret_002253,txn_0027371,cust_005529,2024-07-29 17:16:28,wrong_item,57.61,24
ret_002254,txn_0027434,cust_006695,2024-07-23 00:46:23,not_as_described,3879.94,17
ret_002255,txn_0027467,cust_001634,2024-07-24 11:00:38,too_large,41.43,18
ret_002256,txn_0027483,cust_002118,2024-07-14 12:14:16,better_price_found,35.11,8
ret_002257,txn_0027511,cust_003844,2024-07-25 16:28:53,defective_product,57.21,19
ret_002258,txn_0027517,cust_002032,2024-07-29 17:08:31,too_large,53.66,23
ret_002259,txn_0027521,cust_003408,2024-07-23 17:52:37,not_as_described,25.99,17
ret_002260,txn_0027523,cust_005646,2024-07-12 18:05:33,no_longer_needed,80.02,6
ret_002261,txn_0027525,cust_001634,2024-07-27 18:07:31,changed_mind,104.39,21
ret_002262,txn_0027526,cust_005529,2024-07-29 18:15:57,too_large,14.18,23
ret_002263,txn_0027541,cust_009835,2024-07-25 19:57:36,not_as_described,36.84,19
ret_002264,txn_0027557,cust_001634,2024-07-10 22:49:28,too_small,26.11,4
ret_002265,txn_0027560,cust_001634,2024-07-14 23:11:22,duplicate_order,31.24,8
ret_002266,txn_0027563,cust_009460,2024-07-11 05:28:33,changed_mind,83.57,4
ret_002267,txn_0027566,cust_001634,2024-07-24 07:08:53,defective_product,72.54,17
ret_002268,txn_0027590,cust_001634,2024-07-10 10:18:45,too_large,61.04,3
ret_002269,txn_0027601,cust_001634,2024-07-15 11:49:32,no_longer_needed,21.04,8
ret_002270,txn_0027604,cust_001634,2024-07-23 12:04:14,changed_mind,48.88,16
ret_002271,txn_0027625,cust_004423,2024-07-18 14:41:57,too_small,2.64,11
ret_002272,txn_0027631,cust_002941,2024-07-31 14:55:33,too_large,39.35,24
ret_002273,txn_0027651,cust_001634,2024-07-30 17:46:59,too_small,59.81,23
ret_002274,txn_0027663,cust_000239,2024-08-03 18:45:48,too_small,53.96,27
ret_002275,txn_0027674,cust_002032,2024-07-30 19:45:38,changed_mind,79.52,23
ret_002276,txn_0027679,cust_001634,2024-07-13 20:08:10,too_small,221.47,6
ret_002277,txn_0027682,cust_001634,2024-07-26 20:18:01,changed_mind,33.62,19
ret_002278,txn_0027688,cust_001634,2024-08-05 20:44:54,wrong_item,52.17,29
ret_002279,txn_0027689,cust_008168,2024-07-13 20:49:26,no_longer_needed,63.13,6
ret_002280,txn_0027692,cust_002118,2024-07-25 21:05:12,not_as_described,63.72,18
ret_002281,txn_0027705,cust_001634,2024-07-27 23:18:07,too_small,53.91,20
ret_002282,txn_0027716,cust_002032,2024-07-13 08:03:14,defective_product,62.75,5
ret_002283,txn_0027758,cust_008561,2024-07-31 12:49:12,wrong_item,44.01,23
ret_002284,txn_0027760,cust_001634,2024-07-15 12:57:23,not_as_described,58.46,7
ret_002285,txn_0027771,cust_006192,2024-07-18 14:08:31,duplicate_order,32.21,10
ret_002286,txn_0027789,cust_007948,2024-07-16 16:15:14,too_small,55.65,8
ret_002287,txn_0027791,cust_000936,2024-08-03 16:37:43,duplicate_order,14.85,26
ret_002288,txn_0027801,cust_009460,2024-07-28 17:32:52,too_large,273.03,20
ret_002289,txn_0027810,cust_003495,2024-07-15 19:06:18,no_longer_needed,104.08,7
ret_002290,txn_0027825,cust_005877,2024-07-11 20:43:35,better_price_found,459.24,3
ret_002291,txn_0027852,cust_002032,2024-07-20 23:35:10,too_small,94.74,12
ret_002292,txn_0027856,cust_002032,2024-07-22 07:10:51,too_large,486.92,13
ret_002293,txn_0027858,cust_008168,2024-08-04 07:34:45,no_longer_needed,75.02,26
ret_002294,txn_0027867,cust_001634,2024-08-06 09:01:25,changed_mind,203.58,28
ret_002295,txn_0027878,cust_001634,2024-08-03 09:55:53,better_price_found,70.78,25
ret_002296,txn_0027898,cust_008514,2024-07-11 12:12:27,no_longer_needed,699.54,2
ret_002297,txn_0027939,cust_000963,2024-08-03 17:11:28,too_large,276.31,25
ret_002298,txn_0027967,cust_001634,2024-07-24 20:40:25,defective_product,85.31,15
ret_002299,txn_0027983,cust_001634,2024-07-21 22:15:10,defective_product,37.87,12
ret_002300,txn_0027991,cust_004421,2024-08-02 01:54:31,changed_mind,3.33,23
ret_002301,txn_0027993,cust_004421,2024-07-23 01:57:09,changed_mind,3.83,13
ret_002302,txn_0028013,cust_002032,2024-08-02 10:21:53,changed_mind,46.8,23
ret_002303,txn_0028052,cust_001634,2024-07-19 14:07:42,duplicate_order,16.92,9
ret_002304,txn_0028059,cust_000857,2024-08-06 14:24:37,too_small,26.1,27
ret_002305,txn_0028065,cust_006952,2024-07-12 14:53:32,better_price_found,57.83,2
ret_002306,txn_0028078,cust_001634,2024-08-03 17:44:10,too_small,167.04,24
ret_002307,txn_0028090,cust_003708,2024-08-06 18:46:03,duplicate_order,35.52,27
ret_002308,txn_0028149,cust_001634,2024-07-29 07:21:56,arrived_late,26.68,18
ret_002309,txn_0028154,cust_006373,2024-07-25 08:03:53,not_as_described,68.63,14
ret_002310,txn_0028157,cust_008168,2024-07-27 08:52:45,changed_mind,46.12,16
ret_002311,txn_0028158,cust_001634,2024-07-14 09:04:51,not_as_described,159.12,3
ret_002312,txn_0028160,cust_004911,2024-07-21 09:33:31,no_longer_needed,95.3,10
ret_002313,txn_0028171,cust_003654,2024-07-23 10:44:32,duplicate_order,32.25,12
ret_002314,txn_0028172,cust_001634,2024-07-16 10:45:49,too_small,179.36,5
ret_002315,txn_0028175,cust_002032,2024-07-23 10:53:17,arrived_late,79.5,12
ret_002316,txn_0028189,cust_007235,2024-08-06 11:55:35,too_small,49.81,26
ret_002317,txn_0028196,cust_003002,2024-07-24 12:34:41,not_as_described,26.29,13
ret_002318,txn_0028206,cust_005675,2024-07-25 13:19:55,not_as_described,171.46,14
ret_002319,txn_0028208,cust_002032,2024-08-04 13:28:22,duplicate_order,14.88,24
ret_002320,txn_0028213,cust_002215,2024-08-04 13:59:07,arrived_late,63.55,24
ret_002321,txn_0028216,cust_004760,2024-08-02 14:20:35,no_longer_needed,3300.23,22
ret_002322,txn_0028221,cust_001634,2024-08-08 14:49:46,duplicate_order,46.24,28
ret_002323,txn_0028224,cust_001634,2024-08-01 15:42:53,not_as_described,34.67,21
ret_002324,txn_0028243,cust_002032,2024-07-18 18:13:30,better_price_found,76.46,7
ret_002325,txn_0028244,cust_001416,2024-07-25 18:15:14,wrong_item,69.11,14
ret_002326,txn_0028247,cust_005703,2024-07-21 19:03:35,arrived_late,41.68,10
ret_002327,txn_0028252,cust_009756,2024-07-19 19:25:32,no_longer_needed,31.58,8
ret_002328,txn_0028253,cust_009460,2024-07-22 19:30:01,wrong_item,22.33,11
ret_002329,txn_0028296,cust_002032,2024-08-09 08:33:49,wrong_item,101.84,28
ret_002330,txn_0028311,cust_001634,2024-07-19 09:56:35,better_price_found,65.66,7
ret_002331,txn_0028316,cust_001634,2024-07-21 10:35:35,arrived_late,60.57,9
ret_002332,txn_0028321,cust_000936,2024-07-20 11:14:22,too_small,144.99,8
ret_002333,txn_0028327,cust_002484,2024-07-17 11:25:56,better_price_found,4.36,5
ret_002334,txn_0028339,cust_009835,2024-08-10 11:50:39,better_price_found,23.3,29
ret_002335,txn_0028340,cust_001634,2024-08-10 11:51:46,arrived_late,166.58,29
ret_002336,txn_0028357,cust_001634,2024-07-31 13:07:26,arrived_late,11.84,19
ret_002337,txn_0028362,cust_009666,2024-07-19 13:44:29,not_as_described,1867.35,7
ret_002338,txn_0028376,cust_001634,2024-07-31 15:58:27,not_as_described,36.56,19
ret_002339,txn_0028379,cust_000857,2024-07-22 16:16:24,changed_mind,98.15,10
ret_002340,txn_0028383,cust_006534,2024-07-23 16:44:29,better_price_found,2035.62,11
ret_002341,txn_0028391,cust_002032,2024-07-18 17:38:41,better_price_found,178.74,6
ret_002342,txn_0028396,cust_009460,2024-07-29 18:16:48,arrived_late,32.12,17
ret_002343,txn_0028404,cust_006830,2024-07-14 18:49:09,changed_mind,558.37,2
ret_002344,txn_0028408,cust_009460,2024-08-02 19:05:36,changed_mind,81.97,21
ret_002345,txn_0028431,cust_008014,2024-07-21 20:43:33,no_longer_needed,222.77,9
ret_002346,txn_0028449,cust_001634,2024-07-28 22:32:28,too_large,25.01,16
ret_002347,txn_0028455,cust_009835,2024-07-17 05:30:28,duplicate_order,188.71,4
ret_002348,txn_0028456,cust_001634,2024-07-21 06:37:49,changed_mind,31.71,8
ret_002349,txn_0028461,cust_000857,2024-08-01 08:43:53,too_small,46.02,19
ret_002350,txn_0028462,cust_002032,2024-07-23 08:48:00,defective_product,46.64,10
ret_002351,txn_0028467,cust_001634,2024-07-17 09:14:38,duplicate_order,19.1,4
ret_002352,txn_0028476,cust_005581,2024-07-30 10:32:30,arrived_late,28.66,17
ret_002353,txn_0028488,cust_005861,2024-08-05 11:29:15,wrong_item,151.98,23
ret_002354,txn_0028491,cust_001634,2024-07-21 11:54:23,changed_mind,26.08,8
ret_002355,txn_0028494,cust_001748,2024-07-18 12:35:01,wrong_item,73.38,5
ret_002356,txn_0028495,cust_003002,2024-08-04 12:39:44,no_longer_needed,99.11,22
ret_002357,txn_0028516,cust_003174,2024-08-08 15:25:46,wrong_item,121.99,26
ret_002358,txn_0028535,cust_009579,2024-07-24 17:58:44,changed_mind,48.51,11
ret_002359,txn_0028538,cust_001634,2024-07-27 18:06:35,duplicate_order,15.4,14
ret_002360,txn_0028542,cust_002032,2024-07-27 18:29:09,not_as_described,20.14,14
ret_002361,txn_0028574,cust_001634,2024-07-22 20:54:17,changed_mind,45.05,9
ret_002362,txn_0028608,cust_001634,2024-08-05 08:07:20,wrong_item,62.88,22
ret_002363,txn_0028613,cust_001634,2024-08-07 09:13:48,no_longer_needed,36.29,24
ret_002364,txn_0028633,cust_002032,2024-08-11 10:54:52,better_price_found,65.53,28
ret_002365,txn_0028637,cust_002032,2024-08-05 11:37:43,duplicate_order,64.53,22
ret_002366,txn_0028658,cust_001634,2024-07-22 14:01:11,too_large,12.51,8
ret_002367,txn_0028675,cust_001634,2024-08-04 16:54:49,better_price_found,68.75,21
ret_002368,txn_0028688,cust_002032,2024-08-05 18:17:12,changed_mind,63.43,22
ret_002369,txn_0028698,cust_008012,2024-07-27 19:00:14,too_large,350.34,13
ret_002370,txn_0028704,cust_008174,2024-07-16 19:36:15,changed_mind,121.72,2
ret_002371,txn_0028710,cust_001634,2024-08-08 19:53:01,too_large,40.3,25
ret_002372,txn_0028720,cust_005161,2024-07-18 20:40:27,changed_mind,173.43,4
ret_002373,txn_0028726,cust_007018,2024-08-04 21:39:56,defective_product,19.23,21
ret_002374,txn_0028733,cust_000857,2024-08-11 22:30:29,better_price_found,40.61,28
ret_002375,txn_0028734,cust_001634,2024-08-01 22:31:07,wrong_item,57.33,18
ret_002376,txn_0028753,cust_002118,2024-08-05 08:00:59,too_large,11.68,21
ret_002377,txn_0028786,cust_002032,2024-07-28 11:06:40,defective_product,49.7,13
ret_002378,txn_0028826,cust_001634,2024-07-19 13:36:55,too_large,30.83,4
ret_002379,txn_0028829,cust_009085,2024-08-08 14:06:41,not_as_described,143.37,24
ret_002380,txn_0028838,cust_002032,2024-07-27 15:43:12,too_small,95.73,12
ret_002381,txn_0028851,cust_003724,2024-08-10 17:53:58,arrived_late,116.62,26
ret_002382,txn_0028865,cust_006844,2024-08-13 19:47:07,defective_product,264.74,29
ret_002383,txn_0028868,cust_002032,2024-08-13 19:55:48,arrived_late,12.86,29
ret_002384,txn_0028870,cust_001634,2024-07-30 20:17:45,no_longer_needed,149.96,15
ret_002385,txn_0028872,cust_001634,2024-07-22 20:26:09,too_large,334.53,7
ret_002386,txn_0028890,cust_001634,2024-08-02 21:36:28,better_price_found,96.88,18
ret_002387,txn_0028891,cust_001634,2024-08-13 21:45:08,defective_product,147.4,29
ret_002388,txn_0028901,cust_004581,2024-07-23 23:25:05,wrong_item,12316.25,8
ret_002389,txn_0028911,cust_002032,2024-07-22 07:27:34,wrong_item,116.11,6
ret_002390,txn_0028916,cust_009579,2024-07-19 08:28:52,wrong_item,25.32,3
ret_002391,txn_0028919,cust_008390,2024-08-13 08:56:16,changed_mind,91.95,28
ret_002392,txn_0028920,cust_005075,2024-08-03 09:04:53,too_small,63.13,18
ret_002393,txn_0028934,cust_001634,2024-08-06 10:39:22,no_longer_needed,66.73,21
ret_002394,txn_0028937,cust_006922,2024-07-20 10:58:48,not_as_described,111.0,4
ret_002395,txn_0028943,cust_009835,2024-08-01 11:24:42,defective_product,14.43,16
ret_002396,txn_0028958,cust_002032,2024-08-01 12:43:25,changed_mind,109.62,16
ret_002397,txn_0028966,cust_004963,2024-08-01 13:36:11,arrived_late,138.98,16
ret_002398,txn_0028970,cust_000857,2024-07-25 13:40:44,better_price_found,669.65,9
ret_002399,txn_0028974,cust_001634,2024-07-27 14:07:28,defective_product,53.5,11
ret_002400,txn_0028980,cust_001634,2024-08-06 14:39:59,defective_product,15.02,21
ret_002401,txn_0029004,cust_000375,2024-07-28 17:28:12,duplicate_order,287.94,12
ret_002402,txn_0029009,cust_001634,2024-07-27 18:07:58,arrived_late,37.63,11
ret_002403,txn_0029025,cust_009835,2024-07-27 19:27:40,better_price_found,36.57,11
ret_002404,txn_0029032,cust_005140,2024-07-29 20:09:15,wrong_item,122.2,13
ret_002405,txn_0029036,cust_001634,2024-08-12 20:24:43,too_large,52.22,27
ret_002406,txn_0029037,cust_009460,2024-08-04 20:29:16,not_as_described,234.23,19
ret_002407,txn_0029040,cust_009652,2024-08-13 20:35:09,better_price_found,121.47,28
ret_002408,txn_0029049,cust_006659,2024-08-09 21:25:47,no_longer_needed,78.11,24
ret_002409,txn_0029066,cust_002032,2024-07-30 06:32:26,too_large,210.52,13
ret_002410,txn_0029075,cust_006641,2024-07-30 08:49:59,not_as_described,91.25,13
ret_002411,txn_0029076,cust_001634,2024-07-26 08:59:41,no_longer_needed,31.74,9
ret_002412,txn_0029082,cust_005508,2024-07-19 10:02:41,better_price_found,174.14,2
ret_002413,txn_0029091,cust_008714,2024-07-22 11:15:07,too_large,4.28,5
ret_002414,txn_0029102,cust_008168,2024-07-20 11:50:25,defective_product,38.24,3
ret_002415,txn_0029138,cust_009460,2024-08-07 15:22:34,better_price_found,52.67,21
ret_002416,txn_0029140,cust_006725,2024-08-05 16:03:51,too_small,217.36,19
ret_002417,txn_0029177,cust_005644,2024-07-21 20:11:17,wrong_item,23.33,4
ret_002418,txn_0029191,cust_004091,2024-08-05 21:40:02,too_large,126.23,19
ret_002419,txn_0029216,cust_009993,2024-08-05 06:56:33,too_small,1004.79,18
ret_002420,txn_0029217,cust_001634,2024-08-03 07:24:10,not_as_described,46.03,16
ret_002421,txn_0029249,cust_008390,2024-08-12 10:46:12,changed_mind,18.95,25
ret_002422,txn_0029254,cust_008136,2024-08-06 11:12:51,no_longer_needed,93.75,19
ret_002423,txn_0029269,cust_001634,2024-07-21 12:12:44,defective_product,83.63,3
ret_002424,txn_0029296,cust_008168,2024-08-16 16:02:00,changed_mind,16.82,29
ret_002425,txn_0029330,cust_009435,2024-08-06 20:54:50,too_small,52.56,19
ret_002426,txn_0029334,cust_002118,2024-08-14 21:08:11,changed_mind,33.62,27
ret_002427,txn_0029337,cust_000071,2024-07-26 21:27:39,too_large,29.92,8
ret_002428,txn_0029341,cust_001936,2024-08-13 21:59:30,duplicate_order,23.42,26
ret_002429,txn_0029363,cust_002762,2024-08-10 07:05:45,duplicate_order,4503.2,22
ret_002430,txn_0029385,cust_002800,2024-07-21 10:00:51,not_as_described,66.59,2
ret_002431,txn_0029390,cust_002032,2024-08-13 10:10:28,better_price_found,48.95,25
ret_002432,txn_0029407,cust_003654,2024-07-28 12:03:50,better_price_found,47.13,9
ret_002433,txn_0029419,cust_001634,2024-07-26 12:41:40,better_price_found,187.83,7
ret_002434,txn_0029429,cust_001634,2024-08-01 13:29:10,too_large,129.29,13
ret_002435,txn_0029449,cust_009698,2024-07-23 15:08:36,too_small,1216.41,4
ret_002436,txn_0029463,cust_005703,2024-07-29 16:52:08,wrong_item,80.41,10
ret_002437,txn_0029465,cust_007774,2024-08-09 17:16:16,duplicate_order,3817.74,21
ret_002438,txn_0029477,cust_008168,2024-07-22 18:49:49,no_longer_needed,66.54,3
ret_002439,txn_0029479,cust_001634,2024-08-03 19:12:09,better_price_found,149.35,15
ret_002440,txn_0029483,cust_005384,2024-07-30 19:38:59,better_price_found,1253.0,11
ret_002441,txn_0029490,cust_001634,2024-07-29 20:04:40,arrived_late,24.46,10
ret_002442,txn_0029514,cust_004698,2024-07-21 22:44:57,changed_mind,63.59,2
ret_002443,txn_0029533,cust_001634,2024-07-29 08:02:32,too_large,101.66,9
ret_002444,txn_0029549,cust_001634,2024-08-06 10:29:34,changed_mind,58.84,17
ret_002445,txn_0029552,cust_002032,2024-08-17 10:52:59,too_large,19.2,28
ret_002446,txn_0029582,cust_001634,2024-08-11 12:49:31,too_large,68.51,22
ret_002447,txn_0029584,cust_001634,2024-08-11 13:03:03,defective_product,17.14,22
ret_002448,txn_0029586,cust_002032,2024-08-08 13:14:28,too_small,42.91,19
ret_002449,txn_0029595,cust_008436,2024-08-03 13:55:59,defective_product,87.8,14
ret_002450,txn_0029599,cust_001634,2024-08-03 14:20:42,too_large,17.37,14
ret_002451,txn_0029600,cust_001634,2024-08-18 14:49:12,too_large,31.22,29
ret_002452,txn_0029602,cust_008504,2024-07-31 14:58:47,duplicate_order,103.11,11
ret_002453,txn_0029619,cust_008993,2024-08-01 17:07:08,arrived_late,59.36,12
ret_002454,txn_0029620,cust_003234,2024-08-02 17:08:36,duplicate_order,3324.11,13
ret_002455,txn_0029648,cust_007469,2024-07-21 20:25:56,better_price_found,305.47,1
ret_002456,txn_0029650,cust_002032,2024-08-04 20:30:40,wrong_item,58.19,15
ret_002457,txn_0029665,cust_001634,2024-08-06 21:58:56,not_as_described,154.41,17
ret_002458,txn_0029685,cust_001634,2024-08-11 07:32:39,duplicate_order,47.1,21
ret_002459,txn_0029691,cust_002032,2024-08-12 08:58:44,changed_mind,40.69,22
ret_002460,txn_0029698,cust_002155,2024-07-24 09:37:12,no_longer_needed,326.84,3
ret_002461,txn_0029716,cust_008390,2024-08-07 12:19:10,too_small,26.42,17
ret_002462,txn_0029732,cust_001634,2024-08-19 13:59:57,better_price_found,45.2,29
ret_002463,txn_0029733,cust_005703,2024-07-29 14:13:38,arrived_late,101.11,8
ret_002464,txn_0029734,cust_004043,2024-07-26 14:15:17,too_small,56.93,5
ret_002465,txn_0029735,cust_002835,2024-07-30 14:28:30,no_longer_needed,200.93,9
ret_002466,txn_0029762,cust_001634,2024-08-14 17:05:50,no_longer_needed,20.71,24
ret_002467,txn_0029770,cust_002032,2024-08-12 18:19:01,changed_mind,114.85,22
ret_002468,txn_0029772,cust_003012,2024-07-25 18:35:43,better_price_found,156.85,4
ret_002469,txn_0029781,cust_001634,2024-07-28 19:21:05,wrong_item,323.77,7
ret_002470,txn_0029792,cust_000857,2024-07-25 20:20:32,too_small,135.49,4
ret_002471,txn_0029804,cust_001659,2024-07-24 21:24:59,changed_mind,547.26,3
ret_002472,txn_0029848,cust_007514,2024-07-31 10:36:28,too_small,43.8,9
ret_002473,txn_0029861,cust_003594,2024-08-02 11:49:24,not_as_described,13.39,11
ret_002474,txn_0029862,cust_007875,2024-08-13 11:49:53,arrived_late,191.04,22
ret_002475,txn_0029901,cust_009460,2024-08-01 16:03:48,duplicate_order,57.71,10
ret_002476,txn_0029943,cust_001634,2024-07-26 20:18:17,arrived_late,77.85,4
ret_002477,txn_0029947,cust_009460,2024-08-08 20:37:28,duplicate_order,40.44,17
ret_002478,txn_0029956,cust_001634,2024-08-09 22:31:02,not_as_described,7.4,18
ret_002479,txn_0029958,cust_000857,2024-08-09 22:47:46,changed_mind,37.78,18
ret_002480,txn_0029986,cust_001634,2024-07-28 10:03:28,better_price_found,42.87,5
ret_002481,txn_0029989,cust_001634,2024-08-13 10:45:55,too_large,381.4,21
ret_002482,txn_0029993,cust_001634,2024-08-18 10:58:23,not_as_described,102.05,26
ret_002483,txn_0029997,cust_005701,2024-08-12 11:12:19,not_as_described,536.57,20
ret_002484,txn_0030000,cust_001634,2024-08-14 11:18:04,changed_mind,46.64,22
ret_002485,txn_0030013,cust_009835,2024-07-29 12:26:31,no_longer_needed,56.59,6
ret_002486,txn_0030032,cust_001634,2024-08-19 13:41:16,duplicate_order,66.88,27
ret_002487,txn_0030033,cust_004792,2024-07-29 13:43:04,too_large,1.89,6
ret_002488,txn_0030037,cust_001634,2024-08-14 14:18:31,duplicate_order,48.6,22
ret_002489,txn_0030041,cust_001634,2024-08-03 15:59:50,wrong_item,9.3,11
ret_002490,txn_0030044,cust_000857,2024-08-11 16:20:29,not_as_described,22.52,19
ret_002491,txn_0030051,cust_006659,2024-08-16 17:02:38,duplicate_order,38.44,24
ret_002492,txn_0030066,cust_009835,2024-08-01 18:51:10,better_price_found,111.58,9
ret_002493,txn_0030068,cust_005703,2024-08-09 19:00:29,not_as_described,111.38,17
ret_002494,txn_0030071,cust_007472,2024-08-11 19:21:04,better_price_found,45.24,19
ret_002495,txn_0030080,cust_009460,2024-08-02 20:15:04,too_large,55.13,10
ret_002496,txn_0030081,cust_002950,2024-08-17 20:16:46,wrong_item,47.19,25
ret_002497,txn_0030091,cust_003863,2024-08-10 21:21:57,wrong_item,30.0,18
ret_002498,txn_0030108,cust_003775,2024-07-29 07:14:10,wrong_item,56.75,5
ret_002499,txn_0030134,cust_007690,2024-08-15 11:05:32,not_as_described,54.84,22
ret_002500,txn_0030165,cust_001634,2024-08-22 14:22:53,too_small,79.21,29
ret_002501,txn_0030172,cust_003606,2024-08-07 14:34:59,not_as_described,179.37,14
ret_002502,txn_0030175,cust_001634,2024-08-09 14:41:07,wrong_item,16.91,16
ret_002503,txn_0030185,cust_008173,2024-08-07 15:50:05,too_large,58.73,14
ret_002504,txn_0030190,cust_009991,2024-08-18 16:28:44,wrong_item,607.54,25
ret_002505,txn_0030195,cust_002032,2024-08-08 17:12:48,too_large,31.18,15
ret_002506,txn_0030199,cust_001634,2024-08-15 17:45:04,changed_mind,64.72,22
ret_002507,txn_0030200,cust_008115,2024-08-14 17:55:08,changed_mind,14.35,21
ret_002508,txn_0030207,cust_001634,2024-08-07 18:17:38,changed_mind,43.91,14
ret_002509,txn_0030219,cust_000036,2024-08-05 19:23:41,changed_mind,371.44,12
ret_002510,txn_0030225,cust_003858,2024-08-22 19:47:55,not_as_described,56.68,29
ret_002511,txn_0030246,cust_002032,2024-08-02 22:20:52,arrived_late,480.57,9
ret_002512,txn_0030248,cust_002118,2024-08-07 22:27:03,duplicate_order,61.97,14
ret_002513,txn_0030250,cust_001634,2024-08-08 23:07:24,defective_product,45.18,15
ret_002514,txn_0030268,cust_001979,2024-07-27 08:28:52,no_longer_needed,130.83,2
ret_002515,txn_0030281,cust_001634,2024-08-17 10:07:22,too_large,47.87,23
ret_002516,txn_0030285,cust_009835,2024-07-29 10:25:06,no_longer_needed,8.91,4
ret_002517,txn_0030341,cust_001634,2024-08-23 16:25:07,duplicate_order,89.44,29
ret_002518,txn_0030350,cust_002032,2024-07-31 17:13:33,too_small,333.05,6
ret_002519,txn_0030357,cust_008066,2024-08-15 17:51:28,duplicate_order,295.27,21
ret_002520,txn_0030368,cust_009969,2024-08-18 19:17:09,better_price_found,12.67,24
ret_002521,txn_0030397,cust_002344,2024-08-15 22:06:01,wrong_item,84.73,21
ret_002522,txn_0030407,cust_005581,2024-08-22 06:12:59,changed_mind,28.84,27
ret_002523,txn_0030423,cust_001634,2024-08-09 08:29:14,changed_mind,425.91,14
ret_002524,txn_0030440,cust_003185,2024-08-07 11:20:48,no_longer_needed,142.3,12
ret_002525,txn_0030446,cust_003594,2024-08-22 12:19:43,too_large,74.06,27
ret_002526,txn_0030451,cust_009547,2024-08-10 12:28:59,too_small,54.5,15
ret_002527,txn_0030454,cust_003509,2024-08-22 12:48:50,defective_product,24.14,27
ret_002528,txn_0030455,cust_005703,2024-08-07 12:54:18,better_price_found,60.28,12
ret_002529,txn_0030462,cust_008168,2024-08-05 13:51:23,changed_mind,95.83,10
ret_002530,txn_0030470,cust_003516,2024-08-07 14:59:39,changed_mind,85.25,12
ret_002531,txn_0030474,cust_000857,2024-08-21 15:10:36,too_large,963.31,26
ret_002532,txn_0030480,cust_000997,2024-08-07 16:13:30,arrived_late,9261.14,12
ret_002533,txn_0030543,cust_001634,2024-08-08 06:25:58,arrived_late,48.91,12
ret_002534,txn_0030571,cust_001634,2024-08-04 11:22:35,not_as_described,145.45,8
ret_002535,txn_0030588,cust_002215,2024-08-14 12:18:24,not_as_described,36.73,18
ret_002536,txn_0030604,cust_001634,2024-08-23 13:35:05,wrong_item,642.7,27
ret_002537,txn_0030622,cust_000857,2024-08-11 16:04:10,defective_product,390.99,15
ret_002538,txn_0030642,cust_000857,2024-08-21 18:50:14,duplicate_order,26.07,25
ret_002539,txn_0030646,cust_002032,2024-08-09 19:02:09,changed_mind,37.59,13
ret_002540,txn_0030666,cust_002032,2024-08-08 20:49:14,not_as_described,209.17,12
ret_002541,txn_0030678,cust_001634,2024-08-07 22:36:26,wrong_item,102.23,11
ret_002542,txn_0030680,cust_008067,2024-08-05 23:31:56,not_as_described,129.54,9
ret_002543,txn_0030688,cust_007407,2024-08-12 02:51:48,better_price_found,2287.11,15
ret_002544,txn_0030699,cust_001634,2024-08-13 08:52:06,not_as_described,54.61,16
ret_002545,txn_0030700,cust_009460,2024-08-09 09:00:14,no_longer_needed,55.47,12
ret_002546,txn_0030724,cust_009460,2024-08-06 10:44:36,not_as_described,62.12,9
ret_002547,txn_0030731,cust_009460,2024-08-15 11:40:58,too_small,93.9,18
ret_002548,txn_0030736,cust_006707,2024-08-10 11:57:25,defective_product,41.86,13
ret_002549,txn_0030750,cust_005703,2024-08-26 13:12:42,no_longer_needed,20.63,29
ret_002550,txn_0030767,cust_001634,2024-08-16 14:27:57,no_longer_needed,40.07,19
ret_002551,txn_0030789,cust_000354,2024-08-26 18:22:53,not_as_described,19.16,29
ret_002552,txn_0030790,cust_007960,2024-07-31 18:27:12,not_as_described,92.34,3
ret_002553,txn_0030811,cust_007265,2024-08-07 19:51:34,duplicate_order,58.4,10
ret_002554,txn_0030818,cust_001634,2024-08-10 21:04:01,defective_product,26.53,13
ret_002555,txn_0030858,cust_002032,2024-08-19 10:42:37,wrong_item,46.92,21
ret_002556,txn_0030864,cust_006659,2024-08-01 11:15:24,duplicate_order,46.57,3
ret_002557,txn_0030896,cust_008491,2024-08-20 13:48:57,defective_product,116.43,22
ret_002558,txn_0030910,cust_002032,2024-08-26 15:19:02,too_large,55.28,28
ret_002559,txn_0030935,cust_001634,2024-08-21 18:24:49,defective_product,96.25,23
ret_002560,txn_0030962,cust_001634,2024-08-22 19:53:05,defective_product,31.75,24
ret_002561,txn_0030968,cust_001634,2024-08-02 20:28:03,too_small,41.16,4
ret_002562,txn_0030981,cust_001634,2024-08-09 21:34:59,no_longer_needed,13.98,11
ret_002563,txn_0031001,cust_000857,2024-08-24 08:00:10,too_large,28.07,25
ret_002564,txn_0031005,cust_006836,2024-08-20 08:18:54,changed_mind,24.65,21
ret_002565,txn_0031016,cust_001634,2024-08-24 09:33:05,too_small,75.63,25
ret_002566,txn_0031022,cust_007242,2024-08-23 10:03:33,arrived_late,50.62,24
ret_002567,txn_0031047,cust_001634,2024-08-13 12:04:49,too_large,129.61,14
ret_002568,txn_0031058,cust_009182,2024-08-12 12:49:38,too_large,157.37,13
ret_002569,txn_0031059,cust_002032,2024-08-16 12:52:35,no_longer_needed,16.72,17
ret_002570,txn_0031062,cust_007453,2024-08-11 13:20:13,too_large,82.52,12
ret_002571,txn_0031063,cust_001634,2024-08-15 13:22:16,no_longer_needed,7.42,16
ret_002572,txn_0031091,cust_001634,2024-08-21 17:27:17,no_longer_needed,57.03,22
ret_002573,txn_0031112,cust_005529,2024-08-10 19:58:56,arrived_late,24.89,11
ret_002574,txn_0031116,cust_006730,2024-08-26 20:24:48,too_small,25.56,27
ret_002575,txn_0031125,cust_007316,2024-08-08 21:19:01,no_longer_needed,811.9,9
ret_002576,txn_0031126,cust_002032,2024-08-21 21:24:40,defective_product,122.86,22
ret_002577,txn_0031129,cust_007775,2024-08-04 21:44:11,defective_product,445.89,5
ret_002578,txn_0031139,cust_002287,2024-08-27 04:18:47,arrived_late,20.23,27
ret_002579,txn_0031148,cust_001634,2024-08-24 07:47:19,changed_mind,15.42,24
ret_002580,txn_0031158,cust_002215,2024-08-11 08:45:45,duplicate_order,178.71,11
ret_002581,txn_0031167,cust_006012,2024-08-20 09:50:01,too_large,12.15,20
ret_002582,txn_0031188,cust_000857,2024-08-17 12:30:38,duplicate_order,45.55,17
ret_002583,txn_0031198,cust_002032,2024-08-21 13:39:30,too_small,94.54,21
ret_002584,txn_0031205,cust_002032,2024-08-15 14:16:11,arrived_late,34.94,15
ret_002585,txn_0031216,cust_002032,2024-08-15 16:00:53,changed_mind,14.06,15
ret_002586,txn_0031231,cust_009579,2024-08-09 17:48:12,defective_product,9.85,9
ret_002587,txn_0031251,cust_001634,2024-08-22 19:38:44,too_large,474.71,22
ret_002588,txn_0031259,cust_001634,2024-08-05 20:08:44,duplicate_order,32.17,5
ret_002589,txn_0031268,cust_008390,2024-08-23 20:29:23,better_price_found,199.18,23
ret_002590,txn_0031280,cust_001634,2024-08-10 20:58:17,duplicate_order,51.24,10
ret_002591,txn_0031328,cust_000239,2024-08-27 10:13:36,too_large,120.14,26
ret_002592,txn_0031357,cust_001634,2024-08-07 13:34:51,not_as_described,30.45,6
ret_002593,txn_0031363,cust_005361,2024-08-04 13:59:43,no_longer_needed,47.03,3
ret_002594,txn_0031368,cust_001634,2024-08-17 14:28:14,no_longer_needed,53.27,16
ret_002595,txn_0031371,cust_005387,2024-08-04 14:59:57,better_price_found,26.28,3
ret_002596,txn_0031382,cust_001634,2024-08-08 16:11:42,changed_mind,191.65,7
ret_002597,txn_0031407,cust_001634,2024-08-06 19:51:58,better_price_found,564.74,5
ret_002598,txn_0031437,cust_001634,2024-08-19 23:13:26,wrong_item,13.72,18
ret_002599,txn_0031441,cust_006936,2024-08-29 23:48:51,too_small,28.15,28
ret_002600,txn_0031442,cust_004833,2024-08-07 23:49:57,better_price_found,55.68,6
ret_002601,txn_0031443,cust_004367,2024-08-19 01:44:17,duplicate_order,24.46,17
ret_002602,txn_0031454,cust_004138,2024-08-15 08:10:36,not_as_described,239.72,13
ret_002603,txn_0031461,cust_002032,2024-08-25 09:10:58,wrong_item,214.87,23
ret_002604,txn_0031471,cust_000857,2024-08-25 10:25:17,too_large,40.61,23
ret_002605,txn_0031472,cust_006659,2024-08-05 10:35:22,not_as_described,93.0,3
ret_002606,txn_0031492,cust_001634,2024-08-06 12:26:19,too_small,24.96,4
ret_002607,txn_0031506,cust_001634,2024-08-16 13:32:24,defective_product,72.55,14
ret_002608,txn_0031531,cust_008389,2024-08-27 16:25:23,better_price_found,35.31,25
ret_002609,txn_0031547,cust_000668,2024-08-03 19:06:57,better_price_found,107.75,1
ret_002610,txn_0031557,cust_009579,2024-08-23 19:46:10,too_large,146.51,21
ret_002611,txn_0031561,cust_006943,2024-08-10 20:07:10,arrived_late,145.35,8
ret_002612,txn_0031574,cust_001634,2024-08-16 21:07:25,changed_mind,7.74,14
ret_002613,txn_0031578,cust_002032,2024-08-10 21:28:38,no_longer_needed,170.84,8
ret_002614,txn_0031592,cust_001634,2024-08-08 22:48:01,wrong_item,29.16,6
ret_002615,txn_0031600,cust_001634,2024-08-14 07:00:43,wrong_item,29.38,11
ret_002616,txn_0031603,cust_000933,2024-09-01 07:54:15,no_longer_needed,80.88,29
ret_002617,txn_0031614,cust_001242,2024-08-10 09:40:37,too_small,197.81,7
ret_002618,txn_0031620,cust_002789,2024-08-06 10:16:51,changed_mind,31.53,3
ret_002619,txn_0031632,cust_007970,2024-08-07 11:20:58,not_as_described,80.6,4
ret_002620,txn_0031639,cust_001634,2024-08-21 11:57:28,arrived_late,47.63,18
ret_002621,txn_0031646,cust_000857,2024-08-21 12:29:37,changed_mind,103.71,18
ret_002622,txn_0031649,cust_001634,2024-08-28 12:44:31,no_longer_needed,39.18,25
ret_002623,txn_0031658,cust_002800,2024-08-04 13:48:34,not_as_described,66.25,1
ret_002624,txn_0031663,cust_001634,2024-08-12 14:08:50,defective_product,263.1,9
ret_002625,txn_0031668,cust_002032,2024-08-16 14:47:14,too_small,59.43,13
ret_002626,txn_0031682,cust_001634,2024-08-27 16:55:53,too_large,36.64,24
ret_002627,txn_0031684,cust_001634,2024-08-08 17:18:02,too_small,112.65,5
ret_002628,txn_0031685,cust_007604,2024-08-06 17:35:56,wrong_item,239.07,3
ret_002629,txn_0031706,cust_009788,2024-08-31 19:10:52,not_as_described,54.22,28
ret_002630,txn_0031736,cust_003518,2024-08-14 21:43:46,too_small,38.22,11
ret_002631,txn_0031756,cust_007272,2024-09-01 06:44:10,better_price_found,2906.94,28
ret_002632,txn_0031773,cust_009579,2024-08-16 10:16:49,changed_mind,89.99,12
ret_002633,txn_0031780,cust_007396,2024-08-24 11:00:34,wrong_item,316.16,20
ret_002634,txn_0031784,cust_004049,2024-08-05 11:09:30,no_longer_needed,103.84,1
ret_002635,txn_0031802,cust_001634,2024-08-26 12:52:01,no_longer_needed,53.34,22
ret_002636,txn_0031827,cust_003388,2024-08-28 15:51:16,duplicate_order,84.3,24
ret_002637,txn_0031840,cust_004606,2024-08-26 18:19:49,too_large,342.07,22
ret_002638,txn_0031856,cust_001634,2024-08-20 19:22:54,too_small,8.57,16
ret_002639,txn_0031861,cust_007970,2024-08-05 20:13:04,not_as_described,58.28,1
ret_002640,txn_0031908,cust_004409,2024-08-24 05:44:10,too_large,3530.68,19
ret_002641,txn_0031918,cust_005065,2024-08-25 07:44:10,wrong_item,3371.32,20
ret_002642,txn_0031941,cust_001634,2024-08-28 11:39:42,arrived_late,135.43,23
ret_002643,txn_0031957,cust_001900,2024-08-13 13:32:12,no_longer_needed,28.79,8
ret_002644,txn_0031971,cust_001210,2024-08-25 15:07:59,wrong_item,78.07,20
ret_002645,txn_0031975,cust_001634,2024-08-27 16:02:54,arrived_late,35.73,22
ret_002646,txn_0031976,cust_001634,2024-08-23 16:06:26,better_price_found,98.13,18
ret_002647,txn_0032019,cust_003288,2024-08-15 21:23:39,changed_mind,64.47,10
ret_002648,txn_0032023,cust_000857,2024-08-29 21:50:07,too_large,27.28,24
ret_002649,txn_0032029,cust_001634,2024-08-18 22:31:23,not_as_described,516.73,13
ret_002650,txn_0032032,cust_002032,2024-08-24 23:51:45,changed_mind,88.34,19
ret_002651,txn_0032036,cust_000194,2024-08-22 00:27:55,too_large,3.41,16
ret_002652,txn_0032075,cust_000942,2024-08-17 10:53:56,defective_product,77.43,11
ret_002653,txn_0032083,cust_001634,2024-08-11 11:30:36,wrong_item,24.73,5
ret_002654,txn_0032086,cust_000857,2024-08-25 11:44:43,better_price_found,57.26,19
ret_002655,txn_0032092,cust_005144,2024-09-03 12:19:38,changed_mind,87.91,28
ret_002656,txn_0032093,cust_008168,2024-08-10 12:20:24,duplicate_order,22.34,4
ret_002657,txn_0032096,cust_001634,2024-08-17 12:33:00,too_large,54.03,11
ret_002658,txn_0032108,cust_001734,2024-08-12 13:52:13,too_small,199.77,6
ret_002659,txn_0032119,cust_006297,2024-08-08 15:35:10,not_as_described,160.81,2
ret_002660,txn_0032134,cust_001634,2024-08-28 17:15:35,wrong_item,50.62,22
ret_002661,txn_0032138,cust_000857,2024-08-18 17:36:51,better_price_found,238.37,12
ret_002662,txn_0032141,cust_001634,2024-08-26 17:50:27,arrived_late,75.11,20
ret_002663,txn_0032144,cust_005581,2024-08-11 18:24:48,better_price_found,22.02,5
ret_002664,txn_0032151,cust_002032,2024-08-24 18:58:14,too_large,78.33,18
ret_002665,txn_0032155,cust_001634,2024-08-14 19:29:37,no_longer_needed,33.51,8
ret_002666,txn_0032158,cust_003205,2024-08-18 19:35:27,better_price_found,25.7,12
ret_002667,txn_0032165,cust_001237,2024-08-27 20:19:32,changed_mind,171.14,21
ret_002668,txn_0032169,cust_002118,2024-08-29 20:47:19,wrong_item,40.64,23
ret_002669,txn_0032173,cust_000326,2024-08-19 20:59:14,no_longer_needed,48.97,13
ret_002670,txn_0032180,cust_002711,2024-08-10 22:06:41,no_longer_needed,48.09,4
ret_002671,txn_0032219,cust_001634,2024-08-30 09:47:52,arrived_late,201.22,23
ret_002672,txn_0032224,cust_001634,2024-08-13 10:24:01,too_small,37.12,6
ret_002673,txn_0032237,cust_009579,2024-08-29 11:28:23,better_price_found,157.54,22
ret_002674,txn_0032241,cust_006173,2024-08-27 11:35:20,defective_product,36.14,20
ret_002675,txn_0032257,cust_002032,2024-08-21 13:37:48,defective_product,87.34,14
ret_002676,txn_0032281,cust_001634,2024-08-31 16:35:55,wrong_item,222.88,24
ret_002677,txn_0032287,cust_006156,2024-08-10 17:51:05,duplicate_order,133.61,3
ret_002678,txn_0032301,cust_001634,2024-08-30 19:03:27,too_large,36.28,23
ret_002679,txn_0032329,cust_002032,2024-09-03 21:50:30,no_longer_needed,122.93,27
ret_002680,txn_0032335,cust_009460,2024-09-05 22:31:50,no_longer_needed,37.07,29
ret_002681,txn_0032347,cust_001634,2024-09-04 07:01:29,better_price_found,279.55,27
ret_002682,txn_0032348,cust_002864,2024-09-06 07:03:38,arrived_late,41.29,29
ret_002683,txn_0032351,cust_001634,2024-08-31 07:19:51,duplicate_order,19.43,23
ret_002684,txn_0032365,cust_007266,2024-09-06 09:39:32,not_as_described,21.0,29
ret_002685,txn_0032372,cust_004318,2024-08-25 10:06:42,changed_mind,110.41,17
ret_002686,txn_0032374,cust_004125,2024-08-16 10:11:20,no_longer_needed,174.07,8
ret_002687,txn_0032393,cust_001634,2024-08-18 11:45:26,arrived_late,49.41,10
ret_002688,txn_0032420,cust_005772,2024-08-14 15:19:41,too_large,90.06,6
ret_002689,txn_0032430,cust_009835,2024-08-26 16:29:06,changed_mind,70.08,18
ret_002690,txn_0032443,cust_001634,2024-08-22 18:14:17,better_price_found,49.71,14
ret_002691,txn_0032459,cust_008168,2024-08-30 20:07:31,changed_mind,41.26,22
ret_002692,txn_0032506,cust_000574,2024-08-15 09:53:40,too_large,10126.7,6
ret_002693,txn_0032529,cust_002032,2024-08-24 12:09:36,changed_mind,305.37,15
ret_002694,txn_0032540,cust_008168,2024-09-05 12:57:16,no_longer_needed,80.77,27
ret_002695,txn_0032554,cust_001634,2024-09-05 14:43:04,defective_product,15.97,27
ret_002696,txn_0032587,cust_006744,2024-09-03 18:30:46,too_small,11617.17,25
ret_002697,txn_0032594,cust_008754,2024-08-15 19:14:59,not_as_described,22.38,6
ret_002698,txn_0032595,cust_009170,2024-09-04 19:18:52,changed_mind,1028.04,26
ret_002699,txn_0032604,cust_000857,2024-08-12 19:49:12,better_price_found,33.96,3
ret_002700,txn_0032610,cust_001634,2024-08-24 20:28:47,changed_mind,12.4,15
ret_002701,txn_0032642,cust_001634,2024-08-29 08:02:31,too_small,22.53,19
ret_002702,txn_0032645,cust_003516,2024-08-15 08:17:57,wrong_item,97.74,5
ret_002703,txn_0032659,cust_008168,2024-09-05 10:16:49,defective_product,66.12,26
ret_002704,txn_0032669,cust_001634,2024-08-31 12:13:00,wrong_item,172.31,21
ret_002705,txn_0032671,cust_006373,2024-09-01 12:32:44,too_large,47.46,22
ret_002706,txn_0032682,cust_000857,2024-09-02 13:11:57,defective_product,58.51,23
ret_002707,txn_0032689,cust_001634,2024-09-08 13:57:49,duplicate_order,72.27,29
ret_002708,txn_0032701,cust_009259,2024-09-04 15:32:29,changed_mind,35.17,25
ret_002709,txn_0032704,cust_001634,2024-08-16 15:46:08,wrong_item,101.48,6
ret_002710,txn_0032707,cust_003002,2024-08-21 16:59:19,duplicate_order,52.48,11
ret_002711,txn_0032729,cust_001634,2024-08-13 19:03:32,duplicate_order,10.67,3
ret_002712,txn_0032732,cust_000852,2024-09-05 19:17:09,too_small,29.87,26
ret_002713,txn_0032738,cust_001634,2024-09-07 19:49:44,wrong_item,56.28,28
ret_002714,txn_0032788,cust_002380,2024-08-31 08:35:02,too_large,79.44,20
ret_002715,txn_0032789,cust_005358,2024-08-30 08:42:48,duplicate_order,82.99,19
ret_002716,txn_0032793,cust_008491,2024-08-25 08:57:42,too_small,114.1,14
ret_002717,txn_0032796,cust_002032,2024-09-07 09:01:02,too_large,314.25,27
ret_002718,txn_0032800,cust_004386,2024-09-09 09:11:23,duplicate_order,25.99,29
ret_002719,txn_0032802,cust_001634,2024-09-08 09:20:09,too_large,65.57,28
ret_002720,txn_0032814,cust_009579,2024-08-28 10:38:17,better_price_found,76.72,17
ret_002721,txn_0032817,cust_003002,2024-08-19 10:57:17,better_price_found,46.05,8
ret_002722,txn_0032822,cust_008291,2024-08-27 11:21:34,arrived_late,55.24,16
ret_002723,txn_0032839,cust_001634,2024-09-06 12:41:37,changed_mind,16.76,26
ret_002724,txn_0032869,cust_000754,2024-09-03 16:23:57,no_longer_needed,1627.75,23
ret_002725,txn_0032876,cust_001634,2024-09-07 17:44:53,too_large,65.74,27
ret_002726,txn_0032879,cust_009778,2024-08-22 17:49:17,arrived_late,272.91,11
ret_002727,txn_0032922,cust_009843,2024-09-02 01:14:34,better_price_found,2.8,21
ret_002728,txn_0032925,cust_004091,2024-08-17 04:10:50,wrong_item,14030.41,5
ret_002729,txn_0032937,cust_002032,2024-08-21 09:15:45,better_price_found,47.12,9
ret_002730,txn_0032947,cust_005313,2024-08-28 10:28:39,arrived_late,100.97,16
ret_002731,txn_0032956,cust_001634,2024-08-25 11:00:28,arrived_late,164.72,13
ret_002732,txn_0032966,cust_001634,2024-08-31 11:24:41,not_as_described,39.61,19
ret_002733,txn_0032967,cust_004210,2024-08-19 11:26:48,wrong_item,53.49,7
ret_002734,txn_0032971,cust_008111,2024-08-29 11:46:51,duplicate_order,121.49,17
ret_002735,txn_0032974,cust_002032,2024-08-28 12:28:24,better_price_found,153.11,16
ret_002736,txn_0032990,cust_001634,2024-08-21 13:45:37,duplicate_order,13.62,9
ret_002737,txn_0033017,cust_001634,2024-08-30 16:48:57,no_longer_needed,81.43,18
ret_002738,txn_0033021,cust_009268,2024-08-23 17:09:49,better_price_found,26.93,11
ret_002739,txn_0033044,cust_004395,2024-08-17 19:53:14,too_small,70.81,5
ret_002740,txn_0033049,cust_002032,2024-09-06 20:14:53,not_as_described,32.45,25
ret_002741,txn_0033052,cust_002032,2024-08-25 20:29:54,no_longer_needed,84.95,13
ret_002742,txn_0033056,cust_002032,2024-09-08 20:50:04,no_longer_needed,132.44,27
ret_002743,txn_0033061,cust_008613,2024-08-26 21:13:26,wrong_item,306.55,14
ret_002744,txn_0033067,cust_001634,2024-09-06 21:41:46,not_as_described,25.76,25
ret_002745,txn_0033082,cust_000223,2024-08-29 07:06:37,wrong_item,1.03,16
ret_002746,txn_0033112,cust_002032,2024-08-30 10:19:04,duplicate_order,70.73,17
ret_002747,txn_0033118,cust_009965,2024-09-08 10:48:56,defective_product,68.38,26
ret_002748,txn_0033129,cust_009648,2024-09-04 11:23:10,arrived_late,20.99,22
ret_002749,txn_0033153,cust_001634,2024-08-31 12:47:55,no_longer_needed,42.43,18
ret_002750,txn_0033169,cust_001634,2024-08-17 14:58:37,no_longer_needed,20.36,4
ret_002751,txn_0033173,cust_001634,2024-09-09 15:37:55,better_price_found,27.78,27
ret_002752,txn_0033175,cust_005504,2024-09-03 16:04:07,no_longer_needed,13135.99,21
ret_002753,txn_0033177,cust_001634,2024-08-22 17:00:51,arrived_late,23.26,9
ret_002754,txn_0033179,cust_001634,2024-09-10 17:08:29,wrong_item,68.98,28
ret_002755,txn_0033249,cust_001634,2024-08-31 23:39:13,defective_product,36.58,18
ret_002756,txn_0033272,cust_001634,2024-08-20 09:20:11,better_price_found,16.9,6
ret_002757,txn_0033299,cust_001634,2024-08-30 12:22:01,too_large,86.62,16
ret_002758,txn_0033311,cust_005529,2024-08-19 13:18:00,no_longer_needed,110.56,5
ret_002759,txn_0033314,cust_003995,2024-09-11 13:40:35,not_as_described,133.93,28
ret_002760,txn_0033315,cust_001634,2024-08-30 13:51:08,not_as_described,33.14,16
ret_002761,txn_0033319,cust_005703,2024-09-02 14:18:14,defective_product,59.18,19
ret_002762,txn_0033332,cust_000618,2024-08-30 15:46:33,better_price_found,36.06,16
ret_002763,txn_0033333,cust_005284,2024-08-17 16:00:39,arrived_late,64.36,3
ret_002764,txn_0033342,cust_002032,2024-09-06 17:11:50,not_as_described,30.69,23
ret_002765,txn_0033354,cust_007637,2024-08-27 18:12:57,too_small,149.36,13
ret_002766,txn_0033397,cust_001634,2024-09-09 07:48:53,no_longer_needed,48.26,25
ret_002767,txn_0033398,cust_001634,2024-09-11 07:54:42,too_small,12.0,27
ret_002768,txn_0033410,cust_001634,2024-09-07 10:56:16,better_price_found,53.78,23
ret_002769,txn_0033430,cust_001634,2024-09-06 12:55:35,not_as_described,121.05,22
ret_002770,txn_0033432,cust_000936,2024-08-27 13:04:06,better_price_found,36.43,12
ret_002771,txn_0033480,cust_000431,2024-08-18 18:30:30,not_as_described,50.51,3
ret_002772,txn_0033491,cust_001634,2024-09-04 19:51:16,changed_mind,48.42,20
ret_002773,txn_0033525,cust_005815,2024-09-01 23:13:28,defective_product,10194.18,17
ret_002774,txn_0033530,cust_007837,2024-08-21 06:42:43,duplicate_order,17.29,5
ret_002775,txn_0033532,cust_001634,2024-09-09 07:15:29,too_large,14.19,24
ret_002776,txn_0033539,cust_001634,2024-09-05 07:37:53,no_longer_needed,46.14,20
ret_002777,txn_0033552,cust_003595,2024-09-02 09:25:23,changed_mind,106.66,17
ret_002778,txn_0033579,cust_001806,2024-08-26 11:57:40,defective_product,20.72,10
ret_002779,txn_0033587,cust_002032,2024-09-04 12:27:00,better_price_found,45.31,19
ret_002780,txn_0033592,cust_004416,2024-09-05 12:44:02,changed_mind,125.93,20
ret_002781,txn_0033612,cust_005206,2024-09-02 14:22:44,arrived_late,69.81,17
ret_002782,txn_0033628,cust_001634,2024-08-30 16:17:28,defective_product,35.54,14
ret_002783,txn_0033633,cust_001634,2024-09-01 16:50:17,no_longer_needed,73.95,16
ret_002784,txn_0033635,cust_005361,2024-08-20 17:07:21,no_longer_needed,10904.14,4
ret_002785,txn_0033640,cust_001634,2024-08-28 17:21:19,defective_product,51.82,12
ret_002786,txn_0033643,cust_002032,2024-08-25 17:57:34,better_price_found,16.81,9
ret_002787,txn_0033658,cust_001634,2024-09-09 19:07:00,not_as_described,147.95,24
ret_002788,txn_0033663,cust_005733,2024-09-02 19:21:21,too_small,2.98,17
ret_002789,txn_0033679,cust_001634,2024-09-09 21:34:22,wrong_item,113.24,24
ret_002790,txn_0033682,cust_005385,2024-08-20 21:55:06,better_price_found,155.62,4
ret_002791,txn_0033713,cust_002189,2024-09-15 08:58:36,arrived_late,111.88,29
ret_002792,txn_0033714,cust_000326,2024-08-26 09:01:04,arrived_late,17.16,9
ret_002793,txn_0033752,cust_006373,2024-09-01 12:56:17,wrong_item,952.35,15
ret_002794,txn_0033753,cust_001634,2024-09-10 12:57:49,not_as_described,228.35,24
ret_002795,txn_0033755,cust_001634,2024-09-12 13:03:50,too_small,106.33,26
ret_002796,txn_0033767,cust_002640,2024-09-12 13:55:13,too_small,302.91,26
ret_002797,txn_0033788,cust_003858,2024-08-30 17:18:30,arrived_late,39.74,13
ret_002798,txn_0033813,cust_003734,2024-09-10 19:34:18,changed_mind,73.72,24
ret_002799,txn_0033815,cust_001634,2024-09-14 19:52:35,too_small,16.09,28
ret_002800,txn_0033818,cust_005290,2024-09-09 20:30:50,arrived_late,203.25,23
ret_002801,txn_0033835,cust_001634,2024-08-29 21:27:38,not_as_described,37.24,12
ret_002802,txn_0033888,cust_000857,2024-08-31 12:28:24,duplicate_order,191.42,13
ret_002803,txn_0033889,cust_002032,2024-09-16 12:34:06,too_small,9.63,29
ret_002804,txn_0033948,cust_008738,2024-09-04 19:10:16,no_longer_needed,20.07,17
ret_002805,txn_0033965,cust_000857,2024-09-04 20:29:31,too_large,218.29,17
ret_002806,txn_0033966,cust_009460,2024-09-13 20:30:15,no_longer_needed,119.09,26
ret_002807,txn_0033983,cust_002032,2024-09-06 22:57:29,no_longer_needed,103.97,19
ret_002808,txn_0033999,cust_001634,2024-09-15 09:13:08,defective_product,23.4,27
ret_002809,txn_0034002,cust_005703,2024-08-25 09:34:15,defective_product,4.68,6
ret_002810,txn_0034033,cust_005403,2024-09-07 13:12:16,arrived_late,2040.15,19
ret_002811,txn_0034070,cust_002555,2024-09-12 18:59:01,defective_product,71.45,24
ret_002812,txn_0034114,cust_002032,2024-09-17 22:27:43,no_longer_needed,63.58,29
ret_002813,txn_0034130,cust_001467,2024-08-26 08:42:29,better_price_found,365.23,6
ret_002814,txn_0034137,cust_001634,2024-09-12 10:09:53,no_longer_needed,126.63,23
ret_002815,txn_0034145,cust_000857,2024-09-03 11:05:39,too_small,100.74,14
ret_002816,txn_0034171,cust_004296,2024-09-05 13:12:57,changed_mind,288.55,16
ret_002817,txn_0034189,cust_000857,2024-09-18 15:45:32,arrived_late,53.75,29
ret_002818,txn_0034204,cust_002032,2024-08-31 18:04:00,too_small,30.93,11
ret_002819,txn_0034221,cust_000936,2024-08-31 19:17:40,defective_product,23.25,11
ret_002820,txn_0034229,cust_005441,2024-09-05 19:48:21,duplicate_order,30.48,16
ret_002821,txn_0034232,cust_001058,2024-08-23 19:56:13,not_as_described,553.06,3
ret_002822,txn_0034258,cust_002032,2024-09-09 22:08:22,better_price_found,21.02,20
ret_002823,txn_0034275,cust_008168,2024-08-29 07:10:04,changed_mind,25.32,8
ret_002824,txn_0034290,cust_003654,2024-09-13 09:45:06,defective_product,29.42,23
ret_002825,txn_0034294,cust_001634,2024-09-10 09:58:43,better_price_found,28.69,20
ret_002826,txn_0034298,cust_008888,2024-08-31 10:13:28,arrived_late,44.5,10
ret_002827,txn_0034303,cust_001634,2024-09-12 10:45:45,too_large,56.1,22
ret_002828,txn_0034315,cust_001634,2024-09-06 11:38:12,better_price_found,90.29,16
ret_002829,txn_0034326,cust_001634,2024-09-03 12:43:05,arrived_late,45.66,13
ret_002830,txn_0034334,cust_005349,2024-08-27 13:53:57,not_as_described,70.58,6
ret_002831,txn_0034340,cust_009779,2024-08-31 15:18:39,changed_mind,334.65,10
ret_002832,txn_0034357,cust_001634,2024-09-04 16:59:13,better_price_found,152.92,14
ret_002833,txn_0034360,cust_001634,2024-09-15 17:33:48,wrong_item,33.59,25
ret_002834,txn_0034374,cust_009835,2024-09-19 19:05:10,too_small,55.19,29
ret_002835,txn_0034378,cust_001634,2024-08-28 19:15:30,wrong_item,72.26,7
ret_002836,txn_0034398,cust_009835,2024-08-25 20:44:36,defective_product,125.93,4
ret_002837,txn_0034406,cust_008608,2024-09-09 21:46:19,arrived_late,55.49,19
ret_002838,txn_0034412,cust_001634,2024-09-13 22:43:40,arrived_late,32.86,23
ret_002839,txn_0034425,cust_001634,2024-09-04 09:00:52,not_as_described,77.96,13
ret_002840,txn_0034430,cust_003012,2024-08-26 09:54:08,better_price_found,70.25,4
ret_002841,txn_0034434,cust_003734,2024-08-28 10:09:12,no_longer_needed,16.92,6
ret_002842,txn_0034458,cust_001634,2024-09-11 12:44:30,defective_product,91.69,20
ret_002843,txn_0034459,cust_002032,2024-09-09 12:48:33,defective_product,38.88,18
ret_002844,txn_0034465,cust_009835,2024-09-10 13:08:44,better_price_found,145.1,19
ret_002845,txn_0034476,cust_006958,2024-09-10 14:07:32,better_price_found,40.02,19
ret_002846,txn_0034487,cust_001634,2024-09-09 15:29:25,duplicate_order,44.94,18
ret_002847,txn_0034502,cust_006778,2024-08-25 17:24:56,better_price_found,2524.99,3
ret_002848,txn_0034504,cust_001634,2024-09-07 17:30:10,too_large,33.96,16
ret_002849,txn_0034541,cust_004338,2024-09-06 21:14:33,not_as_described,180.76,15
ret_002850,txn_0034543,cust_009579,2024-09-20 21:34:52,wrong_item,26.61,29
ret_002851,txn_0034553,cust_001634,2024-09-17 22:59:45,not_as_described,353.17,26
ret_002852,txn_0034569,cust_001634,2024-09-09 09:03:52,changed_mind,21.78,17
ret_002853,txn_0034589,cust_006132,2024-08-27 11:10:50,wrong_item,39.61,4
ret_002854,txn_0034605,cust_001634,2024-09-12 12:47:16,too_large,100.78,20
ret_002855,txn_0034619,cust_008168,2024-09-13 13:55:56,defective_product,29.59,21
ret_002856,txn_0034631,cust_001634,2024-09-11 15:44:01,too_large,38.47,19
ret_002857,txn_0034641,cust_006422,2024-09-14 17:19:23,too_large,172.43,22
ret_002858,txn_0034646,cust_001634,2024-09-06 18:16:34,wrong_item,54.69,14
ret_002859,txn_0034680,cust_000407,2024-09-06 21:33:15,not_as_described,175.63,14
ret_002860,txn_0034681,cust_002032,2024-09-21 21:37:38,not_as_described,190.56,29
ret_002861,txn_0034695,cust_007428,2024-09-10 05:40:50,wrong_item,44.6,17
ret_002862,txn_0034731,cust_008993,2024-09-18 11:41:48,defective_product,41.01,25
ret_002863,txn_0034733,cust_001634,2024-09-07 11:57:11,changed_mind,49.62,14
ret_002864,txn_0034737,cust_001634,2024-09-14 12:12:55,changed_mind,252.05,21
ret_002865,txn_0034744,cust_001634,2024-09-19 12:38:54,wrong_item,73.46,26
ret_002866,txn_0034762,cust_005026,2024-09-19 14:38:02,too_large,112.27,26
ret_002867,txn_0034769,cust_001634,2024-09-14 15:14:02,wrong_item,40.26,21
ret_002868,txn_0034804,cust_001634,2024-09-13 20:04:25,not_as_described,43.18,20
ret_002869,txn_0034808,cust_001634,2024-09-14 20:16:13,changed_mind,61.57,21
ret_002870,txn_0034831,cust_002032,2024-09-12 22:49:48,changed_mind,66.83,19
ret_002871,txn_0034833,cust_001634,2024-09-04 23:37:37,wrong_item,72.07,11
ret_002872,txn_0034838,cust_001634,2024-08-28 06:09:57,better_price_found,167.75,3
ret_002873,txn_0034853,cust_008136,2024-09-21 09:14:20,too_small,11.25,27
ret_002874,txn_0034867,cust_002032,2024-09-12 10:47:28,changed_mind,53.94,18
ret_002875,txn_0034869,cust_001634,2024-09-02 11:07:41,better_price_found,25.05,8
ret_002876,txn_0034871,cust_004065,2024-09-13 11:19:26,better_price_found,138.21,19
ret_002877,txn_0034882,cust_001634,2024-09-06 12:02:55,defective_product,103.09,12
ret_002878,txn_0034886,cust_007068,2024-09-20 12:39:48,arrived_late,70.79,26
ret_002879,txn_0034887,cust_001634,2024-09-16 12:41:05,duplicate_order,37.41,22
ret_002880,txn_0034905,cust_001634,2024-09-05 15:36:40,no_longer_needed,52.32,11
ret_002881,txn_0034920,cust_001634,2024-09-09 18:09:40,too_small,96.76,15
ret_002882,txn_0034931,cust_001634,2024-09-14 19:15:28,not_as_described,74.17,20
ret_002883,txn_0034933,cust_009853,2024-09-14 19:25:57,no_longer_needed,35.36,20
ret_002884,txn_0034945,cust_002032,2024-09-20 20:27:26,better_price_found,80.76,26
ret_002885,txn_0034960,cust_001634,2024-09-07 21:25:31,better_price_found,92.21,13
ret_002886,txn_0034964,cust_006277,2024-09-19 21:54:20,arrived_late,2469.81,25
ret_002887,txn_0034993,cust_001634,2024-09-08 06:28:41,not_as_described,58.92,13
ret_002888,txn_0035000,cust_009579,2024-09-23 08:21:34,changed_mind,44.95,28
ret_002889,txn_0035006,cust_000857,2024-09-21 09:01:41,duplicate_order,35.66,26
ret_002890,txn_0035017,cust_002164,2024-09-21 10:44:22,changed_mind,72.46,26
ret_002891,txn_0035021,cust_005716,2024-09-20 11:08:40,changed_mind,73.02,25
ret_002892,txn_0035054,cust_002032,2024-08-29 14:07:00,arrived_late,32.56,3
ret_002893,txn_0035059,cust_001964,2024-09-01 14:42:42,duplicate_order,200.73,6
ret_002894,txn_0035069,cust_001634,2024-09-05 16:00:03,too_small,106.79,10
ret_002895,txn_0035076,cust_001634,2024-09-07 16:47:32,better_price_found,186.44,12
ret_002896,txn_0035090,cust_001634,2024-08-29 19:01:19,wrong_item,59.65,3
ret_002897,txn_0035092,cust_002029,2024-08-31 19:15:09,defective_product,611.22,5
ret_002898,txn_0035102,cust_009460,2024-09-23 20:34:17,better_price_found,69.17,28
ret_002899,txn_0035138,cust_003043,2024-09-17 10:11:58,wrong_item,81.07,21
ret_002900,txn_0035144,cust_001634,2024-09-14 10:26:35,too_small,13.77,18
ret_002901,txn_0035150,cust_001634,2024-09-16 10:35:09,not_as_described,89.29,20
ret_002902,txn_0035155,cust_001634,2024-09-10 10:55:35,not_as_described,53.12,14
ret_002903,txn_0035174,cust_009887,2024-09-01 12:43:10,wrong_item,178.05,5
ret_002904,txn_0035182,cust_000544,2024-08-30 13:38:24,better_price_found,5.63,3
ret_002905,txn_0035183,cust_002869,2024-09-07 13:47:36,duplicate_order,25.43,11
ret_002906,txn_0035193,cust_001634,2024-09-17 14:26:42,not_as_described,292.47,21
ret_002907,txn_0035194,cust_001634,2024-09-17 14:35:37,better_price_found,74.63,21
ret_002908,txn_0035197,cust_004996,2024-09-05 14:59:53,defective_product,69.14,9
ret_002909,txn_0035206,cust_008009,2024-09-15 15:51:24,defective_product,1665.77,19
ret_002910,txn_0035216,cust_006373,2024-09-14 17:14:58,better_price_found,25.37,18
ret_002911,txn_0035222,cust_001634,2024-09-06 17:43:10,not_as_described,330.54,10
ret_002912,txn_0035229,cust_001634,2024-09-21 18:11:19,better_price_found,10.38,25
ret_002913,txn_0035237,cust_001634,2024-09-25 18:59:43,changed_mind,26.26,29
ret_002914,txn_0035251,cust_001634,2024-09-24 20:03:41,arrived_late,76.75,28
ret_002915,txn_0035255,cust_009261,2024-09-25 20:29:30,duplicate_order,37.12,29
ret_002916,txn_0035257,cust_000857,2024-09-19 20:34:30,defective_product,246.26,23
ret_002917,txn_0035258,cust_005818,2024-09-17 20:34:50,duplicate_order,210.71,21
ret_002918,txn_0035259,cust_001634,2024-09-19 20:45:56,wrong_item,22.43,23
ret_002919,txn_0035262,cust_001634,2024-09-23 21:13:55,changed_mind,44.84,27
ret_002920,txn_0035267,cust_001634,2024-09-12 21:35:24,better_price_found,100.81,16
ret_002921,txn_0035277,cust_006772,2024-09-20 23:05:52,better_price_found,105.6,24
ret_002922,txn_0035296,cust_001634,2024-09-07 08:00:28,better_price_found,13.27,10
ret_002923,txn_0035299,cust_001634,2024-09-16 08:27:08,changed_mind,14.66,19
ret_002924,txn_0035300,cust_001634,2024-09-10 08:30:22,defective_product,54.09,13
ret_002925,txn_0035326,cust_001634,2024-09-21 11:00:31,wrong_item,101.71,24
ret_002926,txn_0035349,cust_002915,2024-09-01 13:43:37,arrived_late,130.96,4
ret_002927,txn_0035351,cust_002032,2024-09-24 13:50:57,arrived_late,71.32,27
ret_002928,txn_0035355,cust_008168,2024-09-05 14:23:34,not_as_described,144.83,8
ret_002929,txn_0035410,cust_001634,2024-09-11 21:24:00,better_price_found,33.2,14
ret_002930,txn_0035417,cust_001634,2024-09-21 22:21:51,too_large,70.5,24
ret_002931,txn_0035419,cust_001634,2024-09-22 22:39:23,too_small,30.7,25
ret_002932,txn_0035422,cust_001634,2024-09-13 23:36:33,too_small,14.83,16
ret_002933,txn_0035427,cust_001634,2024-09-06 06:29:04,arrived_late,100.44,8
ret_002934,txn_0035441,cust_000723,2024-09-09 09:03:57,better_price_found,55.64,11
ret_002935,txn_0035448,cust_001634,2024-09-17 09:58:59,duplicate_order,71.59,19
ret_002936,txn_0035453,cust_002319,2024-09-03 10:42:06,not_as_described,69.98,5
ret_002937,txn_0035458,cust_001634,2024-09-24 11:38:08,better_price_found,63.28,26
ret_002938,txn_0035459,cust_001634,2024-09-19 11:40:15,defective_product,55.71,21
ret_002939,txn_0035466,cust_008285,2024-09-02 12:12:06,too_large,52.78,4
ret_002940,txn_0035468,cust_001634,2024-09-27 12:21:31,changed_mind,22.5,29
ret_002941,txn_0035475,cust_003002,2024-09-07 13:07:08,arrived_late,88.19,9
ret_002942,txn_0035483,cust_002032,2024-09-07 13:46:42,changed_mind,73.88,9
ret_002943,txn_0035513,cust_002032,2024-09-18 17:53:53,too_small,79.27,20
ret_002944,txn_0035518,cust_001634,2024-09-09 18:46:12,too_small,108.66,11
ret_002945,txn_0035521,cust_003645,2024-09-22 19:08:51,duplicate_order,327.04,24
ret_002946,txn_0035528,cust_001634,2024-09-27 19:36:19,arrived_late,16.25,29
ret_002947,txn_0035542,cust_001634,2024-09-14 20:39:18,no_longer_needed,24.31,16
ret_002948,txn_0035545,cust_008949,2024-09-02 20:48:31,changed_mind,22.0,4
ret_002949,txn_0035581,cust_009550,2024-09-11 08:13:47,better_price_found,7571.32,12
ret_002950,txn_0035585,cust_003553,2024-09-15 08:54:35,arrived_late,38.6,16
ret_002951,txn_0035587,cust_000857,2024-09-11 09:09:21,not_as_described,504.03,12
ret_002952,txn_0035596,cust_001634,2024-09-18 10:09:17,arrived_late,178.13,19
ret_002953,txn_0035604,cust_007453,2024-09-25 11:05:55,defective_product,71.64,26
ret_002954,txn_0035614,cust_000857,2024-09-16 11:52:57,defective_product,23.01,17
ret_002955,txn_0035624,cust_001634,2024-09-25 12:55:50,too_small,58.07,26
ret_002956,txn_0035630,cust_008390,2024-09-11 13:33:10,too_small,43.02,12
ret_002957,txn_0035637,cust_003834,2024-09-23 14:04:16,duplicate_order,48.24,24
ret_002958,txn_0035651,cust_001634,2024-09-26 16:28:37,changed_mind,28.1,27
ret_002959,txn_0035653,cust_002032,2024-09-14 16:35:27,too_large,125.09,15
ret_002960,txn_0035660,cust_001634,2024-09-12 17:31:03,arrived_late,18.35,13
ret_002961,txn_0035678,cust_001634,2024-09-07 19:22:43,defective_product,94.43,8
ret_002962,txn_0035704,cust_005284,2024-09-24 21:16:48,duplicate_order,64.71,25
ret_002963,txn_0035708,cust_001634,2024-09-28 21:48:15,no_longer_needed,16.9,29
ret_002964,txn_0035711,cust_001634,2024-09-18 23:12:16,wrong_item,19.87,19
ret_002965,txn_0035745,cust_004757,2024-09-28 10:33:00,wrong_item,34.18,28
ret_002966,txn_0035756,cust_009835,2024-09-11 11:55:57,too_large,163.69,11
ret_002967,txn_0035762,cust_002032,2024-09-20 12:39:35,no_longer_needed,47.26,20
ret_002968,txn_0035773,cust_009835,2024-09-19 14:00:07,duplicate_order,65.94,19
ret_002969,txn_0035806,cust_001634,2024-09-12 18:47:40,duplicate_order,19.42,12
ret_002970,txn_0035808,cust_002032,2024-09-16 18:50:11,changed_mind,141.15,16
ret_002971,txn_0035814,cust_008136,2024-09-03 19:29:57,no_longer_needed,31.88,3
ret_002972,txn_0035846,cust_009579,2024-09-06 07:14:15,duplicate_order,176.13,5
ret_002973,txn_0035859,cust_009266,2024-09-22 10:10:04,defective_product,4127.47,21
ret_002974,txn_0035873,cust_005703,2024-09-29 11:48:37,defective_product,13.94,28
ret_002975,txn_0035876,cust_006784,2024-09-15 12:11:32,defective_product,113.33,14
ret_002976,txn_0035878,cust_000329,2024-09-04 12:18:15,too_large,56.95,3
ret_002977,txn_0035884,cust_001910,2024-09-13 12:38:14,too_small,68.13,12
ret_002978,txn_0035935,cust_002032,2024-09-22 17:51:57,too_large,27.97,21
ret_002979,txn_0035936,cust_004652,2024-09-13 18:00:38,no_longer_needed,79.53,12
ret_002980,txn_0035939,cust_002997,2024-09-10 18:27:57,arrived_late,53.03,9
ret_002981,txn_0035948,cust_002032,2024-09-24 19:05:13,arrived_late,63.56,23
ret_002982,txn_0035954,cust_002032,2024-09-24 19:31:37,not_as_described,40.7,23
ret_002983,txn_0035971,cust_008928,2024-09-24 20:18:12,arrived_late,48.87,23
ret_002984,txn_0035974,cust_001634,2024-09-26 20:27:22,wrong_item,29.1,25
ret_002985,txn_0035979,cust_001634,2024-09-18 20:41:25,changed_mind,76.76,17
ret_002986,txn_0036008,cust_001634,2024-09-21 08:12:22,arrived_late,19.26,19
ret_002987,txn_0036023,cust_001634,2024-09-10 10:18:00,duplicate_order,55.85,8
ret_002988,txn_0036024,cust_005824,2024-09-08 10:23:17,better_price_found,43.17,6
ret_002989,txn_0036076,cust_008376,2024-09-17 16:35:52,no_longer_needed,143.37,15
ret_002990,txn_0036080,cust_001634,2024-09-28 17:15:22,arrived_late,23.44,26
ret_002991,txn_0036087,cust_001184,2024-09-09 18:05:15,not_as_described,28.65,7
ret_002992,txn_0036089,cust_001634,2024-09-29 18:10:26,arrived_late,93.32,27
ret_002993,txn_0036130,cust_001634,2024-09-20 21:54:21,duplicate_order,29.08,18
ret_002994,txn_0036145,cust_009148,2024-09-15 06:58:36,wrong_item,399.45,12
ret_002995,txn_0036150,cust_002800,2024-09-04 07:38:52,not_as_described,26.57,1
ret_002996,txn_0036152,cust_001634,2024-09-11 08:13:33,wrong_item,624.42,8
ret_002997,txn_0036155,cust_002032,2024-09-24 08:31:21,better_price_found,20.26,21
ret_002998,txn_0036156,cust_001806,2024-09-17 08:41:59,changed_mind,64.01,14
ret_002999,txn_0036157,cust_001634,2024-09-20 08:44:00,no_longer_needed,68.79,17
ret_003000,txn_0036159,cust_002118,2024-09-18 08:53:10,changed_mind,37.7,15
ret_003001,txn_0036176,cust_002294,2024-09-14 10:16:45,wrong_item,37.41,11
ret_003002,txn_0036180,cust_001634,2024-09-18 10:29:40,too_small,46.46,15
ret_003003,txn_0036186,cust_008928,2024-09-09 11:10:36,wrong_item,27.26,6
ret_003004,txn_0036219,cust_001634,2024-09-16 13:56:05,better_price_found,12.08,13
ret_003005,txn_0036220,cust_001634,2024-09-14 13:56:15,wrong_item,334.04,11
ret_003006,txn_0036236,cust_003193,2024-09-21 16:26:19,too_small,33.87,18
ret_003007,txn_0036239,cust_001634,2024-09-06 17:30:29,changed_mind,29.77,3
ret_003008,txn_0036244,cust_002032,2024-09-08 17:50:33,defective_product,65.76,5
ret_003009,txn_0036252,cust_001634,2024-09-28 18:52:44,too_small,45.93,25
ret_003010,txn_0036263,cust_001634,2024-09-20 19:49:02,better_price_found,46.47,17
ret_003011,txn_0036274,cust_002032,2024-09-25 20:38:45,wrong_item,74.47,22
ret_003012,txn_0036275,cust_001634,2024-09-06 20:39:46,wrong_item,52.41,3
ret_003013,txn_0036282,cust_000702,2024-09-11 21:42:31,too_small,129.56,8
ret_003014,txn_0036290,cust_002032,2024-09-20 22:13:54,no_longer_needed,33.92,17
ret_003015,txn_0036326,cust_001695,2024-09-07 10:56:35,arrived_late,78.92,3
ret_003016,txn_0036350,cust_002029,2024-09-13 13:54:23,duplicate_order,28.8,9
ret_003017,txn_0036356,cust_009579,2024-09-12 15:01:35,better_price_found,104.71,8
ret_003018,txn_0036359,cust_009460,2024-09-09 15:20:41,defective_product,22.17,5
ret_003019,txn_0036374,cust_002032,2024-09-14 17:05:43,better_price_found,36.47,10
ret_003020,txn_0036387,cust_003434,2024-09-12 18:44:51,not_as_described,134.31,8
ret_003021,txn_0036415,cust_009835,2024-09-25 21:31:03,not_as_described,32.17,21
ret_003022,txn_0036433,cust_001634,2024-09-21 23:51:21,arrived_late,72.29,17
ret_003023,txn_0036439,cust_009460,2024-09-16 06:33:21,not_as_described,123.53,11
ret_003024,txn_0036469,cust_002109,2024-10-04 10:08:14,defective_product,299.07,29
ret_003025,txn_0036486,cust_001634,2024-09-27 11:45:24,not_as_described,42.87,22
ret_003026,txn_0036489,cust_001634,2024-09-15 11:48:21,duplicate_order,65.17,10
ret_003027,txn_0036492,cust_001634,2024-09-21 11:55:19,arrived_late,38.64,16
ret_003028,txn_0036514,cust_001634,2024-10-02 13:56:53,defective_product,130.56,27
ret_003029,txn_0036518,cust_002032,2024-09-11 14:27:50,better_price_found,75.92,6
ret_003030,txn_0036543,cust_001634,2024-09-10 16:49:10,wrong_item,67.27,5
ret_003031,txn_0036544,cust_001634,2024-09-29 17:04:52,changed_mind,115.12,24
ret_003032,txn_0036561,cust_001634,2024-10-01 18:34:22,arrived_late,11.52,26
ret_003033,txn_0036570,cust_002118,2024-09-26 19:26:40,better_price_found,20.95,21
ret_003034,txn_0036581,cust_006641,2024-09-19 20:29:55,no_longer_needed,12.36,14
ret_003035,txn_0036582,cust_000872,2024-09-22 20:41:18,too_small,79.63,17
ret_003036,txn_0036584,cust_001634,2024-09-25 20:59:40,arrived_late,223.1,20
ret_003037,txn_0036586,cust_002032,2024-09-09 21:07:09,duplicate_order,43.46,4
ret_003038,txn_0036587,cust_001870,2024-09-06 21:08:09,better_price_found,163.68,1
ret_003039,txn_0036599,cust_001634,2024-09-13 22:15:54,arrived_late,108.2,8
ret_003040,txn_0036632,cust_003453,2024-09-08 08:11:15,not_as_described,629.71,2
ret_003041,txn_0036646,cust_001634,2024-09-30 09:31:02,too_large,128.13,24
ret_003042,txn_0036657,cust_002587,2024-09-25 10:34:28,too_large,73.54,19
ret_003043,txn_0036658,cust_003200,2024-09-16 10:50:41,no_longer_needed,6525.32,10
ret_003044,txn_0036682,cust_009579,2024-09-10 12:23:34,duplicate_order,58.48,4
ret_003045,txn_0036686,cust_003146,2024-09-24 12:56:39,arrived_late,55.4,18
ret_003046,txn_0036708,cust_000347,2024-09-18 14:57:57,duplicate_order,145.88,12
ret_003047,txn_0036712,cust_000698,2024-10-05 15:23:28,defective_product,520.31,29
ret_003048,txn_0036720,cust_001634,2024-09-30 16:29:43,too_large,127.03,24
ret_003049,txn_0036726,cust_001124,2024-10-02 17:31:54,changed_mind,53.38,26
ret_003050,txn_0036728,cust_004381,2024-10-05 17:41:01,changed_mind,64.18,29
ret_003051,txn_0036762,cust_001634,2024-09-09 20:43:28,too_small,21.08,3
ret_003052,txn_0036764,cust_006104,2024-09-18 20:56:44,changed_mind,109.59,12
ret_003053,txn_0036770,cust_001634,2024-09-27 21:26:17,too_small,51.86,21
ret_003054,txn_0036774,cust_001806,2024-09-21 22:10:28,no_longer_needed,84.43,15
ret_003055,txn_0036775,cust_002032,2024-10-03 22:12:37,arrived_late,96.32,27
ret_003056,txn_0036789,cust_002766,2024-09-30 00:23:28,defective_product,1290.47,23
ret_003057,txn_0036793,cust_005464,2024-09-18 02:33:05,not_as_described,4019.14,11
ret_003058,txn_0036797,cust_009244,2024-09-24 05:45:56,duplicate_order,124.66,17
ret_003059,txn_0036801,cust_001634,2024-10-02 07:08:31,too_large,31.87,25
ret_003060,txn_0036823,cust_009460,2024-09-25 09:34:21,too_small,11.58,18
ret_003061,txn_0036824,cust_001634,2024-09-16 09:36:47,no_longer_needed,20.15,9
ret_003062,txn_0036827,cust_001634,2024-09-23 09:50:50,duplicate_order,25.93,16
ret_003063,txn_0036845,cust_000536,2024-09-28 11:15:47,not_as_described,349.9,21
ret_003064,txn_0036853,cust_003677,2024-09-19 12:51:19,duplicate_order,251.15,12
ret_003065,txn_0036871,cust_008390,2024-09-19 14:05:12,defective_product,63.83,12
ret_003066,txn_0036876,cust_002118,2024-09-11 14:36:11,too_small,109.42,4
ret_003067,txn_0036884,cust_003012,2024-09-10 15:28:27,not_as_described,59.25,3
ret_003068,txn_0036892,cust_005995,2024-10-02 16:23:28,arrived_late,2302.26,25
ret_003069,txn_0036909,cust_006502,2024-09-16 18:06:15,not_as_described,876.0,9
ret_003070,txn_0036923,cust_009968,2024-09-21 20:02:13,too_large,208.35,14
ret_003071,txn_0036946,cust_001634,2024-09-30 21:57:02,too_large,20.21,23
ret_003072,txn_0036953,cust_001634,2024-09-12 23:40:51,too_small,218.65,5
ret_003073,txn_0036954,cust_000029,2024-09-27 01:23:28,not_as_described,3172.46,19
ret_003074,txn_0036957,cust_005071,2024-10-01 04:23:28,changed_mind,2895.59,23
ret_003075,txn_0036970,cust_002032,2024-09-15 08:40:17,defective_product,37.33,7
ret_003076,txn_0036971,cust_002072,2024-09-29 08:48:52,no_longer_needed,510.23,21
ret_003077,txn_0036979,cust_001634,2024-10-01 10:16:21,too_small,249.36,23
ret_003078,txn_0037011,cust_001634,2024-09-27 13:29:04,changed_mind,60.95,19
ret_003079,txn_0037031,cust_001634,2024-09-12 16:32:44,no_longer_needed,13.26,4
ret_003080,txn_0037034,cust_001634,2024-09-22 16:46:44,defective_product,28.95,14
ret_003081,txn_0037055,cust_000646,2024-09-24 19:16:30,wrong_item,124.91,16
ret_003082,txn_0037076,cust_001634,2024-09-11 20:46:00,not_as_described,51.11,3
ret_003083,txn_0037092,cust_009460,2024-09-23 23:09:52,changed_mind,120.76,15
ret_003084,txn_0037094,cust_002032,2024-09-19 23:17:21,no_longer_needed,48.2,11
ret_003085,txn_0037138,cust_008581,2024-10-03 12:45:59,duplicate_order,128.8,24
ret_003086,txn_0037147,cust_002569,2024-09-19 13:24:23,duplicate_order,170.2,10
ret_003087,txn_0037148,cust_003002,2024-10-07 13:54:47,changed_mind,33.04,28
ret_003088,txn_0037161,cust_001549,2024-10-07 14:48:54,changed_mind,43.24,28
ret_003089,txn_0037192,cust_003564,2024-09-18 18:18:02,wrong_item,409.46,9
ret_003090,txn_0037221,cust_001634,2024-09-17 20:59:05,better_price_found,39.55,8
ret_003091,txn_0037223,cust_001634,2024-09-16 21:05:14,changed_mind,97.64,7
ret_003092,txn_0037235,cust_002032,2024-10-06 22:18:20,arrived_late,50.28,27
ret_003093,txn_0037249,cust_009835,2024-09-25 08:11:27,defective_product,63.31,15
ret_003094,txn_0037253,cust_006698,2024-10-02 08:41:43,not_as_described,1126.64,22
ret_003095,txn_0037258,cust_001634,2024-09-19 09:11:23,not_as_described,139.02,9
ret_003096,txn_0037264,cust_001634,2024-09-17 10:16:49,too_large,101.79,7
ret_003097,txn_0037265,cust_008390,2024-10-07 10:22:09,better_price_found,19.72,27
ret_003098,txn_0037267,cust_001634,2024-09-18 10:22:54,not_as_described,119.49,8
ret_003099,txn_0037273,cust_000702,2024-09-20 10:50:32,arrived_late,25.78,10
ret_003100,txn_0037288,cust_001634,2024-10-09 11:41:48,duplicate_order,14.97,29
ret_003101,txn_0037289,cust_003297,2024-09-22 11:44:48,too_large,63.38,12
ret_003102,txn_0037307,cust_001634,2024-09-15 12:26:23,too_large,100.28,5
ret_003103,txn_0037317,cust_009460,2024-09-27 12:51:45,changed_mind,94.23,17
ret_003104,txn_0037322,cust_006643,2024-09-20 13:04:01,no_longer_needed,100.11,10
ret_003105,txn_0037329,cust_001634,2024-10-09 13:35:33,no_longer_needed,119.45,29
ret_003106,txn_0037331,cust_009460,2024-10-09 13:40:12,arrived_late,94.95,29
ret_003107,txn_0037378,cust_007406,2024-09-14 18:23:27,changed_mind,59.0,4
ret_003108,txn_0037412,cust_008168,2024-10-02 21:14:15,no_longer_needed,73.96,22
ret_003109,txn_0037432,cust_002032,2024-09-16 04:27:36,too_small,67.13,5
ret_003110,txn_0037473,cust_001634,2024-09-14 11:50:44,too_small,51.15,3
ret_003111,txn_0037482,cust_001634,2024-10-05 12:40:31,too_large,51.47,24
ret_003112,txn_0037495,cust_001634,2024-09-24 13:32:56,wrong_item,90.16,13
ret_003113,txn_0037497,cust_000702,2024-09-29 14:03:51,arrived_late,101.52,18
ret_003114,txn_0037505,cust_002261,2024-10-09 15:37:42,changed_mind,205.62,28
ret_003115,txn_0037522,cust_001634,2024-09-21 18:08:49,too_small,91.08,10
ret_003116,txn_0037539,cust_001634,2024-09-17 19:21:13,not_as_described,25.16,6
ret_003117,txn_0037553,cust_001634,2024-09-27 20:04:27,duplicate_order,13.66,16
ret_003118,txn_0037560,cust_002032,2024-10-05 21:15:47,no_longer_needed,68.48,24
ret_003119,txn_0037561,cust_005617,2024-09-20 21:16:00,changed_mind,31.81,9
ret_003120,txn_0037578,cust_001184,2024-09-15 03:22:44,changed_mind,17203.75,3
ret_003121,txn_0037592,cust_003681,2024-10-07 09:29:01,no_longer_needed,103.83,25
ret_003122,txn_0037602,cust_007266,2024-09-15 11:15:26,defective_product,116.32,3
ret_003123,txn_0037629,cust_002032,2024-10-01 12:56:56,too_small,35.41,19
ret_003124,txn_0037633,cust_008168,2024-10-07 13:28:38,wrong_item,48.65,25
ret_003125,txn_0037634,cust_009835,2024-09-23 13:31:33,arrived_late,20.03,11
ret_003126,txn_0037637,cust_001634,2024-10-10 13:38:30,not_as_described,24.39,28
ret_003127,txn_0037639,cust_001793,2024-09-15 13:44:30,better_price_found,1275.14,3
ret_003128,txn_0037656,cust_002032,2024-09-15 16:49:22,no_longer_needed,120.83,3
ret_003129,txn_0037672,cust_005617,2024-09-19 18:28:41,better_price_found,52.33,7
ret_003130,txn_0037687,cust_001634,2024-10-05 19:33:08,changed_mind,64.06,23
ret_003131,txn_0037699,cust_003012,2024-09-14 20:12:03,no_longer_needed,254.92,2
ret_003132,txn_0037705,cust_003568,2024-09-26 20:25:30,no_longer_needed,88.31,14
ret_003133,txn_0037712,cust_006373,2024-10-03 21:26:14,duplicate_order,37.81,21
ret_003134,txn_0037713,cust_001634,2024-10-04 21:30:44,not_as_described,66.51,22
ret_003135,txn_0037746,cust_001634,2024-09-29 09:19:37,better_price_found,43.42,16
ret_003136,txn_0037750,cust_001634,2024-10-10 10:03:17,wrong_item,126.98,27
ret_003137,txn_0037771,cust_002032,2024-10-01 11:58:41,too_small,24.78,18
ret_003138,txn_0037772,cust_001634,2024-10-04 12:00:10,defective_product,29.44,21
ret_003139,txn_0037774,cust_003012,2024-09-15 12:00:57,not_as_described,190.19,2
ret_003140,txn_0037777,cust_009460,2024-10-02 12:08:52,wrong_item,283.12,19
ret_003141,txn_0037784,cust_002723,2024-09-16 12:27:59,changed_mind,85.11,3
ret_003142,txn_0037793,cust_004381,2024-10-03 13:13:58,duplicate_order,25.59,20
ret_003143,txn_0037802,cust_001634,2024-09-29 14:19:45,defective_product,161.02,16
ret_003144,txn_0037808,cust_002032,2024-09-17 14:41:59,wrong_item,131.35,4
ret_003145,txn_0037836,cust_001634,2024-10-02 18:37:08,too_small,9.75,19
ret_003146,txn_0037842,cust_001634,2024-10-12 19:05:49,changed_mind,43.17,29
ret_003147,txn_0037847,cust_006284,2024-10-09 19:27:47,no_longer_needed,66.06,26
ret_003148,txn_0037849,cust_001634,2024-09-22 19:36:00,too_small,26.33,9
ret_003149,txn_0037853,cust_004455,2024-09-16 20:13:10,not_as_described,69.94,3
ret_003150,txn_0037889,cust_008656,2024-10-11 09:05:29,no_longer_needed,127.82,27
ret_003151,txn_0037897,cust_002618,2024-09-21 10:19:21,duplicate_order,241.69,7
ret_003152,txn_0037914,cust_001634,2024-10-03 12:19:41,better_price_found,130.69,19
ret_003153,txn_0037921,cust_001634,2024-09-21 12:34:11,arrived_late,59.17,7
ret_003154,txn_0037926,cust_006259,2024-09-19 12:49:11,wrong_item,49.13,5
ret_003155,txn_0037937,cust_005977,2024-10-13 13:27:25,no_longer_needed,29.09,29
ret_003156,txn_0037970,cust_008491,2024-10-02 17:43:01,wrong_item,249.05,18
ret_003157,txn_0037973,cust_001634,2024-10-01 18:03:28,defective_product,124.06,17
ret_003158,txn_0037985,cust_001931,2024-09-26 19:18:06,changed_mind,60.15,12
ret_003159,txn_0037997,cust_005312,2024-10-07 20:15:07,duplicate_order,22.61,23
ret_003160,txn_0038005,cust_001622,2024-09-21 20:50:29,too_small,240.88,7
ret_003161,txn_0038020,cust_009835,2024-10-03 22:20:08,better_price_found,74.29,19
ret_003162,txn_0038035,cust_009460,2024-09-21 07:23:39,better_price_found,42.25,6
ret_003163,txn_0038072,cust_003734,2024-10-12 12:07:23,defective_product,224.97,27
ret_003164,txn_0038080,cust_003664,2024-09-18 12:41:32,not_as_described,52.62,3
ret_003165,txn_0038083,cust_001634,2024-09-30 12:53:56,defective_product,84.2,15
ret_003166,txn_0038089,cust_007204,2024-09-18 14:09:18,better_price_found,159.56,3
ret_003167,txn_0038111,cust_000515,2024-10-08 17:34:55,no_longer_needed,110.94,23
ret_003168,txn_0038166,cust_001634,2024-09-28 06:16:09,wrong_item,48.29,12
ret_003169,txn_0038181,cust_000061,2024-10-11 08:39:32,duplicate_order,16.01,25
ret_003170,txn_0038184,cust_000857,2024-09-22 09:08:05,not_as_described,45.29,6
ret_003171,txn_0038206,cust_008168,2024-10-13 10:43:45,no_longer_needed,16.33,27
ret_003172,txn_0038208,cust_003844,2024-10-04 10:47:50,too_large,90.51,18
ret_003173,txn_0038212,cust_001634,2024-09-22 10:51:14,better_price_found,41.36,6
ret_003174,txn_0038243,cust_005703,2024-09-21 13:18:16,changed_mind,25.22,5
ret_003175,txn_0038286,cust_001634,2024-10-12 18:03:57,too_small,192.5,26
ret_003176,txn_0038316,cust_001634,2024-10-09 20:30:26,too_small,19.32,23
ret_003177,txn_0038323,cust_001634,2024-09-28 21:09:50,duplicate_order,21.95,12
ret_003178,txn_0038351,cust_001634,2024-09-20 07:50:15,changed_mind,98.1,3
ret_003179,txn_0038353,cust_001634,2024-10-03 08:05:41,wrong_item,24.84,16
ret_003180,txn_0038375,cust_001634,2024-10-13 10:58:58,defective_product,50.73,26
ret_003181,txn_0038408,cust_002032,2024-10-04 14:12:59,better_price_found,36.5,17
ret_003182,txn_0038434,cust_008671,2024-09-23 16:57:58,arrived_late,69.22,6
ret_003183,txn_0038465,cust_008244,2024-09-18 20:29:54,better_price_found,193.38,1
ret_003184,txn_0038467,cust_001634,2024-10-07 20:36:35,not_as_described,77.66,20
ret_003185,txn_0038471,cust_003594,2024-10-07 21:09:00,wrong_item,23.1,20
ret_003186,txn_0038479,cust_002800,2024-09-18 22:13:59,no_longer_needed,95.96,1
ret_003187,txn_0038485,cust_001634,2024-10-01 22:57:41,arrived_late,21.0,14
ret_003188,txn_0038490,cust_001634,2024-09-30 05:25:28,not_as_described,15.16,12
ret_003189,txn_0038496,cust_002529,2024-10-04 07:55:49,not_as_described,49.11,16
ret_003190,txn_0038510,cust_002032,2024-10-13 10:23:37,arrived_late,41.43,25
ret_003191,txn_0038535,cust_001634,2024-10-14 12:57:57,not_as_described,87.9,26
ret_003192,txn_0038583,cust_002032,2024-10-16 17:47:42,no_longer_needed,19.17,28
ret_003193,txn_0038607,cust_002032,2024-09-30 20:00:09,duplicate_order,47.39,12
ret_003194,txn_0038619,cust_001634,2024-09-21 20:44:23,wrong_item,100.72,3
ret_003195,txn_0038629,cust_008168,2024-09-30 21:40:13,arrived_late,194.85,12
ret_003196,txn_0038656,cust_009286,2024-09-22 08:01:31,too_large,22.48,3
ret_003197,txn_0038664,cust_001634,2024-09-29 09:18:54,too_large,58.23,10
ret_003198,txn_0038701,cust_004030,2024-10-09 13:14:18,wrong_item,159.15,20
ret_003199,txn_0038702,cust_006895,2024-09-20 13:19:13,changed_mind,158.36,1
ret_003200,txn_0038726,cust_001124,2024-09-26 15:12:18,not_as_described,70.93,7
ret_003201,txn_0038733,cust_002032,2024-10-09 16:04:08,no_longer_needed,49.17,20
ret_003202,txn_0038735,cust_002032,2024-09-29 16:28:54,arrived_late,94.36,10
ret_003203,txn_0038743,cust_003002,2024-10-13 17:16:42,too_small,155.49,24
ret_003204,txn_0038757,cust_001799,2024-10-12 17:57:36,changed_mind,35.96,23
ret_003205,txn_0038758,cust_001634,2024-09-28 18:07:25,changed_mind,13.24,9
ret_003206,txn_0038765,cust_001634,2024-09-30 18:35:13,arrived_late,343.02,11
ret_003207,txn_0038773,cust_001634,2024-10-14 19:16:50,too_large,109.93,25
ret_003208,txn_0038778,cust_001634,2024-10-05 19:36:22,duplicate_order,22.83,16
ret_003209,txn_0038792,cust_001634,2024-10-06 21:22:51,changed_mind,115.99,17
ret_003210,txn_0038797,cust_008503,2024-10-05 22:27:29,defective_product,32.89,16
ret_003211,txn_0038802,cust_009982,2024-09-30 22:52:42,defective_product,11.71,11
ret_003212,txn_0038804,cust_007368,2024-10-08 23:16:53,no_longer_needed,69.33,19
ret_003213,txn_0038809,cust_001634,2024-10-07 06:19:55,not_as_described,147.28,17
ret_003214,txn_0038811,cust_002032,2024-10-11 07:10:14,defective_product,36.88,21
ret_003215,txn_0038825,cust_004901,2024-10-08 10:37:51,wrong_item,26.53,18
ret_003216,txn_0038836,cust_001634,2024-10-05 11:55:23,no_longer_needed,106.11,15
ret_003217,txn_0038850,cust_008351,2024-10-17 13:32:26,not_as_described,33.24,27
ret_003218,txn_0038871,cust_005105,2024-09-30 16:51:06,too_small,138.17,10
ret_003219,txn_0038873,cust_001634,2024-10-18 16:59:10,too_large,170.06,28
ret_003220,txn_0038884,cust_001634,2024-10-08 17:53:02,changed_mind,19.32,18
ret_003221,txn_0038888,cust_008732,2024-09-21 18:11:50,not_as_described,207.01,1
ret_003222,txn_0038893,cust_005973,2024-10-05 18:49:11,arrived_late,602.17,15
ret_003223,txn_0038896,cust_008491,2024-10-14 19:12:23,changed_mind,44.62,24
ret_003224,txn_0038907,cust_000857,2024-10-15 20:33:02,duplicate_order,79.47,25
ret_003225,txn_0038929,cust_001634,2024-09-23 22:52:59,wrong_item,44.78,3
ret_003226,txn_0038934,cust_002032,2024-10-03 03:48:33,duplicate_order,44.46,12
ret_003227,txn_0038942,cust_002032,2024-10-02 07:50:13,changed_mind,77.64,11
ret_003228,txn_0038944,cust_001634,2024-10-14 08:28:15,not_as_described,279.16,23
ret_003229,txn_0038957,cust_001634,2024-10-17 10:33:22,duplicate_order,71.66,26
ret_003230,txn_0038991,cust_007477,2024-10-20 13:51:53,changed_mind,253.21,29
ret_003231,txn_0038998,cust_001634,2024-10-05 14:24:10,changed_mind,118.0,14
ret_003232,txn_0039000,cust_001659,2024-09-23 14:39:45,not_as_described,93.35,2
ret_003233,txn_0039025,cust_000450,2024-10-16 18:28:07,better_price_found,213.42,25
ret_003234,txn_0039060,cust_002032,2024-10-16 20:57:53,duplicate_order,13.03,25
ret_003235,txn_0039079,cust_002032,2024-10-08 22:40:22,changed_mind,70.03,17
ret_003236,txn_0039083,cust_007397,2024-10-05 00:42:01,wrong_item,1054.68,13
ret_003237,txn_0039087,cust_006641,2024-10-17 06:16:25,no_longer_needed,17.23,25
ret_003238,txn_0039095,cust_001634,2024-10-05 08:40:34,too_large,8.66,13
ret_003239,txn_0039117,cust_001634,2024-09-25 11:09:50,too_large,60.07,3
ret_003240,txn_0039134,cust_001634,2024-10-01 12:28:34,changed_mind,111.78,9
ret_003241,txn_0039155,cust_008928,2024-10-05 15:12:15,better_price_found,43.06,13
ret_003242,txn_0039182,cust_006988,2024-09-24 18:36:33,changed_mind,62.02,2
ret_003243,txn_0039205,cust_002032,2024-10-02 20:11:22,better_price_found,21.31,10
ret_003244,txn_0039219,cust_001609,2024-09-25 22:07:38,changed_mind,1.47,3
ret_003245,txn_0039220,cust_001609,2024-09-24 22:08:24,better_price_found,3.22,2
ret_003246,txn_0039224,cust_001609,2024-09-25 22:14:15,better_price_found,3.85,3
ret_003247,txn_0039242,cust_001634,2024-10-18 08:15:22,no_longer_needed,52.02,25
ret_003248,txn_0039250,cust_001634,2024-10-13 09:23:18,changed_mind,13.51,20
ret_003249,txn_0039300,cust_007181,2024-10-12 13:17:25,better_price_found,232.84,19
ret_003250,txn_0039309,cust_001634,2024-09-27 14:17:52,arrived_late,130.84,4
ret_003251,txn_0039319,cust_008063,2024-10-06 15:27:42,duplicate_order,239.88,13
ret_003252,txn_0039344,cust_000450,2024-10-02 18:04:29,too_large,70.01,9
ret_003253,txn_0039349,cust_002032,2024-10-02 18:38:02,changed_mind,66.78,9
ret_003254,txn_0039352,cust_009579,2024-10-02 18:44:28,wrong_item,72.53,9
ret_003255,txn_0039356,cust_003328,2024-10-08 19:06:29,wrong_item,15.08,15
ret_003256,txn_0039358,cust_001634,2024-10-08 19:14:45,not_as_described,23.7,15
ret_003257,txn_0039365,cust_003594,2024-10-20 19:45:07,changed_mind,25.67,27
ret_003258,txn_0039376,cust_001634,2024-10-04 20:58:39,too_large,231.03,11
ret_003259,txn_0039377,cust_001634,2024-10-15 20:59:16,changed_mind,161.68,22
ret_003260,txn_0039383,cust_001634,2024-10-18 21:23:46,better_price_found,27.12,25
ret_003261,txn_0039394,cust_003594,2024-10-16 23:27:02,no_longer_needed,35.54,23
ret_003262,txn_0039400,cust_007602,2024-10-19 02:29:04,too_small,1794.81,25
ret_003263,txn_0039412,cust_004690,2024-10-18 08:23:55,changed_mind,4.14,24
ret_003264,txn_0039428,cust_009460,2024-09-29 10:34:32,duplicate_order,74.71,5
ret_003265,txn_0039432,cust_000857,2024-10-10 11:13:53,not_as_described,89.48,16
ret_003266,txn_0039443,cust_001634,2024-10-06 12:09:16,no_longer_needed,93.57,12
ret_003267,txn_0039455,cust_001634,2024-10-11 13:08:01,arrived_late,35.55,17
ret_003268,txn_0039468,cust_007380,2024-10-17 14:39:43,duplicate_order,179.57,23
ret_003269,txn_0039474,cust_002118,2024-09-30 16:03:01,duplicate_order,59.47,6
ret_003270,txn_0039481,cust_006641,2024-10-09 16:54:23,no_longer_needed,21.76,15
ret_003271,txn_0039499,cust_003615,2024-09-26 18:56:05,changed_mind,235.69,2
ret_003272,txn_0039517,cust_001634,2024-10-11 19:57:02,changed_mind,68.97,17
ret_003273,txn_0039521,cust_001634,2024-10-02 20:07:11,wrong_item,25.08,8
ret_003274,txn_0039531,cust_001634,2024-10-12 21:01:09,changed_mind,12.91,18
ret_003275,txn_0039543,cust_001634,2024-10-09 21:57:36,changed_mind,64.94,15
ret_003276,txn_0039591,cust_001634,2024-10-16 10:06:21,too_small,81.3,21
ret_003277,txn_0039601,cust_005765,2024-10-22 11:27:33,defective_product,41.47,27
ret_003278,txn_0039626,cust_006291,2024-09-28 13:13:35,changed_mind,55.19,3
ret_003279,txn_0039630,cust_001634,2024-10-22 13:41:25,too_large,177.95,27
ret_003280,txn_0039653,cust_008390,2024-10-06 16:10:45,defective_product,52.3,11
ret_003281,txn_0039675,cust_007445,2024-10-16 18:42:49,too_small,182.22,21
ret_003282,txn_0039678,cust_001634,2024-10-05 18:58:35,better_price_found,8.9,10
ret_003283,txn_0039693,cust_002215,2024-10-10 20:20:27,no_longer_needed,79.0,15
ret_003284,txn_0039726,cust_002032,2024-09-30 23:56:01,defective_product,31.48,5
ret_003285,txn_0039733,cust_001634,2024-10-10 06:50:38,changed_mind,80.61,14
ret_003286,txn_0039744,cust_001634,2024-10-10 08:42:44,no_longer_needed,120.16,14
ret_003287,txn_0039759,cust_002032,2024-10-25 10:36:57,arrived_late,153.61,29
ret_003288,txn_0039786,cust_006741,2024-10-15 13:19:39,arrived_late,107.66,19
ret_003289,txn_0039806,cust_007599,2024-10-17 15:34:25,duplicate_order,81.51,21
ret_003290,txn_0039811,cust_007266,2024-10-09 16:31:07,not_as_described,27.9,13
ret_003291,txn_0039817,cust_006259,2024-10-16 17:57:04,better_price_found,137.36,20
ret_003292,txn_0039820,cust_001634,2024-10-23 18:15:01,not_as_described,85.01,27
ret_003293,txn_0039833,cust_003002,2024-10-25 20:09:13,defective_product,165.63,29
ret_003294,txn_0039849,cust_001634,2024-10-14 22:07:57,too_large,21.37,18
ret_003295,txn_0039861,cust_000630,2024-10-16 04:05:13,wrong_item,53.17,19
ret_003296,txn_0039873,cust_004109,2024-10-04 07:52:02,changed_mind,237.08,7
ret_003297,txn_0039891,cust_007297,2024-10-07 10:07:43,wrong_item,65.97,10
ret_003298,txn_0039908,cust_005124,2024-10-15 12:09:31,duplicate_order,36.57,18
ret_003299,txn_0039927,cust_007577,2024-10-12 14:41:47,too_small,90.86,15
ret_003300,txn_0039939,cust_005426,2024-10-03 16:53:27,too_large,93.35,6
ret_003301,txn_0039948,cust_009348,2024-10-18 17:50:01,arrived_late,37.84,21
ret_003302,txn_0039952,cust_001763,2024-10-04 18:04:35,no_longer_needed,317.87,7
ret_003303,txn_0039973,cust_005243,2024-10-15 19:33:35,arrived_late,10104.21,18
ret_003304,txn_0040011,cust_000239,2024-10-09 09:53:32,changed_mind,44.35,11
ret_003305,txn_0040020,cust_003166,2024-10-01 10:29:58,defective_product,47.61,3
ret_003306,txn_0040025,cust_008257,2024-10-24 10:50:17,wrong_item,130.33,26
ret_003307,txn_0040029,cust_001634,2024-10-18 11:26:29,defective_product,61.77,20
ret_003308,txn_0040034,cust_001634,2024-10-13 11:49:03,not_as_described,27.78,15
ret_003309,txn_0040055,cust_000857,2024-10-25 13:12:38,no_longer_needed,198.91,27
ret_003310,txn_0040056,cust_003594,2024-10-13 13:16:16,duplicate_order,88.9,15
ret_003311,txn_0040069,cust_000531,2024-10-17 14:51:03,too_small,83.41,19
ret_003312,txn_0040088,cust_006988,2024-10-02 17:52:22,changed_mind,9844.68,4
ret_003313,txn_0040106,cust_001634,2024-10-06 19:39:04,defective_product,22.43,8
ret_003314,txn_0040109,cust_003618,2024-10-26 20:16:38,too_small,2126.96,28
ret_003315,txn_0040113,cust_001634,2024-10-04 20:49:55,arrived_late,243.49,6
ret_003316,txn_0040125,cust_001634,2024-10-01 21:57:55,changed_mind,72.6,3
ret_003317,txn_0040141,cust_001634,2024-10-02 05:18:34,better_price_found,46.67,3
ret_003318,txn_0040145,cust_001634,2024-10-19 06:52:28,changed_mind,69.46,20
ret_003319,txn_0040155,cust_004352,2024-10-13 09:14:19,arrived_late,181.32,14
ret_003320,txn_0040188,cust_005783,2024-10-04 13:04:17,duplicate_order,287.23,5
ret_003321,txn_0040189,cust_008389,2024-10-10 13:04:52,better_price_found,172.95,11
ret_003322,txn_0040201,cust_004810,2024-10-12 14:45:59,better_price_found,214.17,13
ret_003323,txn_0040204,cust_001634,2024-10-12 14:52:57,no_longer_needed,58.36,13
ret_003324,txn_0040218,cust_001634,2024-10-02 16:24:38,too_small,58.17,3
ret_003325,txn_0040220,cust_001920,2024-10-16 16:43:46,duplicate_order,103.61,17
ret_003326,txn_0040223,cust_006483,2024-10-16 16:57:57,too_small,244.46,17
ret_003327,txn_0040228,cust_009129,2024-10-08 17:20:35,too_small,51.07,9
ret_003328,txn_0040229,cust_005870,2024-10-04 17:20:36,better_price_found,259.87,5
ret_003329,txn_0040249,cust_001634,2024-10-22 19:21:59,arrived_late,55.82,23
ret_003330,txn_0040267,cust_001218,2024-10-08 20:10:55,wrong_item,70.76,9
ret_003331,txn_0040275,cust_008200,2024-10-21 20:42:45,changed_mind,124.27,22
ret_003332,txn_0040286,cust_005703,2024-10-17 22:02:03,wrong_item,256.32,18
ret_003333,txn_0040303,cust_008928,2024-10-28 08:41:46,better_price_found,46.37,28
ret_003334,txn_0040331,cust_001634,2024-10-20 11:28:51,arrived_late,27.03,20
ret_003335,txn_0040335,cust_000488,2024-10-19 11:41:33,arrived_late,51.02,19
ret_003336,txn_0040346,cust_001634,2024-10-03 12:36:06,too_large,71.86,3
ret_003337,txn_0040350,cust_007628,2024-10-14 12:54:05,changed_mind,165.11,14
ret_003338,txn_0040353,cust_001634,2024-10-18 13:27:04,changed_mind,55.01,18
ret_003339,txn_0040354,cust_001715,2024-10-18 13:33:48,duplicate_order,76.29,18
ret_003340,txn_0040380,cust_003002,2024-10-21 18:03:00,wrong_item,61.33,21
ret_003341,txn_0040388,cust_001634,2024-10-26 18:30:18,too_large,12.9,26
ret_003342,txn_0040392,cust_002846,2024-10-29 18:49:59,wrong_item,39.96,29
ret_003343,txn_0040406,cust_001634,2024-10-23 20:11:49,too_small,33.82,23
ret_003344,txn_0040428,cust_002032,2024-10-12 23:07:39,changed_mind,91.45,12
ret_003345,txn_0040466,cust_005972,2024-10-09 11:36:32,not_as_described,12.63,8
ret_003346,txn_0040469,cust_001634,2024-10-12 11:55:08,arrived_late,139.54,11
ret_003347,txn_0040472,cust_005342,2024-10-14 12:20:07,better_price_found,1632.44,13
ret_003348,txn_0040478,cust_001634,2024-10-28 12:42:32,arrived_late,61.81,27
ret_003349,txn_0040516,cust_003734,2024-10-08 18:18:50,better_price_found,22.53,7
ret_003350,txn_0040527,cust_000857,2024-10-22 19:27:40,not_as_described,121.24,21
ret_003351,txn_0040535,cust_002032,2024-10-08 19:50:43,defective_product,87.81,7
ret_003352,txn_0040551,cust_008168,2024-10-11 21:56:51,not_as_described,34.09,10
ret_003353,txn_0040555,cust_001634,2024-10-05 22:06:01,wrong_item,93.71,4
ret_003354,txn_0040569,cust_009835,2024-10-05 07:45:44,too_small,36.9,3
ret_003355,txn_0040588,cust_006730,2024-10-18 10:57:11,defective_product,45.59,16
ret_003356,txn_0040590,cust_000753,2024-10-06 11:09:44,changed_mind,8878.57,4
ret_003357,txn_0040613,cust_000897,2024-10-04 13:26:04,changed_mind,52.27,2
ret_003358,txn_0040624,cust_008168,2024-10-18 15:10:29,wrong_item,33.77,16
ret_003359,txn_0040626,cust_002032,2024-10-28 15:35:59,better_price_found,423.56,26
ret_003360,txn_0040628,cust_009835,2024-10-24 15:57:12,too_large,91.49,22
ret_003361,txn_0040633,cust_001634,2024-10-07 16:23:21,wrong_item,61.71,5
ret_003362,txn_0040648,cust_006250,2024-10-18 18:19:43,wrong_item,58.87,16
ret_003363,txn_0040652,cust_000857,2024-10-17 18:42:28,too_small,25.68,15
ret_003364,txn_0040658,cust_000957,2024-10-05 19:28:37,no_longer_needed,346.43,3
ret_003365,txn_0040679,cust_000857,2024-10-07 21:38:57,defective_product,15.45,5
ret_003366,txn_0040680,cust_000531,2024-10-27 21:44:30,not_as_described,5.32,25
ret_003367,txn_0040682,cust_000057,2024-10-11 21:56:17,arrived_late,133.28,9
ret_003368,txn_0040690,cust_006659,2024-10-19 23:36:58,duplicate_order,82.12,17
ret_003369,txn_0040701,cust_001634,2024-10-13 07:29:32,too_small,75.69,10
ret_003370,txn_0040704,cust_001634,2024-10-06 07:36:16,too_large,179.89,3
ret_003371,txn_0040705,cust_001634,2024-10-22 07:38:02,too_small,32.28,19
ret_003372,txn_0040712,cust_001634,2024-10-26 08:45:23,too_small,64.52,23
ret_003373,txn_0040731,cust_002032,2024-10-16 10:23:12,no_longer_needed,98.71,13
ret_003374,txn_0040739,cust_002032,2024-10-26 10:59:55,duplicate_order,34.97,23
ret_003375,txn_0040746,cust_002711,2024-10-11 11:35:45,no_longer_needed,99.91,8
ret_003376,txn_0040748,cust_005389,2024-10-31 11:43:49,not_as_described,104.68,28
ret_003377,txn_0040751,cust_003474,2024-10-06 12:03:26,changed_mind,37.98,3
ret_003378,txn_0040781,cust_001634,2024-10-23 15:08:21,duplicate_order,38.46,20
ret_003379,txn_0040794,cust_008168,2024-10-20 17:24:37,duplicate_order,17.25,17
ret_003380,txn_0040806,cust_008920,2024-10-24 18:12:11,too_small,347.24,21
ret_003381,txn_0040809,cust_007066,2024-10-11 18:22:26,better_price_found,37.92,8
ret_003382,txn_0040819,cust_001634,2024-10-16 19:24:23,not_as_described,28.32,13
ret_003383,txn_0040822,cust_002032,2024-10-06 19:41:10,wrong_item,30.19,3
ret_003384,txn_0040828,cust_002118,2024-10-07 20:05:03,too_small,30.13,4
ret_003385,txn_0040846,cust_001634,2024-10-11 22:34:37,arrived_late,13.73,8
ret_003386,txn_0040848,cust_009320,2024-10-06 23:30:41,duplicate_order,61.11,3
ret_003387,txn_0040857,cust_001671,2024-10-11 06:25:58,arrived_late,14.08,7
ret_003388,txn_0040882,cust_007923,2024-10-15 10:07:08,arrived_late,165.99,11
ret_003389,txn_0040899,cust_002032,2024-10-09 11:30:54,wrong_item,66.27,5
ret_003390,txn_0040915,cust_001634,2024-10-28 12:31:51,better_price_found,25.8,24
ret_003391,txn_0040922,cust_001634,2024-10-13 13:02:42,no_longer_needed,82.63,9
ret_003392,txn_0040952,cust_001976,2024-10-07 17:18:05,changed_mind,30.95,3
ret_003393,txn_0040954,cust_001634,2024-10-31 17:22:55,defective_product,88.2,27
ret_003394,txn_0041004,cust_002032,2024-10-11 23:30:04,defective_product,39.99,7
ret_003395,txn_0041007,cust_001634,2024-10-30 03:36:34,too_small,20.69,25
ret_003396,txn_0041014,cust_002032,2024-10-22 07:36:38,duplicate_order,26.64,17
ret_003397,txn_0041027,cust_001634,2024-10-18 10:10:56,not_as_described,318.09,13
ret_003398,txn_0041033,cust_001634,2024-10-17 10:24:41,wrong_item,97.07,12
ret_003399,txn_0041034,cust_001634,2024-10-11 10:27:57,no_longer_needed,57.37,6
ret_003400,txn_0041042,cust_007593,2024-10-06 11:18:47,changed_mind,61.59,1
ret_003401,txn_0041043,cust_001634,2024-10-20 11:19:11,arrived_late,29.85,15
ret_003402,txn_0041054,cust_003594,2024-10-14 12:08:17,too_small,47.2,9
ret_003403,txn_0041062,cust_001634,2024-10-19 13:02:36,not_as_described,277.0,14
ret_003404,txn_0041067,cust_002032,2024-10-16 13:14:46,not_as_described,38.35,11
ret_003405,txn_0041105,cust_001634,2024-10-18 16:52:25,no_longer_needed,134.74,13
ret_003406,txn_0041162,cust_009835,2024-10-11 22:12:49,wrong_item,66.5,6
ret_003407,txn_0041165,cust_001634,2024-10-14 22:28:46,duplicate_order,91.1,9
ret_003408,txn_0041166,cust_001231,2024-11-01 22:53:50,not_as_described,77.42,27
ret_003409,txn_0041177,cust_001634,2024-10-21 08:25:29,duplicate_order,24.62,15
ret_003410,txn_0041185,cust_001634,2024-10-12 09:14:03,wrong_item,142.92,6
ret_003411,txn_0041192,cust_001634,2024-10-24 09:39:11,too_small,86.15,18
ret_003412,txn_0041228,cust_009328,2024-10-14 12:52:40,no_longer_needed,1479.99,8
ret_003413,txn_0041241,cust_001634,2024-10-16 14:57:52,wrong_item,27.55,10
ret_003414,txn_0041270,cust_008686,2024-10-28 18:21:29,wrong_item,43.9,22
ret_003415,txn_0041289,cust_003734,2024-11-03 20:53:06,too_large,49.41,28
ret_003416,txn_0041321,cust_003002,2024-11-05 07:14:03,better_price_found,115.51,29
ret_003417,txn_0041322,cust_001634,2024-10-20 07:19:55,not_as_described,20.51,13
ret_003418,txn_0041329,cust_003396,2024-10-26 07:37:14,wrong_item,3.52,19
ret_003419,txn_0041330,cust_003396,2024-10-17 07:37:54,too_large,1.64,10
ret_003420,txn_0041338,cust_001634,2024-11-04 08:53:13,not_as_described,141.13,28
ret_003421,txn_0041356,cust_007474,2024-10-28 10:30:43,no_longer_needed,225.41,21
ret_003422,txn_0041381,cust_002032,2024-11-03 13:03:11,duplicate_order,44.03,27
ret_003423,txn_0041388,cust_005529,2024-10-18 13:55:30,arrived_late,115.63,11
ret_003424,txn_0041393,cust_001634,2024-10-27 14:21:30,no_longer_needed,26.54,20
ret_003425,txn_0041412,cust_008911,2024-10-19 17:00:56,duplicate_order,55.37,12
ret_003426,txn_0041440,cust_001634,2024-10-19 19:40:27,wrong_item,29.24,12
ret_003427,txn_0041478,cust_003012,2024-10-11 07:38:05,better_price_found,33.77,3
ret_003428,txn_0041483,cust_000857,2024-11-03 08:14:31,wrong_item,10.85,26
ret_003429,txn_0041488,cust_002118,2024-10-12 09:39:47,arrived_late,51.6,4
ret_003430,txn_0041497,cust_001634,2024-10-24 10:23:24,defective_product,236.05,16
ret_003431,txn_0041507,cust_008491,2024-11-04 11:47:53,wrong_item,45.31,27
ret_003432,txn_0041515,cust_000857,2024-10-24 12:13:25,no_longer_needed,23.45,16
ret_003433,txn_0041520,cust_001634,2024-10-30 12:47:25,duplicate_order,337.11,22
ret_003434,txn_0041535,cust_002032,2024-11-06 15:35:51,changed_mind,39.02,29
ret_003435,txn_0041538,cust_001634,2024-10-25 15:53:36,too_large,75.94,17
ret_003436,txn_0041547,cust_003043,2024-10-17 16:50:34,changed_mind,122.58,9
ret_003437,txn_0041581,cust_001634,2024-11-06 20:04:05,not_as_described,26.22,29
ret_003438,txn_0041604,cust_001634,2024-11-04 22:14:11,too_large,38.57,27
ret_003439,txn_0041620,cust_007462,2024-10-16 08:26:12,arrived_late,205.4,7
ret_003440,txn_0041627,cust_002032,2024-10-21 09:07:51,wrong_item,84.6,12
ret_003441,txn_0041653,cust_009835,2024-10-16 12:00:48,changed_mind,105.43,7
ret_003442,txn_0041662,cust_001634,2024-10-20 12:36:39,changed_mind,46.0,11
ret_003443,txn_0041668,cust_003442,2024-10-23 13:17:22,better_price_found,57.61,14
ret_003444,txn_0041683,cust_004327,2024-11-07 14:32:40,no_longer_needed,40.2,29
ret_003445,txn_0041687,cust_002032,2024-11-04 14:50:28,changed_mind,18.73,26
ret_003446,txn_0041698,cust_001634,2024-10-28 16:19:13,no_longer_needed,69.16,19
ret_003447,txn_0041707,cust_002032,2024-10-20 17:20:00,arrived_late,122.12,11
ret_003448,txn_0041708,cust_008504,2024-10-25 17:21:02,too_small,23.64,16
ret_003449,txn_0041713,cust_003434,2024-11-03 17:35:00,no_longer_needed,9.83,25
ret_003450,txn_0041727,cust_008788,2024-10-13 18:31:51,better_price_found,29.46,4
ret_003451,txn_0041744,cust_001634,2024-10-22 20:24:26,no_longer_needed,118.22,13
ret_003452,txn_0041755,cust_002800,2024-10-12 21:48:44,better_price_found,45.34,3
ret_003453,txn_0041771,cust_002032,2024-11-04 06:49:53,no_longer_needed,19.92,25
ret_003454,txn_0041786,cust_001634,2024-10-29 09:22:00,better_price_found,67.94,19
ret_003455,txn_0041791,cust_008928,2024-10-18 09:45:55,duplicate_order,40.26,8
ret_003456,txn_0041797,cust_009835,2024-10-18 10:16:21,better_price_found,12.18,8
ret_003457,txn_0041808,cust_009460,2024-10-21 11:22:07,no_longer_needed,88.42,11
ret_003458,txn_0041818,cust_001634,2024-10-30 11:58:55,duplicate_order,184.25,20
ret_003459,txn_0041821,cust_009460,2024-10-25 12:05:23,better_price_found,54.78,15
ret_003460,txn_0041822,cust_004763,2024-11-04 12:08:13,duplicate_order,87.37,25
ret_003461,txn_0041833,cust_002032,2024-10-27 13:38:10,no_longer_needed,319.64,17
ret_003462,txn_0041847,cust_006839,2024-10-12 14:53:47,better_price_found,137.98,2
ret_003463,txn_0041850,cust_001634,2024-10-30 15:29:50,no_longer_needed,68.9,20
ret_003464,txn_0041860,cust_001634,2024-10-23 17:17:56,no_longer_needed,14.5,13
ret_003465,txn_0041862,cust_006070,2024-11-08 17:54:18,too_large,28.01,29
ret_003466,txn_0041865,cust_001634,2024-10-27 18:18:43,arrived_late,4.01,17
ret_003467,txn_0041866,cust_008136,2024-10-20 18:20:59,too_small,39.98,10
ret_003468,txn_0041875,cust_001634,2024-10-20 19:18:08,duplicate_order,58.25,10
ret_003469,txn_0041882,cust_001179,2024-10-12 19:50:17,better_price_found,246.23,2
ret_003470,txn_0041884,cust_001634,2024-10-31 20:01:08,no_longer_needed,71.29,21
ret_003471,txn_0041886,cust_001634,2024-10-26 20:14:38,duplicate_order,32.75,16
ret_003472,txn_0041895,cust_001634,2024-10-14 20:46:50,defective_product,71.6,4
ret_003473,txn_0041896,cust_005703,2024-10-13 20:50:37,arrived_late,49.59,3
ret_003474,txn_0041903,cust_001634,2024-10-22 21:42:20,no_longer_needed,62.21,12
ret_003475,txn_0041908,cust_008390,2024-11-03 22:09:58,duplicate_order,48.65,24
ret_003476,txn_0041915,cust_001634,2024-10-17 22:53:32,not_as_described,118.68,7
ret_003477,txn_0041917,cust_001634,2024-11-03 23:00:49,wrong_item,134.2,24
ret_003478,txn_0041918,cust_002647,2024-10-18 23:14:04,not_as_described,15.18,8
ret_003479,txn_0041920,cust_001634,2024-10-24 23:27:21,better_price_found,47.92,14
ret_003480,txn_0041937,cust_002032,2024-10-22 09:13:10,arrived_late,105.89,11
ret_003481,txn_0041939,cust_008870,2024-10-24 09:21:47,too_large,75.84,13
ret_003482,txn_0041942,cust_000092,2024-10-25 10:13:09,too_small,121.66,14
ret_003483,txn_0041959,cust_004648,2024-10-27 11:28:23,arrived_late,51.1,16
ret_003484,txn_0041990,cust_008168,2024-10-19 14:03:46,arrived_late,66.22,8
ret_003485,txn_0041998,cust_009835,2024-11-03 15:11:59,wrong_item,73.65,23
ret_003486,txn_0042017,cust_002032,2024-10-14 17:17:01,changed_mind,66.54,3
ret_003487,txn_0042039,cust_009460,2024-10-21 19:11:25,arrived_late,8.0,10
ret_003488,txn_0042043,cust_006416,2024-10-12 19:45:38,changed_mind,181.37,1
ret_003489,txn_0042049,cust_006895,2024-10-15 20:17:04,not_as_described,88.05,4
ret_003490,txn_0042051,cust_005971,2024-11-02 20:47:09,too_large,20.02,22
ret_003491,txn_0042058,cust_009955,2024-10-17 21:41:10,duplicate_order,61.98,6
ret_003492,txn_0042059,cust_001634,2024-10-27 21:55:37,arrived_late,71.2,16
ret_003493,txn_0042064,cust_005529,2024-10-27 22:08:55,too_small,12.03,16
ret_003494,txn_0042067,cust_001634,2024-10-19 22:22:10,changed_mind,32.7,8
ret_003495,txn_0042068,cust_001634,2024-11-06 23:04:39,too_small,50.19,26
ret_003496,txn_0042074,cust_007491,2024-10-23 03:15:31,not_as_described,854.02,11
ret_003497,txn_0042096,cust_000253,2024-10-23 09:01:24,not_as_described,116.13,11
ret_003498,txn_0042100,cust_007673,2024-10-16 09:26:10,wrong_item,56.9,4
ret_003499,txn_0042128,cust_007721,2024-10-29 12:04:55,defective_product,35.22,17
ret_003500,txn_0042133,cust_005958,2024-10-30 12:32:35,no_longer_needed,39.6,18
ret_003501,txn_0042147,cust_005460,2024-10-22 13:47:33,too_large,102.08,10
ret_003502,txn_0042153,cust_001634,2024-11-07 14:16:49,arrived_late,38.37,26
ret_003503,txn_0042163,cust_001634,2024-10-23 16:01:17,wrong_item,35.28,11
ret_003504,txn_0042215,cust_001634,2024-10-25 21:51:11,not_as_described,13.0,13
ret_003505,txn_0042222,cust_003002,2024-11-09 23:02:14,defective_product,109.15,28
ret_003506,txn_0042236,cust_005178,2024-10-17 04:18:45,too_large,2.65,4
ret_003507,txn_0042256,cust_004327,2024-10-24 09:49:37,changed_mind,83.21,11
ret_003508,txn_0042265,cust_001748,2024-11-08 10:28:07,wrong_item,22.96,26
ret_003509,txn_0042271,cust_002029,2024-11-09 10:50:40,better_price_found,51.53,27
ret_003510,txn_0042272,cust_001634,2024-10-22 11:05:58,arrived_late,73.8,9
ret_003511,txn_0042282,cust_000857,2024-11-02 12:37:30,not_as_described,50.07,20
ret_003512,txn_0042291,cust_001634,2024-10-28 13:23:15,wrong_item,30.05,15
ret_003513,txn_0042306,cust_000857,2024-10-29 15:32:50,changed_mind,69.2,16
ret_003514,txn_0042318,cust_001634,2024-10-22 16:40:26,no_longer_needed,34.81,9
ret_003515,txn_0042330,cust_001634,2024-11-05 18:03:15,duplicate_order,75.46,23
ret_003516,txn_0042356,cust_009579,2024-11-07 20:35:32,better_price_found,114.02,25
ret_003517,txn_0042365,cust_001634,2024-11-06 21:33:51,changed_mind,101.44,24
ret_003518,txn_0042384,cust_001634,2024-11-02 05:48:46,changed_mind,21.65,19
ret_003519,txn_0042431,cust_004757,2024-11-05 13:11:32,defective_product,23.29,22
ret_003520,txn_0042436,cust_009835,2024-11-12 13:31:44,too_large,138.45,29
ret_003521,txn_0042450,cust_005529,2024-10-31 15:53:34,defective_product,35.77,17
ret_003522,txn_0042456,cust_009787,2024-11-02 16:50:13,changed_mind,44.41,19
ret_003523,txn_0042464,cust_001634,2024-10-18 17:27:22,wrong_item,26.46,4
ret_003524,txn_0042500,cust_003002,2024-11-08 22:51:31,wrong_item,38.92,25
ret_003525,txn_0042513,cust_007628,2024-11-03 07:37:10,duplicate_order,95.65,19
ret_003526,txn_0042514,cust_004843,2024-10-25 07:38:43,changed_mind,46.3,10
ret_003527,txn_0042519,cust_002118,2024-11-09 08:53:12,better_price_found,68.77,25
ret_003528,txn_0042536,cust_001390,2024-11-04 10:17:02,changed_mind,74.12,20
ret_003529,txn_0042545,cust_001634,2024-11-01 11:08:03,not_as_described,27.68,17
ret_003530,txn_0042551,cust_003332,2024-10-18 11:29:05,no_longer_needed,103.34,3
ret_003531,txn_0042554,cust_008168,2024-10-20 12:11:04,arrived_late,29.74,5
ret_003532,txn_0042573,cust_000857,2024-11-04 14:03:12,better_price_found,14.53,20
ret_003533,txn_0042589,cust_008390,2024-10-28 16:25:32,no_longer_needed,39.3,13
ret_003534,txn_0042591,cust_001634,2024-11-05 16:32:04,no_longer_needed,106.03,21
ret_003535,txn_0042595,cust_001634,2024-11-12 17:21:09,too_small,24.79,28
ret_003536,txn_0042605,cust_001634,2024-10-30 19:10:03,better_price_found,45.68,15
ret_003537,txn_0042608,cust_009579,2024-11-11 19:40:14,too_small,22.91,27
ret_003538,txn_0042628,cust_009756,2024-11-07 21:59:57,better_price_found,51.26,23
ret_003539,txn_0042650,cust_002032,2024-11-11 09:13:06,not_as_described,40.18,26
ret_003540,txn_0042657,cust_001634,2024-10-22 09:46:02,too_small,97.53,6
ret_003541,txn_0042666,cust_001634,2024-11-04 10:42:12,too_small,78.19,19
ret_003542,txn_0042667,cust_004608,2024-11-05 10:42:41,better_price_found,95.58,20
ret_003543,txn_0042672,cust_001634,2024-10-20 10:59:39,changed_mind,78.46,4
ret_003544,txn_0042675,cust_001634,2024-11-02 11:18:31,not_as_described,184.33,17
ret_003545,txn_0042681,cust_001634,2024-10-19 11:34:22,arrived_late,94.95,3
ret_003546,txn_0042687,cust_002032,2024-11-08 12:15:24,arrived_late,6.61,23
ret_003547,txn_0042694,cust_002032,2024-11-11 12:48:51,too_small,27.4,26
ret_003548,txn_0042713,cust_000857,2024-10-26 15:08:15,too_large,114.62,10
ret_003549,txn_0042719,cust_008795,2024-10-20 15:54:01,changed_mind,100.06,4
ret_003550,txn_0042725,cust_001634,2024-11-14 16:26:00,changed_mind,226.97,29
ret_003551,txn_0042734,cust_004674,2024-10-26 18:09:37,wrong_item,31.76,10
ret_003552,txn_0042757,cust_001218,2024-11-08 20:32:08,changed_mind,22.54,23
ret_003553,txn_0042759,cust_004607,2024-10-17 20:47:08,changed_mind,41.86,1
ret_003554,txn_0042761,cust_001634,2024-11-06 21:16:41,too_small,56.39,21
ret_003555,txn_0042764,cust_002543,2024-10-19 21:30:18,no_longer_needed,283.3,3
ret_003556,txn_0042767,cust_001601,2024-11-13 21:34:19,too_large,48.86,28
ret_003557,txn_0042781,cust_002032,2024-11-08 07:14:18,wrong_item,36.49,22
ret_003558,txn_0042849,cust_001634,2024-11-02 14:50:29,changed_mind,29.13,16
ret_003559,txn_0042856,cust_002032,2024-10-21 15:18:11,arrived_late,100.7,4
ret_003560,txn_0042892,cust_002032,2024-11-02 19:53:22,no_longer_needed,52.98,16
ret_003561,txn_0042899,cust_002800,2024-10-20 20:40:29,not_as_described,52.31,3
ret_003562,txn_0042929,cust_007204,2024-10-21 01:43:19,not_as_described,4103.02,3
ret_003563,txn_0042936,cust_009835,2024-11-07 06:12:06,changed_mind,218.63,20
ret_003564,txn_0042950,cust_009460,2024-11-11 08:48:29,too_small,54.61,24
ret_003565,txn_0042951,cust_001634,2024-11-15 08:57:34,too_large,72.94,28
ret_003566,txn_0042966,cust_003002,2024-11-02 11:05:29,wrong_item,27.17,15
ret_003567,txn_0042990,cust_009788,2024-10-25 13:46:32,duplicate_order,83.53,7
ret_003568,txn_0043003,cust_003594,2024-11-08 15:15:08,not_as_described,37.93,21
ret_003569,txn_0043015,cust_001634,2024-11-15 16:51:55,wrong_item,11.72,28
ret_003570,txn_0043017,cust_000531,2024-11-16 17:09:19,too_small,58.92,29
ret_003571,txn_0043018,cust_001634,2024-11-06 17:09:45,too_large,96.19,19
ret_003572,txn_0043067,cust_000188,2024-11-04 22:16:48,too_large,202.32,17
ret_003573,txn_0043071,cust_001634,2024-11-01 23:21:51,no_longer_needed,92.64,14
ret_003574,txn_0043078,cust_001634,2024-11-09 07:35:30,not_as_described,96.67,21
ret_003575,txn_0043133,cust_001634,2024-11-05 13:09:12,no_longer_needed,87.22,17
ret_003576,txn_0043167,cust_001634,2024-10-31 16:54:22,defective_product,73.39,12
ret_003577,txn_0043171,cust_008168,2024-11-12 17:04:16,too_large,34.16,24
ret_003578,txn_0043173,cust_000857,2024-11-14 17:20:20,no_longer_needed,25.41,26
ret_003579,txn_0043175,cust_001634,2024-10-26 17:43:03,too_small,94.74,7
ret_003580,txn_0043193,cust_001634,2024-10-23 19:19:21,arrived_late,54.92,4
ret_003581,txn_0043205,cust_009835,2024-10-29 20:43:20,not_as_described,11.15,10
ret_003582,txn_0043207,cust_006823,2024-11-08 20:52:22,duplicate_order,82.1,20
ret_003583,txn_0043221,cust_001634,2024-11-07 23:34:25,better_price_found,50.56,19
ret_003584,txn_0043223,cust_001634,2024-11-10 23:51:19,wrong_item,274.92,22
ret_003585,txn_0043244,cust_009460,2024-10-24 09:53:37,better_price_found,53.21,4
ret_003586,txn_0043245,cust_002032,2024-10-28 10:00:56,too_large,18.86,8
ret_003587,txn_0043249,cust_008168,2024-10-25 10:36:37,no_longer_needed,49.85,5
ret_003588,txn_0043259,cust_009751,2024-11-15 11:30:55,too_large,38.28,26
ret_003589,txn_0043260,cust_005617,2024-10-27 11:55:39,changed_mind,34.47,7
ret_003590,txn_0043265,cust_002032,2024-10-25 12:06:03,better_price_found,166.9,5
ret_003591,txn_0043275,cust_001634,2024-11-07 12:43:10,wrong_item,46.12,18
ret_003592,txn_0043337,cust_002804,2024-11-05 19:12:10,too_large,38.14,16
ret_003593,txn_0043340,cust_001634,2024-11-11 19:21:52,better_price_found,62.82,22
ret_003594,txn_0043364,cust_002245,2024-10-23 21:38:36,changed_mind,100.77,3
ret_003595,txn_0043396,cust_002032,2024-11-12 09:42:24,too_large,89.07,22
ret_003596,txn_0043413,cust_001634,2024-10-29 12:25:36,arrived_late,27.24,8
ret_003597,txn_0043422,cust_001634,2024-11-07 13:19:17,no_longer_needed,75.45,17
ret_003598,txn_0043437,cust_008327,2024-11-05 15:06:38,changed_mind,30.15,15
ret_003599,txn_0043438,cust_003436,2024-11-06 15:19:56,wrong_item,293.39,16
ret_003600,txn_0043449,cust_002700,2024-11-09 16:30:11,too_small,100.17,19
ret_003601,txn_0043450,cust_000857,2024-11-02 16:39:29,changed_mind,46.58,12
ret_003602,txn_0043460,cust_008390,2024-10-28 17:33:28,duplicate_order,87.97,7
ret_003603,txn_0043492,cust_001634,2024-11-05 20:29:28,wrong_item,14.51,15
ret_003604,txn_0043501,cust_009435,2024-11-09 21:15:27,defective_product,144.27,19
ret_003605,txn_0043517,cust_001634,2024-11-03 22:40:13,defective_product,163.69,13
ret_003606,txn_0043542,cust_006641,2024-11-09 09:15:51,changed_mind,48.92,18
ret_003607,txn_0043554,cust_001634,2024-11-07 10:27:06,too_large,33.12,16
ret_003608,txn_0043564,cust_000857,2024-11-01 10:57:03,no_longer_needed,18.72,10
ret_003609,txn_0043572,cust_005971,2024-10-27 11:19:05,duplicate_order,72.13,5
ret_003610,txn_0043584,cust_001634,2024-10-30 12:53:06,no_longer_needed,18.19,8
ret_003611,txn_0043587,cust_006338,2024-10-31 13:20:41,no_longer_needed,112.29,9
ret_003612,txn_0043595,cust_006355,2024-11-19 13:51:44,too_large,20056.36,28
ret_003613,txn_0043596,cust_001634,2024-11-08 13:52:59,changed_mind,37.06,17
ret_003614,txn_0043601,cust_001634,2024-11-08 14:17:37,better_price_found,58.57,17
ret_003615,txn_0043606,cust_001634,2024-11-05 14:52:14,too_large,113.03,14
ret_003616,txn_0043624,cust_001634,2024-11-06 17:54:50,defective_product,27.07,15
ret_003617,txn_0043628,cust_002032,2024-11-10 18:16:46,better_price_found,30.86,19
ret_003618,txn_0043635,cust_000857,2024-11-01 18:38:02,duplicate_order,94.1,10
ret_003619,txn_0043644,cust_001634,2024-11-14 19:29:44,too_large,19.88,23
ret_003620,txn_0043646,cust_009207,2024-10-25 19:35:18,too_large,38.06,3
ret_003621,txn_0043659,cust_007219,2024-10-23 20:39:42,no_longer_needed,146.14,1
ret_003622,txn_0043714,cust_000857,2024-10-26 10:24:55,too_large,43.03,3
ret_003623,txn_0043727,cust_006192,2024-11-17 11:25:42,better_price_found,29.3,25
ret_003624,txn_0043742,cust_001634,2024-10-30 12:56:40,better_price_found,134.12,7
ret_003625,txn_0043746,cust_003456,2024-11-18 13:32:04,not_as_described,56.85,26
ret_003626,txn_0043768,cust_001634,2024-11-17 16:22:42,arrived_late,215.13,25
ret_003627,txn_0043774,cust_008136,2024-11-19 17:26:54,better_price_found,38.26,27
ret_003628,txn_0043779,cust_005705,2024-10-25 18:32:01,changed_mind,9318.42,2
ret_003629,txn_0043786,cust_001634,2024-11-15 19:08:16,better_price_found,36.85,23
ret_003630,txn_0043793,cust_002032,2024-11-12 20:05:11,wrong_item,361.06,20
ret_003631,txn_0043825,cust_002032,2024-10-30 22:44:26,duplicate_order,39.11,7
ret_003632,txn_0043848,cust_002118,2024-10-29 09:10:06,changed_mind,50.85,5
ret_003633,txn_0043851,cust_001794,2024-11-05 09:25:55,better_price_found,124.07,12
ret_003634,txn_0043869,cust_009788,2024-10-31 11:22:10,changed_mind,326.67,7
ret_003635,txn_0043878,cust_001006,2024-10-30 12:12:21,arrived_late,66.89,6
ret_003636,txn_0043883,cust_001634,2024-11-21 12:29:04,better_price_found,71.2,28
ret_003637,txn_0043894,cust_001634,2024-11-20 13:33:19,better_price_found,24.32,27
ret_003638,txn_0043897,cust_001634,2024-11-17 14:10:13,wrong_item,51.72,24
ret_003639,txn_0043908,cust_001634,2024-11-05 15:24:54,too_small,38.22,12
ret_003640,txn_0043939,cust_008122,2024-10-28 20:05:55,defective_product,7510.67,4
ret_003641,txn_0043950,cust_001104,2024-11-16 21:00:05,arrived_late,28.15,23
ret_003642,txn_0043961,cust_001634,2024-11-04 21:37:14,no_longer_needed,68.03,11
ret_003643,txn_0043963,cust_001634,2024-11-01 21:46:57,arrived_late,517.12,8
ret_003644,txn_0043968,cust_001634,2024-11-22 23:25:30,no_longer_needed,33.66,29
ret_003645,txn_0043989,cust_008168,2024-11-03 09:36:16,not_as_described,142.76,9
ret_003646,txn_0043996,cust_003442,2024-11-10 10:07:56,wrong_item,43.32,16
ret_003647,txn_0044023,cust_001634,2024-10-31 12:18:24,wrong_item,28.58,6
ret_003648,txn_0044029,cust_008074,2024-11-08 13:25:07,too_large,133.49,14
ret_003649,txn_0044040,cust_000857,2024-11-22 15:11:52,wrong_item,452.66,28
ret_003650,txn_0044041,cust_001634,2024-11-18 15:28:26,duplicate_order,86.12,24
ret_003651,txn_0044064,cust_000857,2024-11-07 18:10:42,duplicate_order,412.03,13
ret_003652,txn_0044066,cust_002032,2024-11-02 18:38:05,arrived_late,47.32,8
ret_003653,txn_0044077,cust_001634,2024-11-09 19:23:15,not_as_described,19.6,15
ret_003654,txn_0044080,cust_001634,2024-10-29 19:26:07,not_as_described,15.62,4
ret_003655,txn_0044088,cust_009977,2024-11-01 19:58:05,duplicate_order,117.18,7
ret_003656,txn_0044099,cust_009579,2024-11-05 20:51:21,wrong_item,137.94,11
ret_003657,txn_0044103,cust_000206,2024-10-31 21:15:22,wrong_item,133.08,6
ret_003658,txn_0044118,cust_001125,2024-11-02 02:19:40,duplicate_order,59.11,7
ret_003659,txn_0044124,cust_008714,2024-11-04 07:29:03,defective_product,17.6,9
ret_003660,txn_0044132,cust_002032,2024-11-16 08:42:48,duplicate_order,117.99,21
ret_003661,txn_0044142,cust_008136,2024-11-07 10:04:22,defective_product,22.44,12
ret_003662,txn_0044146,cust_001634,2024-11-03 10:17:24,no_longer_needed,29.35,8
ret_003663,txn_0044147,cust_001634,2024-11-06 10:19:11,too_large,133.61,11
ret_003664,txn_0044153,cust_001634,2024-11-13 10:50:50,duplicate_order,66.48,18
ret_003665,txn_0044158,cust_003261,2024-10-27 11:30:59,better_price_found,78.68,1
ret_003666,txn_0044161,cust_001634,2024-11-20 11:35:30,not_as_described,470.93,25
ret_003667,txn_0044165,cust_001634,2024-11-19 12:37:15,too_large,96.56,24
ret_003668,txn_0044168,cust_001634,2024-11-15 12:55:31,changed_mind,30.35,20
ret_003669,txn_0044177,cust_002032,2024-11-04 13:37:01,changed_mind,32.66,9
ret_003670,txn_0044203,cust_001634,2024-10-31 16:52:06,duplicate_order,116.38,5
ret_003671,txn_0044205,cust_006455,2024-11-14 17:49:02,no_longer_needed,28.47,19
ret_003672,txn_0044212,cust_008531,2024-11-13 18:22:55,not_as_described,98.7,18
ret_003673,txn_0044213,cust_001634,2024-11-11 18:30:29,not_as_described,128.62,16
ret_003674,txn_0044268,cust_001634,2024-10-31 09:25:27,defective_product,13.5,4
ret_003675,txn_0044305,cust_000857,2024-11-18 13:00:27,no_longer_needed,36.42,22
ret_003676,txn_0044333,cust_003594,2024-11-20 15:46:33,wrong_item,32.68,24
ret_003677,txn_0044341,cust_001634,2024-11-06 17:07:09,arrived_late,51.67,10
ret_003678,txn_0044349,cust_002032,2024-11-11 18:34:18,duplicate_order,643.55,15
ret_003679,txn_0044363,cust_001634,2024-11-08 20:00:09,no_longer_needed,26.15,12
ret_003680,txn_0044381,cust_005617,2024-11-24 22:34:08,no_longer_needed,31.09,28
ret_003681,txn_0044466,cust_001634,2024-11-04 16:53:39,no_longer_needed,96.23,7
ret_003682,txn_0044467,cust_002032,2024-11-21 17:11:16,arrived_late,109.95,24
ret_003683,txn_0044517,cust_000857,2024-11-17 07:11:07,no_longer_needed,46.43,19
ret_003684,txn_0044540,cust_002032,2024-11-25 10:35:44,defective_product,57.11,27
ret_003685,txn_0044543,cust_008024,2024-11-23 10:53:52,not_as_described,19.77,25
ret_003686,txn_0044547,cust_001634,2024-11-05 11:02:58,too_small,92.0,7
ret_003687,txn_0044552,cust_009460,2024-11-01 11:38:34,changed_mind,15.96,3
ret_003688,txn_0044562,cust_001634,2024-11-01 12:56:24,wrong_item,124.53,3
ret_003689,txn_0044590,cust_005703,2024-11-05 17:08:42,better_price_found,18.16,7
ret_003690,txn_0044592,cust_000144,2024-11-18 17:25:24,not_as_described,176.3,20
ret_003691,txn_0044595,cust_007298,2024-11-02 17:42:44,duplicate_order,122.9,4
ret_003692,txn_0044628,cust_001634,2024-11-21 20:01:12,too_small,43.83,23
ret_003693,txn_0044648,cust_002032,2024-11-19 21:56:29,too_small,58.61,21
ret_003694,txn_0044656,cust_001634,2024-11-11 23:33:30,duplicate_order,47.54,13
ret_003695,txn_0044664,cust_008847,2024-11-13 06:28:55,arrived_late,61.59,14
ret_003696,txn_0044668,cust_001634,2024-11-15 07:26:11,defective_product,32.46,16
ret_003697,txn_0044675,cust_001634,2024-11-09 09:34:50,arrived_late,25.2,10
ret_003698,txn_0044681,cust_008390,2024-11-02 10:31:46,changed_mind,44.23,3
ret_003699,txn_0044698,cust_001634,2024-11-24 11:34:11,not_as_described,39.84,25
ret_003700,txn_0044701,cust_006373,2024-11-09 11:52:00,too_large,16.25,10
ret_003701,txn_0044702,cust_009990,2024-11-03 11:58:22,changed_mind,134.13,4
ret_003702,txn_0044706,cust_002915,2024-11-12 12:10:07,arrived_late,129.96,13
ret_003703,txn_0044707,cust_001634,2024-11-16 12:12:24,no_longer_needed,19.82,17
ret_003704,txn_0044712,cust_001634,2024-11-10 12:52:51,too_small,74.23,11
ret_003705,txn_0044789,cust_000857,2024-11-26 21:17:37,defective_product,209.28,27
ret_003706,txn_0044806,cust_006067,2024-11-02 23:33:56,changed_mind,78.99,3
ret_003707,txn_0044807,cust_002032,2024-11-21 23:48:33,too_small,44.17,22
ret_003708,txn_0044818,cust_002327,2024-11-01 08:34:39,not_as_described,69.31,1
ret_003709,txn_0044855,cust_005529,2024-11-12 12:44:36,better_price_found,60.22,12
ret_003710,txn_0044873,cust_001634,2024-11-21 14:15:10,duplicate_order,23.13,21
ret_003711,txn_0044890,cust_001634,2024-11-11 16:12:17,better_price_found,133.78,11
ret_003712,txn_0044920,cust_001634,2024-11-28 19:49:33,arrived_late,263.13,28
ret_003713,txn_0044935,cust_008709,2024-11-27 20:49:54,wrong_item,220.59,27
ret_003714,txn_0044956,cust_005691,2024-11-20 08:13:14,arrived_late,108.57,19
ret_003715,txn_0044963,cust_002032,2024-11-18 09:33:30,no_longer_needed,60.76,17
ret_003716,txn_0044967,cust_005253,2024-11-14 10:09:23,changed_mind,71.68,13
ret_003717,txn_0044971,cust_001634,2024-11-18 10:47:29,duplicate_order,45.16,17
ret_003718,txn_0044975,cust_005529,2024-11-06 11:06:07,not_as_described,205.31,5
ret_003719,txn_0045013,cust_001416,2024-11-09 15:29:49,too_large,128.15,8
ret_003720,txn_0045047,cust_001634,2024-11-28 19:45:06,defective_product,17.22,27
ret_003721,txn_0045056,cust_009922,2024-11-02 20:28:57,better_price_found,91.23,1
ret_003722,txn_0045063,cust_007516,2024-11-05 21:33:12,not_as_described,139.15,4
ret_003723,txn_0045076,cust_000266,2024-11-11 23:54:46,not_as_described,68.97,10
ret_003724,txn_0045094,cust_001277,2024-11-25 09:12:20,better_price_found,23.44,23
ret_003725,txn_0045098,cust_008168,2024-11-25 10:14:43,defective_product,36.61,23
ret_003726,txn_0045111,cust_006207,2024-11-13 11:33:37,too_large,280.05,11
ret_003727,txn_0045123,cust_001634,2024-11-21 12:16:28,better_price_found,45.01,19
ret_003728,txn_0045142,cust_002533,2024-11-22 13:44:22,duplicate_order,119.61,20
ret_003729,txn_0045184,cust_002032,2024-12-01 19:57:02,no_longer_needed,87.11,29
ret_003730,txn_0045196,cust_000275,2024-11-16 21:03:59,duplicate_order,121.54,14
ret_003731,txn_0045200,cust_001634,2024-11-15 21:34:18,arrived_late,19.82,13
ret_003732,txn_0045201,cust_000857,2024-11-21 21:48:07,too_large,1049.24,19
ret_003733,txn_0045212,cust_001634,2024-11-25 23:05:42,too_small,34.87,23
ret_003734,txn_0045216,cust_003547,2024-11-05 23:42:23,better_price_found,3423.82,3
ret_003735,txn_0045224,cust_007461,2024-11-04 07:12:59,no_longer_needed,1637.55,1
ret_003736,txn_0045239,cust_001634,2024-11-10 09:28:52,wrong_item,48.79,7
ret_003737,txn_0045242,cust_001634,2024-11-27 09:37:07,wrong_item,52.86,24
ret_003738,txn_0045243,cust_001634,2024-11-28 10:04:44,too_small,266.07,25
ret_003739,txn_0045264,cust_006110,2024-11-12 12:32:28,too_small,68.67,9
ret_003740,txn_0045266,cust_008832,2024-11-27 12:45:43,too_small,395.66,24
ret_003741,txn_0045280,cust_001634,2024-12-02 13:52:46,changed_mind,38.45,29
ret_003742,txn_0045283,cust_000857,2024-11-06 14:12:56,better_price_found,16.28,3
ret_003743,txn_0045288,cust_002304,2024-11-12 14:49:35,defective_product,46.74,9
ret_003744,txn_0045296,cust_003406,2024-11-28 15:25:10,wrong_item,1.24,25
ret_003745,txn_0045299,cust_003406,2024-11-15 15:29:19,arrived_late,2.42,12
ret_003746,txn_0045326,cust_002032,2024-11-12 18:44:19,defective_product,73.61,9
ret_003747,txn_0045351,cust_002032,2024-11-28 20:40:02,wrong_item,129.32,25
ret_003748,txn_0045353,cust_001416,2024-11-23 21:10:52,wrong_item,107.28,20
ret_003749,txn_0045354,cust_000126,2024-11-16 21:23:52,wrong_item,75.94,13
ret_003750,txn_0045360,cust_004878,2024-11-16 21:57:15,better_price_found,58.2,13
ret_003751,txn_0045372,cust_001634,2024-12-01 23:13:02,better_price_found,49.07,28
ret_003752,txn_0045381,cust_005516,2024-11-09 06:40:06,not_as_described,151.15,5
ret_003753,txn_0045383,cust_002032,2024-11-29 07:15:28,changed_mind,20.27,25
ret_003754,txn_0045389,cust_006641,2024-11-30 08:39:43,better_price_found,333.93,26
ret_003755,txn_0045390,cust_008168,2024-11-14 08:40:17,too_large,46.62,10
ret_003756,txn_0045427,cust_001634,2024-11-11 12:37:00,too_small,46.79,7
ret_003757,txn_0045431,cust_003012,2024-11-07 12:43:25,no_longer_needed,37.37,3
ret_003758,txn_0045441,cust_001634,2024-11-22 13:34:25,no_longer_needed,130.81,18
ret_003759,txn_0045464,cust_005458,2024-11-18 15:15:58,duplicate_order,180.01,14
ret_003760,txn_0045481,cust_001634,2024-11-19 17:43:31,arrived_late,31.28,15
ret_003761,txn_0045499,cust_001634,2024-11-12 19:27:38,too_large,31.79,8
ret_003762,txn_0045503,cust_008548,2024-11-18 19:42:59,not_as_described,205.79,14
ret_003763,txn_0045529,cust_006895,2024-11-06 22:25:21,better_price_found,67.95,2
ret_003764,txn_0045553,cust_001634,2024-11-08 09:08:21,duplicate_order,15.8,3
ret_003765,txn_0045556,cust_002317,2024-12-02 09:25:47,better_price_found,61.32,27
ret_003766,txn_0045564,cust_002032,2024-11-12 10:41:03,too_large,27.21,7
ret_003767,txn_0045579,cust_005918,2024-11-24 11:47:42,better_price_found,213.97,19
ret_003768,txn_0045580,cust_002800,2024-11-06 11:50:15,no_longer_needed,71.84,1
ret_003769,txn_0045592,cust_001634,2024-11-28 12:42:38,defective_product,90.27,23
ret_003770,txn_0045594,cust_003467,2024-11-19 12:45:18,wrong_item,292.28,14
ret_003771,txn_0045606,cust_001648,2024-11-10 14:20:20,too_large,17.08,5
ret_003772,txn_0045640,cust_001634,2024-11-26 18:09:29,changed_mind,31.44,21
ret_003773,txn_0045642,cust_002625,2024-11-13 18:16:55,better_price_found,463.61,8
ret_003774,txn_0045643,cust_001634,2024-11-27 18:17:10,defective_product,67.36,22
ret_003775,txn_0045644,cust_006901,2024-11-24 18:28:28,arrived_late,26.53,19
ret_003776,txn_0045645,cust_001634,2024-11-11 18:32:48,changed_mind,75.15,6
ret_003777,txn_0045646,cust_006215,2024-11-06 18:35:44,no_longer_needed,384.73,1
ret_003778,txn_0045648,cust_001634,2024-11-29 18:37:46,defective_product,11.93,24
ret_003779,txn_0045654,cust_001634,2024-11-16 19:10:53,better_price_found,16.56,11
ret_003780,txn_0045655,cust_001634,2024-11-24 19:13:15,defective_product,64.38,19
ret_003781,txn_0045675,cust_001634,2024-11-08 20:02:35,changed_mind,165.96,3
ret_003782,txn_0045676,cust_002032,2024-11-13 20:10:25,duplicate_order,59.51,8
ret_003783,txn_0045680,cust_006640,2024-11-24 20:12:42,too_large,297.94,19
ret_003784,txn_0045694,cust_005762,2024-11-19 21:47:19,changed_mind,80.99,14
ret_003785,txn_0045699,cust_001634,2024-11-30 23:39:53,too_large,43.0,25
ret_003786,txn_0045704,cust_001634,2024-11-11 06:00:01,no_longer_needed,45.93,5
ret_003787,txn_0045707,cust_006373,2024-11-27 07:29:20,defective_product,27.79,21
ret_003788,txn_0045714,cust_000857,2024-11-15 08:33:08,defective_product,50.28,9
ret_003789,txn_0045726,cust_005546,2024-11-08 09:23:35,no_longer_needed,183.52,2
ret_003790,txn_0045729,cust_003002,2024-12-02 09:46:01,not_as_described,59.91,26
ret_003791,txn_0045754,cust_005013,2024-11-10 14:41:59,changed_mind,86.07,4
ret_003792,txn_0045757,cust_001634,2024-12-04 14:53:02,changed_mind,20.09,28
ret_003793,txn_0045758,cust_002426,2024-11-16 15:07:03,better_price_found,20.96,10
ret_003794,txn_0045768,cust_001634,2024-11-21 16:29:17,too_large,259.14,15
ret_003795,txn_0045787,cust_001588,2024-11-10 19:21:39,changed_mind,193.41,4
ret_003796,txn_0045801,cust_009579,2024-11-29 20:20:45,arrived_late,285.11,23
ret_003797,txn_0045809,cust_009579,2024-12-04 21:06:03,too_large,24.19,28
ret_003798,txn_0045828,cust_000139,2024-12-01 06:42:59,defective_product,179.49,24
ret_003799,txn_0045850,cust_001634,2024-11-15 10:57:38,changed_mind,61.04,8
ret_003800,txn_0045863,cust_001634,2024-11-27 12:17:34,no_longer_needed,15.28,20
ret_003801,txn_0045867,cust_001634,2024-11-15 12:39:06,changed_mind,50.23,8
ret_003802,txn_0045872,cust_001634,2024-12-03 13:05:11,changed_mind,28.58,26
ret_003803,txn_0045905,cust_000947,2024-11-19 17:58:50,arrived_late,304.73,12
ret_003804,txn_0045941,cust_000857,2024-11-10 21:20:38,not_as_described,81.87,3
ret_003805,txn_0045943,cust_009579,2024-12-06 21:28:07,better_price_found,111.57,29
ret_003806,txn_0045963,cust_001634,2024-11-27 07:06:01,arrived_late,97.57,19
ret_003807,txn_0045977,cust_000857,2024-11-18 09:04:46,better_price_found,60.7,10
ret_003808,txn_0045988,cust_002032,2024-12-06 10:18:46,not_as_described,42.82,28
ret_003809,txn_0045989,cust_004416,2024-11-11 10:21:02,too_large,38.54,3
ret_003810,txn_0045998,cust_009460,2024-11-14 11:03:51,too_small,20.81,6
ret_003811,txn_0046024,cust_001634,2024-11-16 13:38:12,too_small,23.74,8
ret_003812,txn_0046040,cust_002905,2024-12-05 15:32:18,better_price_found,54.15,27
ret_003813,txn_0046051,cust_001634,2024-11-11 17:11:03,too_small,16.41,3
ret_003814,txn_0046052,cust_001634,2024-11-21 17:28:27,duplicate_order,19.79,13
ret_003815,txn_0046058,cust_001634,2024-11-13 18:17:43,wrong_item,36.55,5
ret_003816,txn_0046072,cust_002032,2024-11-21 19:46:40,not_as_described,33.1,13
ret_003817,txn_0046073,cust_003012,2024-11-12 19:52:03,better_price_found,135.25,4
ret_003818,txn_0046078,cust_001634,2024-12-04 20:10:51,too_large,91.03,26
ret_003819,txn_0046080,cust_002032,2024-11-24 20:41:31,better_price_found,110.14,16
ret_003820,txn_0046090,cust_005617,2024-11-27 21:15:13,defective_product,255.96,19
ret_003821,txn_0046096,cust_001634,2024-11-19 21:46:45,not_as_described,129.77,11
ret_003822,txn_0046103,cust_002634,2024-11-28 01:36:13,too_small,8717.35,19
ret_003823,txn_0046119,cust_001634,2024-11-17 09:12:29,changed_mind,33.51,8
ret_003824,txn_0046124,cust_003734,2024-12-01 09:33:08,no_longer_needed,81.01,22
ret_003825,txn_0046133,cust_009852,2024-12-03 10:19:00,not_as_described,51.43,24
ret_003826,txn_0046135,cust_001634,2024-11-28 10:38:43,arrived_late,155.69,19
ret_003827,txn_0046149,cust_001634,2024-11-25 11:54:08,defective_product,138.87,16
ret_003828,txn_0046150,cust_009460,2024-11-25 11:54:17,wrong_item,66.88,16
ret_003829,txn_0046151,cust_000267,2024-11-27 12:05:27,arrived_late,244.54,18
ret_003830,txn_0046201,cust_002032,2024-11-14 18:38:13,wrong_item,31.6,5
ret_003831,txn_0046203,cust_003002,2024-12-05 18:56:26,defective_product,37.94,26
ret_003832,txn_0046207,cust_001634,2024-11-21 19:15:11,too_small,56.21,12
ret_003833,txn_0046226,cust_002118,2024-11-20 20:44:21,changed_mind,117.37,11
ret_003834,txn_0046231,cust_001634,2024-11-28 20:57:31,changed_mind,52.37,19
ret_003835,txn_0046245,cust_002061,2024-12-06 22:33:16,arrived_late,47.01,27
ret_003836,txn_0046250,cust_002118,2024-12-07 23:43:30,too_large,59.54,28
ret_003837,txn_0046253,cust_008993,2024-12-02 06:42:13,changed_mind,28.63,22
ret_003838,txn_0046263,cust_001634,2024-11-17 08:09:15,better_price_found,76.16,7
ret_003839,txn_0046268,cust_001634,2024-12-03 08:56:39,wrong_item,20.86,23
ret_003840,txn_0046279,cust_001634,2024-12-04 09:49:01,not_as_described,28.64,24
ret_003841,txn_0046282,cust_001634,2024-11-19 10:09:06,arrived_late,41.55,9
ret_003842,txn_0046300,cust_001634,2024-11-28 11:58:37,no_longer_needed,66.45,18
ret_003843,txn_0046301,cust_000633,2024-11-17 12:36:24,too_small,121.84,7
ret_003844,txn_0046314,cust_000531,2024-11-30 13:41:35,no_longer_needed,13.11,20
ret_003845,txn_0046327,cust_008390,2024-11-24 15:52:16,no_longer_needed,34.52,14
ret_003846,txn_0046343,cust_001634,2024-12-04 17:58:57,wrong_item,42.01,24
ret_003847,txn_0046345,cust_002345,2024-11-22 18:03:44,not_as_described,38.68,12
ret_003848,txn_0046346,cust_003002,2024-11-17 18:13:00,defective_product,37.3,7
ret_003849,txn_0046354,cust_001634,2024-11-19 18:54:28,duplicate_order,60.18,9
ret_003850,txn_0046359,cust_001634,2024-11-18 19:17:57,defective_product,33.53,8
ret_003851,txn_0046369,cust_001634,2024-11-13 20:03:10,too_small,10.66,3
ret_003852,txn_0046395,cust_000857,2024-11-25 23:30:17,wrong_item,113.28,15
ret_003853,txn_0046399,cust_001634,2024-12-03 06:36:14,better_price_found,27.43,22
ret_003854,txn_0046406,cust_003002,2024-11-29 08:16:13,duplicate_order,43.77,18
ret_003855,txn_0046438,cust_007943,2024-11-17 12:57:41,better_price_found,247.33,6
ret_003856,txn_0046439,cust_002118,2024-11-29 13:06:04,too_small,52.39,18
ret_003857,txn_0046445,cust_001634,2024-12-08 13:39:59,no_longer_needed,45.76,27
ret_003858,txn_0046477,cust_006597,2024-11-29 18:21:07,duplicate_order,74.1,18
ret_003859,txn_0046486,cust_000400,2024-11-23 19:27:27,no_longer_needed,17.3,12
ret_003860,txn_0046500,cust_001634,2024-12-08 20:54:21,wrong_item,10.3,27
ret_003861,txn_0046512,cust_001634,2024-11-20 22:49:53,better_price_found,49.34,9
ret_003862,txn_0046513,cust_001634,2024-12-06 22:53:51,changed_mind,86.93,25
ret_003863,txn_0046514,cust_001634,2024-11-24 23:02:34,no_longer_needed,58.99,13
ret_003864,txn_0046520,cust_002118,2024-11-23 05:18:17,not_as_described,50.22,11
ret_003865,txn_0046535,cust_003012,2024-11-13 09:32:49,better_price_found,417.96,1
ret_003866,txn_0046540,cust_002032,2024-11-28 10:32:01,not_as_described,17.76,16
ret_003867,txn_0046541,cust_009784,2024-11-27 10:51:58,arrived_late,135.92,15
ret_003868,txn_0046542,cust_001634,2024-12-02 10:54:21,duplicate_order,198.04,20
ret_003869,txn_0046545,cust_001634,2024-12-01 11:08:49,no_longer_needed,41.65,19
ret_003870,txn_0046546,cust_001634,2024-12-08 11:16:08,changed_mind,14.45,26
ret_003871,txn_0046582,cust_007628,2024-11-25 14:49:49,defective_product,56.97,13
ret_003872,txn_0046649,cust_001634,2024-12-06 21:32:45,better_price_found,46.12,24
ret_003873,txn_0046698,cust_001634,2024-11-20 10:15:23,defective_product,218.65,7
ret_003874,txn_0046700,cust_002032,2024-12-04 10:35:06,too_small,206.58,21
ret_003875,txn_0046719,cust_001634,2024-12-11 11:50:20,too_small,46.57,28
ret_003876,txn_0046732,cust_001634,2024-11-19 13:18:08,wrong_item,95.95,6
ret_003877,txn_0046734,cust_001634,2024-12-04 13:39:14,changed_mind,45.76,21
ret_003878,txn_0046763,cust_002997,2024-11-22 17:26:04,changed_mind,7.15,9
ret_003879,txn_0046775,cust_001634,2024-11-24 18:21:44,arrived_late,30.11,11
ret_003880,txn_0046776,cust_002032,2024-11-30 18:33:07,defective_product,48.75,17
ret_003881,txn_0046778,cust_001634,2024-11-18 18:47:27,too_small,31.21,5
ret_003882,txn_0046780,cust_006192,2024-11-28 18:52:00,changed_mind,138.06,15
ret_003883,txn_0046798,cust_001634,2024-11-22 20:38:28,defective_product,65.69,9
ret_003884,txn_0046799,cust_002032,2024-11-21 20:43:32,changed_mind,24.61,8
ret_003885,txn_0046801,cust_004045,2024-11-23 20:57:46,no_longer_needed,278.5,10
ret_003886,txn_0046805,cust_001634,2024-12-09 21:39:35,wrong_item,50.16,26
ret_003887,txn_0046847,cust_005123,2024-11-20 09:59:59,no_longer_needed,8403.2,6
ret_003888,txn_0046856,cust_001725,2024-11-28 10:40:04,arrived_late,128.89,14
ret_003889,txn_0046881,cust_003866,2024-12-04 13:24:31,too_large,13.46,20
ret_003890,txn_0046897,cust_002553,2024-12-07 14:42:14,too_large,53.11,23
ret_003891,txn_0046902,cust_006085,2024-12-11 15:00:00,duplicate_order,33.72,27
ret_003892,txn_0046910,cust_001634,2024-11-28 15:46:02,wrong_item,73.93,14
ret_003893,txn_0046919,cust_001634,2024-12-08 17:28:16,better_price_found,66.27,24
ret_003894,txn_0046924,cust_006039,2024-12-03 18:05:04,duplicate_order,894.69,19
ret_003895,txn_0046927,cust_000857,2024-11-23 18:18:13,changed_mind,19.43,9
ret_003896,txn_0046928,cust_001634,2024-12-11 18:34:34,better_price_found,145.37,27
ret_003897,txn_0046943,cust_001634,2024-11-28 19:43:18,wrong_item,44.51,14
ret_003898,txn_0046954,cust_009769,2024-11-15 21:00:18,better_price_found,89.9,1
ret_003899,txn_0046961,cust_007593,2024-11-16 21:18:57,not_as_described,62.95,2
ret_003900,txn_0046987,cust_003917,2024-11-18 08:37:04,too_large,0.81,3
ret_003901,txn_0046988,cust_003917,2024-12-11 08:37:09,better_price_found,0.87,26
ret_003902,txn_0047008,cust_001634,2024-11-19 10:02:26,arrived_late,740.01,4
ret_003903,txn_0047010,cust_009835,2024-11-28 10:10:30,too_large,50.71,13
ret_003904,txn_0047013,cust_001390,2024-11-18 10:26:54,changed_mind,46.27,3
ret_003905,txn_0047021,cust_008390,2024-12-07 11:18:59,no_longer_needed,26.54,22
ret_003906,txn_0047026,cust_001634,2024-12-03 11:41:42,arrived_late,102.32,18
ret_003907,txn_0047033,cust_003020,2024-11-18 12:20:00,better_price_found,260.11,3
ret_003908,txn_0047035,cust_001634,2024-12-08 12:29:09,not_as_described,742.76,23
ret_003909,txn_0047036,cust_004812,2024-12-13 12:30:31,better_price_found,93.55,28
ret_003910,txn_0047042,cust_002032,2024-12-07 13:32:58,changed_mind,12.67,22
ret_003911,txn_0047056,cust_003594,2024-11-18 14:54:44,not_as_described,8.84,3
ret_003912,txn_0047062,cust_001634,2024-12-11 15:42:25,defective_product,346.88,26
ret_003913,txn_0047063,cust_000529,2024-11-26 15:50:24,too_large,22.17,11
ret_003914,txn_0047081,cust_002032,2024-12-02 17:46:42,no_longer_needed,68.56,17
ret_003915,txn_0047090,cust_001634,2024-11-27 18:53:21,wrong_item,15.84,12
ret_003916,txn_0047107,cust_001634,2024-11-29 20:19:03,better_price_found,81.23,14
ret_003917,txn_0047123,cust_001634,2024-12-11 21:27:59,wrong_item,3.16,26
ret_003918,txn_0047126,cust_009579,2024-12-02 21:52:22,changed_mind,53.32,17
ret_003919,txn_0047128,cust_002032,2024-12-04 21:59:42,changed_mind,26.51,19
ret_003920,txn_0047130,cust_001634,2024-11-22 22:12:55,duplicate_order,50.86,7
ret_003921,txn_0047148,cust_009307,2024-12-08 08:19:08,arrived_late,397.43,22
ret_003922,txn_0047156,cust_000639,2024-11-27 09:33:21,not_as_described,72.47,11
ret_003923,txn_0047163,cust_008833,2024-11-22 09:56:22,changed_mind,68.44,6
ret_003924,txn_0047178,cust_002032,2024-11-23 10:41:18,too_large,20.7,7
ret_003925,txn_0047180,cust_001634,2024-12-07 10:53:13,too_small,27.44,21
ret_003926,txn_0047189,cust_001634,2024-12-10 12:08:31,too_small,9.66,24
ret_003927,txn_0047242,cust_001634,2024-11-25 19:54:40,arrived_late,23.24,9
ret_003928,txn_0047248,cust_002249,2024-11-22 20:14:23,no_longer_needed,5049.76,6
ret_003929,txn_0047252,cust_000857,2024-12-10 20:49:54,wrong_item,15.78,24
ret_003930,txn_0047272,cust_006270,2024-12-08 23:30:34,better_price_found,6482.68,22
ret_003931,txn_0047281,cust_007237,2024-11-22 06:12:13,defective_product,68.01,5
ret_003932,txn_0047288,cust_003256,2024-12-14 08:22:32,no_longer_needed,38.82,27
ret_003933,txn_0047290,cust_001634,2024-11-24 08:56:56,not_as_described,27.65,7
ret_003934,txn_0047303,cust_004027,2024-11-29 10:09:28,not_as_described,42.31,12
ret_003935,txn_0047308,cust_001634,2024-12-01 10:38:02,not_as_described,144.38,14
ret_003936,txn_0047315,cust_001634,2024-12-09 11:10:51,not_as_described,53.4,22
ret_003937,txn_0047323,cust_009812,2024-11-28 12:15:58,defective_product,136.72,11
ret_003938,txn_0047337,cust_005189,2024-11-20 13:20:53,too_small,38.62,3
ret_003939,txn_0047349,cust_001634,2024-12-16 14:33:03,changed_mind,142.93,29
ret_003940,txn_0047362,cust_005703,2024-11-24 17:00:25,no_longer_needed,93.88,7
ret_003941,txn_0047377,cust_003002,2024-12-15 18:40:18,arrived_late,246.89,28
ret_003942,txn_0047380,cust_005440,2024-11-30 18:50:50,too_small,63.45,13
ret_003943,txn_0047390,cust_001634,2024-12-11 20:18:50,wrong_item,51.23,24
ret_003944,txn_0047406,cust_003537,2024-11-26 21:51:44,changed_mind,127.1,9
ret_003945,txn_0047420,cust_006373,2024-12-17 05:26:27,better_price_found,19.65,29
ret_003946,txn_0047436,cust_001634,2024-12-02 09:28:03,duplicate_order,285.26,14
ret_003947,txn_0047460,cust_001634,2024-12-05 12:10:17,arrived_late,52.0,17
ret_003948,txn_0047478,cust_001634,2024-12-11 14:05:43,not_as_described,20.9,23
ret_003949,txn_0047519,cust_000857,2024-12-12 19:08:34,changed_mind,150.88,24
ret_003950,txn_0047525,cust_009835,2024-12-17 19:48:02,defective_product,67.34,29
ret_003951,txn_0047529,cust_005022,2024-11-25 20:23:03,wrong_item,80.01,7
ret_003952,txn_0047540,cust_009460,2024-12-04 21:29:17,changed_mind,82.48,16
ret_003953,txn_0047564,cust_007759,2024-12-11 08:25:01,defective_product,57.05,22
ret_003954,txn_0047586,cust_002032,2024-12-02 10:37:51,arrived_late,75.57,13
ret_003955,txn_0047594,cust_001634,2024-12-06 11:07:37,defective_product,61.82,17
ret_003956,txn_0047637,cust_000857,2024-11-30 17:57:03,defective_product,45.79,11
ret_003957,txn_0047659,cust_009835,2024-11-24 20:39:47,no_longer_needed,9.81,5
ret_003958,txn_0047661,cust_001634,2024-12-07 20:50:16,duplicate_order,63.4,18
ret_003959,txn_0047667,cust_003595,2024-12-12 21:48:43,better_price_found,49.01,23
ret_003960,txn_0047669,cust_009835,2024-12-08 21:50:15,changed_mind,69.82,19
ret_003961,txn_0047676,cust_009456,2024-12-16 23:50:53,changed_mind,61.41,27
ret_003962,txn_0047677,cust_007288,2024-12-10 00:33:03,duplicate_order,0.49,20
ret_003963,txn_0047681,cust_007288,2024-11-30 00:37:43,not_as_described,2.52,10
ret_003964,txn_0047694,cust_009835,2024-12-09 08:43:01,no_longer_needed,214.63,19
ret_003965,txn_0047703,cust_001634,2024-12-16 09:57:19,better_price_found,154.23,26
ret_003966,txn_0047708,cust_002032,2024-12-03 10:30:14,changed_mind,123.89,13
ret_003967,txn_0047709,cust_001634,2024-12-10 10:34:28,duplicate_order,40.05,20
ret_003968,txn_0047710,cust_003323,2024-12-02 10:42:53,defective_product,2588.47,12
ret_003969,txn_0047714,cust_005303,2024-12-17 10:59:24,arrived_late,35.68,27
ret_003970,txn_0047735,cust_001634,2024-12-01 12:53:00,too_large,28.76,11
ret_003971,txn_0047762,cust_003594,2024-12-19 15:09:09,too_small,67.67,29
ret_003972,txn_0047782,cust_001634,2024-12-19 17:55:14,not_as_described,20.64,29
ret_003973,txn_0047785,cust_006730,2024-12-01 18:03:57,not_as_described,22.66,11
ret_003974,txn_0047792,cust_002800,2024-11-21 18:18:29,no_longer_needed,89.86,1
ret_003975,txn_0047814,cust_003411,2024-12-18 19:39:54,too_small,288.62,28
ret_003976,txn_0047823,cust_000892,2024-11-27 20:29:11,changed_mind,161.32,7
ret_003977,txn_0047837,cust_009460,2024-11-25 21:31:01,wrong_item,19.68,5
ret_003978,txn_0047844,cust_002032,2024-12-19 22:35:01,defective_product,14.39,29
ret_003979,txn_0047847,cust_001634,2024-12-15 22:49:53,changed_mind,113.22,25
ret_003980,txn_0047857,cust_002653,2024-12-03 05:28:56,no_longer_needed,99.46,12
ret_003981,txn_0047876,cust_008390,2024-12-12 09:45:20,too_large,25.96,21
ret_003982,txn_0047902,cust_002032,2024-12-13 12:18:14,too_large,42.53,22
ret_003983,txn_0047908,cust_009835,2024-12-06 12:58:37,duplicate_order,9.34,15
ret_003984,txn_0047910,cust_000169,2024-12-13 13:08:28,better_price_found,106.2,22
ret_003985,txn_0047912,cust_007593,2024-11-23 13:22:51,changed_mind,26.06,2
ret_003986,txn_0047918,cust_001634,2024-12-04 13:56:51,no_longer_needed,129.19,13
ret_003987,txn_0047927,cust_005703,2024-11-26 15:23:37,not_as_described,56.42,5
ret_003988,txn_0047930,cust_001634,2024-12-15 16:04:30,wrong_item,62.67,24
ret_003989,txn_0047932,cust_001634,2024-11-27 16:20:24,no_longer_needed,342.28,6
ret_003990,txn_0047936,cust_009835,2024-12-16 17:11:17,too_large,62.94,25
ret_003991,txn_0047961,cust_008899,2024-12-03 20:23:38,no_longer_needed,14.06,12
ret_003992,txn_0047962,cust_002032,2024-12-16 20:29:46,duplicate_order,67.14,25
ret_003993,txn_0047965,cust_007120,2024-11-27 20:37:19,duplicate_order,11265.64,6
ret_003994,txn_0047966,cust_001634,2024-12-08 20:41:56,not_as_described,46.9,17
ret_003995,txn_0047970,cust_001383,2024-11-23 20:50:46,changed_mind,56.94,2
ret_003996,txn_0047974,cust_002032,2024-12-09 21:11:31,no_longer_needed,21.1,18
ret_003997,txn_0047977,cust_001634,2024-12-20 21:14:35,duplicate_order,141.85,29
ret_003998,txn_0047995,cust_004763,2024-11-30 00:58:29,wrong_item,16816.57,8
ret_003999,txn_0047996,cust_003734,2024-12-20 05:37:26,too_large,99.44,28
ret_004000,txn_0048005,cust_001634,2024-11-26 07:50:12,duplicate_order,17.67,4
ret_004001,txn_0048017,cust_001634,2024-12-07 09:39:41,defective_product,104.62,15
ret_004002,txn_0048051,cust_001634,2024-12-04 12:37:28,better_price_found,40.39,12
ret_004003,txn_0048096,cust_009579,2024-12-02 19:05:57,duplicate_order,75.34,10
ret_004004,txn_0048102,cust_003734,2024-11-27 19:23:01,better_price_found,23.22,5
ret_004005,txn_0048110,cust_005785,2024-12-19 20:08:20,no_longer_needed,45.43,27
ret_004006,txn_0048118,cust_005529,2024-12-16 20:39:20,duplicate_order,123.26,24
ret_004007,txn_0048125,cust_001634,2024-11-30 21:51:08,too_small,67.16,8
ret_004008,txn_0048139,cust_008169,2024-12-01 05:40:30,not_as_described,12740.57,8
ret_004009,txn_0048147,cust_000001,2024-12-05 08:16:04,too_small,42.78,12
ret_004010,txn_0048179,cust_001634,2024-12-11 11:27:02,arrived_late,32.15,18
ret_004011,txn_0048183,cust_001634,2024-12-01 11:47:07,better_price_found,12.7,8
ret_004012,txn_0048201,cust_001634,2024-11-26 13:11:44,not_as_described,91.75,3
ret_004013,txn_0048208,cust_002358,2024-11-30 13:39:12,too_small,55.05,7
ret_004014,txn_0048218,cust_001634,2024-12-19 14:26:51,better_price_found,155.88,26
ret_004015,txn_0048220,cust_003795,2024-12-16 14:49:44,arrived_late,69.22,23
ret_004016,txn_0048222,cust_003570,2024-12-03 15:01:00,defective_product,31.85,10
ret_004017,txn_0048234,cust_002032,2024-12-21 17:51:22,wrong_item,42.05,28
ret_004018,txn_0048236,cust_005358,2024-12-22 18:05:24,better_price_found,35.16,29
ret_004019,txn_0048253,cust_007807,2024-11-25 20:20:46,better_price_found,71.14,2
ret_004020,txn_0048257,cust_001634,2024-12-02 21:05:07,too_small,84.93,9
ret_004021,txn_0048262,cust_001634,2024-12-07 21:28:42,duplicate_order,96.83,14
ret_004022,txn_0048285,cust_004203,2024-12-10 07:00:02,not_as_described,19.93,16
ret_004023,txn_0048316,cust_008806,2024-12-09 10:44:18,duplicate_order,121.72,15
ret_004024,txn_0048321,cust_008168,2024-12-14 11:25:30,not_as_described,5.87,20
ret_004025,txn_0048322,cust_003734,2024-12-12 11:28:17,arrived_late,32.44,18
ret_004026,txn_0048331,cust_005026,2024-12-05 12:11:35,not_as_described,144.5,11
ret_004027,txn_0048347,cust_001634,2024-12-09 13:25:30,not_as_described,69.9,15
ret_004028,txn_0048354,cust_004549,2024-11-26 14:07:27,better_price_found,33.86,2
ret_004029,txn_0048369,cust_001634,2024-12-17 15:23:05,defective_product,56.07,23
ret_004030,txn_0048372,cust_001634,2024-12-17 15:49:37,better_price_found,78.63,23
ret_004031,txn_0048378,cust_007594,2024-11-26 17:06:03,no_longer_needed,97.74,2
ret_004032,txn_0048408,cust_000820,2024-12-18 20:34:07,not_as_described,52.9,24
ret_004033,txn_0048410,cust_002016,2024-12-03 20:36:41,not_as_described,56.78,9
ret_004034,txn_0048429,cust_008358,2024-12-11 04:24:23,not_as_described,0.7,16
ret_004035,txn_0048432,cust_008358,2024-12-21 04:32:30,defective_product,1.03,26
ret_004036,txn_0048449,cust_001634,2024-12-20 08:27:39,too_small,117.18,25
ret_004037,txn_0048458,cust_002032,2024-12-11 09:42:03,no_longer_needed,54.35,16
ret_004038,txn_0048462,cust_002032,2024-12-22 10:13:19,changed_mind,286.18,27
ret_004039,txn_0048475,cust_005703,2024-12-05 11:10:32,arrived_late,106.11,10
ret_004040,txn_0048508,cust_009835,2024-12-04 13:54:34,wrong_item,17.06,9
ret_004041,txn_0048509,cust_001634,2024-11-29 13:59:23,better_price_found,175.1,4
ret_004042,txn_0048534,cust_008754,2024-12-22 17:58:29,duplicate_order,82.54,27
ret_004043,txn_0048562,cust_001634,2024-12-23 19:52:46,too_large,106.52,28
ret_004044,txn_0048571,cust_009971,2024-12-14 20:40:07,defective_product,77.33,19
ret_004045,txn_0048577,cust_001634,2024-12-07 21:03:29,no_longer_needed,115.42,12
ret_004046,txn_0048585,cust_007580,2024-12-14 22:01:39,defective_product,12451.17,19
ret_004047,txn_0048587,cust_001634,2024-12-17 22:33:32,changed_mind,11.1,22
ret_004048,txn_0048594,cust_001634,2024-12-22 06:16:47,wrong_item,12.89,26
ret_004049,txn_0048602,cust_009752,2024-12-23 08:32:02,wrong_item,157.22,27
ret_004050,txn_0048604,cust_001634,2024-12-08 08:51:36,too_small,111.83,12
ret_004051,txn_0048612,cust_009460,2024-12-04 09:43:52,not_as_described,210.58,8
ret_004052,txn_0048615,cust_002032,2024-12-15 09:58:24,better_price_found,206.53,19
ret_004053,txn_0048674,cust_008189,2024-11-29 15:56:41,changed_mind,193.69,3
ret_004054,txn_0048676,cust_004634,2024-11-29 16:01:12,better_price_found,197.25,3
ret_004055,txn_0048699,cust_000723,2024-12-06 18:55:00,changed_mind,43.71,10
ret_004056,txn_0048737,cust_008168,2024-11-29 21:57:20,better_price_found,45.19,3
ret_004057,txn_0048754,cust_003549,2024-12-19 07:46:44,duplicate_order,2177.07,22
ret_004058,txn_0048756,cust_001634,2024-12-17 08:00:53,no_longer_needed,118.66,20
ret_004059,txn_0048764,cust_001634,2024-12-15 08:55:19,too_small,30.01,18
ret_004060,txn_0048773,cust_001634,2024-12-23 10:09:32,duplicate_order,48.17,26
ret_004061,txn_0048780,cust_002032,2024-12-18 10:47:38,too_large,31.7,21
ret_004062,txn_0048787,cust_005618,2024-12-25 11:20:05,too_small,36.3,28
ret_004063,txn_0048788,cust_002032,2024-12-12 11:28:22,changed_mind,101.37,15
ret_004064,txn_0048795,cust_001634,2024-12-21 11:58:51,changed_mind,53.03,24
ret_004065,txn_0048803,cust_001634,2024-12-24 12:39:43,wrong_item,24.93,27
ret_004066,txn_0048809,cust_001255,2024-12-03 13:08:51,wrong_item,119.22,6
ret_004067,txn_0048834,cust_002032,2024-12-12 15:37:50,defective_product,24.39,15
ret_004068,txn_0048856,cust_006110,2024-12-19 18:31:19,defective_product,22.31,22
ret_004069,txn_0048884,cust_001976,2024-12-01 20:57:41,changed_mind,102.08,4
ret_004070,txn_0048917,cust_001416,2024-12-14 09:52:42,too_small,30.03,16
ret_004071,txn_0048919,cust_008265,2024-12-04 09:56:28,duplicate_order,1047.99,6
ret_004072,txn_0048923,cust_001634,2024-12-20 10:36:35,too_large,48.74,22
ret_004073,txn_0048949,cust_001634,2024-12-11 12:48:43,defective_product,31.47,13
ret_004074,txn_0048957,cust_005644,2024-12-19 13:30:10,too_large,52.96,21
ret_004075,txn_0048967,cust_002118,2024-12-07 13:57:47,arrived_late,73.41,9
ret_004076,txn_0048969,cust_009460,2024-12-27 14:11:20,too_small,34.42,29
ret_004077,txn_0048971,cust_009835,2024-12-21 14:38:03,too_small,24.63,23
ret_004078,txn_0048984,cust_001634,2024-12-03 15:45:33,too_large,84.7,5
ret_004079,txn_0049000,cust_006529,2024-12-26 17:46:44,too_large,2076.88,28
ret_004080,txn_0049008,cust_001910,2024-12-01 18:26:03,wrong_item,14.62,3
ret_004081,txn_0049010,cust_001634,2024-12-05 18:30:41,changed_mind,65.64,7
ret_004082,txn_0049028,cust_007428,2024-12-03 19:43:57,duplicate_order,9.63,5
ret_004083,txn_0049031,cust_001634,2024-12-04 20:24:10,no_longer_needed,36.05,6
ret_004084,txn_0049032,cust_001282,2024-12-02 20:27:28,changed_mind,156.5,4
ret_004085,txn_0049038,cust_005571,2024-12-25 21:10:43,not_as_described,253.16,27
ret_004086,txn_0049048,cust_008168,2024-12-12 23:00:59,arrived_late,35.45,14
ret_004087,txn_0049067,cust_001634,2024-12-24 08:12:48,wrong_item,46.75,25
ret_004088,txn_0049070,cust_005429,2024-12-03 08:54:12,wrong_item,45.21,4
ret_004089,txn_0049084,cust_003815,2024-12-23 10:59:12,too_large,127.47,24
ret_004090,txn_0049094,cust_001634,2024-12-06 11:46:34,too_small,150.62,7
ret_004091,txn_0049112,cust_001634,2024-12-27 13:45:50,duplicate_order,16.09,28
ret_004092,txn_0049125,cust_001634,2024-12-24 14:51:51,changed_mind,33.54,25
ret_004093,txn_0049141,cust_001634,2024-12-07 17:06:32,defective_product,243.76,8
ret_004094,txn_0049142,cust_002032,2024-12-21 17:06:49,arrived_late,36.8,22
ret_004095,txn_0049152,cust_002032,2024-12-06 17:44:32,too_large,59.81,7
ret_004096,txn_0049212,cust_001734,2024-12-29 08:40:03,arrived_late,939.59,29
ret_004097,txn_0049228,cust_002032,2024-12-25 10:18:34,no_longer_needed,148.19,25
ret_004098,txn_0049233,cust_000857,2024-12-03 10:55:32,arrived_late,42.8,3
ret_004099,txn_0049235,cust_008390,2024-12-10 11:04:36,not_as_described,10.95,10
ret_004100,txn_0049244,cust_009460,2024-12-09 11:52:02,no_longer_needed,52.71,9
ret_004101,txn_0049250,cust_001634,2024-12-25 12:31:55,wrong_item,61.5,25
ret_004102,txn_0049254,cust_009835,2024-12-16 12:38:53,better_price_found,74.41,16
ret_004103,txn_0049307,cust_001634,2024-12-24 18:31:16,not_as_described,20.98,24
ret_004104,txn_0049318,cust_005618,2024-12-07 19:38:16,arrived_late,22.53,7
ret_004105,txn_0049322,cust_001634,2024-12-28 19:49:11,arrived_late,51.46,28
ret_004106,txn_0049330,cust_003012,2024-12-01 20:19:32,better_price_found,48.38,1
ret_004107,txn_0049352,cust_002032,2024-12-16 06:13:55,better_price_found,12.77,15
ret_004108,txn_0049367,cust_001634,2024-12-22 10:02:16,too_large,98.06,21
ret_004109,txn_0049374,cust_003088,2024-12-03 11:06:00,no_longer_needed,324.65,2
ret_004110,txn_0049406,cust_006110,2024-12-10 13:34:42,no_longer_needed,36.52,9
ret_004111,txn_0049410,cust_001634,2024-12-26 13:50:28,too_small,31.42,25
ret_004112,txn_0049420,cust_001634,2024-12-06 14:55:56,no_longer_needed,106.92,5
ret_004113,txn_0049423,cust_001634,2024-12-24 15:19:16,wrong_item,33.95,23
ret_004114,txn_0049433,cust_001634,2024-12-14 16:37:54,wrong_item,29.16,13
ret_004115,txn_0049442,cust_002032,2024-12-20 18:05:23,arrived_late,29.14,19
ret_004116,txn_0049445,cust_004756,2024-12-16 18:12:49,not_as_described,20.72,15
ret_004117,txn_0049477,cust_006173,2024-12-08 20:50:33,better_price_found,65.56,7
ret_004118,txn_0049485,cust_001634,2024-12-28 21:04:36,no_longer_needed,85.54,27
ret_004119,txn_0049486,cust_003553,2024-12-04 21:06:15,no_longer_needed,162.71,3
ret_004120,txn_0049490,cust_009835,2024-12-15 21:27:45,defective_product,832.65,14
ret_004121,txn_0049512,cust_003054,2024-12-11 06:09:25,duplicate_order,31.37,9
ret_004122,txn_0049540,cust_008136,2024-12-08 10:53:57,better_price_found,80.22,6
ret_004123,txn_0049556,cust_002032,2024-12-10 12:28:09,wrong_item,65.98,8
ret_004124,txn_0049564,cust_001634,2024-12-05 13:47:47,wrong_item,239.69,3
ret_004125,txn_0049572,cust_002032,2024-12-19 14:18:50,too_small,201.63,17
ret_004126,txn_0049573,cust_004559,2024-12-14 14:41:41,too_large,61.82,12
ret_004127,txn_0049596,cust_002032,2024-12-18 18:12:17,defective_product,56.79,16
ret_004128,txn_0049607,cust_005703,2024-12-25 19:24:05,too_small,10.98,23
ret_004129,txn_0049624,cust_001634,2024-12-13 20:34:53,too_small,48.72,11
ret_004130,txn_0049663,cust_002121,2024-12-24 07:39:16,duplicate_order,122.82,21
ret_004131,txn_0049668,cust_005662,2024-12-17 09:17:04,too_small,36.47,14
ret_004132,txn_0049678,cust_001634,2024-12-17 10:20:26,duplicate_order,43.74,14
ret_004133,txn_0049682,cust_005720,2024-12-26 10:37:02,defective_product,442.04,23
ret_004134,txn_0049685,cust_000457,2024-12-09 10:48:37,not_as_described,37.77,6
ret_004135,txn_0049695,cust_001634,2024-12-29 12:07:14,changed_mind,71.99,26
ret_004136,txn_0049697,cust_002032,2024-12-26 12:20:31,arrived_late,100.83,23
ret_004137,txn_0049702,cust_001634,2024-12-07 12:31:57,changed_mind,57.08,4
ret_004138,txn_0049723,cust_003844,2024-12-15 14:13:26,wrong_item,65.04,12
ret_004139,txn_0049740,cust_005618,2024-12-12 16:21:48,changed_mind,169.8,9
ret_004140,txn_0049755,cust_001634,2024-12-19 18:41:18,too_small,63.53,16
ret_004141,txn_0049757,cust_002032,2024-12-27 18:50:43,better_price_found,14.69,24
ret_004142,txn_0049765,cust_001634,2024-12-23 19:21:31,duplicate_order,192.07,20
ret_004143,txn_0049781,cust_001514,2024-12-20 21:32:27,defective_product,102.19,17
ret_004144,txn_0049788,cust_001634,2024-12-18 23:09:26,not_as_described,353.71,15
ret_004145,txn_0049817,cust_000936,2024-12-27 10:05:16,better_price_found,16.0,23
ret_004146,txn_0049823,cust_002032,2024-12-28 10:49:31,not_as_described,239.77,24
ret_004147,txn_0049834,cust_005703,2024-12-25 12:25:18,not_as_described,56.06,21
ret_004148,txn_0049857,cust_000857,2024-12-20 14:27:43,changed_mind,157.48,16
ret_004149,txn_0049861,cust_009460,2024-12-23 14:52:37,better_price_found,131.74,19
ret_004150,txn_0049872,cust_001634,2024-12-12 16:28:14,wrong_item,29.0,8
ret_004151,txn_0049887,cust_002118,2024-12-21 18:09:46,too_large,345.34,17
ret_004152,txn_0049896,cust_002032,2024-12-26 19:03:14,not_as_described,44.48,22
ret_004153,txn_0049898,cust_005000,2024-12-05 19:09:09,no_longer_needed,2222.81,1
ret_004154,txn_0049905,cust_002032,2024-12-20 20:06:36,wrong_item,49.79,16
ret_004155,txn_0049908,cust_002032,2024-12-11 20:21:32,too_small,108.21,7
ret_004156,txn_0049910,cust_001634,2024-12-17 20:36:58,wrong_item,146.06,13
ret_004157,txn_0049927,cust_005910,2024-12-30 04:24:16,changed_mind,125.04,25
ret_004158,txn_0049935,cust_007567,2024-12-18 07:47:02,no_longer_needed,1855.41,13
ret_004159,txn_0049944,cust_008469,2024-12-31 09:47:30,not_as_described,89.81,26
ret_004160,txn_0049954,cust_000627,2024-12-08 10:23:15,no_longer_needed,314.58,3
ret_004161,txn_0049959,cust_003329,2024-12-22 11:23:17,changed_mind,17.07,17
ret_004162,txn_0049974,cust_002032,2024-12-17 12:40:45,better_price_found,122.54,12
ret_004163,txn_0049977,cust_001634,2024-12-17 13:03:06,changed_mind,162.51,12
ret_004164,txn_0049992,cust_001634,2024-12-23 14:22:11,no_longer_needed,12.3,18
ret_004165,txn_0050030,cust_009579,2024-12-09 19:44:32,too_large,54.72,4
ret_004166,txn_0050038,cust_001634,2024-12-19 20:42:12,duplicate_order,60.87,14
ret_004167,txn_0050068,cust_001634,2025-01-01 08:52:48,arrived_late,106.5,26
ret_004168,txn_0050077,cust_001588,2024-12-09 09:34:22,not_as_described,36.37,3
ret_004169,txn_0050081,cust_001634,2024-12-30 10:35:18,not_as_described,49.38,24
ret_004170,txn_0050086,cust_000857,2024-12-23 10:50:31,changed_mind,109.08,17
ret_004171,txn_0050090,cust_008389,2024-12-10 11:04:11,arrived_late,173.91,4
ret_004172,txn_0050091,cust_001634,2025-01-03 11:13:59,no_longer_needed,49.58,28
ret_004173,txn_0050100,cust_001659,2024-12-07 12:22:05,changed_mind,154.32,1
ret_004174,txn_0050116,cust_001634,2024-12-14 14:18:30,duplicate_order,48.65,8
ret_004175,txn_0050118,cust_002032,2024-12-21 14:40:57,too_small,30.31,15
ret_004176,txn_0050120,cust_009835,2024-12-17 14:50:07,wrong_item,53.99,11
ret_004177,txn_0050123,cust_009460,2024-12-31 15:13:45,wrong_item,228.51,25
ret_004178,txn_0050147,cust_002032,2024-12-15 19:18:11,not_as_described,37.46,9
ret_004179,txn_0050160,cust_001416,2024-12-28 20:38:03,duplicate_order,9.57,22
ret_004180,txn_0050168,cust_001634,2024-12-18 21:44:07,wrong_item,95.4,12
ret_004181,txn_0050202,cust_005747,2025-01-02 08:47:45,too_small,39.43,26
ret_004182,txn_0050205,cust_004821,2025-01-01 09:27:14,not_as_described,136.26,25
ret_004183,txn_0050224,cust_005645,2024-12-21 11:12:22,not_as_described,41.49,14
ret_004184,txn_0050234,cust_003002,2024-12-11 12:56:46,duplicate_order,100.98,4
ret_004185,txn_0050237,cust_002032,2024-12-14 13:19:09,wrong_item,59.07,7
ret_004186,txn_0050266,cust_001546,2024-12-23 18:05:07,duplicate_order,31.69,16
ret_004187,txn_0050275,cust_002032,2024-12-10 18:46:01,better_price_found,118.61,3
ret_004188,txn_0050284,cust_001634,2024-12-31 19:55:06,no_longer_needed,40.0,24
ret_004189,txn_0050323,cust_008390,2024-12-28 08:04:03,not_as_described,47.44,20
ret_004190,txn_0050337,cust_002032,2024-12-14 09:53:56,too_small,100.96,6
ret_004191,txn_0050338,cust_001634,2024-12-15 10:13:12,too_small,59.61,7
ret_004192,txn_0050343,cust_003752,2024-12-30 10:21:26,better_price_found,304.32,22
ret_004193,txn_0050364,cust_001634,2024-12-20 11:59:23,better_price_found,20.84,12
ret_004194,txn_0050367,cust_002032,2025-01-02 12:09:17,too_small,153.56,25
ret_004195,txn_0050380,cust_002800,2024-12-10 13:01:48,better_price_found,7.48,2
ret_004196,txn_0050382,cust_004515,2024-12-29 13:10:26,wrong_item,1027.86,21
ret_004197,txn_0050386,cust_001634,2024-12-19 13:48:12,too_large,36.31,11
ret_004198,txn_0050404,cust_009495,2025-01-01 14:59:19,not_as_described,3846.78,24
ret_004199,txn_0050412,cust_002032,2025-01-02 15:57:48,changed_mind,101.4,25
ret_004200,txn_0050435,cust_000961,2024-12-09 18:59:27,not_as_described,70.71,1
ret_004201,txn_0050443,cust_000450,2024-12-22 19:45:44,too_small,78.88,14
ret_004202,txn_0050459,cust_001634,2025-01-04 21:39:17,not_as_described,69.8,27
ret_004203,txn_0050461,cust_005091,2024-12-28 21:40:53,wrong_item,49.41,20
ret_004204,txn_0050480,cust_001656,2024-12-22 05:01:00,duplicate_order,1.6,13
ret_004205,txn_0050497,cust_003875,2024-12-30 08:01:13,wrong_item,1.61,21
ret_004206,txn_0050580,cust_003880,2024-12-26 18:42:32,too_large,12762.42,17
ret_004207,txn_0050592,cust_001634,2025-01-05 19:44:10,duplicate_order,6.05,27
ret_004208,txn_0050614,cust_005529,2024-12-29 21:31:16,too_small,216.58,20
ret_004209,txn_0050617,cust_001634,2024-12-13 21:53:44,too_small,24.64,4
ret_004210,txn_0050645,cust_000857,2025-01-06 11:09:31,arrived_late,55.87,27
ret_004211,txn_0050647,cust_001634,2024-12-17 11:14:06,too_small,35.22,7
ret_004212,txn_0050672,cust_002032,2025-01-01 14:12:38,wrong_item,20.9,22
ret_004213,txn_0050674,cust_001634,2024-12-19 14:15:21,not_as_described,22.65,9
ret_004214,txn_0050680,cust_003002,2025-01-03 15:45:18,no_longer_needed,48.95,24
ret_004215,txn_0050700,cust_000857,2024-12-28 18:36:43,defective_product,27.27,18
ret_004216,txn_0050714,cust_009835,2024-12-13 19:53:11,too_small,70.21,3
ret_004217,txn_0050728,cust_001634,2024-12-29 21:28:06,arrived_late,92.61,19
ret_004218,txn_0050733,cust_005954,2024-12-24 23:04:07,wrong_item,50.54,14
ret_004219,txn_0050759,cust_001634,2024-12-25 10:16:33,wrong_item,68.74,14
ret_004220,txn_0050772,cust_009548,2024-12-27 11:15:30,wrong_item,30.99,16
ret_004221,txn_0050777,cust_001634,2025-01-02 11:55:57,not_as_described,308.86,22
ret_004222,txn_0050826,cust_009844,2025-01-01 17:03:07,not_as_described,18.17,21
ret_004223,txn_0050846,cust_002032,2024-12-18 18:58:27,not_as_described,43.9,7
ret_004224,txn_0050892,cust_008168,2024-12-21 08:02:12,defective_product,437.34,9
ret_004225,txn_0050901,cust_001634,2025-01-04 09:31:10,no_longer_needed,9.02,23
ret_004226,txn_0050904,cust_000936,2025-01-06 09:44:36,duplicate_order,62.34,25
ret_004227,txn_0050925,cust_009460,2024-12-18 11:35:31,no_longer_needed,148.95,6
ret_004228,txn_0050929,cust_001634,2024-12-22 11:51:46,not_as_described,72.18,10
ret_004229,txn_0050945,cust_000857,2025-01-02 13:44:46,better_price_found,24.79,21
ret_004230,txn_0050961,cust_001634,2025-01-09 15:37:16,better_price_found,22.2,28
ret_004231,txn_0050964,cust_001634,2024-12-20 15:56:10,too_large,29.85,8
ret_004232,txn_0050966,cust_000857,2025-01-09 16:18:10,arrived_late,13.74,28
ret_004233,txn_0050971,cust_001634,2024-12-28 16:39:21,better_price_found,286.96,16
ret_004234,txn_0050989,cust_008491,2024-12-19 18:54:00,not_as_described,53.49,7
ret_004235,txn_0050990,cust_002157,2025-01-02 18:54:56,no_longer_needed,31.1,21
ret_004236,txn_0050993,cust_005529,2024-12-28 19:08:02,wrong_item,61.84,16
ret_004237,txn_0051000,cust_007453,2024-12-22 19:29:24,changed_mind,20.17,10
ret_004238,txn_0051017,cust_009261,2024-12-27 21:02:05,wrong_item,15.78,15
ret_004239,txn_0051023,cust_009261,2024-12-20 21:22:12,too_large,188.98,8
ret_004240,txn_0051026,cust_008945,2025-01-05 21:51:49,not_as_described,31.02,24
ret_004241,txn_0051038,cust_005601,2024-12-26 23:29:11,duplicate_order,129.24,14
ret_004242,txn_0051044,cust_001634,2025-01-01 06:32:59,arrived_late,58.01,19
ret_004243,txn_0051046,cust_001634,2024-12-20 07:08:36,too_large,40.78,7
ret_004244,txn_0051054,cust_003474,2024-12-30 08:38:57,arrived_late,87.09,17
ret_004245,txn_0051064,cust_007211,2024-12-18 09:22:04,wrong_item,28.64,5
ret_004246,txn_0051077,cust_001634,2025-01-01 10:25:57,better_price_found,15.52,19
ret_004247,txn_0051113,cust_000103,2025-01-06 13:23:19,too_large,23.22,24
ret_004248,txn_0051120,cust_008587,2024-12-22 13:31:43,better_price_found,3.24,9
ret_004249,txn_0051124,cust_007335,2024-12-25 14:10:01,changed_mind,42.62,12
ret_004250,txn_0051126,cust_000857,2025-01-09 14:17:35,too_small,28.96,27
ret_004251,txn_0051134,cust_001634,2024-12-19 15:35:07,wrong_item,65.49,6
ret_004252,txn_0051147,cust_006114,2024-12-28 17:12:05,defective_product,27.68,15
ret_004253,txn_0051172,cust_001401,2025-01-06 20:37:11,changed_mind,48.8,24
ret_004254,txn_0051173,cust_002032,2024-12-27 20:39:28,too_small,89.04,14
ret_004255,txn_0051196,cust_001834,2025-01-03 06:39:42,not_as_described,390.18,20
ret_004256,txn_0051201,cust_007839,2025-01-05 07:53:58,no_longer_needed,41.31,22
ret_004257,txn_0051212,cust_005529,2025-01-12 08:56:06,changed_mind,90.09,29
ret_004258,txn_0051235,cust_002032,2024-12-27 11:33:11,too_small,182.13,13
ret_004259,txn_0051237,cust_009579,2025-01-01 11:42:33,too_large,17.34,18
ret_004260,txn_0051240,cust_002444,2025-01-11 11:53:30,changed_mind,24.66,28
ret_004261,txn_0051242,cust_004381,2025-01-10 11:56:05,too_small,148.99,27
ret_004262,txn_0051243,cust_003183,2024-12-28 12:15:03,arrived_late,252.28,14
ret_004263,txn_0051248,cust_001634,2025-01-07 12:26:17,too_large,301.64,24
ret_004264,txn_0051267,cust_007044,2024-12-25 13:50:14,better_price_found,56.16,11
ret_004265,txn_0051268,cust_003489,2024-12-16 13:52:05,changed_mind,135.4,2
ret_004266,txn_0051291,cust_001634,2024-12-19 16:17:37,better_price_found,94.29,5
ret_004267,txn_0051295,cust_005971,2025-01-07 16:44:31,wrong_item,19.37,24
ret_004268,txn_0051303,cust_001634,2025-01-04 17:43:50,not_as_described,68.2,21
ret_004269,txn_0051306,cust_002032,2025-01-04 17:59:44,not_as_described,76.11,21
ret_004270,txn_0051317,cust_001634,2025-01-06 18:54:42,too_small,23.53,23
ret_004271,txn_0051350,cust_001634,2024-12-26 21:34:09,duplicate_order,30.05,12
ret_004272,txn_0051353,cust_005581,2025-01-11 21:46:39,defective_product,678.72,28
ret_004273,txn_0051364,cust_001634,2024-12-29 23:10:57,too_small,97.59,15
ret_004274,txn_0051368,cust_002118,2024-12-31 03:15:55,too_large,30.19,16
ret_004275,txn_0051369,cust_005703,2025-01-10 03:23:58,arrived_late,89.0,26
ret_004276,txn_0051382,cust_001634,2025-01-08 08:25:38,defective_product,132.25,24
ret_004277,txn_0051386,cust_008500,2024-12-29 08:35:27,changed_mind,110.59,14
ret_004278,txn_0051387,cust_001634,2024-12-26 08:37:10,defective_product,310.93,11
ret_004279,txn_0051397,cust_009506,2025-01-11 10:03:59,wrong_item,73.87,27
ret_004280,txn_0051402,cust_006641,2025-01-01 10:20:49,too_large,26.01,17
ret_004281,txn_0051418,cust_003442,2025-01-05 11:33:06,defective_product,78.28,21
ret_004282,txn_0051438,cust_003002,2025-01-03 13:55:58,duplicate_order,40.65,19
ret_004283,txn_0051447,cust_003043,2025-01-06 15:16:53,too_large,60.29,22
ret_004284,txn_0051454,cust_001634,2024-12-19 16:10:21,arrived_late,119.17,4
ret_004285,txn_0051467,cust_009460,2025-01-09 17:50:29,wrong_item,18.03,25
ret_004286,txn_0051483,cust_005450,2024-12-28 19:42:54,arrived_late,196.2,13
ret_004287,txn_0051495,cust_001976,2024-12-19 20:37:38,better_price_found,42.22,4
ret_004288,txn_0051508,cust_001634,2024-12-27 22:36:37,too_large,25.03,12
ret_004289,txn_0051517,cust_001634,2024-12-23 05:54:24,no_longer_needed,205.8,7
ret_004290,txn_0051522,cust_001634,2025-01-08 07:46:46,better_price_found,20.7,23
ret_004291,txn_0051527,cust_000807,2025-01-12 07:57:43,duplicate_order,8529.9,27
ret_004292,txn_0051540,cust_003043,2025-01-13 09:47:56,arrived_late,47.56,28
ret_004293,txn_0051591,cust_001416,2024-12-21 13:41:49,too_large,17.13,5
ret_004294,txn_0051594,cust_009835,2025-01-11 13:59:07,changed_mind,44.74,26
ret_004295,txn_0051602,cust_004663,2025-01-09 15:11:48,too_small,16153.99,24
ret_004296,txn_0051613,cust_002032,2025-01-04 16:37:13,changed_mind,41.56,19
ret_004297,txn_0051669,cust_008811,2024-12-29 21:50:54,too_small,232.53,13
ret_004298,txn_0051672,cust_007295,2024-12-23 22:26:32,duplicate_order,84.85,7
ret_004299,txn_0051673,cust_001634,2024-12-20 22:35:46,arrived_late,30.42,4
ret_004300,txn_0051680,cust_009027,2025-01-08 23:27:17,too_small,135.92,23
ret_004301,txn_0051686,cust_000593,2025-01-12 03:32:19,wrong_item,250.77,26
ret_004302,txn_0051688,cust_002032,2024-12-30 04:46:39,arrived_late,41.9,13
ret_004303,txn_0051700,cust_001634,2025-01-12 09:06:41,not_as_described,323.24,26
ret_004304,txn_0051715,cust_003002,2025-01-14 10:45:50,no_longer_needed,78.66,28
ret_004305,txn_0051731,cust_005581,2025-01-09 11:49:20,changed_mind,71.77,23
ret_004306,txn_0051752,cust_006506,2024-12-26 14:46:05,too_large,12.6,9
ret_004307,txn_0051764,cust_008491,2024-12-20 15:50:29,no_longer_needed,186.0,3
ret_004308,txn_0051783,cust_000857,2025-01-13 19:13:41,defective_product,297.82,27
ret_004309,txn_0051785,cust_001634,2025-01-12 19:22:55,duplicate_order,48.86,26
ret_004310,txn_0051797,cust_003980,2024-12-27 20:30:14,duplicate_order,111.97,10
ret_004311,txn_0051817,cust_002032,2024-12-30 23:00:10,too_small,71.25,13
ret_004312,txn_0051819,cust_001634,2025-01-02 23:12:39,no_longer_needed,39.17,16
ret_004313,txn_0051835,cust_001634,2025-01-05 08:41:14,changed_mind,100.56,18
ret_004314,txn_0051856,cust_005038,2024-12-19 11:34:19,no_longer_needed,111.83,1
ret_004315,txn_0051858,cust_001634,2025-01-02 11:40:15,arrived_late,72.78,15
ret_004316,txn_0051863,cust_008993,2025-01-06 11:51:22,wrong_item,41.36,19
ret_004317,txn_0051885,cust_008136,2024-12-29 13:51:16,arrived_late,33.29,11
ret_004318,txn_0051894,cust_002032,2024-12-30 15:26:52,too_large,31.27,12
ret_004319,txn_0051898,cust_002032,2024-12-31 15:57:04,duplicate_order,55.56,13
ret_004320,txn_0051900,cust_003734,2025-01-14 16:28:15,wrong_item,92.58,27
ret_004321,txn_0051916,cust_005710,2024-12-30 18:52:55,better_price_found,188.13,12
ret_004322,txn_0051944,cust_001875,2025-01-10 20:47:05,arrived_late,52.58,23
ret_004323,txn_0051956,cust_001634,2025-01-07 21:54:31,not_as_described,20.81,20
ret_004324,txn_0051978,cust_009460,2025-01-12 09:01:46,wrong_item,112.74,24
ret_004325,txn_0051982,cust_002800,2024-12-21 10:00:53,no_longer_needed,38.95,2
ret_004326,txn_0052015,cust_008390,2025-01-08 13:23:51,better_price_found,81.21,20
ret_004327,txn_0052019,cust_001634,2024-12-22 13:48:15,duplicate_order,29.94,3
ret_004328,txn_0052020,cust_001634,2025-01-09 13:49:26,no_longer_needed,36.21,21
ret_004329,txn_0052022,cust_000500,2025-01-13 14:14:13,not_as_described,66.11,25
ret_004330,txn_0052036,cust_000495,2025-01-06 15:50:09,too_small,718.08,18
ret_004331,txn_0052053,cust_001634,2025-01-12 18:29:58,too_large,221.08,24
ret_004332,txn_0052063,cust_000857,2024-12-28 19:38:22,no_longer_needed,58.55,9
ret_004333,txn_0052083,cust_003334,2024-12-31 20:36:49,not_as_described,209.98,12
ret_004334,txn_0052097,cust_002032,2025-01-02 22:43:55,too_large,131.87,14
ret_004335,txn_0052104,cust_009755,2024-12-26 01:28:50,wrong_item,3118.59,6
ret_004336,txn_0052107,cust_004805,2024-12-25 06:02:37,duplicate_order,38.91,5
ret_004337,txn_0052120,cust_001634,2024-12-25 09:28:20,too_small,37.53,5
ret_004338,txn_0052149,cust_003496,2025-01-10 11:57:59,wrong_item,160.24,21
ret_004339,txn_0052172,cust_003864,2024-12-27 13:18:35,better_price_found,699.27,7
ret_004340,txn_0052210,cust_009646,2025-01-16 17:28:50,better_price_found,3380.67,27
ret_004341,txn_0052238,cust_001634,2025-01-07 19:47:05,wrong_item,66.0,18
ret_004342,txn_0052247,cust_001634,2025-01-05 20:43:11,too_small,94.13,16
ret_004343,txn_0052249,cust_001634,2024-12-31 20:53:28,not_as_described,69.72,11
ret_004344,txn_0052283,cust_001634,2024-12-25 05:40:45,defective_product,56.75,4
ret_004345,txn_0052295,cust_006730,2024-12-29 09:08:33,too_small,138.62,8
ret_004346,txn_0052305,cust_001789,2025-01-04 09:29:47,defective_product,2.27,14
ret_004347,txn_0052313,cust_001634,2025-01-06 10:14:52,changed_mind,32.09,16
ret_004348,txn_0052332,cust_001634,2025-01-07 11:44:35,duplicate_order,44.51,17
ret_004349,txn_0052338,cust_008168,2025-01-05 12:22:55,too_small,105.0,15
ret_004350,txn_0052340,cust_001634,2025-01-03 12:36:59,defective_product,76.6,13
ret_004351,txn_0052343,cust_001634,2025-01-02 12:54:14,wrong_item,172.9,12
ret_004352,txn_0052382,cust_000857,2025-01-05 17:28:14,too_small,163.8,15
ret_004353,txn_0052388,cust_001634,2025-01-15 18:00:25,defective_product,55.35,25
ret_004354,txn_0052393,cust_001634,2025-01-10 18:28:20,too_small,26.41,20
ret_004355,txn_0052401,cust_001634,2025-01-13 19:49:14,better_price_found,66.51,23
ret_004356,txn_0052428,cust_001634,2025-01-02 21:37:42,too_small,32.65,12
ret_004357,txn_0052433,cust_009835,2025-01-19 22:11:53,better_price_found,16.18,29
ret_004358,txn_0052435,cust_004164,2024-12-25 22:41:18,changed_mind,75.6,4
ret_004359,txn_0052448,cust_000207,2025-01-03 08:19:55,not_as_described,4.27,12
ret_004360,txn_0052450,cust_000207,2024-12-25 08:22:03,duplicate_order,0.54,3
ret_004361,txn_0052467,cust_000639,2025-01-09 10:34:26,changed_mind,35.09,18
ret_004362,txn_0052470,cust_009460,2025-01-06 10:58:03,defective_product,307.12,15
ret_004363,txn_0052481,cust_001634,2025-01-11 12:09:14,not_as_described,48.69,20
ret_004364,txn_0052482,cust_001634,2024-12-27 12:10:54,not_as_described,236.59,5
ret_004365,txn_0052498,cust_001634,2025-01-07 13:09:20,better_price_found,10.27,16
ret_004366,txn_0052506,cust_005703,2025-01-06 13:40:36,not_as_described,399.71,15
ret_004367,txn_0052508,cust_002032,2025-01-07 13:59:33,changed_mind,241.06,16
ret_004368,txn_0052512,cust_001659,2024-12-23 14:26:16,no_longer_needed,177.0,1
ret_004369,txn_0052522,cust_003002,2025-01-05 14:58:59,changed_mind,95.46,14
ret_004370,txn_0052561,cust_001634,2025-01-15 20:13:21,duplicate_order,43.8,24
ret_004371,txn_0052607,cust_006376,2025-01-07 07:37:52,duplicate_order,71.89,15
ret_004372,txn_0052610,cust_000857,2025-01-11 08:05:50,not_as_described,87.46,19
ret_004373,txn_0052646,cust_005411,2025-01-07 11:55:25,wrong_item,65.99,15
ret_004374,txn_0052649,cust_001634,2025-01-06 12:15:17,wrong_item,32.52,14
ret_004375,txn_0052658,cust_002032,2025-01-07 12:45:49,not_as_described,17.42,15
ret_004376,txn_0052660,cust_004718,2025-01-20 12:53:43,not_as_described,56.58,28
ret_004377,txn_0052667,cust_009262,2025-01-13 13:20:21,duplicate_order,1487.03,21
ret_004378,txn_0052671,cust_000857,2025-01-15 13:49:10,better_price_found,34.33,23
ret_004379,txn_0052704,cust_001634,2025-01-13 18:11:09,too_small,58.08,21
ret_004380,txn_0052719,cust_001634,2025-01-17 19:40:06,better_price_found,63.8,25
ret_004381,txn_0052726,cust_009460,2025-01-17 20:03:47,defective_product,60.86,25
ret_004382,txn_0052734,cust_002413,2025-01-15 20:41:55,arrived_late,62.96,23
ret_004383,txn_0052736,cust_008465,2024-12-26 20:51:45,too_large,508.88,3
ret_004384,txn_0052755,cust_009456,2024-12-31 05:54:14,wrong_item,81.24,7
ret_004385,txn_0052761,cust_008993,2024-12-28 07:09:19,too_small,165.93,4
ret_004386,txn_0052787,cust_006173,2025-01-18 11:27:16,duplicate_order,42.06,25
ret_004387,txn_0052819,cust_008168,2025-01-17 14:35:50,wrong_item,92.27,24
ret_004388,txn_0052831,cust_003115,2024-12-31 16:29:15,too_small,161.95,7
ret_004389,txn_0052843,cust_001634,2025-01-13 18:33:27,defective_product,88.54,20
ret_004390,txn_0052844,cust_002800,2024-12-26 18:34:31,better_price_found,55.74,2
ret_004391,txn_0052850,cust_005703,2025-01-05 19:06:06,duplicate_order,88.92,12
ret_004392,txn_0052853,cust_001634,2025-01-18 19:26:09,better_price_found,49.83,25
ret_004393,txn_0052868,cust_002118,2025-01-15 20:42:05,too_large,50.94,22
ret_004394,txn_0052870,cust_002032,2025-01-09 20:42:47,not_as_described,34.26,16
ret_004395,txn_0052875,cust_004428,2024-12-28 20:56:57,not_as_described,126.17,4
ret_004396,txn_0052885,cust_005995,2025-01-04 00:46:26,no_longer_needed,150.58,10
ret_004397,txn_0052898,cust_000544,2025-01-20 07:38:33,arrived_late,20.62,26
ret_004398,txn_0052906,cust_002032,2025-01-06 09:01:17,too_small,36.77,12
ret_004399,txn_0052912,cust_000857,2025-01-16 10:19:20,defective_product,37.06,22
ret_004400,txn_0052931,cust_001634,2025-01-06 11:36:42,not_as_described,125.09,12
ret_004401,txn_0052935,cust_002118,2024-12-31 11:41:39,too_small,79.18,6
ret_004402,txn_0052966,cust_001634,2025-01-19 15:21:44,arrived_late,27.27,25
ret_004403,txn_0052974,cust_001634,2025-01-09 16:26:26,duplicate_order,23.01,15
ret_004404,txn_0052979,cust_001634,2025-01-12 16:44:06,too_small,50.83,18
ret_004405,txn_0052994,cust_005581,2025-01-16 18:06:27,better_price_found,19.35,22
ret_004406,txn_0052995,cust_008168,2024-12-31 18:16:06,not_as_described,7.49,6
ret_004407,txn_0053063,cust_001634,2025-01-23 07:07:20,changed_mind,45.68,28
ret_004408,txn_0053084,cust_001693,2025-01-01 10:09:24,too_large,159.64,6
ret_004409,txn_0053087,cust_000285,2025-01-12 10:50:07,no_longer_needed,4280.22,17
ret_004410,txn_0053088,cust_003243,2025-01-12 11:01:54,too_small,36.5,17
ret_004411,txn_0053107,cust_002032,2025-01-21 13:24:05,better_price_found,48.0,26
ret_004412,txn_0053115,cust_001634,2025-01-13 13:57:50,no_longer_needed,83.59,18
ret_004413,txn_0053121,cust_001634,2024-12-29 15:01:18,defective_product,16.2,3
ret_004414,txn_0053122,cust_001634,2024-12-30 15:06:54,duplicate_order,810.51,4
ret_004415,txn_0053148,cust_002032,2025-01-10 19:16:59,wrong_item,405.16,15
ret_004416,txn_0053156,cust_000306,2024-12-27 20:23:23,changed_mind,620.18,1
ret_004417,txn_0053164,cust_001634,2025-01-17 21:31:52,too_small,16.34,22
ret_004418,txn_0053179,cust_004136,2025-01-08 05:25:26,wrong_item,3.33,12
ret_004419,txn_0053182,cust_005984,2025-01-05 06:44:22,changed_mind,1263.54,9
ret_004420,txn_0053200,cust_007290,2025-01-22 10:07:37,arrived_late,27.98,26
ret_004421,txn_0053213,cust_005703,2025-01-22 11:01:18,too_large,123.48,26
ret_004422,txn_0053233,cust_001634,2025-01-12 13:06:40,not_as_described,65.07,16
ret_004423,txn_0053255,cust_000940,2025-01-18 16:48:34,arrived_late,356.27,22
ret_004424,txn_0053264,cust_001634,2025-01-03 18:07:54,arrived_late,76.82,7
ret_004425,txn_0053279,cust_001110,2025-01-25 19:13:22,changed_mind,287.77,29
ret_004426,txn_0053282,cust_002032,2025-01-17 19:26:37,not_as_described,196.85,21
ret_004427,txn_0053300,cust_008389,2025-01-19 20:35:08,wrong_item,37.2,23
ret_004428,txn_0053302,cust_002706,2025-01-14 20:55:09,too_small,97.38,18
ret_004429,txn_0053303,cust_001634,2025-01-23 21:18:43,changed_mind,19.91,27
ret_004430,txn_0053309,cust_001634,2025-01-23 23:38:01,defective_product,45.57,27
ret_004431,txn_0053310,cust_003434,2025-01-10 23:39:39,wrong_item,72.22,14
ret_004432,txn_0053359,cust_001634,2025-01-13 12:44:28,arrived_late,13.25,16
ret_004433,txn_0053366,cust_001634,2025-01-02 13:58:50,too_large,15.55,5
ret_004434,txn_0053379,cust_006628,2025-01-04 15:11:21,changed_mind,198.47,7
ret_004435,txn_0053385,cust_001634,2025-01-17 15:56:14,duplicate_order,21.86,20
ret_004436,txn_0053392,cust_001634,2025-01-09 16:52:24,wrong_item,104.29,12
ret_004437,txn_0053419,cust_000359,2025-01-17 19:16:16,duplicate_order,818.73,20
ret_004438,txn_0053437,cust_004962,2025-01-15 21:19:38,arrived_late,172.06,18
ret_004439,txn_0053448,cust_000920,2025-01-06 01:27:04,too_large,6437.22,8
ret_004440,txn_0053477,cust_001634,2025-01-25 10:03:16,wrong_item,498.17,27
ret_004441,txn_0053487,cust_005610,2025-01-02 10:53:10,better_price_found,49.61,4
ret_004442,txn_0053488,cust_001634,2025-01-27 10:54:08,not_as_described,15.56,29
ret_004443,txn_0053497,cust_002032,2025-01-11 12:10:47,no_longer_needed,26.34,13
ret_004444,txn_0053516,cust_001634,2025-01-14 13:54:22,better_price_found,38.19,16
ret_004445,txn_0053520,cust_008993,2025-01-24 14:15:19,better_price_found,59.41,26
ret_004446,txn_0053523,cust_002032,2025-01-26 14:47:20,duplicate_order,78.01,28
ret_004447,txn_0053536,cust_008136,2025-01-20 16:44:26,changed_mind,25.61,22
ret_004448,txn_0053547,cust_000857,2025-01-11 17:27:48,too_small,19.55,13
ret_004449,txn_0053557,cust_004900,2025-01-11 18:12:51,duplicate_order,268.07,13
ret_004450,txn_0053561,cust_001634,2025-01-07 18:27:11,defective_product,27.66,9
ret_004451,txn_0053574,cust_000857,2025-01-13 20:11:03,wrong_item,22.75,15
ret_004452,txn_0053585,cust_001634,2025-01-11 22:09:39,better_price_found,47.3,13
ret_004453,txn_0053595,cust_001634,2025-01-07 23:49:54,no_longer_needed,26.09,9
ret_004454,txn_0053608,cust_002032,2025-01-19 09:30:12,changed_mind,74.44,20
ret_004455,txn_0053638,cust_001634,2025-01-04 11:20:43,defective_product,94.72,5
ret_004456,txn_0053642,cust_000935,2025-01-15 11:26:09,defective_product,85.06,16
ret_004457,txn_0053656,cust_006617,2025-01-01 12:32:14,changed_mind,70.19,2
ret_004458,txn_0053664,cust_003594,2025-01-03 13:46:34,changed_mind,42.35,4
ret_004459,txn_0053676,cust_001748,2025-01-04 15:01:20,no_longer_needed,28.42,5
ret_004460,txn_0053705,cust_001506,2025-01-19 19:01:17,too_large,26.42,20
ret_004461,txn_0053729,cust_001634,2025-01-09 20:40:04,too_large,70.96,10
ret_004462,txn_0053737,cust_001634,2025-01-24 22:15:51,wrong_item,84.54,25
ret_004463,txn_0053744,cust_001295,2025-01-18 23:46:09,wrong_item,29.71,19
